month,sku,brand_owner,brand,category,business_mode,standard_cost,inbound_freight_rate,packaging_cost_per_unit,handling_cost_per_unit,product_development_cost_per_unit,royalty_rate,royalty_cost_per_unit,landed_cost_per_unit,unit_economic_cost
2026-01-01,SKU00001,External Brand,Reebok Underwear,Basketball Shoes,Buyout,29.42,0.0444,3.08,1.15,2.91,0.0582,33.69,37.87,71.56
2026-01-01,SKU00002,External Brand,Hoka,Bags,Consignment,23.01,0.0512,2.75,1.63,1.55,0.0,0.0,30.11,30.11
2026-01-01,SKU00003,External Brand,Fila,Bags,Buyout,133.95,0.0444,3.96,1.61,1.76,0.0,0.0,147.23,147.23
2026-01-01,SKU00004,External Brand,Puma,Accessories,Consignment,24.72,0.0741,1.97,3.14,3.72,0.0,0.0,35.39,35.39
2026-01-01,SKU00005,External Brand,Nike,Performance Apparel,Buyout,249.21,0.0745,3.41,3.14,2.83,0.0,0.0,277.15,277.15
2026-01-01,SKU00006,External Brand,Asics,Sportswear,Consignment,2.89,0.0657,1.98,2.29,1.2,0.0,0.0,8.56,8.56
2026-01-01,SKU00007,External Brand,On Running,Outdoor Apparel,Buyout,92.42,0.0569,0.59,1.98,2.54,0.0,0.0,102.79,102.79
2026-01-01,SKU00008,External Brand,Brooks Brothers,Yoga Apparel,Consignment,14.98,0.0649,2.38,2.52,0.9,0.0402,13.59,21.74,35.33
2026-01-01,SKU00009,External Brand,Reebok Underwear,Accessories,Consignment,20.35,0.0599,4.2,2.72,3.18,0.0761,33.54,31.67,65.21
2026-01-01,SKU00010,External Brand,Fila,Kids Apparel,Consignment,20.29,0.0465,2.03,2.62,1.46,0.0,0.0,27.34,27.34
2026-01-01,SKU00011,External Brand,Champion,Kids Apparel,Buyout,163.2,0.0414,2.51,0.76,0.5,0.0,0.0,173.74,173.74
2026-01-01,SKU00012,External Brand,Under Armour,Yoga Apparel,Buyout,55.43,0.0441,2.37,2.29,1.94,0.0,0.0,64.47,64.47
2026-01-01,SKU00013,External Brand,Reebok Underwear,Outdoor Apparel,Consignment,109.14,0.0229,1.79,1.91,1.29,0.0469,106.35,116.63,222.98
2026-01-01,SKU00014,External Brand,On Running,Underwear,Consignment,6.51,0.0665,0.78,1.34,2.53,0.0,0.0,11.59,11.59
2026-01-01,SKU00015,Himaxx Own,Brand B,Sportswear,Own Brand,155.12,0.0662,3.02,2.79,7.36,0.0,0.0,178.56,178.56
2026-01-01,SKU00016,External Brand,Cole Haan,Underwear,Buyout,30.07,0.0722,0.97,1.34,2.86,0.0,0.0,37.4,37.4
2026-01-01,SKU00017,External Brand,Lululemon,Sportswear,Consignment,13.62,0.0226,1.42,1.48,1.82,0.0,0.0,18.65,18.65
2026-01-01,SKU00018,External Brand,Adidas,Training Shoes,Consignment,30.95,0.0608,2.77,1.74,3.02,0.0,0.0,40.36,40.36
2026-01-01,SKU00019,Himaxx Own,Brand A,Bags,Own Brand,52.57,0.0351,2.04,1.99,3.15,0.0,0.0,61.6,61.6
2026-01-01,SKU00020,External Brand,Salomon,Kids Apparel,Consignment,12.97,0.0518,2.49,3.18,3.22,0.0,0.0,22.53,22.53
2026-01-01,SKU00021,External Brand,The North Face,Outdoor Apparel,Buyout,100.62,0.0396,1.89,0.61,3.95,0.0,0.0,111.06,111.06
2026-01-01,SKU00022,External Brand,Reebok Underwear,Outdoor Apparel,Buyout,282.92,0.0621,4.88,1.38,3.05,0.0494,79.95,309.8,389.75
2026-01-01,SKU00023,Himaxx Own,Brand A,Outdoor Apparel,Own Brand,237.34,0.0403,4.72,2.11,7.73,0.0,0.0,261.48,261.48
2026-01-01,SKU00024,External Brand,Nike,Lifestyle Apparel,Consignment,20.65,0.0682,3.52,1.0,0.85,0.0,0.0,27.43,27.43
2026-01-01,SKU00025,External Brand,Under Armour,Performance Apparel,Consignment,44.55,0.0623,3.51,2.96,2.77,0.0,0.0,56.57,56.57
2026-01-01,SKU00026,Himaxx Own,Brand A,Performance Apparel,Own Brand,240.32,0.0227,4.54,3.17,6.0,0.0,0.0,259.49,259.49
2026-01-01,SKU00027,Himaxx Own,Brand A,Performance Apparel,Own Brand,376.08,0.0666,2.86,0.41,10.2,0.0,0.0,414.59,414.59
2026-01-01,SKU00028,External Brand,Asics,Outdoor Apparel,Buyout,180.83,0.0796,1.18,1.32,3.97,0.0,0.0,201.68,201.68
2026-01-01,SKU00029,External Brand,Adidas,Bags,Consignment,13.19,0.039,0.77,0.83,1.5,0.0,0.0,16.8,16.8
2026-01-01,SKU00030,External Brand,Cole Haan,Basketball Shoes,Consignment,54.62,0.0343,4.71,0.59,3.41,0.0,0.0,65.21,65.21
2026-01-01,SKU00031,Himaxx Own,Brand B,Running Shoes,Own Brand,113.54,0.0621,3.54,1.12,3.72,0.0,0.0,128.97,128.97
2026-01-01,SKU00032,External Brand,Cole Haan,Bags,Consignment,31.26,0.0347,0.71,1.51,1.14,0.0,0.0,35.7,35.7
2026-01-01,SKU00033,External Brand,Lululemon,Outdoor Apparel,Consignment,12.3,0.0515,0.86,1.56,3.7,0.0,0.0,19.05,19.05
2026-01-01,SKU00034,External Brand,Lululemon,Yoga Apparel,Consignment,11.99,0.0225,0.79,1.75,0.8,0.0,0.0,15.6,15.6
2026-01-01,SKU00035,External Brand,Reebok Underwear,Performance Apparel,Buyout,105.76,0.0584,1.35,2.23,0.48,0.0412,26.87,116.0,142.87
2026-01-01,SKU00036,Himaxx Own,Brand A,Performance Apparel,Own Brand,258.65,0.0406,4.72,1.8,14.86,0.0,0.0,290.53,290.53
2026-01-01,SKU00037,External Brand,Reebok Underwear,Yoga Apparel,Buyout,88.29,0.0229,0.72,1.11,3.26,0.0689,57.36,95.39,152.75
2026-01-01,SKU00038,External Brand,Lululemon,Training Shoes,Consignment,12.84,0.0423,2.65,1.93,1.4,0.0,0.0,19.36,19.36
2026-01-01,SKU00039,Himaxx Own,Brand B,Yoga Apparel,Own Brand,47.01,0.0303,0.66,3.24,3.64,0.0,0.0,55.96,55.96
2026-01-01,SKU00040,External Brand,Adidas,Accessories,Consignment,7.66,0.0236,2.09,1.57,1.09,0.0,0.0,12.59,12.59
2026-01-01,SKU00041,External Brand,Adidas,Yoga Apparel,Consignment,48.2,0.0618,3.76,1.0,2.37,0.0,0.0,58.32,58.32
2026-01-01,SKU00042,External Brand,Cole Haan,Performance Apparel,Consignment,63.3,0.0492,3.31,1.53,1.76,0.0,0.0,73.01,73.01
2026-01-01,SKU00043,Himaxx Own,Brand A,Running Shoes,Own Brand,131.33,0.0637,2.11,0.8,7.36,0.0,0.0,149.96,149.96
2026-01-01,SKU00044,External Brand,On Running,Sportswear,Buyout,89.1,0.0366,3.25,0.89,3.7,0.0,0.0,100.2,100.2
2026-01-01,SKU00045,External Brand,On Running,Kids Apparel,Consignment,37.16,0.0357,0.91,1.04,0.24,0.0,0.0,40.68,40.68
2026-01-01,SKU00046,External Brand,Nike,Performance Apparel,Consignment,15.52,0.0217,2.65,1.83,0.83,0.0,0.0,21.17,21.17
2026-01-01,SKU00047,External Brand,On Running,Running Shoes,Consignment,44.24,0.0774,1.91,2.03,0.49,0.0,0.0,52.1,52.1
2026-01-01,SKU00048,External Brand,Adidas,Sportswear,Consignment,27.07,0.0452,2.16,3.33,3.57,0.0,0.0,37.35,37.35
2026-01-01,SKU00049,External Brand,Asics,Bags,Buyout,138.23,0.045,4.6,0.43,0.09,0.0,0.0,149.58,149.58
2026-01-01,SKU00050,External Brand,Lululemon,Performance Apparel,Consignment,9.38,0.0539,3.84,0.98,1.51,0.0,0.0,16.21,16.21
2026-01-01,SKU00051,External Brand,Salomon,Sportswear,Buyout,30.67,0.0775,4.38,2.48,2.05,0.0,0.0,41.96,41.96
2026-01-01,SKU00052,Himaxx Own,Brand B,Kids Apparel,Own Brand,53.34,0.07,1.94,1.05,8.56,0.0,0.0,68.63,68.63
2026-01-01,SKU00053,External Brand,Nike,Basketball Shoes,Consignment,31.34,0.0335,4.2,1.06,1.44,0.0,0.0,39.08,39.08
2026-01-01,SKU00054,External Brand,Adidas,Performance Apparel,Consignment,67.74,0.0233,2.54,2.59,0.09,0.0,0.0,74.53,74.53
2026-01-01,SKU00055,External Brand,Adidas,Underwear,Consignment,7.5,0.0636,4.6,1.86,2.02,0.0,0.0,16.45,16.45
2026-01-01,SKU00056,External Brand,New Balance,Underwear,Buyout,18.75,0.04,1.49,2.46,1.56,0.0,0.0,25.01,25.01
2026-01-01,SKU00057,Himaxx Own,Brand A,Accessories,Own Brand,39.12,0.0566,4.24,0.83,6.87,0.0,0.0,53.28,53.28
2026-01-01,SKU00058,External Brand,Skechers,Basketball Shoes,Consignment,37.48,0.0394,4.82,2.63,0.22,0.0,0.0,46.62,46.62
2026-01-01,SKU00059,External Brand,Columbia,Outdoor Apparel,Buyout,108.78,0.0345,3.83,0.68,3.51,0.0,0.0,120.57,120.57
2026-01-01,SKU00060,Himaxx Own,Brand A,Outdoor Apparel,Own Brand,74.61,0.0501,3.58,3.2,13.05,0.0,0.0,98.17,98.17
2026-01-01,SKU00061,External Brand,Brooks Brothers,Kids Apparel,Consignment,23.92,0.073,4.08,0.54,1.07,0.0626,35.27,31.35,66.62
2026-01-01,SKU00062,External Brand,Salomon,Training Shoes,Consignment,36.34,0.0337,0.64,2.51,1.13,0.0,0.0,41.83,41.83
2026-01-01,SKU00063,External Brand,Puma,Kids Apparel,Buyout,33.42,0.0695,0.63,1.4,1.73,0.0,0.0,39.5,39.5
2026-01-01,SKU00064,External Brand,Reebok Underwear,Training Shoes,Buyout,170.14,0.0433,2.36,2.72,1.02,0.0639,93.59,183.61,277.2
2026-01-01,SKU00065,External Brand,Asics,Sportswear,Buyout,50.09,0.0388,1.22,1.28,3.69,0.0,0.0,58.23,58.23
2026-01-01,SKU00066,External Brand,Hoka,Yoga Apparel,Buyout,92.96,0.049,2.51,0.91,2.3,0.0,0.0,103.24,103.24
2026-01-01,SKU00067,External Brand,Cole Haan,Performance Apparel,Buyout,263.02,0.0709,3.65,3.38,3.94,0.0,0.0,292.64,292.64
2026-01-01,SKU00068,Himaxx Own,Brand B,Yoga Apparel,Own Brand,93.98,0.0741,3.41,2.42,6.34,0.0,0.0,113.11,113.11
2026-01-01,SKU00069,External Brand,Under Armour,Bags,Consignment,8.89,0.0575,2.21,2.62,2.51,0.0,0.0,16.74,16.74
2026-01-01,SKU00070,External Brand,Columbia,Bags,Consignment,55.54,0.0742,2.82,3.37,1.89,0.0,0.0,67.74,67.74
2026-01-01,SKU00071,External Brand,Cole Haan,Kids Apparel,Buyout,67.2,0.0336,3.84,0.66,2.72,0.0,0.0,76.68,76.68
2026-01-01,SKU00072,Himaxx Own,Brand B,Training Shoes,Own Brand,119.58,0.08,4.42,3.37,11.19,0.0,0.0,148.12,148.12
2026-01-01,SKU00073,External Brand,The North Face,Basketball Shoes,Consignment,32.59,0.0713,2.77,1.89,2.48,0.0,0.0,42.05,42.05
2026-01-01,SKU00074,External Brand,Champion,Outdoor Apparel,Buyout,159.47,0.0646,3.42,1.41,3.54,0.0,0.0,178.14,178.14
2026-01-01,SKU00075,External Brand,Skechers,Training Shoes,Consignment,26.9,0.0258,3.85,3.43,2.23,0.0,0.0,37.11,37.11
2026-01-01,SKU00076,External Brand,Asics,Yoga Apparel,Buyout,99.19,0.0411,0.86,3.41,0.03,0.0,0.0,107.57,107.57
2026-01-01,SKU00077,External Brand,Lululemon,Kids Apparel,Buyout,215.24,0.0603,4.96,0.92,1.52,0.0,0.0,235.61,235.61
2026-01-01,SKU00078,External Brand,Champion,Accessories,Buyout,101.76,0.0359,3.72,2.21,2.44,0.0,0.0,113.79,113.79
2026-01-01,SKU00079,External Brand,Cole Haan,Performance Apparel,Buyout,162.99,0.0411,4.57,1.75,0.93,0.0,0.0,176.94,176.94
2026-01-01,SKU00080,External Brand,Nike,Sportswear,Consignment,51.92,0.0572,4.93,1.52,2.54,0.0,0.0,63.88,63.88
2026-01-01,SKU00081,External Brand,Reebok Underwear,Training Shoes,Consignment,30.5,0.0419,4.18,3.09,2.28,0.0351,38.25,41.33,79.58
2026-01-01,SKU00082,Himaxx Own,Brand B,Basketball Shoes,Own Brand,192.17,0.0681,2.35,0.42,4.14,0.0,0.0,212.16,212.16
2026-01-01,SKU00083,External Brand,Adidas,Underwear,Consignment,25.53,0.0637,0.56,1.53,1.12,0.0,0.0,30.37,30.37
2026-01-01,SKU00084,External Brand,Cole Haan,Kids Apparel,Buyout,33.26,0.0422,4.26,1.33,0.95,0.0,0.0,41.2,41.2
2026-01-01,SKU00085,External Brand,Brooks Brothers,Accessories,Buyout,59.63,0.0654,0.6,1.72,3.29,0.0695,30.62,69.14,99.76
2026-01-01,SKU00086,External Brand,Brooks Brothers,Accessories,Buyout,35.21,0.0546,4.89,2.66,3.31,0.0489,16.85,47.99,64.84
2026-01-01,SKU00087,External Brand,The North Face,Underwear,Consignment,20.43,0.0365,4.31,1.16,2.68,0.0,0.0,29.32,29.32
2026-01-01,SKU00088,External Brand,The North Face,Performance Apparel,Buyout,59.15,0.0589,1.38,3.46,0.86,0.0,0.0,68.33,68.33
2026-01-01,SKU00089,External Brand,Puma,Training Shoes,Buyout,174.95,0.0524,1.71,1.8,1.13,0.0,0.0,188.77,188.77
2026-01-01,SKU00090,External Brand,Cole Haan,Sportswear,Buyout,34.23,0.0456,2.24,1.73,1.6,0.0,0.0,41.36,41.36
2026-01-01,SKU00091,Himaxx Own,Brand B,Outdoor Apparel,Own Brand,184.95,0.0751,3.77,3.19,14.34,0.0,0.0,220.12,220.12
2026-01-01,SKU00092,External Brand,Skechers,Accessories,Buyout,48.61,0.0249,3.97,2.22,1.82,0.0,0.0,57.82,57.82
2026-01-01,SKU00093,External Brand,Columbia,Running Shoes,Consignment,25.35,0.0413,3.32,1.27,1.42,0.0,0.0,32.4,32.4
2026-01-01,SKU00094,External Brand,Cole Haan,Training Shoes,Buyout,55.17,0.0572,2.74,2.1,1.4,0.0,0.0,64.57,64.57
2026-01-01,SKU00095,External Brand,Puma,Lifestyle Apparel,Consignment,47.02,0.079,4.34,2.9,0.37,0.0,0.0,58.34,58.34
2026-01-01,SKU00096,External Brand,Reebok Underwear,Sportswear,Buyout,139.14,0.0576,3.46,1.07,1.95,0.0797,70.33,153.65,223.97
2026-01-01,SKU00097,External Brand,Nike,Lifestyle Apparel,Consignment,26.36,0.0555,1.58,0.48,2.12,0.0,0.0,32.0,32.0
2026-01-01,SKU00098,External Brand,Reebok Underwear,Bags,Consignment,20.45,0.0764,4.26,2.68,1.09,0.0781,121.67,30.04,151.72
2026-01-01,SKU00099,External Brand,Adidas,Bags,Buyout,95.7,0.0504,2.32,2.45,1.14,0.0,0.0,106.44,106.44
2026-01-01,SKU00100,Himaxx Own,Brand B,Underwear,Own Brand,33.17,0.0557,2.06,1.67,8.17,0.0,0.0,46.92,46.92
2026-01-01,SKU00101,Himaxx Own,Brand B,Underwear,Own Brand,21.4,0.0438,3.82,2.89,6.46,0.0,0.0,35.51,35.51
2026-01-01,SKU00102,External Brand,Lululemon,Outdoor Apparel,Consignment,32.27,0.08,0.97,2.38,1.83,0.0,0.0,40.02,40.02
2026-01-01,SKU00103,External Brand,Puma,Basketball Shoes,Buyout,89.65,0.0464,2.44,2.14,2.78,0.0,0.0,101.16,101.16
2026-01-01,SKU00104,External Brand,The North Face,Outdoor Apparel,Consignment,35.59,0.0474,3.82,0.4,1.34,0.0,0.0,42.84,42.84
2026-01-01,SKU00105,External Brand,Nike,Performance Apparel,Buyout,124.42,0.0301,1.41,3.49,2.25,0.0,0.0,135.31,135.31
2026-01-01,SKU00106,External Brand,Skechers,Training Shoes,Buyout,78.14,0.0548,1.96,3.13,0.65,0.0,0.0,88.16,88.16
2026-01-01,SKU00107,External Brand,New Balance,Kids Apparel,Buyout,59.48,0.0595,3.74,2.77,0.89,0.0,0.0,70.42,70.42
2026-01-01,SKU00108,Himaxx Own,Brand A,Lifestyle Apparel,Own Brand,91.78,0.0745,2.19,2.39,6.01,0.0,0.0,109.2,109.2
2026-01-01,SKU00109,External Brand,Brooks Brothers,Sportswear,Buyout,68.03,0.0503,1.31,2.0,3.21,0.0738,39.65,77.97,117.62
2026-01-01,SKU00110,External Brand,Nike,Underwear,Consignment,3.69,0.0367,3.17,0.52,1.58,0.0,0.0,9.09,9.09
2026-01-01,SKU00111,External Brand,Puma,Training Shoes,Buyout,51.31,0.0657,3.58,2.52,3.32,0.0,0.0,64.1,64.1
2026-01-01,SKU00112,External Brand,Nike,Sportswear,Consignment,13.48,0.0765,2.03,3.32,2.49,0.0,0.0,22.35,22.35
2026-01-01,SKU00113,External Brand,Patagonia,Kids Apparel,Buyout,170.1,0.0434,1.18,2.78,3.75,0.0,0.0,185.19,185.19
2026-01-01,SKU00114,External Brand,Adidas,Performance Apparel,Buyout,40.5,0.0443,2.98,0.62,1.07,0.0,0.0,46.96,46.96
2026-01-01,SKU00115,External Brand,Champion,Lifestyle Apparel,Buyout,53.82,0.0621,2.12,1.3,3.2,0.0,0.0,63.79,63.79
2026-01-01,SKU00116,External Brand,Columbia,Yoga Apparel,Buyout,41.88,0.0524,3.62,1.42,1.56,0.0,0.0,50.68,50.68
2026-01-01,SKU00117,External Brand,Cole Haan,Training Shoes,Buyout,63.59,0.0777,1.7,2.5,1.81,0.0,0.0,74.55,74.55
2026-01-01,SKU00118,External Brand,Hoka,Basketball Shoes,Consignment,38.89,0.0324,1.3,1.57,1.59,0.0,0.0,44.61,44.61
2026-01-01,SKU00119,External Brand,Columbia,Yoga Apparel,Buyout,217.22,0.0382,2.74,3.13,1.22,0.0,0.0,232.62,232.62
2026-01-01,SKU00120,External Brand,Skechers,Outdoor Apparel,Buyout,192.14,0.0596,3.45,2.83,0.88,0.0,0.0,210.75,210.75
2026-01-01,SKU00121,External Brand,Brooks Brothers,Yoga Apparel,Consignment,15.53,0.0729,4.78,2.57,2.97,0.0466,46.85,26.99,73.84
2026-01-01,SKU00122,External Brand,Champion,Basketball Shoes,Buyout,139.05,0.0563,4.88,2.75,3.12,0.0,0.0,157.63,157.63
2026-01-01,SKU00123,Himaxx Own,Brand A,Lifestyle Apparel,Own Brand,36.34,0.0711,2.42,1.53,8.89,0.0,0.0,51.77,51.77
2026-01-01,SKU00124,External Brand,Patagonia,Running Shoes,Consignment,48.89,0.0208,1.19,3.25,3.98,0.0,0.0,58.34,58.34
2026-01-01,SKU00125,External Brand,Columbia,Running Shoes,Buyout,117.41,0.0755,2.69,1.96,3.01,0.0,0.0,133.94,133.94
2026-01-01,SKU00126,External Brand,Hoka,Basketball Shoes,Consignment,5.28,0.039,4.27,3.22,2.52,0.0,0.0,15.49,15.49
2026-01-01,SKU00127,External Brand,Skechers,Kids Apparel,Buyout,115.67,0.0333,4.45,3.15,0.55,0.0,0.0,127.67,127.67
2026-01-01,SKU00128,External Brand,Reebok Underwear,Kids Apparel,Consignment,4.37,0.0691,0.55,3.22,0.72,0.0597,9.97,9.16,19.13
2026-01-01,SKU00129,External Brand,Hoka,Training Shoes,Buyout,86.28,0.0293,0.76,1.33,1.26,0.0,0.0,92.16,92.16
2026-01-01,SKU00130,External Brand,Reebok Underwear,Performance Apparel,Consignment,18.75,0.0421,0.81,2.12,3.07,0.0316,13.63,25.54,39.17
2026-01-01,SKU00131,External Brand,Cole Haan,Lifestyle Apparel,Buyout,160.48,0.0563,1.9,2.6,1.17,0.0,0.0,175.19,175.19
2026-01-01,SKU00132,External Brand,Columbia,Running Shoes,Buyout,110.54,0.0693,4.14,1.97,1.33,0.0,0.0,125.64,125.64
2026-01-01,SKU00133,External Brand,Brooks Brothers,Performance Apparel,Buyout,50.85,0.0685,4.82,2.95,0.46,0.042,25.18,62.56,87.74
2026-01-01,SKU00134,External Brand,Reebok Underwear,Lifestyle Apparel,Buyout,60.41,0.0276,4.64,1.61,0.43,0.042,34.67,68.74,103.41
2026-01-01,SKU00135,Himaxx Own,Brand A,Sportswear,Own Brand,56.76,0.0746,3.15,1.41,10.77,0.0,0.0,76.31,76.31
2026-01-01,SKU00136,External Brand,Patagonia,Sportswear,Buyout,129.22,0.0797,1.79,1.12,2.66,0.0,0.0,145.09,145.09
2026-01-01,SKU00137,External Brand,Nike,Running Shoes,Buyout,210.07,0.023,4.36,1.29,2.48,0.0,0.0,223.03,223.03
2026-01-01,SKU00138,External Brand,Columbia,Bags,Consignment,13.37,0.0719,4.81,0.65,2.11,0.0,0.0,21.9,21.9
2026-01-01,SKU00139,External Brand,Reebok Underwear,Basketball Shoes,Consignment,41.48,0.0601,1.11,2.54,0.84,0.0574,69.47,48.47,117.95
2026-01-01,SKU00140,External Brand,Under Armour,Running Shoes,Consignment,27.56,0.0603,0.64,1.25,2.61,0.0,0.0,33.73,33.73
2026-01-01,SKU00141,External Brand,Under Armour,Training Shoes,Consignment,15.02,0.0775,1.57,2.76,2.46,0.0,0.0,22.98,22.98
2026-01-01,SKU00142,Himaxx Own,Brand B,Basketball Shoes,Own Brand,95.86,0.028,4.77,3.07,14.12,0.0,0.0,120.51,120.51
2026-01-01,SKU00143,External Brand,Brooks Brothers,Kids Apparel,Consignment,21.58,0.0714,3.78,0.91,1.88,0.0645,29.23,29.7,58.93
2026-01-01,SKU00144,External Brand,New Balance,Outdoor Apparel,Buyout,76.38,0.0445,0.7,2.59,1.82,0.0,0.0,84.88,84.88
2026-01-01,SKU00145,Himaxx Own,Brand A,Running Shoes,Own Brand,257.58,0.0662,3.18,3.13,6.29,0.0,0.0,287.22,287.22
2026-01-01,SKU00146,External Brand,Fila,Outdoor Apparel,Buyout,149.69,0.0547,1.32,0.9,0.44,0.0,0.0,160.53,160.53
2026-01-01,SKU00147,External Brand,Asics,Underwear,Buyout,36.72,0.0281,0.7,2.27,1.08,0.0,0.0,41.8,41.8
2026-01-01,SKU00148,External Brand,Brooks Brothers,Training Shoes,Buyout,99.62,0.0297,3.06,3.22,1.81,0.076,90.0,110.66,200.65
2026-01-01,SKU00149,External Brand,Cole Haan,Sportswear,Buyout,57.6,0.0743,3.99,1.33,0.4,0.0,0.0,67.61,67.61
2026-01-01,SKU00150,External Brand,Columbia,Lifestyle Apparel,Buyout,102.96,0.0242,3.56,0.79,3.8,0.0,0.0,113.61,113.61
2026-01-01,SKU00151,External Brand,Champion,Performance Apparel,Consignment,31.7,0.0584,0.51,1.76,3.26,0.0,0.0,39.09,39.09
2026-01-01,SKU00152,Himaxx Own,Brand A,Performance Apparel,Own Brand,170.27,0.0368,1.11,1.41,3.95,0.0,0.0,183.01,183.01
2026-01-01,SKU00153,Himaxx Own,Brand B,Sportswear,Own Brand,183.74,0.0672,4.56,3.17,12.63,0.0,0.0,216.44,216.44
2026-01-01,SKU00154,Himaxx Own,Brand A,Underwear,Own Brand,64.1,0.0639,1.68,2.94,13.01,0.0,0.0,85.82,85.82
2026-01-01,SKU00155,Himaxx Own,Brand A,Outdoor Apparel,Own Brand,403.89,0.033,3.97,2.96,3.82,0.0,0.0,427.97,427.97
2026-01-01,SKU00156,External Brand,The North Face,Lifestyle Apparel,Buyout,81.1,0.0738,0.6,3.33,1.23,0.0,0.0,92.25,92.25
2026-01-01,SKU00157,Himaxx Own,Brand A,Accessories,Own Brand,77.11,0.039,1.18,3.14,12.1,0.0,0.0,96.53,96.53
2026-01-01,SKU00158,External Brand,Cole Haan,Bags,Buyout,84.22,0.0311,2.53,1.29,3.51,0.0,0.0,94.16,94.16
2026-01-01,SKU00159,External Brand,Lululemon,Training Shoes,Consignment,69.18,0.0777,3.32,1.94,0.95,0.0,0.0,80.76,80.76
2026-01-01,SKU00160,External Brand,Champion,Bags,Consignment,16.41,0.0387,2.5,1.83,2.76,0.0,0.0,24.14,24.14
2026-01-01,SKU00161,External Brand,New Balance,Outdoor Apparel,Consignment,9.86,0.0525,4.4,1.9,0.92,0.0,0.0,17.6,17.6
2026-01-01,SKU00162,External Brand,Champion,Underwear,Buyout,31.56,0.0778,0.54,2.83,2.27,0.0,0.0,39.65,39.65
2026-01-01,SKU00163,External Brand,Adidas,Outdoor Apparel,Consignment,75.54,0.0228,4.96,1.69,0.45,0.0,0.0,84.36,84.36
2026-01-01,SKU00164,External Brand,Adidas,Underwear,Buyout,91.52,0.0298,1.98,2.33,3.43,0.0,0.0,101.99,101.99
2026-01-01,SKU00165,Himaxx Own,Brand B,Underwear,Own Brand,110.38,0.0344,2.46,2.29,3.86,0.0,0.0,122.79,122.79
2026-01-01,SKU00166,External Brand,Brooks Brothers,Underwear,Buyout,16.27,0.0657,1.55,2.4,3.34,0.075,13.51,24.64,38.14
2026-01-01,SKU00167,Himaxx Own,Brand B,Yoga Apparel,Own Brand,208.97,0.0624,1.74,1.74,4.89,0.0,0.0,230.4,230.4
2026-01-01,SKU00168,External Brand,Cole Haan,Sportswear,Buyout,12.19,0.0685,4.19,1.39,3.85,0.0,0.0,22.46,22.46
2026-01-01,SKU00169,Himaxx Own,Brand A,Basketball Shoes,Own Brand,75.32,0.0215,3.99,3.16,13.78,0.0,0.0,97.88,97.88
2026-01-01,SKU00170,External Brand,Nike,Lifestyle Apparel,Buyout,101.36,0.0721,2.32,1.68,0.37,0.0,0.0,113.04,113.04
2026-01-01,SKU00171,External Brand,Brooks Brothers,Sportswear,Consignment,5.27,0.027,1.72,3.27,3.18,0.046,20.48,13.58,34.06
2026-01-01,SKU00172,External Brand,Nike,Running Shoes,Consignment,38.06,0.0412,2.74,0.53,0.57,0.0,0.0,43.46,43.46
2026-01-01,SKU00173,External Brand,Champion,Bags,Buyout,31.87,0.0592,1.28,1.96,3.97,0.0,0.0,40.97,40.97
2026-01-01,SKU00174,External Brand,Nike,Yoga Apparel,Consignment,9.97,0.034,4.61,0.76,3.74,0.0,0.0,19.42,19.42
2026-01-01,SKU00175,External Brand,Under Armour,Sportswear,Consignment,4.06,0.0405,2.23,0.55,2.21,0.0,0.0,9.21,9.21
2026-01-01,SKU00176,External Brand,Salomon,Underwear,Buyout,118.2,0.079,3.32,2.46,1.21,0.0,0.0,134.54,134.54
2026-01-01,SKU00177,External Brand,Brooks Brothers,Lifestyle Apparel,Buyout,87.57,0.0588,2.11,1.38,0.32,0.0466,42.72,96.53,139.24
2026-01-01,SKU00178,External Brand,Puma,Training Shoes,Buyout,161.82,0.0203,0.86,1.28,3.77,0.0,0.0,171.0,171.0
2026-01-01,SKU00179,External Brand,Brooks Brothers,Kids Apparel,Buyout,18.62,0.0686,3.21,1.54,0.33,0.0418,9.59,24.98,34.58
2026-01-01,SKU00180,External Brand,Skechers,Underwear,Consignment,25.63,0.0327,3.81,0.7,0.14,0.0,0.0,31.12,31.12
2026-01-01,SKU00181,Himaxx Own,Brand A,Training Shoes,Own Brand,283.92,0.0705,3.31,2.86,13.95,0.0,0.0,324.04,324.04
2026-01-01,SKU00182,External Brand,The North Face,Basketball Shoes,Buyout,260.54,0.0219,2.83,2.43,2.64,0.0,0.0,274.14,274.14
2026-01-01,SKU00183,External Brand,Adidas,Bags,Consignment,17.15,0.0302,1.77,0.37,3.64,0.0,0.0,23.44,23.44
2026-01-01,SKU00184,External Brand,The North Face,Kids Apparel,Buyout,207.68,0.0519,3.24,3.24,1.99,0.0,0.0,226.93,226.93
2026-01-01,SKU00185,External Brand,Adidas,Outdoor Apparel,Buyout,104.93,0.0269,3.76,0.37,0.03,0.0,0.0,111.92,111.92
2026-01-01,SKU00186,External Brand,New Balance,Sportswear,Consignment,15.43,0.0224,1.95,0.51,0.09,0.0,0.0,18.32,18.32
2026-01-01,SKU00187,External Brand,New Balance,Sportswear,Consignment,9.74,0.0561,4.27,2.73,2.3,0.0,0.0,19.59,19.59
2026-01-01,SKU00188,Himaxx Own,Brand B,Basketball Shoes,Own Brand,160.26,0.0279,0.88,1.34,8.66,0.0,0.0,175.62,175.62
2026-01-01,SKU00189,External Brand,Salomon,Basketball Shoes,Buyout,93.13,0.0735,3.36,0.38,1.06,0.0,0.0,104.77,104.77
2026-01-01,SKU00190,External Brand,Reebok Underwear,Running Shoes,Buyout,251.73,0.0457,2.4,2.95,3.36,0.0476,78.57,271.95,350.53
2026-01-01,SKU00191,External Brand,Under Armour,Basketball Shoes,Consignment,32.03,0.0614,3.56,2.32,3.29,0.0,0.0,43.17,43.17
2026-01-01,SKU00192,Himaxx Own,Brand B,Training Shoes,Own Brand,67.65,0.0695,2.56,2.5,6.35,0.0,0.0,83.76,83.76
2026-01-01,SKU00193,External Brand,Salomon,Running Shoes,Buyout,215.36,0.0621,2.41,0.64,1.9,0.0,0.0,233.69,233.69
2026-01-01,SKU00194,External Brand,Puma,Kids Apparel,Buyout,50.76,0.0628,4.02,2.6,0.9,0.0,0.0,61.47,61.47
2026-01-01,SKU00195,External Brand,Brooks Brothers,Bags,Buyout,123.12,0.0432,3.8,3.24,2.21,0.0351,51.2,137.69,188.89
2026-01-01,SKU00196,External Brand,Asics,Accessories,Consignment,4.88,0.0425,4.85,0.5,2.85,0.0,0.0,13.28,13.28
2026-01-01,SKU00197,External Brand,Adidas,Sportswear,Consignment,9.85,0.0603,1.74,2.94,0.86,0.0,0.0,15.98,15.98
2026-01-01,SKU00198,External Brand,Adidas,Running Shoes,Consignment,43.68,0.0668,0.97,3.22,2.58,0.0,0.0,53.37,53.37
2026-01-01,SKU00199,External Brand,Patagonia,Accessories,Buyout,33.79,0.0403,3.28,2.27,2.65,0.0,0.0,43.35,43.35
2026-01-01,SKU00200,External Brand,Nike,Basketball Shoes,Buyout,168.19,0.0423,2.54,0.71,2.66,0.0,0.0,181.21,181.21
2026-01-01,SKU00201,External Brand,Brooks Brothers,Underwear,Buyout,9.2,0.0539,4.09,1.17,1.17,0.0776,7.85,16.12,23.97
2026-01-01,SKU00202,External Brand,Reebok Underwear,Outdoor Apparel,Buyout,92.4,0.0478,2.14,2.34,2.87,0.0657,56.53,104.17,160.7
2026-01-01,SKU00203,External Brand,Under Armour,Outdoor Apparel,Buyout,155.26,0.0589,3.41,3.42,2.51,0.0,0.0,173.75,173.75
2026-01-01,SKU00204,External Brand,Skechers,Accessories,Buyout,59.51,0.0387,0.67,0.81,1.83,0.0,0.0,65.13,65.13
2026-01-01,SKU00205,External Brand,On Running,Sportswear,Consignment,2.43,0.0511,2.17,0.86,3.37,0.0,0.0,8.96,8.96
2026-01-01,SKU00206,External Brand,Skechers,Running Shoes,Buyout,87.13,0.0751,3.25,3.4,1.09,0.0,0.0,101.42,101.42
2026-01-01,SKU00207,External Brand,Patagonia,Sportswear,Buyout,21.02,0.0571,3.8,2.61,1.76,0.0,0.0,30.39,30.39
2026-01-01,SKU00208,External Brand,Adidas,Training Shoes,Consignment,39.62,0.051,1.45,3.11,3.85,0.0,0.0,50.05,50.05
2026-01-01,SKU00209,External Brand,Skechers,Yoga Apparel,Consignment,12.1,0.0519,1.1,2.34,0.09,0.0,0.0,16.26,16.26
2026-01-01,SKU00210,External Brand,Asics,Yoga Apparel,Consignment,5.57,0.0229,4.05,2.63,2.52,0.0,0.0,14.9,14.9
2026-01-01,SKU00211,External Brand,Cole Haan,Lifestyle Apparel,Buyout,64.59,0.0599,1.66,2.21,0.77,0.0,0.0,73.1,73.1
2026-01-01,SKU00212,External Brand,Lululemon,Basketball Shoes,Buyout,78.69,0.0574,2.1,0.32,3.19,0.0,0.0,88.82,88.82
2026-01-01,SKU00213,External Brand,Adidas,Lifestyle Apparel,Consignment,22.98,0.0692,3.2,0.56,2.13,0.0,0.0,30.46,30.46
2026-01-01,SKU00214,External Brand,Skechers,Bags,Consignment,30.55,0.0372,4.44,0.39,2.35,0.0,0.0,38.87,38.87
2026-01-01,SKU00215,Himaxx Own,Brand A,Underwear,Own Brand,136.97,0.032,1.22,1.15,11.72,0.0,0.0,155.45,155.45
2026-01-01,SKU00216,External Brand,Columbia,Training Shoes,Buyout,68.7,0.0532,4.88,2.51,3.3,0.0,0.0,83.03,83.03
2026-01-01,SKU00217,External Brand,Nike,Underwear,Consignment,27.34,0.0481,2.1,0.75,0.03,0.0,0.0,31.54,31.54
2026-01-01,SKU00218,External Brand,Nike,Yoga Apparel,Consignment,10.5,0.0385,0.81,3.05,0.28,0.0,0.0,15.05,15.05
2026-01-01,SKU00219,External Brand,Adidas,Lifestyle Apparel,Buyout,148.02,0.0684,4.13,3.23,3.5,0.0,0.0,169.0,169.0
2026-01-01,SKU00220,External Brand,Nike,Accessories,Consignment,5.2,0.0795,4.03,2.72,0.8,0.0,0.0,13.17,13.17
2026-01-01,SKU00221,External Brand,On Running,Accessories,Consignment,32.94,0.0252,2.73,3.46,0.44,0.0,0.0,40.4,40.4
2026-01-01,SKU00222,External Brand,Reebok Underwear,Training Shoes,Consignment,38.48,0.0275,4.52,1.94,2.63,0.079,62.43,48.63,111.06
2026-01-01,SKU00223,Himaxx Own,Brand A,Basketball Shoes,Own Brand,209.11,0.0303,2.06,3.42,10.38,0.0,0.0,231.32,231.32
2026-01-01,SKU00224,External Brand,Under Armour,Accessories,Buyout,10.54,0.0405,2.63,0.48,3.5,0.0,0.0,17.58,17.58
2026-01-01,SKU00225,External Brand,Champion,Performance Apparel,Buyout,217.2,0.0225,2.45,2.68,1.66,0.0,0.0,228.88,228.88
2026-01-01,SKU00226,Himaxx Own,Brand B,Basketball Shoes,Own Brand,275.9,0.0316,3.06,2.07,3.57,0.0,0.0,293.33,293.33
2026-01-01,SKU00227,External Brand,Champion,Kids Apparel,Buyout,41.93,0.0504,4.52,2.74,3.65,0.0,0.0,54.96,54.96
2026-01-01,SKU00228,External Brand,Cole Haan,Accessories,Buyout,24.92,0.0553,0.96,0.35,0.51,0.0,0.0,28.12,28.12
2026-01-01,SKU00229,Himaxx Own,Brand B,Training Shoes,Own Brand,250.67,0.0625,3.35,3.16,13.38,0.0,0.0,286.21,286.21
2026-01-01,SKU00230,External Brand,Salomon,Yoga Apparel,Consignment,12.49,0.0652,1.93,2.98,2.08,0.0,0.0,20.29,20.29
2026-01-01,SKU00231,External Brand,Puma,Basketball Shoes,Buyout,132.53,0.0289,2.13,3.24,0.99,0.0,0.0,142.72,142.72
2026-01-01,SKU00232,External Brand,Reebok Underwear,Sportswear,Consignment,24.12,0.0407,2.87,2.59,1.64,0.0555,32.49,32.2,64.7
2026-01-01,SKU00233,Himaxx Own,Brand A,Bags,Own Brand,205.77,0.0494,1.95,3.0,7.98,0.0,0.0,228.86,228.86
2026-01-01,SKU00234,External Brand,New Balance,Accessories,Buyout,69.71,0.0694,3.91,0.42,2.63,0.0,0.0,81.51,81.51
2026-01-01,SKU00235,Himaxx Own,Brand B,Underwear,Own Brand,53.17,0.0402,0.74,2.77,9.49,0.0,0.0,68.31,68.31
2026-01-01,SKU00236,External Brand,Adidas,Kids Apparel,Consignment,7.67,0.0539,2.7,2.03,3.95,0.0,0.0,16.77,16.77
2026-01-01,SKU00237,External Brand,Puma,Yoga Apparel,Consignment,10.71,0.0663,4.96,2.46,1.84,0.0,0.0,20.67,20.67
2026-01-01,SKU00238,External Brand,Puma,Lifestyle Apparel,Consignment,9.08,0.0778,3.08,1.75,1.78,0.0,0.0,16.4,16.4
2026-01-01,SKU00239,External Brand,On Running,Lifestyle Apparel,Consignment,19.8,0.0316,1.01,1.64,3.14,0.0,0.0,26.22,26.22
2026-01-01,SKU00240,External Brand,Columbia,Bags,Buyout,58.07,0.0726,2.18,2.77,0.22,0.0,0.0,67.45,67.45
2026-01-01,SKU00241,External Brand,Reebok Underwear,Performance Apparel,Buyout,48.43,0.0286,2.48,3.08,0.72,0.0603,23.76,56.1,79.86
2026-01-01,SKU00242,External Brand,Skechers,Basketball Shoes,Buyout,160.05,0.0337,4.35,2.09,2.02,0.0,0.0,173.9,173.9
2026-01-01,SKU00243,Himaxx Own,Brand B,Accessories,Own Brand,97.42,0.0496,1.93,2.95,7.77,0.0,0.0,114.9,114.9
2026-01-01,SKU00244,External Brand,Reebok Underwear,Underwear,Consignment,7.4,0.0283,4.15,3.48,0.2,0.0532,23.59,15.44,39.03
2026-01-01,SKU00245,Himaxx Own,Brand A,Kids Apparel,Own Brand,30.48,0.03,2.66,1.61,11.54,0.0,0.0,47.2,47.2
2026-01-01,SKU00246,External Brand,Reebok Underwear,Accessories,Buyout,44.23,0.0294,2.09,0.43,2.9,0.0383,9.81,50.94,60.75
2026-01-01,SKU00247,External Brand,Cole Haan,Lifestyle Apparel,Buyout,121.61,0.0357,2.83,0.85,0.61,0.0,0.0,130.25,130.25
2026-01-01,SKU00248,External Brand,Adidas,Kids Apparel,Buyout,30.6,0.0337,4.78,1.04,0.17,0.0,0.0,37.62,37.62
2026-01-01,SKU00249,External Brand,Brooks Brothers,Running Shoes,Buyout,58.48,0.0524,4.29,2.6,1.87,0.0564,24.23,70.3,94.52
2026-01-01,SKU00250,External Brand,Under Armour,Running Shoes,Buyout,62.34,0.0582,1.32,0.51,1.99,0.0,0.0,69.79,69.79
2026-01-01,SKU00251,External Brand,Nike,Bags,Consignment,29.87,0.0238,4.46,2.85,0.95,0.0,0.0,38.84,38.84
2026-01-01,SKU00252,External Brand,Asics,Training Shoes,Consignment,42.18,0.0447,4.17,3.24,2.37,0.0,0.0,53.84,53.84
2026-01-01,SKU00253,External Brand,Asics,Sportswear,Consignment,43.17,0.0247,2.43,2.95,1.77,0.0,0.0,51.38,51.38
2026-01-01,SKU00254,External Brand,Fila,Lifestyle Apparel,Consignment,10.62,0.0592,1.14,2.81,3.03,0.0,0.0,18.23,18.23
2026-01-01,SKU00255,External Brand,Skechers,Outdoor Apparel,Buyout,180.19,0.0268,4.31,1.48,2.15,0.0,0.0,192.96,192.96
2026-01-01,SKU00256,Himaxx Own,Brand B,Training Shoes,Own Brand,197.83,0.0271,2.68,3.44,13.02,0.0,0.0,222.33,222.33
2026-01-01,SKU00257,Himaxx Own,Brand B,Yoga Apparel,Own Brand,47.87,0.0615,1.02,3.3,3.59,0.0,0.0,58.73,58.73
2026-01-01,SKU00258,External Brand,Under Armour,Yoga Apparel,Consignment,23.82,0.0537,1.43,0.37,0.53,0.0,0.0,27.42,27.42
2026-01-01,SKU00259,Himaxx Own,Brand A,Outdoor Apparel,Own Brand,176.98,0.0422,4.87,0.72,8.02,0.0,0.0,198.05,198.05
2026-01-01,SKU00260,Himaxx Own,Brand A,Running Shoes,Own Brand,224.78,0.0551,4.64,1.69,9.52,0.0,0.0,253.01,253.01
2026-01-01,SKU00261,External Brand,Patagonia,Running Shoes,Buyout,111.01,0.0419,4.34,1.78,0.25,0.0,0.0,122.03,122.03
2026-01-01,SKU00262,External Brand,Under Armour,Bags,Consignment,29.62,0.0536,1.38,0.96,2.92,0.0,0.0,36.46,36.46
2026-01-01,SKU00263,External Brand,Champion,Sportswear,Buyout,107.84,0.0683,1.98,1.6,3.99,0.0,0.0,122.77,122.77
2026-01-01,SKU00264,External Brand,Puma,Performance Apparel,Buyout,38.61,0.0734,3.88,2.4,0.48,0.0,0.0,48.2,48.2
2026-01-01,SKU00265,External Brand,New Balance,Running Shoes,Buyout,122.68,0.0545,1.64,1.39,1.4,0.0,0.0,133.79,133.79
2026-01-01,SKU00266,External Brand,Nike,Bags,Consignment,26.07,0.0472,3.48,0.37,1.66,0.0,0.0,32.81,32.81
2026-01-01,SKU00267,External Brand,Puma,Basketball Shoes,Buyout,33.57,0.0764,1.85,1.47,3.73,0.0,0.0,43.19,43.19
2026-01-01,SKU00268,External Brand,Under Armour,Performance Apparel,Buyout,367.5,0.0759,2.72,3.38,0.69,0.0,0.0,402.17,402.17
2026-01-01,SKU00269,External Brand,Salomon,Basketball Shoes,Buyout,149.79,0.0255,2.67,1.42,0.34,0.0,0.0,158.04,158.04
2026-01-01,SKU00270,External Brand,The North Face,Underwear,Buyout,39.16,0.0686,4.14,1.51,2.63,0.0,0.0,50.13,50.13
2026-01-01,SKU00271,External Brand,Asics,Outdoor Apparel,Buyout,215.23,0.029,4.56,2.1,1.66,0.0,0.0,229.79,229.79
2026-01-01,SKU00272,Himaxx Own,Brand A,Lifestyle Apparel,Own Brand,88.51,0.0382,4.78,3.17,9.58,0.0,0.0,109.43,109.43
2026-01-01,SKU00273,External Brand,The North Face,Basketball Shoes,Buyout,180.52,0.0713,3.03,1.59,3.3,0.0,0.0,201.31,201.31
2026-01-01,SKU00274,External Brand,Reebok Underwear,Underwear,Buyout,32.07,0.0657,2.26,2.25,2.48,0.0324,7.47,41.16,48.63
2026-01-01,SKU00275,External Brand,Skechers,Outdoor Apparel,Buyout,295.55,0.0787,0.71,3.17,1.9,0.0,0.0,324.58,324.58
2026-01-01,SKU00276,External Brand,New Balance,Lifestyle Apparel,Consignment,24.07,0.0223,4.75,2.88,1.68,0.0,0.0,33.92,33.92
2026-01-01,SKU00277,External Brand,Cole Haan,Underwear,Buyout,45.58,0.0407,1.25,2.87,1.44,0.0,0.0,52.99,52.99
2026-01-01,SKU00278,External Brand,Champion,Running Shoes,Buyout,94.64,0.0659,1.74,0.62,0.25,0.0,0.0,103.5,103.5
2026-01-01,SKU00279,External Brand,Columbia,Yoga Apparel,Buyout,7.69,0.0451,3.56,1.83,1.84,0.0,0.0,15.27,15.27
2026-01-01,SKU00280,External Brand,Salomon,Running Shoes,Buyout,116.43,0.058,4.81,3.07,3.69,0.0,0.0,134.75,134.75
2026-01-01,SKU00281,External Brand,Hoka,Underwear,Buyout,59.19,0.0281,3.18,1.1,2.6,0.0,0.0,67.74,67.74
2026-01-01,SKU00282,External Brand,Adidas,Performance Apparel,Consignment,75.85,0.0514,3.99,1.85,3.84,0.0,0.0,89.42,89.42
2026-01-01,SKU00283,External Brand,Cole Haan,Lifestyle Apparel,Buyout,67.24,0.0508,0.56,3.11,1.38,0.0,0.0,75.71,75.71
2026-01-01,SKU00284,External Brand,Adidas,Underwear,Consignment,24.83,0.0587,4.8,3.07,2.99,0.0,0.0,37.15,37.15
2026-01-01,SKU00285,External Brand,Hoka,Lifestyle Apparel,Consignment,4.84,0.0256,3.9,1.72,3.03,0.0,0.0,13.61,13.61
2026-01-01,SKU00286,External Brand,Brooks Brothers,Accessories,Consignment,14.9,0.0745,1.65,0.74,0.77,0.0578,22.23,19.17,41.4
2026-01-01,SKU00287,External Brand,Under Armour,Yoga Apparel,Consignment,6.05,0.036,4.17,3.13,3.67,0.0,0.0,17.24,17.24
2026-01-01,SKU00288,External Brand,Lululemon,Outdoor Apparel,Buyout,339.0,0.0516,2.6,1.04,1.92,0.0,0.0,362.05,362.05
2026-01-01,SKU00289,Himaxx Own,Brand A,Lifestyle Apparel,Own Brand,135.23,0.0637,1.94,0.39,7.18,0.0,0.0,153.35,153.35
2026-01-01,SKU00290,Himaxx Own,Brand B,Lifestyle Apparel,Own Brand,24.81,0.0658,3.37,1.05,9.28,0.0,0.0,40.14,40.14
2026-01-01,SKU00291,External Brand,Brooks Brothers,Kids Apparel,Consignment,13.59,0.0671,4.25,2.62,3.32,0.069,89.43,24.69,114.12
2026-01-01,SKU00292,External Brand,New Balance,Kids Apparel,Buyout,103.26,0.0439,1.83,1.82,3.27,0.0,0.0,114.71,114.71
2026-01-01,SKU00293,External Brand,Under Armour,Lifestyle Apparel,Buyout,132.37,0.0794,3.53,1.43,3.55,0.0,0.0,151.39,151.39
2026-01-01,SKU00294,External Brand,Nike,Performance Apparel,Consignment,28.8,0.0506,2.61,1.29,3.79,0.0,0.0,37.94,37.94
2026-01-01,SKU00295,External Brand,Cole Haan,Underwear,Buyout,64.19,0.066,3.81,2.36,0.11,0.0,0.0,74.71,74.71
2026-01-01,SKU00296,External Brand,On Running,Performance Apparel,Buyout,228.08,0.0554,2.55,1.09,3.09,0.0,0.0,247.44,247.44
2026-01-01,SKU00297,External Brand,Puma,Performance Apparel,Buyout,296.2,0.037,3.09,0.44,1.8,0.0,0.0,312.5,312.5
2026-01-01,SKU00298,Himaxx Own,Brand A,Underwear,Own Brand,32.53,0.0587,1.66,0.73,6.98,0.0,0.0,43.8,43.8
2026-01-01,SKU00299,External Brand,Puma,Yoga Apparel,Buyout,160.79,0.0716,3.89,1.94,2.79,0.0,0.0,180.92,180.92
2026-01-01,SKU00300,Himaxx Own,Brand A,Kids Apparel,Own Brand,106.54,0.0707,4.02,1.05,11.66,0.0,0.0,130.81,130.81
2026-01-01,SKU00301,External Brand,Lululemon,Outdoor Apparel,Consignment,51.41,0.0308,2.51,0.36,0.1,0.0,0.0,55.97,55.97
2026-01-01,SKU00302,External Brand,Cole Haan,Training Shoes,Buyout,81.0,0.0586,0.63,0.36,2.14,0.0,0.0,88.88,88.88
2026-01-01,SKU00303,External Brand,Adidas,Lifestyle Apparel,Consignment,7.58,0.0293,3.82,1.65,2.04,0.0,0.0,15.32,15.32
2026-01-01,SKU00304,External Brand,Hoka,Outdoor Apparel,Buyout,128.59,0.0737,3.25,1.81,0.48,0.0,0.0,143.61,143.61
2026-01-01,SKU00305,External Brand,New Balance,Training Shoes,Buyout,160.83,0.0748,4.66,3.18,3.71,0.0,0.0,184.4,184.4
2026-01-01,SKU00306,External Brand,Salomon,Lifestyle Apparel,Buyout,179.71,0.0383,2.12,0.63,1.79,0.0,0.0,191.14,191.14
2026-01-01,SKU00307,External Brand,Adidas,Running Shoes,Consignment,45.2,0.0777,2.88,1.47,2.71,0.0,0.0,55.77,55.77
2026-01-01,SKU00308,External Brand,Champion,Lifestyle Apparel,Consignment,15.47,0.0285,3.25,1.86,2.92,0.0,0.0,23.94,23.94
2026-01-01,SKU00309,External Brand,New Balance,Bags,Buyout,148.68,0.0632,3.77,2.51,3.95,0.0,0.0,168.31,168.31
2026-01-01,SKU00310,External Brand,Skechers,Accessories,Buyout,58.78,0.0676,2.37,2.44,3.59,0.0,0.0,71.15,71.15
2026-01-01,SKU00311,External Brand,Patagonia,Training Shoes,Buyout,255.25,0.0495,3.24,2.89,0.49,0.0,0.0,274.52,274.52
2026-01-01,SKU00312,External Brand,Reebok Underwear,Lifestyle Apparel,Consignment,7.82,0.0424,3.29,0.4,0.59,0.06,9.45,12.44,21.89
2026-01-01,SKU00313,External Brand,On Running,Performance Apparel,Consignment,50.41,0.0423,1.21,3.31,0.84,0.0,0.0,57.9,57.9
2026-01-01,SKU00314,External Brand,Cole Haan,Performance Apparel,Consignment,49.67,0.0547,3.84,0.38,1.96,0.0,0.0,58.56,58.56
2026-01-01,SKU00315,External Brand,Under Armour,Training Shoes,Buyout,76.08,0.0429,4.26,0.76,1.06,0.0,0.0,85.42,85.42
2026-01-01,SKU00316,Himaxx Own,Brand A,Lifestyle Apparel,Own Brand,51.63,0.0485,2.85,1.28,4.16,0.0,0.0,62.42,62.42
2026-01-01,SKU00317,External Brand,On Running,Underwear,Consignment,8.11,0.0518,0.96,1.96,2.03,0.0,0.0,13.48,13.48
2026-01-01,SKU00318,External Brand,Asics,Training Shoes,Buyout,64.12,0.0726,4.01,0.37,3.65,0.0,0.0,76.81,76.81
2026-01-01,SKU00319,External Brand,The North Face,Yoga Apparel,Buyout,89.67,0.0223,4.33,0.75,2.09,0.0,0.0,98.83,98.83
2026-01-01,SKU00320,External Brand,Columbia,Kids Apparel,Consignment,4.13,0.0775,1.15,3.43,2.24,0.0,0.0,11.27,11.27
2026-01-01,SKU00321,External Brand,Skechers,Sportswear,Buyout,26.16,0.0286,4.94,0.96,4.0,0.0,0.0,36.8,36.8
2026-01-01,SKU00322,Himaxx Own,Brand A,Bags,Own Brand,49.79,0.0479,3.36,1.27,4.93,0.0,0.0,61.73,61.73
2026-01-01,SKU00323,External Brand,The North Face,Bags,Consignment,51.27,0.073,0.53,1.54,0.1,0.0,0.0,57.19,57.19
2026-01-01,SKU00324,External Brand,Fila,Outdoor Apparel,Buyout,45.65,0.0447,2.61,0.9,1.21,0.0,0.0,52.41,52.41
2026-01-01,SKU00325,External Brand,Under Armour,Lifestyle Apparel,Buyout,89.99,0.0619,2.94,2.33,3.09,0.0,0.0,103.91,103.91
2026-01-01,SKU00326,External Brand,New Balance,Running Shoes,Buyout,65.56,0.0594,0.79,1.35,3.43,0.0,0.0,75.02,75.02
2026-01-01,SKU00327,External Brand,Salomon,Accessories,Buyout,49.37,0.0555,3.04,2.5,2.72,0.0,0.0,60.37,60.37
2026-01-01,SKU00328,External Brand,Lululemon,Running Shoes,Consignment,42.58,0.0299,3.38,3.4,3.32,0.0,0.0,53.96,53.96
2026-01-01,SKU00329,External Brand,Columbia,Bags,Consignment,38.24,0.0737,2.0,1.16,0.99,0.0,0.0,45.21,45.21
2026-01-01,SKU00330,External Brand,Adidas,Kids Apparel,Buyout,64.92,0.0408,4.07,1.7,0.52,0.0,0.0,73.85,73.85
2026-01-01,SKU00331,External Brand,Brooks Brothers,Yoga Apparel,Buyout,35.28,0.0469,2.61,3.29,3.68,0.055,24.76,46.51,71.27
2026-01-01,SKU00332,External Brand,Under Armour,Yoga Apparel,Buyout,130.81,0.058,0.88,3.27,1.99,0.0,0.0,144.54,144.54
2026-01-01,SKU00333,Himaxx Own,Brand B,Accessories,Own Brand,17.38,0.0686,4.37,1.49,4.47,0.0,0.0,28.9,28.9
2026-01-01,SKU00334,External Brand,Champion,Outdoor Apparel,Buyout,192.6,0.04,2.27,3.45,2.71,0.0,0.0,208.74,208.74
2026-01-01,SKU00335,External Brand,Adidas,Sportswear,Consignment,8.41,0.0205,3.79,0.55,3.86,0.0,0.0,16.78,16.78
2026-01-01,SKU00336,External Brand,Cole Haan,Running Shoes,Buyout,83.6,0.0456,4.38,2.35,3.94,0.0,0.0,98.08,98.08
2026-01-01,SKU00337,Himaxx Own,Brand A,Outdoor Apparel,Own Brand,210.52,0.036,3.12,2.04,12.05,0.0,0.0,235.3,235.3
2026-01-01,SKU00338,External Brand,Brooks Brothers,Basketball Shoes,Buyout,165.77,0.0228,4.31,3.18,1.12,0.0605,67.7,178.16,245.86
2026-01-01,SKU00339,Himaxx Own,Brand A,Training Shoes,Own Brand,79.63,0.0617,0.76,1.54,7.11,0.0,0.0,93.95,93.95
2026-01-01,SKU00340,External Brand,The North Face,Running Shoes,Buyout,201.89,0.0369,4.26,1.61,3.87,0.0,0.0,219.08,219.08
2026-01-01,SKU00341,External Brand,Adidas,Basketball Shoes,Consignment,14.17,0.056,1.86,2.75,3.88,0.0,0.0,23.45,23.45
2026-01-01,SKU00342,External Brand,Champion,Accessories,Buyout,71.55,0.0267,3.67,1.78,3.37,0.0,0.0,82.29,82.29
2026-01-01,SKU00343,External Brand,Cole Haan,Outdoor Apparel,Buyout,69.86,0.0782,4.03,3.25,0.86,0.0,0.0,83.46,83.46
2026-01-01,SKU00344,External Brand,Lululemon,Underwear,Consignment,21.41,0.0427,4.37,2.92,0.36,0.0,0.0,29.97,29.97
2026-01-01,SKU00345,External Brand,New Balance,Running Shoes,Consignment,17.83,0.0374,1.13,3.25,2.94,0.0,0.0,25.82,25.82
2026-01-01,SKU00346,External Brand,Salomon,Kids Apparel,Buyout,139.4,0.0463,2.01,1.38,0.75,0.0,0.0,150.01,150.01
2026-01-01,SKU00347,External Brand,Skechers,Kids Apparel,Buyout,51.3,0.0516,3.34,3.02,3.77,0.0,0.0,64.07,64.07
2026-01-01,SKU00348,External Brand,Hoka,Outdoor Apparel,Consignment,42.96,0.0446,2.03,3.25,0.67,0.0,0.0,50.82,50.82
2026-01-01,SKU00349,External Brand,Brooks Brothers,Lifestyle Apparel,Buyout,40.57,0.0565,3.11,2.82,0.83,0.0501,20.22,49.62,69.85
2026-01-01,SKU00350,External Brand,Columbia,Accessories,Consignment,22.18,0.0383,2.34,2.84,1.05,0.0,0.0,29.26,29.26
2026-01-01,SKU00351,External Brand,Nike,Kids Apparel,Consignment,6.35,0.0349,4.35,2.33,0.7,0.0,0.0,13.96,13.96
2026-01-01,SKU00352,Himaxx Own,Brand B,Accessories,Own Brand,130.01,0.0226,2.61,0.45,14.88,0.0,0.0,150.88,150.88
2026-01-01,SKU00353,External Brand,On Running,Bags,Consignment,4.55,0.0251,1.97,0.64,2.46,0.0,0.0,9.73,9.73
2026-01-01,SKU00354,External Brand,Patagonia,Sportswear,Buyout,117.54,0.0639,2.01,3.47,1.3,0.0,0.0,131.83,131.83
2026-01-01,SKU00355,External Brand,Hoka,Yoga Apparel,Consignment,50.48,0.0421,2.21,2.69,0.03,0.0,0.0,57.53,57.53
2026-01-01,SKU00356,Himaxx Own,Brand B,Running Shoes,Own Brand,258.2,0.0215,3.25,1.52,8.86,0.0,0.0,277.4,277.4
2026-01-01,SKU00357,External Brand,The North Face,Lifestyle Apparel,Buyout,47.5,0.0442,4.19,2.47,2.22,0.0,0.0,58.48,58.48
2026-01-01,SKU00358,External Brand,Reebok Underwear,Performance Apparel,Buyout,190.2,0.0635,3.22,0.49,3.98,0.0314,48.49,209.95,258.44
2026-01-01,SKU00359,Himaxx Own,Brand B,Basketball Shoes,Own Brand,98.61,0.0742,3.41,1.86,9.49,0.0,0.0,120.69,120.69
2026-01-01,SKU00360,External Brand,Salomon,Running Shoes,Buyout,262.78,0.0624,3.31,2.42,1.72,0.0,0.0,286.63,286.63
2026-01-01,SKU00361,External Brand,The North Face,Accessories,Buyout,14.07,0.0345,4.0,1.99,1.44,0.0,0.0,21.98,21.98
2026-01-01,SKU00362,External Brand,Brooks Brothers,Outdoor Apparel,Buyout,202.77,0.0705,2.82,2.81,1.16,0.0782,140.02,223.86,363.88
2026-01-01,SKU00363,External Brand,Under Armour,Accessories,Buyout,49.29,0.0674,3.33,1.07,0.52,0.0,0.0,57.54,57.54
2026-01-01,SKU00364,Himaxx Own,Brand A,Outdoor Apparel,Own Brand,173.85,0.0223,0.92,1.73,5.63,0.0,0.0,186.01,186.01
2026-01-01,SKU00365,External Brand,On Running,Performance Apparel,Consignment,10.75,0.0699,2.75,3.17,0.39,0.0,0.0,17.81,17.81
2026-01-01,SKU00366,Himaxx Own,Brand B,Kids Apparel,Own Brand,87.38,0.071,3.21,0.97,14.4,0.0,0.0,112.16,112.16
2026-01-01,SKU00367,External Brand,Adidas,Yoga Apparel,Consignment,5.14,0.0357,3.43,2.61,2.01,0.0,0.0,13.38,13.38
2026-01-01,SKU00368,External Brand,Puma,Sportswear,Buyout,86.35,0.0285,3.36,0.48,2.58,0.0,0.0,95.23,95.23
2026-01-01,SKU00369,External Brand,Adidas,Bags,Consignment,12.06,0.0774,0.95,2.24,1.44,0.0,0.0,17.63,17.63
2026-01-01,SKU00370,External Brand,Hoka,Sportswear,Buyout,63.17,0.0732,1.9,1.04,0.09,0.0,0.0,70.82,70.82
2026-01-01,SKU00371,Himaxx Own,Brand A,Sportswear,Own Brand,188.98,0.0588,4.3,1.98,11.87,0.0,0.0,218.24,218.24
2026-01-01,SKU00372,External Brand,Under Armour,Kids Apparel,Consignment,26.72,0.0624,4.22,0.49,3.77,0.0,0.0,36.88,36.88
2026-01-01,SKU00373,External Brand,New Balance,Outdoor Apparel,Buyout,214.71,0.0798,1.09,1.61,3.0,0.0,0.0,237.56,237.56
2026-01-01,SKU00374,External Brand,Asics,Sportswear,Buyout,61.25,0.0546,1.84,0.39,1.23,0.0,0.0,68.05,68.05
2026-01-01,SKU00375,External Brand,Salomon,Lifestyle Apparel,Buyout,41.92,0.0731,3.1,1.3,0.23,0.0,0.0,49.62,49.62
2026-01-01,SKU00376,External Brand,Puma,Sportswear,Consignment,40.68,0.0237,2.25,3.07,0.03,0.0,0.0,46.99,46.99
2026-01-01,SKU00377,External Brand,Reebok Underwear,Kids Apparel,Consignment,14.74,0.0254,2.17,2.15,2.85,0.0391,14.37,22.29,36.66
2026-01-01,SKU00378,External Brand,Cole Haan,Sportswear,Buyout,38.28,0.0239,0.78,1.55,2.63,0.0,0.0,44.15,44.15
2026-01-01,SKU00379,Himaxx Own,Brand B,Kids Apparel,Own Brand,150.52,0.0476,1.98,2.51,8.99,0.0,0.0,171.16,171.16
2026-01-01,SKU00380,External Brand,Cole Haan,Performance Apparel,Buyout,124.75,0.0415,2.72,3.17,1.56,0.0,0.0,137.38,137.38
2026-01-01,SKU00381,External Brand,Columbia,Accessories,Buyout,24.76,0.0417,3.87,3.18,0.94,0.0,0.0,33.78,33.78
2026-01-01,SKU00382,External Brand,Fila,Training Shoes,Buyout,230.31,0.0642,1.35,1.23,0.6,0.0,0.0,248.28,248.28
2026-01-01,SKU00383,External Brand,Puma,Running Shoes,Buyout,83.45,0.0693,1.57,2.91,1.96,0.0,0.0,95.67,95.67
2026-01-01,SKU00384,External Brand,Fila,Running Shoes,Consignment,13.05,0.0286,4.32,2.23,2.43,0.0,0.0,22.41,22.41
2026-01-01,SKU00385,External Brand,Reebok Underwear,Outdoor Apparel,Buyout,261.1,0.0473,0.51,1.73,1.74,0.0541,105.55,277.43,382.98
2026-01-01,SKU00386,External Brand,Lululemon,Basketball Shoes,Buyout,96.32,0.0565,0.9,2.42,2.85,0.0,0.0,107.93,107.93
2026-01-01,SKU00387,External Brand,Puma,Performance Apparel,Buyout,272.86,0.0765,4.11,1.71,0.17,0.0,0.0,299.7,299.7
2026-01-01,SKU00388,Himaxx Own,Brand B,Kids Apparel,Own Brand,18.62,0.0542,4.49,1.79,3.29,0.0,0.0,29.2,29.2
2026-01-01,SKU00389,External Brand,Skechers,Lifestyle Apparel,Buyout,36.81,0.0738,3.58,1.38,0.11,0.0,0.0,44.59,44.59
2026-01-01,SKU00390,External Brand,Adidas,Yoga Apparel,Buyout,66.38,0.049,2.86,2.32,4.0,0.0,0.0,78.81,78.81
2026-01-01,SKU00391,External Brand,Adidas,Basketball Shoes,Consignment,21.31,0.0697,3.12,2.09,2.56,0.0,0.0,30.56,30.56
2026-01-01,SKU00392,External Brand,Under Armour,Training Shoes,Consignment,25.99,0.0407,1.26,1.13,3.59,0.0,0.0,33.02,33.02
2026-01-01,SKU00393,Himaxx Own,Brand B,Accessories,Own Brand,76.07,0.0782,2.19,0.77,4.32,0.0,0.0,89.3,89.3
2026-01-01,SKU00394,External Brand,Nike,Outdoor Apparel,Consignment,35.89,0.0557,2.29,3.48,3.61,0.0,0.0,47.26,47.26
2026-01-01,SKU00395,Himaxx Own,Brand B,Kids Apparel,Own Brand,111.44,0.0607,2.66,0.51,11.29,0.0,0.0,132.65,132.65
2026-01-01,SKU00396,External Brand,Adidas,Training Shoes,Buyout,225.47,0.0608,4.1,2.01,3.55,0.0,0.0,248.84,248.84
2026-01-01,SKU00397,External Brand,Asics,Underwear,Consignment,11.85,0.0285,2.35,2.55,0.51,0.0,0.0,17.59,17.59
2026-01-01,SKU00398,External Brand,Lululemon,Sportswear,Buyout,162.0,0.054,3.93,3.21,1.65,0.0,0.0,179.54,179.54
2026-01-01,SKU00399,External Brand,Asics,Performance Apparel,Consignment,32.69,0.0521,4.59,2.9,0.78,0.0,0.0,42.66,42.66
2026-01-01,SKU00400,External Brand,Hoka,Sportswear,Buyout,24.18,0.0779,1.38,1.3,2.1,0.0,0.0,30.85,30.85
2026-01-01,SKU00401,External Brand,Reebok Underwear,Yoga Apparel,Buyout,92.98,0.0315,3.18,0.56,1.37,0.0597,35.02,101.02,136.04
2026-01-01,SKU00402,External Brand,Puma,Performance Apparel,Buyout,161.19,0.0403,4.95,0.48,0.82,0.0,0.0,173.93,173.93
2026-01-01,SKU00403,External Brand,Nike,Outdoor Apparel,Consignment,14.58,0.0268,2.46,2.88,3.4,0.0,0.0,23.71,23.71
2026-01-01,SKU00404,External Brand,Lululemon,Accessories,Consignment,11.06,0.0467,4.52,3.45,1.63,0.0,0.0,21.18,21.18
2026-01-01,SKU00405,External Brand,Under Armour,Performance Apparel,Consignment,43.62,0.0271,4.11,0.88,2.39,0.0,0.0,52.19,52.19
2026-01-01,SKU00406,External Brand,Cole Haan,Running Shoes,Buyout,120.94,0.045,4.49,1.67,2.29,0.0,0.0,134.84,134.84
2026-01-01,SKU00407,Himaxx Own,Brand B,Performance Apparel,Own Brand,101.03,0.0733,1.13,3.21,7.72,0.0,0.0,120.49,120.49
2026-01-01,SKU00408,Himaxx Own,Brand A,Performance Apparel,Own Brand,286.03,0.0416,2.35,3.35,9.68,0.0,0.0,313.3,313.3
2026-01-01,SKU00409,External Brand,Puma,Yoga Apparel,Consignment,22.97,0.0557,3.82,2.09,3.31,0.0,0.0,33.48,33.48
2026-01-01,SKU00410,Himaxx Own,Brand B,Sportswear,Own Brand,183.95,0.0596,4.73,0.77,13.26,0.0,0.0,213.68,213.68
2026-01-01,SKU00411,External Brand,New Balance,Running Shoes,Buyout,274.18,0.0388,4.28,2.21,1.07,0.0,0.0,292.37,292.37
2026-01-01,SKU00412,External Brand,Cole Haan,Training Shoes,Buyout,57.87,0.0682,1.18,3.4,0.25,0.0,0.0,66.65,66.65
2026-01-01,SKU00413,External Brand,The North Face,Training Shoes,Buyout,167.45,0.0507,2.23,3.08,1.32,0.0,0.0,182.58,182.58
2026-01-01,SKU00414,External Brand,Cole Haan,Training Shoes,Buyout,135.2,0.0715,1.91,0.75,0.94,0.0,0.0,148.45,148.45
2026-01-01,SKU00415,External Brand,Brooks Brothers,Kids Apparel,Buyout,88.54,0.0741,3.38,3.21,2.67,0.074,74.94,104.36,179.29
2026-01-01,SKU00416,External Brand,Fila,Outdoor Apparel,Consignment,33.75,0.0223,2.72,3.17,1.17,0.0,0.0,41.56,41.56
2026-01-01,SKU00417,External Brand,Asics,Kids Apparel,Consignment,34.7,0.0381,2.84,1.69,0.54,0.0,0.0,41.1,41.1
2026-01-01,SKU00418,External Brand,The North Face,Training Shoes,Consignment,28.34,0.0338,4.59,2.45,1.46,0.0,0.0,37.8,37.8
2026-01-01,SKU00419,External Brand,Lululemon,Yoga Apparel,Consignment,29.85,0.0528,4.48,2.07,2.44,0.0,0.0,40.42,40.42
2026-01-01,SKU00420,External Brand,Salomon,Underwear,Buyout,24.53,0.0577,4.36,2.25,0.53,0.0,0.0,33.09,33.09
2026-01-01,SKU00421,External Brand,Cole Haan,Bags,Buyout,16.56,0.0512,2.22,1.1,1.22,0.0,0.0,21.95,21.95
2026-01-01,SKU00422,External Brand,Nike,Bags,Consignment,17.13,0.0213,2.83,2.32,1.51,0.0,0.0,24.15,24.15
2026-01-01,SKU00423,External Brand,Salomon,Underwear,Buyout,89.8,0.0784,2.45,0.89,1.91,0.0,0.0,102.08,102.08
2026-01-01,SKU00424,External Brand,Asics,Underwear,Buyout,74.49,0.0465,1.44,2.85,1.1,0.0,0.0,83.34,83.34
2026-01-01,SKU00425,External Brand,New Balance,Lifestyle Apparel,Buyout,45.96,0.0296,4.89,0.79,0.52,0.0,0.0,53.52,53.52
2026-01-01,SKU00426,External Brand,Cole Haan,Lifestyle Apparel,Buyout,16.28,0.0629,2.64,2.79,1.97,0.0,0.0,24.71,24.71
2026-01-01,SKU00427,External Brand,Salomon,Kids Apparel,Buyout,74.16,0.0796,2.29,1.96,3.03,0.0,0.0,87.35,87.35
2026-01-01,SKU00428,External Brand,Asics,Sportswear,Consignment,18.23,0.0564,4.64,0.72,0.25,0.0,0.0,24.86,24.86
2026-01-01,SKU00429,External Brand,Patagonia,Training Shoes,Consignment,20.62,0.0608,2.15,1.0,0.56,0.0,0.0,25.59,25.59
2026-01-01,SKU00430,Himaxx Own,Brand A,Performance Apparel,Own Brand,208.12,0.0465,3.41,3.35,13.09,0.0,0.0,237.65,237.65
2026-01-01,SKU00431,External Brand,Nike,Training Shoes,Buyout,250.14,0.0645,0.83,2.86,3.19,0.0,0.0,273.15,273.15
2026-01-01,SKU00432,External Brand,Puma,Yoga Apparel,Consignment,56.66,0.0346,2.47,2.53,1.97,0.0,0.0,65.59,65.59
2026-01-01,SKU00433,External Brand,Puma,Yoga Apparel,Buyout,49.27,0.0766,3.69,0.55,1.48,0.0,0.0,58.77,58.77
2026-01-01,SKU00434,External Brand,Nike,Kids Apparel,Buyout,89.17,0.0492,3.57,0.89,3.16,0.0,0.0,101.18,101.18
2026-01-01,SKU00435,External Brand,New Balance,Outdoor Apparel,Buyout,91.24,0.0455,3.13,1.1,2.69,0.0,0.0,102.32,102.32
2026-01-01,SKU00436,Himaxx Own,Brand A,Outdoor Apparel,Own Brand,87.44,0.0584,2.7,2.24,14.8,0.0,0.0,112.28,112.28
2026-01-01,SKU00437,External Brand,Salomon,Accessories,Buyout,51.04,0.0298,3.92,1.73,2.01,0.0,0.0,60.22,60.22
2026-01-01,SKU00438,External Brand,Fila,Running Shoes,Buyout,77.44,0.0512,4.95,0.85,1.68,0.0,0.0,88.88,88.88
2026-01-01,SKU00439,External Brand,On Running,Bags,Buyout,241.73,0.0526,0.57,2.15,1.69,0.0,0.0,258.84,258.84
2026-01-01,SKU00440,External Brand,New Balance,Basketball Shoes,Buyout,129.57,0.0277,3.88,3.02,1.14,0.0,0.0,141.19,141.19
2026-01-01,SKU00441,External Brand,Nike,Basketball Shoes,Consignment,5.96,0.0252,2.71,3.41,3.51,0.0,0.0,15.74,15.74
2026-01-01,SKU00442,External Brand,Under Armour,Lifestyle Apparel,Buyout,31.4,0.0746,1.11,2.8,3.08,0.0,0.0,40.73,40.73
2026-01-01,SKU00443,External Brand,Reebok Underwear,Kids Apparel,Consignment,14.75,0.059,2.08,1.88,2.43,0.0718,39.36,22.01,61.37
2026-01-01,SKU00444,External Brand,Skechers,Basketball Shoes,Consignment,35.43,0.0264,4.83,1.04,1.56,0.0,0.0,43.79,43.79
2026-01-01,SKU00445,Himaxx Own,Brand B,Underwear,Own Brand,47.71,0.0721,2.92,2.69,7.41,0.0,0.0,64.16,64.16
2026-01-01,SKU00446,External Brand,Reebok Underwear,Training Shoes,Consignment,18.43,0.0474,4.27,1.14,2.85,0.0399,47.65,27.56,75.21
2026-01-01,SKU00447,Himaxx Own,Brand B,Running Shoes,Own Brand,128.05,0.0674,2.76,0.91,14.71,0.0,0.0,155.06,155.06
2026-01-01,SKU00448,External Brand,Nike,Yoga Apparel,Consignment,13.45,0.0635,4.0,2.95,2.14,0.0,0.0,23.4,23.4
2026-01-01,SKU00449,External Brand,Puma,Underwear,Buyout,48.88,0.0673,2.5,1.06,3.28,0.0,0.0,59.01,59.01
2026-01-01,SKU00450,External Brand,Adidas,Accessories,Buyout,86.68,0.0236,0.78,1.28,2.39,0.0,0.0,93.16,93.16
2026-01-01,SKU00451,Himaxx Own,Brand B,Sportswear,Own Brand,71.25,0.027,2.09,1.36,5.24,0.0,0.0,81.86,81.86
2026-01-01,SKU00452,External Brand,Patagonia,Bags,Consignment,14.99,0.0791,2.5,2.94,3.53,0.0,0.0,25.15,25.15
2026-01-01,SKU00453,External Brand,Under Armour,Accessories,Buyout,12.15,0.033,3.43,2.46,0.27,0.0,0.0,18.71,18.71
2026-01-01,SKU00454,External Brand,Adidas,Performance Apparel,Consignment,30.59,0.0792,2.71,0.32,2.93,0.0,0.0,38.97,38.97
2026-01-01,SKU00455,External Brand,Cole Haan,Performance Apparel,Buyout,211.7,0.0778,1.74,3.37,2.71,0.0,0.0,235.99,235.99
2026-01-01,SKU00456,External Brand,Fila,Running Shoes,Buyout,95.53,0.0659,0.97,1.75,2.56,0.0,0.0,107.11,107.11
2026-01-01,SKU00457,External Brand,New Balance,Basketball Shoes,Consignment,9.41,0.0215,3.01,2.75,1.14,0.0,0.0,16.51,16.51
2026-01-01,SKU00458,External Brand,The North Face,Lifestyle Apparel,Buyout,59.82,0.0405,4.5,1.72,1.57,0.0,0.0,70.03,70.03
2026-01-01,SKU00459,External Brand,Salomon,Performance Apparel,Consignment,52.71,0.0308,2.82,1.52,1.86,0.0,0.0,60.54,60.54
2026-01-01,SKU00460,External Brand,Patagonia,Lifestyle Apparel,Buyout,81.49,0.0417,1.28,2.68,0.56,0.0,0.0,89.41,89.41
2026-01-01,SKU00461,Himaxx Own,Brand A,Outdoor Apparel,Own Brand,301.18,0.0641,4.09,2.59,7.62,0.0,0.0,334.8,334.8
2026-01-01,SKU00462,Himaxx Own,Brand A,Sportswear,Own Brand,207.37,0.0449,3.7,1.11,11.24,0.0,0.0,232.73,232.73
2026-01-01,SKU00463,External Brand,Skechers,Basketball Shoes,Consignment,22.48,0.0749,4.68,0.52,0.01,0.0,0.0,29.38,29.38
2026-01-01,SKU00464,External Brand,Reebok Underwear,Accessories,Buyout,39.96,0.0676,2.6,0.7,0.93,0.0496,24.24,46.88,71.12
2026-01-01,SKU00465,External Brand,Under Armour,Training Shoes,Consignment,30.99,0.0295,2.76,1.1,0.69,0.0,0.0,36.46,36.46
2026-01-01,SKU00466,External Brand,Champion,Accessories,Buyout,77.14,0.0591,2.74,0.51,1.74,0.0,0.0,86.69,86.69
2026-01-01,SKU00467,External Brand,Cole Haan,Kids Apparel,Buyout,28.4,0.0704,1.93,3.1,2.43,0.0,0.0,37.86,37.86
2026-01-01,SKU00468,External Brand,Brooks Brothers,Performance Apparel,Buyout,264.24,0.0508,1.31,0.68,3.62,0.0732,127.9,283.27,411.16
2026-01-01,SKU00469,External Brand,New Balance,Lifestyle Apparel,Consignment,39.17,0.0378,2.71,0.54,0.93,0.0,0.0,44.83,44.83
2026-01-01,SKU00470,External Brand,Fila,Bags,Buyout,251.01,0.0749,1.61,2.75,2.68,0.0,0.0,276.85,276.85
2026-01-01,SKU00471,External Brand,Brooks Brothers,Outdoor Apparel,Buyout,247.74,0.0284,1.16,0.38,0.71,0.0322,64.14,257.04,321.18
2026-01-01,SKU00472,Himaxx Own,Brand A,Performance Apparel,Own Brand,40.18,0.0215,1.56,2.26,8.95,0.0,0.0,53.81,53.81
2026-01-01,SKU00473,External Brand,Puma,Running Shoes,Consignment,27.6,0.0527,3.25,0.38,0.79,0.0,0.0,33.47,33.47
2026-01-01,SKU00474,External Brand,Nike,Running Shoes,Consignment,28.84,0.0337,4.31,0.92,1.84,0.0,0.0,36.87,36.87
2026-01-01,SKU00475,Himaxx Own,Brand A,Basketball Shoes,Own Brand,209.55,0.0439,4.36,1.91,8.31,0.0,0.0,233.32,233.32
2026-01-01,SKU00476,External Brand,New Balance,Training Shoes,Buyout,100.39,0.0661,3.81,3.16,3.61,0.0,0.0,117.61,117.61
2026-01-01,SKU00477,Himaxx Own,Brand B,Accessories,Own Brand,82.22,0.0774,3.38,1.6,14.96,0.0,0.0,108.53,108.53
2026-01-01,SKU00478,External Brand,Columbia,Basketball Shoes,Buyout,188.75,0.0557,4.34,2.13,0.89,0.0,0.0,206.63,206.63
2026-01-01,SKU00479,External Brand,Nike,Running Shoes,Buyout,159.27,0.0396,3.61,0.7,0.81,0.0,0.0,170.7,170.7
2026-01-01,SKU00480,External Brand,Adidas,Running Shoes,Consignment,8.98,0.0423,4.15,1.95,3.62,0.0,0.0,19.09,19.09
2026-01-01,SKU00481,External Brand,New Balance,Yoga Apparel,Buyout,155.34,0.0494,1.72,2.64,1.53,0.0,0.0,168.89,168.89
2026-01-01,SKU00482,External Brand,Columbia,Accessories,Consignment,8.74,0.0767,4.65,2.22,0.22,0.0,0.0,16.5,16.5
2026-01-01,SKU00483,External Brand,Adidas,Performance Apparel,Buyout,173.33,0.0799,4.45,2.15,1.16,0.0,0.0,194.94,194.94
2026-01-01,SKU00484,Himaxx Own,Brand A,Basketball Shoes,Own Brand,226.84,0.0654,4.98,2.29,11.13,0.0,0.0,260.09,260.09
2026-01-01,SKU00485,External Brand,Columbia,Yoga Apparel,Consignment,5.82,0.0724,4.48,3.0,1.41,0.0,0.0,15.14,15.14
2026-01-01,SKU00486,External Brand,Lululemon,Yoga Apparel,Buyout,48.98,0.0624,1.49,0.51,1.27,0.0,0.0,55.3,55.3
2026-01-01,SKU00487,External Brand,New Balance,Outdoor Apparel,Consignment,60.1,0.0452,3.02,2.81,1.77,0.0,0.0,70.42,70.42
2026-01-01,SKU00488,External Brand,Adidas,Yoga Apparel,Consignment,19.81,0.0577,3.14,1.42,2.2,0.0,0.0,27.71,27.71
2026-01-01,SKU00489,External Brand,Puma,Accessories,Buyout,78.22,0.0451,3.45,2.27,3.2,0.0,0.0,90.67,90.67
2026-01-01,SKU00490,External Brand,Columbia,Running Shoes,Buyout,97.33,0.0442,2.15,1.7,3.33,0.0,0.0,108.82,108.82
2026-01-01,SKU00491,External Brand,Adidas,Accessories,Consignment,10.64,0.0703,0.72,2.84,3.8,0.0,0.0,18.75,18.75
2026-01-01,SKU00492,External Brand,Lululemon,Kids Apparel,Buyout,23.45,0.0277,3.39,2.83,1.63,0.0,0.0,31.96,31.96
2026-01-01,SKU00493,External Brand,New Balance,Performance Apparel,Buyout,236.72,0.0571,2.24,2.19,3.39,0.0,0.0,258.07,258.07
2026-01-01,SKU00494,External Brand,Hoka,Lifestyle Apparel,Buyout,87.61,0.0504,3.22,1.97,3.7,0.0,0.0,100.91,100.91
2026-01-01,SKU00495,External Brand,Nike,Underwear,Consignment,14.96,0.0435,0.74,2.36,3.75,0.0,0.0,22.46,22.46
2026-01-01,SKU00496,External Brand,Cole Haan,Performance Apparel,Buyout,67.52,0.026,4.84,1.46,3.44,0.0,0.0,79.02,79.02
2026-01-01,SKU00497,External Brand,Columbia,Lifestyle Apparel,Buyout,41.97,0.022,2.13,3.23,0.96,0.0,0.0,49.22,49.22
2026-01-01,SKU00498,External Brand,Brooks Brothers,Performance Apparel,Buyout,49.69,0.0339,3.31,2.12,3.03,0.073,26.72,59.84,86.56
2026-01-01,SKU00499,External Brand,New Balance,Kids Apparel,Buyout,45.8,0.0225,3.17,0.85,2.64,0.0,0.0,53.49,53.49
2026-01-01,SKU00500,External Brand,Hoka,Kids Apparel,Consignment,29.73,0.0463,4.04,2.04,0.92,0.0,0.0,38.11,38.11
2026-02-01,SKU00001,External Brand,Reebok Underwear,Basketball Shoes,Buyout,29.42,0.0493,4.24,1.05,1.76,0.0482,27.91,37.91,65.82
2026-02-01,SKU00002,External Brand,Hoka,Bags,Consignment,23.01,0.0562,4.28,2.54,2.23,0.0,0.0,33.35,33.35
2026-02-01,SKU00003,External Brand,Fila,Bags,Buyout,133.95,0.0353,1.16,2.0,3.12,0.0,0.0,144.96,144.96
2026-02-01,SKU00004,External Brand,Puma,Accessories,Consignment,24.72,0.0696,0.62,3.22,2.98,0.0,0.0,33.27,33.27
2026-02-01,SKU00005,External Brand,Nike,Performance Apparel,Buyout,249.21,0.0555,3.75,1.79,0.39,0.0,0.0,268.97,268.97
2026-02-01,SKU00006,External Brand,Asics,Sportswear,Consignment,2.89,0.031,0.54,1.01,3.71,0.0,0.0,8.24,8.24
2026-02-01,SKU00007,External Brand,On Running,Outdoor Apparel,Buyout,92.42,0.0695,3.07,1.66,2.16,0.0,0.0,105.73,105.73
2026-02-01,SKU00008,External Brand,Brooks Brothers,Yoga Apparel,Consignment,14.98,0.0498,2.84,1.71,0.97,0.0561,18.95,21.25,40.19
2026-02-01,SKU00009,External Brand,Reebok Underwear,Accessories,Consignment,20.35,0.0459,2.05,1.16,0.28,0.0463,20.41,24.77,45.19
2026-02-01,SKU00010,External Brand,Fila,Kids Apparel,Consignment,20.29,0.0652,0.6,3.34,0.21,0.0,0.0,25.76,25.76
2026-02-01,SKU00011,External Brand,Champion,Kids Apparel,Buyout,163.2,0.0282,4.66,3.04,0.9,0.0,0.0,176.41,176.41
2026-02-01,SKU00012,External Brand,Under Armour,Yoga Apparel,Buyout,55.43,0.0598,2.96,0.94,2.43,0.0,0.0,65.08,65.08
2026-02-01,SKU00013,External Brand,Reebok Underwear,Outdoor Apparel,Consignment,109.14,0.0263,4.2,1.48,0.12,0.0637,144.57,117.82,262.39
2026-02-01,SKU00014,External Brand,On Running,Underwear,Consignment,6.51,0.0305,4.81,1.34,2.19,0.0,0.0,15.05,15.05
2026-02-01,SKU00015,Himaxx Own,Brand B,Sportswear,Own Brand,155.12,0.0271,1.96,1.91,11.08,0.0,0.0,174.27,174.27
2026-02-01,SKU00016,External Brand,Cole Haan,Underwear,Buyout,30.07,0.0686,3.13,2.74,1.22,0.0,0.0,39.22,39.22
2026-02-01,SKU00017,External Brand,Lululemon,Sportswear,Consignment,13.62,0.0294,1.53,1.12,2.29,0.0,0.0,18.96,18.96
2026-02-01,SKU00018,External Brand,Adidas,Training Shoes,Consignment,30.95,0.0461,3.86,1.48,1.13,0.0,0.0,38.85,38.85
2026-02-01,SKU00019,Himaxx Own,Brand A,Bags,Own Brand,52.57,0.0418,3.2,2.89,3.6,0.0,0.0,64.46,64.46
2026-02-01,SKU00020,External Brand,Salomon,Kids Apparel,Consignment,12.97,0.0454,0.51,1.78,3.68,0.0,0.0,19.53,19.53
2026-02-01,SKU00021,External Brand,The North Face,Outdoor Apparel,Buyout,100.62,0.0523,4.14,2.41,3.27,0.0,0.0,115.7,115.7
2026-02-01,SKU00022,External Brand,Reebok Underwear,Outdoor Apparel,Buyout,282.92,0.0609,3.3,1.38,2.41,0.0562,90.94,307.25,398.19
2026-02-01,SKU00023,Himaxx Own,Brand A,Outdoor Apparel,Own Brand,237.34,0.0779,4.84,1.79,8.29,0.0,0.0,270.74,270.74
2026-02-01,SKU00024,External Brand,Nike,Lifestyle Apparel,Consignment,20.65,0.0795,4.86,1.15,2.68,0.0,0.0,30.99,30.99
2026-02-01,SKU00025,External Brand,Under Armour,Performance Apparel,Consignment,44.55,0.073,2.52,1.47,1.64,0.0,0.0,53.43,53.43
2026-02-01,SKU00026,Himaxx Own,Brand A,Performance Apparel,Own Brand,240.32,0.0333,4.38,1.55,5.18,0.0,0.0,259.43,259.43
2026-02-01,SKU00027,Himaxx Own,Brand A,Performance Apparel,Own Brand,376.08,0.0244,1.25,0.76,12.47,0.0,0.0,399.76,399.76
2026-02-01,SKU00028,External Brand,Asics,Outdoor Apparel,Buyout,180.83,0.0777,1.81,0.58,2.34,0.0,0.0,199.61,199.61
2026-02-01,SKU00029,External Brand,Adidas,Bags,Consignment,13.19,0.042,4.74,1.73,0.82,0.0,0.0,21.03,21.03
2026-02-01,SKU00030,External Brand,Cole Haan,Basketball Shoes,Consignment,54.62,0.0273,1.74,0.75,3.36,0.0,0.0,61.96,61.96
2026-02-01,SKU00031,Himaxx Own,Brand B,Running Shoes,Own Brand,113.54,0.0788,3.98,1.34,10.62,0.0,0.0,138.42,138.42
2026-02-01,SKU00032,External Brand,Cole Haan,Bags,Consignment,31.26,0.0297,3.96,2.76,1.81,0.0,0.0,40.73,40.73
2026-02-01,SKU00033,External Brand,Lululemon,Outdoor Apparel,Consignment,12.3,0.0436,1.49,2.64,0.42,0.0,0.0,17.38,17.38
2026-02-01,SKU00034,External Brand,Lululemon,Yoga Apparel,Consignment,11.99,0.0573,3.9,2.5,3.32,0.0,0.0,22.39,22.39
2026-02-01,SKU00035,External Brand,Reebok Underwear,Performance Apparel,Buyout,105.76,0.047,2.1,1.08,0.66,0.0632,41.16,114.57,155.73
2026-02-01,SKU00036,Himaxx Own,Brand A,Performance Apparel,Own Brand,258.65,0.0344,1.03,2.42,3.48,0.0,0.0,274.48,274.48
2026-02-01,SKU00037,External Brand,Reebok Underwear,Yoga Apparel,Buyout,88.29,0.0345,3.71,1.92,0.34,0.0599,49.87,97.31,147.18
2026-02-01,SKU00038,External Brand,Lululemon,Training Shoes,Consignment,12.84,0.0292,2.27,3.32,0.53,0.0,0.0,19.34,19.34
2026-02-01,SKU00039,Himaxx Own,Brand B,Yoga Apparel,Own Brand,47.01,0.0605,1.62,0.57,10.87,0.0,0.0,62.91,62.91
2026-02-01,SKU00040,External Brand,Adidas,Accessories,Consignment,7.66,0.0609,0.59,2.88,3.35,0.0,0.0,14.94,14.94
2026-02-01,SKU00041,External Brand,Adidas,Yoga Apparel,Consignment,48.2,0.0404,2.11,0.72,1.71,0.0,0.0,54.68,54.68
2026-02-01,SKU00042,External Brand,Cole Haan,Performance Apparel,Consignment,63.3,0.0726,4.5,0.67,0.48,0.0,0.0,73.55,73.55
2026-02-01,SKU00043,Himaxx Own,Brand A,Running Shoes,Own Brand,131.33,0.0411,4.81,0.76,6.36,0.0,0.0,148.65,148.65
2026-02-01,SKU00044,External Brand,On Running,Sportswear,Buyout,89.1,0.0455,2.57,2.28,3.95,0.0,0.0,101.95,101.95
2026-02-01,SKU00045,External Brand,On Running,Kids Apparel,Consignment,37.16,0.0231,2.36,0.88,0.6,0.0,0.0,41.86,41.86
2026-02-01,SKU00046,External Brand,Nike,Performance Apparel,Consignment,15.52,0.0417,3.46,0.98,3.12,0.0,0.0,23.73,23.73
2026-02-01,SKU00047,External Brand,On Running,Running Shoes,Consignment,44.24,0.0254,2.42,1.74,0.17,0.0,0.0,49.7,49.7
2026-02-01,SKU00048,External Brand,Adidas,Sportswear,Consignment,27.07,0.0541,2.34,2.87,1.08,0.0,0.0,34.83,34.83
2026-02-01,SKU00049,External Brand,Asics,Bags,Buyout,138.23,0.0467,3.95,2.3,2.27,0.0,0.0,153.19,153.19
2026-02-01,SKU00050,External Brand,Lululemon,Performance Apparel,Consignment,9.38,0.0582,4.73,2.55,3.72,0.0,0.0,20.93,20.93
2026-02-01,SKU00051,External Brand,Salomon,Sportswear,Buyout,30.67,0.0451,1.24,1.69,1.85,0.0,0.0,36.83,36.83
2026-02-01,SKU00052,Himaxx Own,Brand B,Kids Apparel,Own Brand,53.34,0.0257,0.74,3.35,9.45,0.0,0.0,68.24,68.24
2026-02-01,SKU00053,External Brand,Nike,Basketball Shoes,Consignment,31.34,0.0731,2.62,2.23,2.53,0.0,0.0,41.01,41.01
2026-02-01,SKU00054,External Brand,Adidas,Performance Apparel,Consignment,67.74,0.0348,2.95,2.47,3.4,0.0,0.0,78.91,78.91
2026-02-01,SKU00055,External Brand,Adidas,Underwear,Consignment,7.5,0.0746,3.86,0.71,3.71,0.0,0.0,16.35,16.35
2026-02-01,SKU00056,External Brand,New Balance,Underwear,Buyout,18.75,0.0412,3.07,2.64,2.41,0.0,0.0,27.65,27.65
2026-02-01,SKU00057,Himaxx Own,Brand A,Accessories,Own Brand,39.12,0.0478,3.1,3.22,7.41,0.0,0.0,54.72,54.72
2026-02-01,SKU00058,External Brand,Skechers,Basketball Shoes,Consignment,37.48,0.058,4.71,0.82,0.52,0.0,0.0,45.7,45.7
2026-02-01,SKU00059,External Brand,Columbia,Outdoor Apparel,Buyout,108.78,0.0755,4.07,1.8,3.27,0.0,0.0,126.14,126.14
2026-02-01,SKU00060,Himaxx Own,Brand A,Outdoor Apparel,Own Brand,74.61,0.0223,3.64,0.42,8.56,0.0,0.0,88.9,88.9
2026-02-01,SKU00061,External Brand,Brooks Brothers,Kids Apparel,Consignment,23.92,0.0256,3.05,1.01,0.49,0.0528,29.71,29.08,58.79
2026-02-01,SKU00062,External Brand,Salomon,Training Shoes,Consignment,36.34,0.0784,1.63,1.48,1.4,0.0,0.0,43.7,43.7
2026-02-01,SKU00063,External Brand,Puma,Kids Apparel,Buyout,33.42,0.067,1.39,3.11,2.94,0.0,0.0,43.09,43.09
2026-02-01,SKU00064,External Brand,Reebok Underwear,Training Shoes,Buyout,170.14,0.0697,3.58,0.68,2.69,0.0388,56.83,188.94,245.77
2026-02-01,SKU00065,External Brand,Asics,Sportswear,Buyout,50.09,0.0741,2.45,0.78,0.85,0.0,0.0,57.88,57.88
2026-02-01,SKU00066,External Brand,Hoka,Yoga Apparel,Buyout,92.96,0.0397,2.38,2.2,0.95,0.0,0.0,102.18,102.18
2026-02-01,SKU00067,External Brand,Cole Haan,Performance Apparel,Buyout,263.02,0.0707,3.24,3.05,2.51,0.0,0.0,290.41,290.41
2026-02-01,SKU00068,Himaxx Own,Brand B,Yoga Apparel,Own Brand,93.98,0.0429,3.76,2.46,4.52,0.0,0.0,108.75,108.75
2026-02-01,SKU00069,External Brand,Under Armour,Bags,Consignment,8.89,0.026,2.63,1.29,3.89,0.0,0.0,16.93,16.93
2026-02-01,SKU00070,External Brand,Columbia,Bags,Consignment,55.54,0.0377,2.11,2.44,2.98,0.0,0.0,65.17,65.17
2026-02-01,SKU00071,External Brand,Cole Haan,Kids Apparel,Buyout,67.2,0.0742,4.52,2.7,0.45,0.0,0.0,79.86,79.86
2026-02-01,SKU00072,Himaxx Own,Brand B,Training Shoes,Own Brand,119.58,0.0373,2.36,3.41,12.53,0.0,0.0,142.33,142.33
2026-02-01,SKU00073,External Brand,The North Face,Basketball Shoes,Consignment,32.59,0.0362,4.22,2.33,3.62,0.0,0.0,43.94,43.94
2026-02-01,SKU00074,External Brand,Champion,Outdoor Apparel,Buyout,159.47,0.063,3.42,2.9,1.09,0.0,0.0,176.92,176.92
2026-02-01,SKU00075,External Brand,Skechers,Training Shoes,Consignment,26.9,0.0494,0.56,1.56,0.04,0.0,0.0,30.39,30.39
2026-02-01,SKU00076,External Brand,Asics,Yoga Apparel,Buyout,99.19,0.057,3.8,2.7,2.86,0.0,0.0,114.2,114.2
2026-02-01,SKU00077,External Brand,Lululemon,Kids Apparel,Buyout,215.24,0.0683,4.11,0.85,3.42,0.0,0.0,238.33,238.33
2026-02-01,SKU00078,External Brand,Champion,Accessories,Buyout,101.76,0.0724,1.95,2.91,3.33,0.0,0.0,117.32,117.32
2026-02-01,SKU00079,External Brand,Cole Haan,Performance Apparel,Buyout,162.99,0.0311,4.17,0.66,2.03,0.0,0.0,174.92,174.92
2026-02-01,SKU00080,External Brand,Nike,Sportswear,Consignment,51.92,0.0701,1.6,1.62,2.79,0.0,0.0,61.57,61.57
2026-02-01,SKU00081,External Brand,Reebok Underwear,Training Shoes,Consignment,30.5,0.0783,3.19,3.38,2.42,0.0326,35.5,41.87,77.38
2026-02-01,SKU00082,Himaxx Own,Brand B,Basketball Shoes,Own Brand,192.17,0.0509,4.64,1.51,12.03,0.0,0.0,220.14,220.14
2026-02-01,SKU00083,External Brand,Adidas,Underwear,Consignment,25.53,0.0754,1.44,0.74,0.42,0.0,0.0,30.06,30.06
2026-02-01,SKU00084,External Brand,Cole Haan,Kids Apparel,Buyout,33.26,0.0642,4.2,2.55,3.5,0.0,0.0,45.64,45.64
2026-02-01,SKU00085,External Brand,Brooks Brothers,Accessories,Buyout,59.63,0.0461,2.14,2.45,0.35,0.0757,33.35,67.33,100.68
2026-02-01,SKU00086,External Brand,Brooks Brothers,Accessories,Buyout,35.21,0.027,4.0,3.14,2.91,0.0463,15.96,46.21,62.17
2026-02-01,SKU00087,External Brand,The North Face,Underwear,Consignment,20.43,0.0249,4.62,0.83,2.32,0.0,0.0,28.71,28.71
2026-02-01,SKU00088,External Brand,The North Face,Performance Apparel,Buyout,59.15,0.0772,3.68,3.49,2.77,0.0,0.0,73.66,73.66
2026-02-01,SKU00089,External Brand,Puma,Training Shoes,Buyout,174.95,0.0651,1.76,0.99,2.99,0.0,0.0,192.08,192.08
2026-02-01,SKU00090,External Brand,Cole Haan,Sportswear,Buyout,34.23,0.033,2.53,2.25,0.24,0.0,0.0,40.38,40.38
2026-02-01,SKU00091,Himaxx Own,Brand B,Outdoor Apparel,Own Brand,184.95,0.0716,3.36,2.26,6.4,0.0,0.0,210.22,210.22
2026-02-01,SKU00092,External Brand,Skechers,Accessories,Buyout,48.61,0.073,2.24,1.73,1.9,0.0,0.0,58.03,58.03
2026-02-01,SKU00093,External Brand,Columbia,Running Shoes,Consignment,25.35,0.0215,2.91,0.47,2.39,0.0,0.0,31.66,31.66
2026-02-01,SKU00094,External Brand,Cole Haan,Training Shoes,Buyout,55.17,0.0475,3.15,0.43,3.48,0.0,0.0,64.86,64.86
2026-02-01,SKU00095,External Brand,Puma,Lifestyle Apparel,Consignment,47.02,0.0729,1.0,3.31,1.21,0.0,0.0,55.97,55.97
2026-02-01,SKU00096,External Brand,Reebok Underwear,Sportswear,Buyout,139.14,0.0372,1.15,3.32,2.08,0.0566,49.97,150.87,200.83
2026-02-01,SKU00097,External Brand,Nike,Lifestyle Apparel,Consignment,26.36,0.0473,1.69,0.94,1.49,0.0,0.0,31.73,31.73
2026-02-01,SKU00098,External Brand,Reebok Underwear,Bags,Consignment,20.45,0.0598,2.24,2.39,2.52,0.0798,124.34,28.83,153.16
2026-02-01,SKU00099,External Brand,Adidas,Bags,Buyout,95.7,0.0651,4.59,2.72,0.23,0.0,0.0,109.47,109.47
2026-02-01,SKU00100,Himaxx Own,Brand B,Underwear,Own Brand,33.17,0.0237,2.71,2.98,10.14,0.0,0.0,49.79,49.79
2026-02-01,SKU00101,Himaxx Own,Brand B,Underwear,Own Brand,21.4,0.024,4.43,1.74,7.25,0.0,0.0,35.32,35.32
2026-02-01,SKU00102,External Brand,Lululemon,Outdoor Apparel,Consignment,32.27,0.0784,2.28,3.04,1.81,0.0,0.0,41.93,41.93
2026-02-01,SKU00103,External Brand,Puma,Basketball Shoes,Buyout,89.65,0.0363,1.41,1.5,3.89,0.0,0.0,99.7,99.7
2026-02-01,SKU00104,External Brand,The North Face,Outdoor Apparel,Consignment,35.59,0.0581,3.18,2.57,2.31,0.0,0.0,45.71,45.71
2026-02-01,SKU00105,External Brand,Nike,Performance Apparel,Buyout,124.42,0.0706,4.66,1.66,3.87,0.0,0.0,143.38,143.38
2026-02-01,SKU00106,External Brand,Skechers,Training Shoes,Buyout,78.14,0.0684,1.3,2.13,2.59,0.0,0.0,89.51,89.51
2026-02-01,SKU00107,External Brand,New Balance,Kids Apparel,Buyout,59.48,0.0283,2.07,3.13,2.95,0.0,0.0,69.31,69.31
2026-02-01,SKU00108,Himaxx Own,Brand A,Lifestyle Apparel,Own Brand,91.78,0.0304,4.22,1.89,14.64,0.0,0.0,115.32,115.32
2026-02-01,SKU00109,External Brand,Brooks Brothers,Sportswear,Buyout,68.03,0.0781,1.79,2.4,2.07,0.0355,19.09,79.6,98.7
2026-02-01,SKU00110,External Brand,Nike,Underwear,Consignment,3.69,0.0701,2.72,1.08,1.92,0.0,0.0,9.67,9.67
2026-02-01,SKU00111,External Brand,Puma,Training Shoes,Buyout,51.31,0.0692,1.8,2.11,0.71,0.0,0.0,59.47,59.47
2026-02-01,SKU00112,External Brand,Nike,Sportswear,Consignment,13.48,0.0691,3.95,2.75,1.76,0.0,0.0,22.87,22.87
2026-02-01,SKU00113,External Brand,Patagonia,Kids Apparel,Buyout,170.1,0.0663,2.16,2.65,2.24,0.0,0.0,188.43,188.43
2026-02-01,SKU00114,External Brand,Adidas,Performance Apparel,Buyout,40.5,0.0752,4.37,3.24,2.75,0.0,0.0,53.92,53.92
2026-02-01,SKU00115,External Brand,Champion,Lifestyle Apparel,Buyout,53.82,0.0703,3.17,3.33,0.38,0.0,0.0,64.48,64.48
2026-02-01,SKU00116,External Brand,Columbia,Yoga Apparel,Buyout,41.88,0.0289,4.71,2.06,3.34,0.0,0.0,53.2,53.2
2026-02-01,SKU00117,External Brand,Cole Haan,Training Shoes,Buyout,63.59,0.0711,0.64,0.89,2.44,0.0,0.0,72.08,72.08
2026-02-01,SKU00118,External Brand,Hoka,Basketball Shoes,Consignment,38.89,0.0389,3.57,2.86,2.44,0.0,0.0,49.27,49.27
2026-02-01,SKU00119,External Brand,Columbia,Yoga Apparel,Buyout,217.22,0.0577,2.97,1.86,3.93,0.0,0.0,238.51,238.51
2026-02-01,SKU00120,External Brand,Skechers,Outdoor Apparel,Buyout,192.14,0.062,2.62,0.99,3.53,0.0,0.0,211.19,211.19
2026-02-01,SKU00121,External Brand,Brooks Brothers,Yoga Apparel,Consignment,15.53,0.0361,4.38,2.2,2.19,0.0585,58.82,24.87,83.69
2026-02-01,SKU00122,External Brand,Champion,Basketball Shoes,Buyout,139.05,0.0639,2.15,0.46,3.39,0.0,0.0,153.94,153.94
2026-02-01,SKU00123,Himaxx Own,Brand A,Lifestyle Apparel,Own Brand,36.34,0.0452,0.99,2.92,9.98,0.0,0.0,51.88,51.88
2026-02-01,SKU00124,External Brand,Patagonia,Running Shoes,Consignment,48.89,0.0558,4.36,3.0,1.76,0.0,0.0,60.73,60.73
2026-02-01,SKU00125,External Brand,Columbia,Running Shoes,Buyout,117.41,0.0338,2.02,2.4,1.06,0.0,0.0,126.86,126.86
2026-02-01,SKU00126,External Brand,Hoka,Basketball Shoes,Consignment,5.28,0.0254,1.13,2.47,0.65,0.0,0.0,9.67,9.67
2026-02-01,SKU00127,External Brand,Skechers,Kids Apparel,Buyout,115.67,0.0679,4.37,1.57,2.5,0.0,0.0,131.97,131.97
2026-02-01,SKU00128,External Brand,Reebok Underwear,Kids Apparel,Consignment,4.37,0.0453,2.42,2.52,2.18,0.0518,8.65,11.68,20.33
2026-02-01,SKU00129,External Brand,Hoka,Training Shoes,Buyout,86.28,0.0651,2.46,0.45,1.47,0.0,0.0,96.28,96.28
2026-02-01,SKU00130,External Brand,Reebok Underwear,Performance Apparel,Consignment,18.75,0.0208,3.2,0.37,3.13,0.0472,20.39,25.85,46.24
2026-02-01,SKU00131,External Brand,Cole Haan,Lifestyle Apparel,Buyout,160.48,0.0343,1.21,0.75,1.93,0.0,0.0,169.87,169.87
2026-02-01,SKU00132,External Brand,Columbia,Running Shoes,Buyout,110.54,0.0618,1.15,1.63,2.79,0.0,0.0,122.95,122.95
2026-02-01,SKU00133,External Brand,Brooks Brothers,Performance Apparel,Buyout,50.85,0.0762,1.32,1.15,2.24,0.0713,42.8,59.44,102.24
2026-02-01,SKU00134,External Brand,Reebok Underwear,Lifestyle Apparel,Buyout,60.41,0.0422,2.9,0.52,3.86,0.0419,34.61,70.24,104.85
2026-02-01,SKU00135,Himaxx Own,Brand A,Sportswear,Own Brand,56.76,0.0625,1.29,2.48,4.61,0.0,0.0,68.69,68.69
2026-02-01,SKU00136,External Brand,Patagonia,Sportswear,Buyout,129.22,0.0344,3.03,1.19,3.5,0.0,0.0,141.39,141.39
2026-02-01,SKU00137,External Brand,Nike,Running Shoes,Buyout,210.07,0.072,1.65,0.42,2.84,0.0,0.0,230.12,230.12
2026-02-01,SKU00138,External Brand,Columbia,Bags,Consignment,13.37,0.0697,2.05,1.99,2.81,0.0,0.0,21.16,21.16
2026-02-01,SKU00139,External Brand,Reebok Underwear,Basketball Shoes,Consignment,41.48,0.0654,2.2,0.97,3.17,0.0379,45.95,50.53,96.48
2026-02-01,SKU00140,External Brand,Under Armour,Running Shoes,Consignment,27.56,0.0713,2.79,3.4,0.65,0.0,0.0,36.36,36.36
2026-02-01,SKU00141,External Brand,Under Armour,Training Shoes,Consignment,15.02,0.0385,3.76,1.32,2.04,0.0,0.0,22.72,22.72
2026-02-01,SKU00142,Himaxx Own,Brand B,Basketball Shoes,Own Brand,95.86,0.0397,0.65,3.47,13.34,0.0,0.0,117.12,117.12
2026-02-01,SKU00143,External Brand,Brooks Brothers,Kids Apparel,Consignment,21.58,0.0266,3.71,2.8,3.96,0.0633,28.71,32.63,61.34
2026-02-01,SKU00144,External Brand,New Balance,Outdoor Apparel,Buyout,76.38,0.0677,1.43,2.79,3.56,0.0,0.0,89.32,89.32
2026-02-01,SKU00145,Himaxx Own,Brand A,Running Shoes,Own Brand,257.58,0.0486,0.6,1.13,4.2,0.0,0.0,276.02,276.02
2026-02-01,SKU00146,External Brand,Fila,Outdoor Apparel,Buyout,149.69,0.0341,3.61,0.82,0.35,0.0,0.0,159.57,159.57
2026-02-01,SKU00147,External Brand,Asics,Underwear,Buyout,36.72,0.0439,1.62,2.13,0.27,0.0,0.0,42.36,42.36
2026-02-01,SKU00148,External Brand,Brooks Brothers,Training Shoes,Buyout,99.62,0.0228,1.1,3.04,2.04,0.0682,80.75,108.08,188.83
2026-02-01,SKU00149,External Brand,Cole Haan,Sportswear,Buyout,57.6,0.0239,4.56,1.62,0.41,0.0,0.0,65.57,65.57
2026-02-01,SKU00150,External Brand,Columbia,Lifestyle Apparel,Buyout,102.96,0.0723,2.32,3.12,3.38,0.0,0.0,119.23,119.23
2026-02-01,SKU00151,External Brand,Champion,Performance Apparel,Consignment,31.7,0.0664,4.54,0.86,0.28,0.0,0.0,39.49,39.49
2026-02-01,SKU00152,Himaxx Own,Brand A,Performance Apparel,Own Brand,170.27,0.0325,3.96,1.24,11.23,0.0,0.0,192.24,192.24
2026-02-01,SKU00153,Himaxx Own,Brand B,Sportswear,Own Brand,183.74,0.0593,2.58,1.7,11.18,0.0,0.0,210.09,210.09
2026-02-01,SKU00154,Himaxx Own,Brand A,Underwear,Own Brand,64.1,0.0276,1.18,0.34,3.93,0.0,0.0,71.32,71.32
2026-02-01,SKU00155,Himaxx Own,Brand A,Outdoor Apparel,Own Brand,403.89,0.0755,4.28,1.92,11.39,0.0,0.0,451.96,451.96
2026-02-01,SKU00156,External Brand,The North Face,Lifestyle Apparel,Buyout,81.1,0.031,4.76,1.95,3.35,0.0,0.0,93.67,93.67
2026-02-01,SKU00157,Himaxx Own,Brand A,Accessories,Own Brand,77.11,0.0405,1.78,3.47,9.57,0.0,0.0,95.05,95.05
2026-02-01,SKU00158,External Brand,Cole Haan,Bags,Buyout,84.22,0.066,3.85,2.76,3.74,0.0,0.0,100.13,100.13
2026-02-01,SKU00159,External Brand,Lululemon,Training Shoes,Consignment,69.18,0.0548,3.31,0.94,2.81,0.0,0.0,80.02,80.02
2026-02-01,SKU00160,External Brand,Champion,Bags,Consignment,16.41,0.0716,0.89,1.24,3.86,0.0,0.0,23.58,23.58
2026-02-01,SKU00161,External Brand,New Balance,Outdoor Apparel,Consignment,9.86,0.0291,4.02,2.36,2.72,0.0,0.0,19.25,19.25
2026-02-01,SKU00162,External Brand,Champion,Underwear,Buyout,31.56,0.0698,2.21,1.84,3.75,0.0,0.0,41.57,41.57
2026-02-01,SKU00163,External Brand,Adidas,Outdoor Apparel,Consignment,75.54,0.0547,1.21,3.02,2.02,0.0,0.0,85.92,85.92
2026-02-01,SKU00164,External Brand,Adidas,Underwear,Buyout,91.52,0.0251,0.87,3.09,0.38,0.0,0.0,98.16,98.16
2026-02-01,SKU00165,Himaxx Own,Brand B,Underwear,Own Brand,110.38,0.0627,4.15,1.28,3.85,0.0,0.0,126.58,126.58
2026-02-01,SKU00166,External Brand,Brooks Brothers,Underwear,Buyout,16.27,0.0351,4.76,2.49,2.45,0.0399,7.18,26.54,33.72
2026-02-01,SKU00167,Himaxx Own,Brand B,Yoga Apparel,Own Brand,208.97,0.0268,1.42,3.15,4.66,0.0,0.0,223.79,223.79
2026-02-01,SKU00168,External Brand,Cole Haan,Sportswear,Buyout,12.19,0.0363,1.96,1.27,1.25,0.0,0.0,17.11,17.11
2026-02-01,SKU00169,Himaxx Own,Brand A,Basketball Shoes,Own Brand,75.32,0.0754,3.18,2.55,5.84,0.0,0.0,92.58,92.58
2026-02-01,SKU00170,External Brand,Nike,Lifestyle Apparel,Buyout,101.36,0.0704,1.27,1.1,1.15,0.0,0.0,112.02,112.02
2026-02-01,SKU00171,External Brand,Brooks Brothers,Sportswear,Consignment,5.27,0.0703,3.94,2.07,2.31,0.0558,24.87,13.95,38.83
2026-02-01,SKU00172,External Brand,Nike,Running Shoes,Consignment,38.06,0.0434,3.68,1.6,1.54,0.0,0.0,46.53,46.53
2026-02-01,SKU00173,External Brand,Champion,Bags,Buyout,31.87,0.0696,4.59,2.08,0.89,0.0,0.0,41.64,41.64
2026-02-01,SKU00174,External Brand,Nike,Yoga Apparel,Consignment,9.97,0.0541,4.16,1.44,1.57,0.0,0.0,17.68,17.68
2026-02-01,SKU00175,External Brand,Under Armour,Sportswear,Consignment,4.06,0.0711,4.38,3.12,1.79,0.0,0.0,13.64,13.64
2026-02-01,SKU00176,External Brand,Salomon,Underwear,Buyout,118.2,0.0798,2.83,0.8,3.77,0.0,0.0,135.03,135.03
2026-02-01,SKU00177,External Brand,Brooks Brothers,Lifestyle Apparel,Buyout,87.57,0.0552,2.64,3.03,2.79,0.0641,58.76,100.86,159.63
2026-02-01,SKU00178,External Brand,Puma,Training Shoes,Buyout,161.82,0.0595,4.61,0.34,1.1,0.0,0.0,177.49,177.49
2026-02-01,SKU00179,External Brand,Brooks Brothers,Kids Apparel,Buyout,18.62,0.0435,2.22,2.78,1.58,0.0633,14.54,26.01,40.54
2026-02-01,SKU00180,External Brand,Skechers,Underwear,Consignment,25.63,0.0697,0.59,1.66,2.55,0.0,0.0,32.21,32.21
2026-02-01,SKU00181,Himaxx Own,Brand A,Training Shoes,Own Brand,283.92,0.0699,1.89,1.07,7.28,0.0,0.0,314.0,314.0
2026-02-01,SKU00182,External Brand,The North Face,Basketball Shoes,Buyout,260.54,0.073,3.54,1.04,3.83,0.0,0.0,287.98,287.98
2026-02-01,SKU00183,External Brand,Adidas,Bags,Consignment,17.15,0.0336,3.42,1.55,2.04,0.0,0.0,24.75,24.75
2026-02-01,SKU00184,External Brand,The North Face,Kids Apparel,Buyout,207.68,0.0308,2.44,3.33,2.19,0.0,0.0,222.04,222.04
2026-02-01,SKU00185,External Brand,Adidas,Outdoor Apparel,Buyout,104.93,0.0237,4.98,2.03,1.03,0.0,0.0,115.46,115.46
2026-02-01,SKU00186,External Brand,New Balance,Sportswear,Consignment,15.43,0.0589,2.28,1.35,2.56,0.0,0.0,22.52,22.52
2026-02-01,SKU00187,External Brand,New Balance,Sportswear,Consignment,9.74,0.0362,4.75,1.24,1.85,0.0,0.0,17.92,17.92
2026-02-01,SKU00188,Himaxx Own,Brand B,Basketball Shoes,Own Brand,160.26,0.063,4.28,2.31,5.19,0.0,0.0,182.13,182.13
2026-02-01,SKU00189,External Brand,Salomon,Basketball Shoes,Buyout,93.13,0.0705,2.03,3.01,0.94,0.0,0.0,105.68,105.68
2026-02-01,SKU00190,External Brand,Reebok Underwear,Running Shoes,Buyout,251.73,0.0458,4.94,0.52,2.5,0.0397,65.54,271.22,336.76
2026-02-01,SKU00191,External Brand,Under Armour,Basketball Shoes,Consignment,32.03,0.056,2.36,1.51,3.18,0.0,0.0,40.87,40.87
2026-02-01,SKU00192,Himaxx Own,Brand B,Training Shoes,Own Brand,67.65,0.0418,1.37,0.72,9.14,0.0,0.0,81.7,81.7
2026-02-01,SKU00193,External Brand,Salomon,Running Shoes,Buyout,215.36,0.0351,2.79,2.77,0.52,0.0,0.0,229.01,229.01
2026-02-01,SKU00194,External Brand,Puma,Kids Apparel,Buyout,50.76,0.0374,1.02,0.57,0.43,0.0,0.0,54.68,54.68
2026-02-01,SKU00195,External Brand,Brooks Brothers,Bags,Buyout,123.12,0.0255,2.98,0.67,1.94,0.0344,50.22,131.85,182.07
2026-02-01,SKU00196,External Brand,Asics,Accessories,Consignment,4.88,0.0758,1.0,3.18,3.59,0.0,0.0,13.01,13.01
2026-02-01,SKU00197,External Brand,Adidas,Sportswear,Consignment,9.85,0.0295,3.21,3.33,0.95,0.0,0.0,17.64,17.64
2026-02-01,SKU00198,External Brand,Adidas,Running Shoes,Consignment,43.68,0.0608,0.63,2.79,2.73,0.0,0.0,52.49,52.49
2026-02-01,SKU00199,External Brand,Patagonia,Accessories,Buyout,33.79,0.0491,3.21,2.53,0.64,0.0,0.0,41.83,41.83
2026-02-01,SKU00200,External Brand,Nike,Basketball Shoes,Buyout,168.19,0.0249,3.41,0.51,2.24,0.0,0.0,178.54,178.54
2026-02-01,SKU00201,External Brand,Brooks Brothers,Underwear,Buyout,9.2,0.0592,2.75,2.36,3.06,0.0702,7.1,17.9,25.01
2026-02-01,SKU00202,External Brand,Reebok Underwear,Outdoor Apparel,Buyout,92.4,0.0505,2.67,2.39,1.87,0.064,55.06,103.99,159.05
2026-02-01,SKU00203,External Brand,Under Armour,Outdoor Apparel,Buyout,155.26,0.0343,2.01,0.8,1.15,0.0,0.0,164.55,164.55
2026-02-01,SKU00204,External Brand,Skechers,Accessories,Buyout,59.51,0.0453,4.54,0.85,0.73,0.0,0.0,68.33,68.33
2026-02-01,SKU00205,External Brand,On Running,Sportswear,Consignment,2.43,0.0401,1.38,2.7,2.64,0.0,0.0,9.24,9.24
2026-02-01,SKU00206,External Brand,Skechers,Running Shoes,Buyout,87.13,0.0669,1.38,1.19,0.12,0.0,0.0,95.65,95.65
2026-02-01,SKU00207,External Brand,Patagonia,Sportswear,Buyout,21.02,0.0766,3.21,2.02,2.49,0.0,0.0,30.35,30.35
2026-02-01,SKU00208,External Brand,Adidas,Training Shoes,Consignment,39.62,0.0764,1.66,3.45,1.06,0.0,0.0,48.82,48.82
2026-02-01,SKU00209,External Brand,Skechers,Yoga Apparel,Consignment,12.1,0.0234,2.37,2.72,2.64,0.0,0.0,20.11,20.11
2026-02-01,SKU00210,External Brand,Asics,Yoga Apparel,Consignment,5.57,0.0797,1.61,2.57,2.72,0.0,0.0,12.92,12.92
2026-02-01,SKU00211,External Brand,Cole Haan,Lifestyle Apparel,Buyout,64.59,0.0725,2.48,0.45,1.84,0.0,0.0,74.04,74.04
2026-02-01,SKU00212,External Brand,Lululemon,Basketball Shoes,Buyout,78.69,0.0272,1.08,2.07,2.09,0.0,0.0,86.07,86.07
2026-02-01,SKU00213,External Brand,Adidas,Lifestyle Apparel,Consignment,22.98,0.0695,3.31,3.12,0.93,0.0,0.0,31.93,31.93
2026-02-01,SKU00214,External Brand,Skechers,Bags,Consignment,30.55,0.0498,3.75,3.12,2.39,0.0,0.0,41.34,41.34
2026-02-01,SKU00215,Himaxx Own,Brand A,Underwear,Own Brand,136.97,0.0237,0.63,1.41,6.51,0.0,0.0,148.77,148.77
2026-02-01,SKU00216,External Brand,Columbia,Training Shoes,Buyout,68.7,0.0492,3.44,1.24,1.88,0.0,0.0,78.65,78.65
2026-02-01,SKU00217,External Brand,Nike,Underwear,Consignment,27.34,0.0273,0.57,1.07,2.81,0.0,0.0,32.54,32.54
2026-02-01,SKU00218,External Brand,Nike,Yoga Apparel,Consignment,10.5,0.0776,3.16,0.4,2.37,0.0,0.0,17.25,17.25
2026-02-01,SKU00219,External Brand,Adidas,Lifestyle Apparel,Buyout,148.02,0.0696,1.03,0.98,3.43,0.0,0.0,163.76,163.76
2026-02-01,SKU00220,External Brand,Nike,Accessories,Consignment,5.2,0.0376,2.7,0.5,1.94,0.0,0.0,10.53,10.53
2026-02-01,SKU00221,External Brand,On Running,Accessories,Consignment,32.94,0.0755,4.44,3.42,0.27,0.0,0.0,43.56,43.56
2026-02-01,SKU00222,External Brand,Reebok Underwear,Training Shoes,Consignment,38.48,0.076,2.29,1.44,2.48,0.0794,62.81,47.61,110.42
2026-02-01,SKU00223,Himaxx Own,Brand A,Basketball Shoes,Own Brand,209.11,0.0374,4.77,2.69,10.73,0.0,0.0,235.13,235.13
2026-02-01,SKU00224,External Brand,Under Armour,Accessories,Buyout,10.54,0.0356,2.81,1.4,2.89,0.0,0.0,18.02,18.02
2026-02-01,SKU00225,External Brand,Champion,Performance Apparel,Buyout,217.2,0.0391,4.67,2.8,1.68,0.0,0.0,234.84,234.84
2026-02-01,SKU00226,Himaxx Own,Brand B,Basketball Shoes,Own Brand,275.9,0.0451,4.06,3.02,10.33,0.0,0.0,305.76,305.76
2026-02-01,SKU00227,External Brand,Champion,Kids Apparel,Buyout,41.93,0.0404,1.04,2.59,2.09,0.0,0.0,49.35,49.35
2026-02-01,SKU00228,External Brand,Cole Haan,Accessories,Buyout,24.92,0.0454,2.48,1.68,3.39,0.0,0.0,33.61,33.61
2026-02-01,SKU00229,Himaxx Own,Brand B,Training Shoes,Own Brand,250.67,0.0632,4.66,0.5,4.53,0.0,0.0,276.21,276.21
2026-02-01,SKU00230,External Brand,Salomon,Yoga Apparel,Consignment,12.49,0.0497,4.31,0.63,1.4,0.0,0.0,19.45,19.45
2026-02-01,SKU00231,External Brand,Puma,Basketball Shoes,Buyout,132.53,0.0233,4.67,0.8,0.47,0.0,0.0,141.56,141.56
2026-02-01,SKU00232,External Brand,Reebok Underwear,Sportswear,Consignment,24.12,0.0699,2.83,0.82,2.52,0.0352,20.64,31.97,52.62
2026-02-01,SKU00233,Himaxx Own,Brand A,Bags,Own Brand,205.77,0.0342,4.39,3.14,7.13,0.0,0.0,227.46,227.46
2026-02-01,SKU00234,External Brand,New Balance,Accessories,Buyout,69.71,0.023,4.17,1.29,0.07,0.0,0.0,76.83,76.83
2026-02-01,SKU00235,Himaxx Own,Brand B,Underwear,Own Brand,53.17,0.0667,4.35,2.8,8.92,0.0,0.0,72.78,72.78
2026-02-01,SKU00236,External Brand,Adidas,Kids Apparel,Consignment,7.67,0.0413,3.2,0.98,0.45,0.0,0.0,12.61,12.61
2026-02-01,SKU00237,External Brand,Puma,Yoga Apparel,Consignment,10.71,0.0497,2.86,1.52,1.89,0.0,0.0,17.52,17.52
2026-02-01,SKU00238,External Brand,Puma,Lifestyle Apparel,Consignment,9.08,0.0632,3.95,3.34,1.6,0.0,0.0,18.54,18.54
2026-02-01,SKU00239,External Brand,On Running,Lifestyle Apparel,Consignment,19.8,0.0563,1.61,1.81,1.49,0.0,0.0,25.83,25.83
2026-02-01,SKU00240,External Brand,Columbia,Bags,Buyout,58.07,0.0228,3.94,1.25,0.28,0.0,0.0,64.87,64.87
2026-02-01,SKU00241,External Brand,Reebok Underwear,Performance Apparel,Buyout,48.43,0.0218,4.42,1.42,0.57,0.0625,24.62,55.9,80.52
2026-02-01,SKU00242,External Brand,Skechers,Basketball Shoes,Buyout,160.05,0.0757,1.96,1.39,3.92,0.0,0.0,179.43,179.43
2026-02-01,SKU00243,Himaxx Own,Brand B,Accessories,Own Brand,97.42,0.0681,0.63,2.9,7.0,0.0,0.0,114.58,114.58
2026-02-01,SKU00244,External Brand,Reebok Underwear,Underwear,Consignment,7.4,0.034,0.91,1.49,1.27,0.0711,31.5,11.32,42.82
2026-02-01,SKU00245,Himaxx Own,Brand A,Kids Apparel,Own Brand,30.48,0.0569,2.22,0.57,9.2,0.0,0.0,44.2,44.2
2026-02-01,SKU00246,External Brand,Reebok Underwear,Accessories,Buyout,44.23,0.0692,4.93,1.73,0.29,0.0618,15.82,54.25,70.06
2026-02-01,SKU00247,External Brand,Cole Haan,Lifestyle Apparel,Buyout,121.61,0.0466,2.12,1.14,0.82,0.0,0.0,131.35,131.35
2026-02-01,SKU00248,External Brand,Adidas,Kids Apparel,Buyout,30.6,0.0619,1.82,3.03,2.92,0.0,0.0,40.26,40.26
2026-02-01,SKU00249,External Brand,Brooks Brothers,Running Shoes,Buyout,58.48,0.0256,2.39,3.02,1.99,0.0626,26.85,67.39,94.24
2026-02-01,SKU00250,External Brand,Under Armour,Running Shoes,Buyout,62.34,0.0408,3.58,2.55,0.87,0.0,0.0,71.88,71.88
2026-02-01,SKU00251,External Brand,Nike,Bags,Consignment,29.87,0.0252,3.83,2.76,1.13,0.0,0.0,38.34,38.34
2026-02-01,SKU00252,External Brand,Asics,Training Shoes,Consignment,42.18,0.0354,3.45,2.79,2.68,0.0,0.0,52.6,52.6
2026-02-01,SKU00253,External Brand,Asics,Sportswear,Consignment,43.17,0.0536,1.15,0.35,1.13,0.0,0.0,48.11,48.11
2026-02-01,SKU00254,External Brand,Fila,Lifestyle Apparel,Consignment,10.62,0.0791,3.43,0.76,2.59,0.0,0.0,18.24,18.24
2026-02-01,SKU00255,External Brand,Skechers,Outdoor Apparel,Buyout,180.19,0.028,4.67,2.44,3.03,0.0,0.0,195.38,195.38
2026-02-01,SKU00256,Himaxx Own,Brand B,Training Shoes,Own Brand,197.83,0.0402,3.9,1.04,4.09,0.0,0.0,214.82,214.82
2026-02-01,SKU00257,Himaxx Own,Brand B,Yoga Apparel,Own Brand,47.87,0.0664,0.95,0.97,7.25,0.0,0.0,60.22,60.22
2026-02-01,SKU00258,External Brand,Under Armour,Yoga Apparel,Consignment,23.82,0.063,2.52,2.07,2.6,0.0,0.0,32.51,32.51
2026-02-01,SKU00259,Himaxx Own,Brand A,Outdoor Apparel,Own Brand,176.98,0.0355,4.27,3.18,13.31,0.0,0.0,204.01,204.01
2026-02-01,SKU00260,Himaxx Own,Brand A,Running Shoes,Own Brand,224.78,0.0465,1.05,2.03,14.89,0.0,0.0,253.21,253.21
2026-02-01,SKU00261,External Brand,Patagonia,Running Shoes,Buyout,111.01,0.0778,1.33,0.5,0.67,0.0,0.0,122.14,122.14
2026-02-01,SKU00262,External Brand,Under Armour,Bags,Consignment,29.62,0.0714,3.64,0.35,2.72,0.0,0.0,38.44,38.44
2026-02-01,SKU00263,External Brand,Champion,Sportswear,Buyout,107.84,0.0512,4.99,0.5,3.69,0.0,0.0,122.53,122.53
2026-02-01,SKU00264,External Brand,Puma,Performance Apparel,Buyout,38.61,0.0346,4.95,1.13,0.43,0.0,0.0,46.45,46.45
2026-02-01,SKU00265,External Brand,New Balance,Running Shoes,Buyout,122.68,0.0481,4.09,2.54,3.78,0.0,0.0,139.0,139.0
2026-02-01,SKU00266,External Brand,Nike,Bags,Consignment,26.07,0.0276,2.81,0.38,2.42,0.0,0.0,32.4,32.4
2026-02-01,SKU00267,External Brand,Puma,Basketball Shoes,Buyout,33.57,0.041,1.45,0.45,1.68,0.0,0.0,38.52,38.52
2026-02-01,SKU00268,External Brand,Under Armour,Performance Apparel,Buyout,367.5,0.047,3.41,2.83,3.09,0.0,0.0,394.1,394.1
2026-02-01,SKU00269,External Brand,Salomon,Basketball Shoes,Buyout,149.79,0.0287,0.94,2.55,2.77,0.0,0.0,160.35,160.35
2026-02-01,SKU00270,External Brand,The North Face,Underwear,Buyout,39.16,0.052,2.01,1.88,1.32,0.0,0.0,46.41,46.41
2026-02-01,SKU00271,External Brand,Asics,Outdoor Apparel,Buyout,215.23,0.073,3.57,1.39,0.72,0.0,0.0,236.61,236.61
2026-02-01,SKU00272,Himaxx Own,Brand A,Lifestyle Apparel,Own Brand,88.51,0.0761,3.89,1.14,14.49,0.0,0.0,114.76,114.76
2026-02-01,SKU00273,External Brand,The North Face,Basketball Shoes,Buyout,180.52,0.0388,4.92,2.91,3.91,0.0,0.0,199.27,199.27
2026-02-01,SKU00274,External Brand,Reebok Underwear,Underwear,Buyout,32.07,0.0213,3.83,2.03,2.67,0.0731,16.85,41.28,58.13
2026-02-01,SKU00275,External Brand,Skechers,Outdoor Apparel,Buyout,295.55,0.0263,4.87,2.23,0.21,0.0,0.0,310.64,310.64
2026-02-01,SKU00276,External Brand,New Balance,Lifestyle Apparel,Consignment,24.07,0.0731,4.22,2.03,2.65,0.0,0.0,34.73,34.73
2026-02-01,SKU00277,External Brand,Cole Haan,Underwear,Buyout,45.58,0.0366,4.98,1.3,1.18,0.0,0.0,54.7,54.7
2026-02-01,SKU00278,External Brand,Champion,Running Shoes,Buyout,94.64,0.025,3.03,1.54,0.02,0.0,0.0,101.6,101.6
2026-02-01,SKU00279,External Brand,Columbia,Yoga Apparel,Buyout,7.69,0.0507,1.45,2.88,0.69,0.0,0.0,13.09,13.09
2026-02-01,SKU00280,External Brand,Salomon,Running Shoes,Buyout,116.43,0.0622,0.83,3.39,0.66,0.0,0.0,128.55,128.55
2026-02-01,SKU00281,External Brand,Hoka,Underwear,Buyout,59.19,0.0419,0.89,1.4,0.8,0.0,0.0,64.77,64.77
2026-02-01,SKU00282,External Brand,Adidas,Performance Apparel,Consignment,75.85,0.0258,1.52,2.06,0.07,0.0,0.0,81.46,81.46
2026-02-01,SKU00283,External Brand,Cole Haan,Lifestyle Apparel,Buyout,67.24,0.0782,4.38,2.46,1.76,0.0,0.0,81.1,81.1
2026-02-01,SKU00284,External Brand,Adidas,Underwear,Consignment,24.83,0.0781,1.11,1.14,3.45,0.0,0.0,32.47,32.47
2026-02-01,SKU00285,External Brand,Hoka,Lifestyle Apparel,Consignment,4.84,0.0339,2.36,1.49,3.06,0.0,0.0,11.92,11.92
2026-02-01,SKU00286,External Brand,Brooks Brothers,Accessories,Consignment,14.9,0.0267,3.4,1.39,3.21,0.0466,17.91,23.3,41.21
2026-02-01,SKU00287,External Brand,Under Armour,Yoga Apparel,Consignment,6.05,0.0622,3.98,2.6,2.74,0.0,0.0,15.74,15.74
2026-02-01,SKU00288,External Brand,Lululemon,Outdoor Apparel,Buyout,339.0,0.0396,3.44,1.86,3.24,0.0,0.0,360.96,360.96
2026-02-01,SKU00289,Himaxx Own,Brand A,Lifestyle Apparel,Own Brand,135.23,0.0573,2.97,2.75,10.63,0.0,0.0,159.33,159.33
2026-02-01,SKU00290,Himaxx Own,Brand B,Lifestyle Apparel,Own Brand,24.81,0.0774,4.86,2.03,10.27,0.0,0.0,43.9,43.9
2026-02-01,SKU00291,External Brand,Brooks Brothers,Kids Apparel,Consignment,13.59,0.0358,1.38,2.71,0.56,0.0347,44.93,18.73,63.66
2026-02-01,SKU00292,External Brand,New Balance,Kids Apparel,Buyout,103.26,0.0712,0.87,1.05,3.79,0.0,0.0,116.32,116.32
2026-02-01,SKU00293,External Brand,Under Armour,Lifestyle Apparel,Buyout,132.37,0.0589,3.03,3.01,2.33,0.0,0.0,148.53,148.53
2026-02-01,SKU00294,External Brand,Nike,Performance Apparel,Consignment,28.8,0.0555,4.91,2.75,2.29,0.0,0.0,40.35,40.35
2026-02-01,SKU00295,External Brand,Cole Haan,Underwear,Buyout,64.19,0.0655,0.79,2.98,1.47,0.0,0.0,73.64,73.64
2026-02-01,SKU00296,External Brand,On Running,Performance Apparel,Buyout,228.08,0.0636,2.0,3.45,1.06,0.0,0.0,249.09,249.09
2026-02-01,SKU00297,External Brand,Puma,Performance Apparel,Buyout,296.2,0.0539,4.26,0.37,2.16,0.0,0.0,318.96,318.96
2026-02-01,SKU00298,Himaxx Own,Brand A,Underwear,Own Brand,32.53,0.0679,1.11,1.17,8.85,0.0,0.0,45.87,45.87
2026-02-01,SKU00299,External Brand,Puma,Yoga Apparel,Buyout,160.79,0.043,2.53,0.72,1.67,0.0,0.0,172.62,172.62
2026-02-01,SKU00300,Himaxx Own,Brand A,Kids Apparel,Own Brand,106.54,0.0457,2.09,0.51,7.14,0.0,0.0,121.16,121.16
2026-02-01,SKU00301,External Brand,Lululemon,Outdoor Apparel,Consignment,51.41,0.0207,4.3,0.63,2.97,0.0,0.0,60.37,60.37
2026-02-01,SKU00302,External Brand,Cole Haan,Training Shoes,Buyout,81.0,0.0548,3.27,2.07,3.05,0.0,0.0,93.83,93.83
2026-02-01,SKU00303,External Brand,Adidas,Lifestyle Apparel,Consignment,7.58,0.0633,4.33,1.02,1.59,0.0,0.0,15.01,15.01
2026-02-01,SKU00304,External Brand,Hoka,Outdoor Apparel,Buyout,128.59,0.0561,1.78,1.36,1.0,0.0,0.0,139.93,139.93
2026-02-01,SKU00305,External Brand,New Balance,Training Shoes,Buyout,160.83,0.0734,4.03,2.58,2.37,0.0,0.0,181.62,181.62
2026-02-01,SKU00306,External Brand,Salomon,Lifestyle Apparel,Buyout,179.71,0.0424,3.13,1.39,3.47,0.0,0.0,195.32,195.32
2026-02-01,SKU00307,External Brand,Adidas,Running Shoes,Consignment,45.2,0.0559,1.45,2.14,1.63,0.0,0.0,52.94,52.94
2026-02-01,SKU00308,External Brand,Champion,Lifestyle Apparel,Consignment,15.47,0.0476,1.72,2.89,1.01,0.0,0.0,21.83,21.83
2026-02-01,SKU00309,External Brand,New Balance,Bags,Buyout,148.68,0.0349,0.69,2.56,3.69,0.0,0.0,160.81,160.81
2026-02-01,SKU00310,External Brand,Skechers,Accessories,Buyout,58.78,0.0558,2.9,0.76,1.9,0.0,0.0,67.62,67.62
2026-02-01,SKU00311,External Brand,Patagonia,Training Shoes,Buyout,255.25,0.0467,3.48,1.25,3.43,0.0,0.0,275.34,275.34
2026-02-01,SKU00312,External Brand,Reebok Underwear,Lifestyle Apparel,Consignment,7.82,0.0763,3.62,2.06,1.47,0.0504,7.94,15.57,23.51
2026-02-01,SKU00313,External Brand,On Running,Performance Apparel,Consignment,50.41,0.0774,2.14,2.3,2.48,0.0,0.0,61.24,61.24
2026-02-01,SKU00314,External Brand,Cole Haan,Performance Apparel,Consignment,49.67,0.0402,2.36,3.39,1.3,0.0,0.0,58.7,58.7
2026-02-01,SKU00315,External Brand,Under Armour,Training Shoes,Buyout,76.08,0.0519,4.48,0.87,1.23,0.0,0.0,86.61,86.61
2026-02-01,SKU00316,Himaxx Own,Brand A,Lifestyle Apparel,Own Brand,51.63,0.0693,1.26,2.5,5.17,0.0,0.0,64.14,64.14
2026-02-01,SKU00317,External Brand,On Running,Underwear,Consignment,8.11,0.0531,3.31,0.68,0.42,0.0,0.0,12.96,12.96
2026-02-01,SKU00318,External Brand,Asics,Training Shoes,Buyout,64.12,0.0211,4.01,0.52,3.25,0.0,0.0,73.26,73.26
2026-02-01,SKU00319,External Brand,The North Face,Yoga Apparel,Buyout,89.67,0.0642,2.05,3.02,0.72,0.0,0.0,101.23,101.23
2026-02-01,SKU00320,External Brand,Columbia,Kids Apparel,Consignment,4.13,0.0724,1.78,0.55,0.67,0.0,0.0,7.44,7.44
2026-02-01,SKU00321,External Brand,Skechers,Sportswear,Buyout,26.16,0.0281,4.77,1.89,2.3,0.0,0.0,35.85,35.85
2026-02-01,SKU00322,Himaxx Own,Brand A,Bags,Own Brand,49.79,0.0533,3.76,1.09,5.23,0.0,0.0,62.52,62.52
2026-02-01,SKU00323,External Brand,The North Face,Bags,Consignment,51.27,0.0379,4.71,1.51,2.71,0.0,0.0,62.14,62.14
2026-02-01,SKU00324,External Brand,Fila,Outdoor Apparel,Buyout,45.65,0.0202,2.81,2.37,0.27,0.0,0.0,52.02,52.02
2026-02-01,SKU00325,External Brand,Under Armour,Lifestyle Apparel,Buyout,89.99,0.0693,1.19,3.11,1.72,0.0,0.0,102.24,102.24
2026-02-01,SKU00326,External Brand,New Balance,Running Shoes,Buyout,65.56,0.0469,2.17,3.49,1.15,0.0,0.0,75.45,75.45
2026-02-01,SKU00327,External Brand,Salomon,Accessories,Buyout,49.37,0.0349,4.21,2.94,2.09,0.0,0.0,60.34,60.34
2026-02-01,SKU00328,External Brand,Lululemon,Running Shoes,Consignment,42.58,0.0736,3.67,2.99,0.39,0.0,0.0,52.77,52.77
2026-02-01,SKU00329,External Brand,Columbia,Bags,Consignment,38.24,0.0451,2.01,1.18,0.31,0.0,0.0,43.46,43.46
2026-02-01,SKU00330,External Brand,Adidas,Kids Apparel,Buyout,64.92,0.0585,1.07,1.6,1.11,0.0,0.0,72.49,72.49
2026-02-01,SKU00331,External Brand,Brooks Brothers,Yoga Apparel,Buyout,35.28,0.0696,4.52,0.33,1.99,0.032,14.39,44.59,58.98
2026-02-01,SKU00332,External Brand,Under Armour,Yoga Apparel,Buyout,130.81,0.0689,2.29,3.15,0.06,0.0,0.0,145.33,145.33
2026-02-01,SKU00333,Himaxx Own,Brand B,Accessories,Own Brand,17.38,0.0341,1.57,2.46,9.4,0.0,0.0,31.41,31.41
2026-02-01,SKU00334,External Brand,Champion,Outdoor Apparel,Buyout,192.6,0.0731,3.14,1.89,3.3,0.0,0.0,215.01,215.01
2026-02-01,SKU00335,External Brand,Adidas,Sportswear,Consignment,8.41,0.0795,4.46,0.64,3.5,0.0,0.0,17.68,17.68
2026-02-01,SKU00336,External Brand,Cole Haan,Running Shoes,Buyout,83.6,0.0223,2.24,2.8,2.0,0.0,0.0,92.5,92.5
2026-02-01,SKU00337,Himaxx Own,Brand A,Outdoor Apparel,Own Brand,210.52,0.0695,4.51,1.58,7.22,0.0,0.0,238.46,238.46
2026-02-01,SKU00338,External Brand,Brooks Brothers,Basketball Shoes,Buyout,165.77,0.0455,2.83,2.21,1.92,0.0718,80.41,180.28,260.69
2026-02-01,SKU00339,Himaxx Own,Brand A,Training Shoes,Own Brand,79.63,0.0617,1.07,3.44,13.31,0.0,0.0,102.35,102.35
2026-02-01,SKU00340,External Brand,The North Face,Running Shoes,Buyout,201.89,0.0636,1.98,0.52,0.84,0.0,0.0,218.07,218.07
2026-02-01,SKU00341,External Brand,Adidas,Basketball Shoes,Consignment,14.17,0.0392,2.63,2.01,1.27,0.0,0.0,20.65,20.65
2026-02-01,SKU00342,External Brand,Champion,Accessories,Buyout,71.55,0.0472,4.09,0.55,2.76,0.0,0.0,82.32,82.32
2026-02-01,SKU00343,External Brand,Cole Haan,Outdoor Apparel,Buyout,69.86,0.0215,4.45,1.69,3.85,0.0,0.0,81.35,81.35
2026-02-01,SKU00344,External Brand,Lululemon,Underwear,Consignment,21.41,0.034,1.19,0.43,1.32,0.0,0.0,25.08,25.08
2026-02-01,SKU00345,External Brand,New Balance,Running Shoes,Consignment,17.83,0.0624,3.11,2.52,0.47,0.0,0.0,25.04,25.04
2026-02-01,SKU00346,External Brand,Salomon,Kids Apparel,Buyout,139.4,0.0762,2.49,1.67,0.73,0.0,0.0,154.91,154.91
2026-02-01,SKU00347,External Brand,Skechers,Kids Apparel,Buyout,51.3,0.0296,2.65,1.57,3.62,0.0,0.0,60.66,60.66
2026-02-01,SKU00348,External Brand,Hoka,Outdoor Apparel,Consignment,42.96,0.025,4.54,2.1,2.59,0.0,0.0,53.26,53.26
2026-02-01,SKU00349,External Brand,Brooks Brothers,Lifestyle Apparel,Buyout,40.57,0.0516,2.84,0.84,2.85,0.0359,14.51,49.2,63.71
2026-02-01,SKU00350,External Brand,Columbia,Accessories,Consignment,22.18,0.052,0.61,1.13,3.91,0.0,0.0,28.98,28.98
2026-02-01,SKU00351,External Brand,Nike,Kids Apparel,Consignment,6.35,0.0725,3.0,2.42,3.01,0.0,0.0,15.24,15.24
2026-02-01,SKU00352,Himaxx Own,Brand B,Accessories,Own Brand,130.01,0.0641,2.09,3.41,5.35,0.0,0.0,149.2,149.2
2026-02-01,SKU00353,External Brand,On Running,Bags,Consignment,4.55,0.061,1.71,1.01,3.53,0.0,0.0,11.08,11.08
2026-02-01,SKU00354,External Brand,Patagonia,Sportswear,Buyout,117.54,0.0362,3.05,3.13,2.13,0.0,0.0,130.1,130.1
2026-02-01,SKU00355,External Brand,Hoka,Yoga Apparel,Consignment,50.48,0.046,2.52,2.58,2.97,0.0,0.0,60.87,60.87
2026-02-01,SKU00356,Himaxx Own,Brand B,Running Shoes,Own Brand,258.2,0.0797,2.56,1.45,11.03,0.0,0.0,293.83,293.83
2026-02-01,SKU00357,External Brand,The North Face,Lifestyle Apparel,Buyout,47.5,0.0245,0.69,1.23,2.12,0.0,0.0,52.7,52.7
2026-02-01,SKU00358,External Brand,Reebok Underwear,Performance Apparel,Buyout,190.2,0.0566,2.01,3.4,1.83,0.0525,81.06,208.2,289.26
2026-02-01,SKU00359,Himaxx Own,Brand B,Basketball Shoes,Own Brand,98.61,0.0584,4.57,0.63,14.27,0.0,0.0,123.83,123.83
2026-02-01,SKU00360,External Brand,Salomon,Running Shoes,Buyout,262.78,0.0723,1.12,0.44,1.83,0.0,0.0,285.17,285.17
2026-02-01,SKU00361,External Brand,The North Face,Accessories,Buyout,14.07,0.0501,1.5,0.52,0.71,0.0,0.0,17.51,17.51
2026-02-01,SKU00362,External Brand,Brooks Brothers,Outdoor Apparel,Buyout,202.77,0.0432,1.0,3.15,3.57,0.0349,62.6,219.26,281.86
2026-02-01,SKU00363,External Brand,Under Armour,Accessories,Buyout,49.29,0.0792,4.21,3.19,3.75,0.0,0.0,64.34,64.34
2026-02-01,SKU00364,Himaxx Own,Brand A,Outdoor Apparel,Own Brand,173.85,0.0454,4.05,1.37,4.81,0.0,0.0,191.97,191.97
2026-02-01,SKU00365,External Brand,On Running,Performance Apparel,Consignment,10.75,0.0292,4.81,3.07,1.54,0.0,0.0,20.48,20.48
2026-02-01,SKU00366,Himaxx Own,Brand B,Kids Apparel,Own Brand,87.38,0.0498,4.47,1.8,6.42,0.0,0.0,104.42,104.42
2026-02-01,SKU00367,External Brand,Adidas,Yoga Apparel,Consignment,5.14,0.0743,3.81,3.43,1.92,0.0,0.0,14.68,14.68
2026-02-01,SKU00368,External Brand,Puma,Sportswear,Buyout,86.35,0.0748,4.62,3.15,1.3,0.0,0.0,101.88,101.88
2026-02-01,SKU00369,External Brand,Adidas,Bags,Consignment,12.06,0.0242,3.16,2.03,0.36,0.0,0.0,17.91,17.91
2026-02-01,SKU00370,External Brand,Hoka,Sportswear,Buyout,63.17,0.0437,4.46,2.63,0.37,0.0,0.0,73.39,73.39
2026-02-01,SKU00371,Himaxx Own,Brand A,Sportswear,Own Brand,188.98,0.0646,3.53,2.76,14.61,0.0,0.0,222.09,222.09
2026-02-01,SKU00372,External Brand,Under Armour,Kids Apparel,Consignment,26.72,0.0386,3.98,1.74,0.85,0.0,0.0,34.33,34.33
2026-02-01,SKU00373,External Brand,New Balance,Outdoor Apparel,Buyout,214.71,0.0403,4.97,1.9,2.17,0.0,0.0,232.4,232.4
2026-02-01,SKU00374,External Brand,Asics,Sportswear,Buyout,61.25,0.0767,4.36,2.9,2.44,0.0,0.0,75.65,75.65
2026-02-01,SKU00375,External Brand,Salomon,Lifestyle Apparel,Buyout,41.92,0.0269,2.88,1.63,3.7,0.0,0.0,51.26,51.26
2026-02-01,SKU00376,External Brand,Puma,Sportswear,Consignment,40.68,0.0206,3.66,2.37,2.86,0.0,0.0,50.41,50.41
2026-02-01,SKU00377,External Brand,Reebok Underwear,Kids Apparel,Consignment,14.74,0.0438,4.23,2.48,2.87,0.0516,18.96,24.96,43.92
2026-02-01,SKU00378,External Brand,Cole Haan,Sportswear,Buyout,38.28,0.0605,4.04,0.99,1.26,0.0,0.0,46.89,46.89
2026-02-01,SKU00379,Himaxx Own,Brand B,Kids Apparel,Own Brand,150.52,0.0779,2.38,1.72,8.78,0.0,0.0,175.12,175.12
2026-02-01,SKU00380,External Brand,Cole Haan,Performance Apparel,Buyout,124.75,0.0497,4.02,2.47,3.27,0.0,0.0,140.72,140.72
2026-02-01,SKU00381,External Brand,Columbia,Accessories,Buyout,24.76,0.0524,3.07,1.67,1.7,0.0,0.0,32.49,32.49
2026-02-01,SKU00382,External Brand,Fila,Training Shoes,Buyout,230.31,0.0655,4.0,1.88,3.96,0.0,0.0,255.23,255.23
2026-02-01,SKU00383,External Brand,Puma,Running Shoes,Buyout,83.45,0.0501,0.89,1.5,1.4,0.0,0.0,91.42,91.42
2026-02-01,SKU00384,External Brand,Fila,Running Shoes,Consignment,13.05,0.0625,3.02,0.42,2.31,0.0,0.0,19.61,19.61
2026-02-01,SKU00385,External Brand,Reebok Underwear,Outdoor Apparel,Buyout,261.1,0.0622,0.91,1.25,2.26,0.0306,59.76,281.76,341.52
2026-02-01,SKU00386,External Brand,Lululemon,Basketball Shoes,Buyout,96.32,0.0542,3.16,1.88,1.71,0.0,0.0,108.29,108.29
2026-02-01,SKU00387,External Brand,Puma,Performance Apparel,Buyout,272.86,0.0448,4.33,0.79,3.39,0.0,0.0,293.6,293.6
2026-02-01,SKU00388,Himaxx Own,Brand B,Kids Apparel,Own Brand,18.62,0.0373,3.02,2.61,9.22,0.0,0.0,34.16,34.16
2026-02-01,SKU00389,External Brand,Skechers,Lifestyle Apparel,Buyout,36.81,0.0707,0.61,2.9,0.21,0.0,0.0,43.13,43.13
2026-02-01,SKU00390,External Brand,Adidas,Yoga Apparel,Buyout,66.38,0.0638,3.98,2.9,3.01,0.0,0.0,80.52,80.52
2026-02-01,SKU00391,External Brand,Adidas,Basketball Shoes,Consignment,21.31,0.074,0.77,0.32,0.57,0.0,0.0,24.55,24.55
2026-02-01,SKU00392,External Brand,Under Armour,Training Shoes,Consignment,25.99,0.0452,1.87,1.59,1.48,0.0,0.0,32.11,32.11
2026-02-01,SKU00393,Himaxx Own,Brand B,Accessories,Own Brand,76.07,0.0793,4.15,0.94,4.97,0.0,0.0,92.16,92.16
2026-02-01,SKU00394,External Brand,Nike,Outdoor Apparel,Consignment,35.89,0.0417,0.95,3.32,1.17,0.0,0.0,42.82,42.82
2026-02-01,SKU00395,Himaxx Own,Brand B,Kids Apparel,Own Brand,111.44,0.0518,3.0,1.7,3.73,0.0,0.0,125.64,125.64
2026-02-01,SKU00396,External Brand,Adidas,Training Shoes,Buyout,225.47,0.062,2.52,2.27,0.38,0.0,0.0,244.63,244.63
2026-02-01,SKU00397,External Brand,Asics,Underwear,Consignment,11.85,0.0216,2.74,0.4,1.01,0.0,0.0,16.26,16.26
2026-02-01,SKU00398,External Brand,Lululemon,Sportswear,Buyout,162.0,0.0508,4.36,1.21,0.34,0.0,0.0,176.13,176.13
2026-02-01,SKU00399,External Brand,Asics,Performance Apparel,Consignment,32.69,0.0533,3.16,1.64,3.98,0.0,0.0,43.2,43.2
2026-02-01,SKU00400,External Brand,Hoka,Sportswear,Buyout,24.18,0.0559,1.72,1.66,2.64,0.0,0.0,31.55,31.55
2026-02-01,SKU00401,External Brand,Reebok Underwear,Yoga Apparel,Buyout,92.98,0.0305,2.75,2.98,2.58,0.0308,18.06,104.13,122.19
2026-02-01,SKU00402,External Brand,Puma,Performance Apparel,Buyout,161.19,0.0394,1.58,2.15,0.32,0.0,0.0,171.58,171.58
2026-02-01,SKU00403,External Brand,Nike,Outdoor Apparel,Consignment,14.58,0.0461,2.73,1.37,1.46,0.0,0.0,20.81,20.81
2026-02-01,SKU00404,External Brand,Lululemon,Accessories,Consignment,11.06,0.0213,0.9,2.47,3.96,0.0,0.0,18.63,18.63
2026-02-01,SKU00405,External Brand,Under Armour,Performance Apparel,Consignment,43.62,0.0561,1.34,1.12,1.06,0.0,0.0,49.58,49.58
2026-02-01,SKU00406,External Brand,Cole Haan,Running Shoes,Buyout,120.94,0.0716,0.71,1.88,2.14,0.0,0.0,134.32,134.32
2026-02-01,SKU00407,Himaxx Own,Brand B,Performance Apparel,Own Brand,101.03,0.0704,4.95,1.38,14.5,0.0,0.0,128.97,128.97
2026-02-01,SKU00408,Himaxx Own,Brand A,Performance Apparel,Own Brand,286.03,0.0594,2.79,2.19,6.19,0.0,0.0,314.21,314.21
2026-02-01,SKU00409,External Brand,Puma,Yoga Apparel,Consignment,22.97,0.0654,2.46,1.57,3.16,0.0,0.0,31.67,31.67
2026-02-01,SKU00410,Himaxx Own,Brand B,Sportswear,Own Brand,183.95,0.0727,4.81,1.93,4.94,0.0,0.0,209.0,209.0
2026-02-01,SKU00411,External Brand,New Balance,Running Shoes,Buyout,274.18,0.0513,2.55,0.88,1.89,0.0,0.0,293.56,293.56
2026-02-01,SKU00412,External Brand,Cole Haan,Training Shoes,Buyout,57.87,0.0695,4.78,1.54,0.26,0.0,0.0,68.47,68.47
2026-02-01,SKU00413,External Brand,The North Face,Training Shoes,Buyout,167.45,0.0639,3.59,0.34,1.56,0.0,0.0,183.65,183.65
2026-02-01,SKU00414,External Brand,Cole Haan,Training Shoes,Buyout,135.2,0.0388,4.82,2.31,3.01,0.0,0.0,150.59,150.59
2026-02-01,SKU00415,External Brand,Brooks Brothers,Kids Apparel,Buyout,88.54,0.0356,1.52,2.24,2.18,0.0403,40.75,97.64,138.39
2026-02-01,SKU00416,External Brand,Fila,Outdoor Apparel,Consignment,33.75,0.0316,4.08,3.34,3.14,0.0,0.0,45.38,45.38
2026-02-01,SKU00417,External Brand,Asics,Kids Apparel,Consignment,34.7,0.0557,4.73,1.49,1.7,0.0,0.0,44.56,44.56
2026-02-01,SKU00418,External Brand,The North Face,Training Shoes,Consignment,28.34,0.0533,1.54,1.29,2.34,0.0,0.0,35.02,35.02
2026-02-01,SKU00419,External Brand,Lululemon,Yoga Apparel,Consignment,29.85,0.0457,1.36,2.75,2.83,0.0,0.0,38.16,38.16
2026-02-01,SKU00420,External Brand,Salomon,Underwear,Buyout,24.53,0.0607,2.43,0.76,1.42,0.0,0.0,30.63,30.63
2026-02-01,SKU00421,External Brand,Cole Haan,Bags,Buyout,16.56,0.0336,4.14,3.48,0.11,0.0,0.0,24.85,24.85
2026-02-01,SKU00422,External Brand,Nike,Bags,Consignment,17.13,0.0596,3.83,1.81,3.81,0.0,0.0,27.6,27.6
2026-02-01,SKU00423,External Brand,Salomon,Underwear,Buyout,89.8,0.07,4.25,2.92,1.71,0.0,0.0,104.96,104.96
2026-02-01,SKU00424,External Brand,Asics,Underwear,Buyout,74.49,0.0432,2.14,2.61,0.83,0.0,0.0,83.28,83.28
2026-02-01,SKU00425,External Brand,New Balance,Lifestyle Apparel,Buyout,45.96,0.0404,3.84,2.66,3.57,0.0,0.0,57.89,57.89
2026-02-01,SKU00426,External Brand,Cole Haan,Lifestyle Apparel,Buyout,16.28,0.0608,1.86,1.01,3.31,0.0,0.0,23.45,23.45
2026-02-01,SKU00427,External Brand,Salomon,Kids Apparel,Buyout,74.16,0.0233,4.98,1.52,1.26,0.0,0.0,83.65,83.65
2026-02-01,SKU00428,External Brand,Asics,Sportswear,Consignment,18.23,0.0504,3.99,1.11,2.36,0.0,0.0,26.61,26.61
2026-02-01,SKU00429,External Brand,Patagonia,Training Shoes,Consignment,20.62,0.0678,1.67,1.49,0.45,0.0,0.0,25.63,25.63
2026-02-01,SKU00430,Himaxx Own,Brand A,Performance Apparel,Own Brand,208.12,0.034,3.89,2.28,5.34,0.0,0.0,226.71,226.71
2026-02-01,SKU00431,External Brand,Nike,Training Shoes,Buyout,250.14,0.0588,4.75,2.55,3.97,0.0,0.0,276.11,276.11
2026-02-01,SKU00432,External Brand,Puma,Yoga Apparel,Consignment,56.66,0.0494,2.57,1.09,2.66,0.0,0.0,65.77,65.77
2026-02-01,SKU00433,External Brand,Puma,Yoga Apparel,Buyout,49.27,0.0493,3.58,1.56,0.69,0.0,0.0,57.53,57.53
2026-02-01,SKU00434,External Brand,Nike,Kids Apparel,Buyout,89.17,0.0736,3.76,2.83,2.3,0.0,0.0,104.64,104.64
2026-02-01,SKU00435,External Brand,New Balance,Outdoor Apparel,Buyout,91.24,0.0284,0.73,2.06,3.38,0.0,0.0,100.01,100.01
2026-02-01,SKU00436,Himaxx Own,Brand A,Outdoor Apparel,Own Brand,87.44,0.0297,4.19,1.3,4.48,0.0,0.0,100.01,100.01
2026-02-01,SKU00437,External Brand,Salomon,Accessories,Buyout,51.04,0.0773,3.81,1.62,0.2,0.0,0.0,60.61,60.61
2026-02-01,SKU00438,External Brand,Fila,Running Shoes,Buyout,77.44,0.0689,0.83,2.58,0.93,0.0,0.0,87.11,87.11
2026-02-01,SKU00439,External Brand,On Running,Bags,Buyout,241.73,0.0697,3.38,1.33,3.45,0.0,0.0,266.73,266.73
2026-02-01,SKU00440,External Brand,New Balance,Basketball Shoes,Buyout,129.57,0.0447,1.13,0.65,0.77,0.0,0.0,137.9,137.9
2026-02-01,SKU00441,External Brand,Nike,Basketball Shoes,Consignment,5.96,0.0631,2.31,3.08,2.22,0.0,0.0,13.95,13.95
2026-02-01,SKU00442,External Brand,Under Armour,Lifestyle Apparel,Buyout,31.4,0.0683,1.59,3.45,0.66,0.0,0.0,39.25,39.25
2026-02-01,SKU00443,External Brand,Reebok Underwear,Kids Apparel,Consignment,14.75,0.0375,1.9,2.51,3.4,0.0442,24.25,23.11,47.36
2026-02-01,SKU00444,External Brand,Skechers,Basketball Shoes,Consignment,35.43,0.0515,3.5,3.38,0.14,0.0,0.0,44.27,44.27
2026-02-01,SKU00445,Himaxx Own,Brand B,Underwear,Own Brand,47.71,0.0361,3.72,0.38,7.15,0.0,0.0,60.68,60.68
2026-02-01,SKU00446,External Brand,Reebok Underwear,Training Shoes,Consignment,18.43,0.0429,3.04,3.26,2.81,0.0421,50.21,28.33,78.54
2026-02-01,SKU00447,Himaxx Own,Brand B,Running Shoes,Own Brand,128.05,0.0769,1.68,2.24,3.92,0.0,0.0,145.73,145.73
2026-02-01,SKU00448,External Brand,Nike,Yoga Apparel,Consignment,13.45,0.0634,2.94,2.22,3.93,0.0,0.0,23.39,23.39
2026-02-01,SKU00449,External Brand,Puma,Underwear,Buyout,48.88,0.0231,4.56,1.48,0.61,0.0,0.0,56.65,56.65
2026-02-01,SKU00450,External Brand,Adidas,Accessories,Buyout,86.68,0.0203,2.54,1.42,1.08,0.0,0.0,93.49,93.49
2026-02-01,SKU00451,Himaxx Own,Brand B,Sportswear,Own Brand,71.25,0.0594,4.09,0.82,7.26,0.0,0.0,87.65,87.65
2026-02-01,SKU00452,External Brand,Patagonia,Bags,Consignment,14.99,0.0358,2.54,1.44,2.51,0.0,0.0,22.01,22.01
2026-02-01,SKU00453,External Brand,Under Armour,Accessories,Buyout,12.15,0.0411,4.73,2.4,0.72,0.0,0.0,20.5,20.5
2026-02-01,SKU00454,External Brand,Adidas,Performance Apparel,Consignment,30.59,0.0301,1.24,1.8,3.27,0.0,0.0,37.82,37.82
2026-02-01,SKU00455,External Brand,Cole Haan,Performance Apparel,Buyout,211.7,0.0722,4.23,0.43,3.81,0.0,0.0,235.46,235.46
2026-02-01,SKU00456,External Brand,Fila,Running Shoes,Buyout,95.53,0.0607,4.23,3.08,3.68,0.0,0.0,112.3,112.3
2026-02-01,SKU00457,External Brand,New Balance,Basketball Shoes,Consignment,9.41,0.0283,4.47,2.58,0.24,0.0,0.0,16.97,16.97
2026-02-01,SKU00458,External Brand,The North Face,Lifestyle Apparel,Buyout,59.82,0.0213,1.7,1.89,2.62,0.0,0.0,67.31,67.31
2026-02-01,SKU00459,External Brand,Salomon,Performance Apparel,Consignment,52.71,0.0798,3.62,1.99,0.29,0.0,0.0,62.82,62.82
2026-02-01,SKU00460,External Brand,Patagonia,Lifestyle Apparel,Buyout,81.49,0.0296,1.73,2.03,3.79,0.0,0.0,91.46,91.46
2026-02-01,SKU00461,Himaxx Own,Brand A,Outdoor Apparel,Own Brand,301.18,0.0569,3.37,1.91,9.93,0.0,0.0,333.53,333.53
2026-02-01,SKU00462,Himaxx Own,Brand A,Sportswear,Own Brand,207.37,0.0662,1.08,0.76,3.96,0.0,0.0,226.91,226.91
2026-02-01,SKU00463,External Brand,Skechers,Basketball Shoes,Consignment,22.48,0.0317,3.36,0.76,1.49,0.0,0.0,28.8,28.8
2026-02-01,SKU00464,External Brand,Reebok Underwear,Accessories,Buyout,39.96,0.034,2.84,3.44,1.06,0.0763,37.28,48.66,85.94
2026-02-01,SKU00465,External Brand,Under Armour,Training Shoes,Consignment,30.99,0.0406,1.27,2.36,3.21,0.0,0.0,39.08,39.08
2026-02-01,SKU00466,External Brand,Champion,Accessories,Buyout,77.14,0.074,2.05,1.31,2.36,0.0,0.0,88.56,88.56
2026-02-01,SKU00467,External Brand,Cole Haan,Kids Apparel,Buyout,28.4,0.0647,1.35,1.24,0.27,0.0,0.0,33.09,33.09
2026-02-01,SKU00468,External Brand,Brooks Brothers,Performance Apparel,Buyout,264.24,0.0448,2.53,2.36,1.84,0.037,64.67,282.81,347.47
2026-02-01,SKU00469,External Brand,New Balance,Lifestyle Apparel,Consignment,39.17,0.0669,3.58,0.93,1.0,0.0,0.0,47.3,47.3
2026-02-01,SKU00470,External Brand,Fila,Bags,Buyout,251.01,0.0461,4.35,2.93,1.54,0.0,0.0,271.4,271.4
2026-02-01,SKU00471,External Brand,Brooks Brothers,Outdoor Apparel,Buyout,247.74,0.0607,2.49,1.65,1.48,0.0799,159.29,268.41,427.71
2026-02-01,SKU00472,Himaxx Own,Brand A,Performance Apparel,Own Brand,40.18,0.0435,1.33,2.14,10.7,0.0,0.0,56.09,56.09
2026-02-01,SKU00473,External Brand,Puma,Running Shoes,Consignment,27.6,0.0408,2.73,2.44,3.64,0.0,0.0,37.54,37.54
2026-02-01,SKU00474,External Brand,Nike,Running Shoes,Consignment,28.84,0.0764,2.51,0.43,0.86,0.0,0.0,34.85,34.85
2026-02-01,SKU00475,Himaxx Own,Brand A,Basketball Shoes,Own Brand,209.55,0.0223,4.16,1.24,3.22,0.0,0.0,222.83,222.83
2026-02-01,SKU00476,External Brand,New Balance,Training Shoes,Buyout,100.39,0.0482,3.33,1.98,1.56,0.0,0.0,112.1,112.1
2026-02-01,SKU00477,Himaxx Own,Brand B,Accessories,Own Brand,82.22,0.0457,3.37,2.34,6.83,0.0,0.0,98.53,98.53
2026-02-01,SKU00478,External Brand,Columbia,Basketball Shoes,Buyout,188.75,0.035,4.53,1.24,1.5,0.0,0.0,202.63,202.63
2026-02-01,SKU00479,External Brand,Nike,Running Shoes,Buyout,159.27,0.0364,3.25,1.78,1.44,0.0,0.0,171.53,171.53
2026-02-01,SKU00480,External Brand,Adidas,Running Shoes,Consignment,8.98,0.0624,2.33,1.4,1.05,0.0,0.0,14.32,14.32
2026-02-01,SKU00481,External Brand,New Balance,Yoga Apparel,Buyout,155.34,0.0593,4.43,2.52,2.48,0.0,0.0,173.98,173.98
2026-02-01,SKU00482,External Brand,Columbia,Accessories,Consignment,8.74,0.0439,1.23,1.28,0.96,0.0,0.0,12.6,12.6
2026-02-01,SKU00483,External Brand,Adidas,Performance Apparel,Buyout,173.33,0.0249,2.46,3.06,3.17,0.0,0.0,186.35,186.35
2026-02-01,SKU00484,Himaxx Own,Brand A,Basketball Shoes,Own Brand,226.84,0.0238,4.46,2.43,11.04,0.0,0.0,250.17,250.17
2026-02-01,SKU00485,External Brand,Columbia,Yoga Apparel,Consignment,5.82,0.0533,2.76,2.65,1.04,0.0,0.0,12.58,12.58
2026-02-01,SKU00486,External Brand,Lululemon,Yoga Apparel,Buyout,48.98,0.0676,0.79,1.9,3.35,0.0,0.0,58.33,58.33
2026-02-01,SKU00487,External Brand,New Balance,Outdoor Apparel,Consignment,60.1,0.0612,3.14,0.54,0.67,0.0,0.0,68.13,68.13
2026-02-01,SKU00488,External Brand,Adidas,Yoga Apparel,Consignment,19.81,0.0409,4.03,1.44,2.71,0.0,0.0,28.81,28.81
2026-02-01,SKU00489,External Brand,Puma,Accessories,Buyout,78.22,0.0678,4.57,0.97,2.32,0.0,0.0,91.38,91.38
2026-02-01,SKU00490,External Brand,Columbia,Running Shoes,Buyout,97.33,0.0712,4.28,1.93,1.87,0.0,0.0,112.33,112.33
2026-02-01,SKU00491,External Brand,Adidas,Accessories,Consignment,10.64,0.0328,2.83,2.22,2.29,0.0,0.0,18.33,18.33
2026-02-01,SKU00492,External Brand,Lululemon,Kids Apparel,Buyout,23.45,0.0535,1.53,3.16,1.9,0.0,0.0,31.29,31.29
2026-02-01,SKU00493,External Brand,New Balance,Performance Apparel,Buyout,236.72,0.0487,4.05,1.82,2.38,0.0,0.0,256.5,256.5
2026-02-01,SKU00494,External Brand,Hoka,Lifestyle Apparel,Buyout,87.61,0.0292,2.39,2.76,2.61,0.0,0.0,97.93,97.93
2026-02-01,SKU00495,External Brand,Nike,Underwear,Consignment,14.96,0.038,2.91,0.89,0.58,0.0,0.0,19.91,19.91
2026-02-01,SKU00496,External Brand,Cole Haan,Performance Apparel,Buyout,67.52,0.0201,0.5,3.22,2.41,0.0,0.0,75.01,75.01
2026-02-01,SKU00497,External Brand,Columbia,Lifestyle Apparel,Buyout,41.97,0.053,4.31,2.92,2.45,0.0,0.0,53.87,53.87
2026-02-01,SKU00498,External Brand,Brooks Brothers,Performance Apparel,Buyout,49.69,0.0298,1.2,3.45,2.35,0.0408,14.93,58.17,73.1
2026-02-01,SKU00499,External Brand,New Balance,Kids Apparel,Buyout,45.8,0.0265,1.11,1.35,0.88,0.0,0.0,50.36,50.36
2026-02-01,SKU00500,External Brand,Hoka,Kids Apparel,Consignment,29.73,0.0219,1.6,1.4,0.09,0.0,0.0,33.47,33.47
2026-03-01,SKU00001,External Brand,Reebok Underwear,Basketball Shoes,Buyout,29.42,0.0687,4.3,2.61,0.5,0.0378,21.89,38.86,60.75
2026-03-01,SKU00002,External Brand,Hoka,Bags,Consignment,23.01,0.0444,2.16,1.9,4.0,0.0,0.0,32.08,32.08
2026-03-01,SKU00003,External Brand,Fila,Bags,Buyout,133.95,0.0452,4.5,1.44,4.0,0.0,0.0,149.96,149.96
2026-03-01,SKU00004,External Brand,Puma,Accessories,Consignment,24.72,0.0532,2.41,1.25,0.59,0.0,0.0,30.29,30.29
2026-03-01,SKU00005,External Brand,Nike,Performance Apparel,Buyout,249.21,0.0595,0.95,1.47,2.19,0.0,0.0,268.67,268.67
2026-03-01,SKU00006,External Brand,Asics,Sportswear,Consignment,2.89,0.022,1.15,0.32,2.08,0.0,0.0,6.51,6.51
2026-03-01,SKU00007,External Brand,On Running,Outdoor Apparel,Buyout,92.42,0.0531,4.16,2.24,0.05,0.0,0.0,103.77,103.77
2026-03-01,SKU00008,External Brand,Brooks Brothers,Yoga Apparel,Consignment,14.98,0.0681,2.46,1.96,2.0,0.0488,16.49,22.42,38.91
2026-03-01,SKU00009,External Brand,Reebok Underwear,Accessories,Consignment,20.35,0.0223,1.9,1.7,2.96,0.0385,16.96,27.36,44.33
2026-03-01,SKU00010,External Brand,Fila,Kids Apparel,Consignment,20.29,0.0491,1.4,0.56,2.96,0.0,0.0,26.21,26.21
2026-03-01,SKU00011,External Brand,Champion,Kids Apparel,Buyout,163.2,0.0263,0.64,2.15,0.18,0.0,0.0,170.46,170.46
2026-03-01,SKU00012,External Brand,Under Armour,Yoga Apparel,Buyout,55.43,0.0548,1.44,1.62,0.81,0.0,0.0,62.34,62.34
2026-03-01,SKU00013,External Brand,Reebok Underwear,Outdoor Apparel,Consignment,109.14,0.0599,1.48,3.0,0.31,0.0749,169.81,120.47,290.28
2026-03-01,SKU00014,External Brand,On Running,Underwear,Consignment,6.51,0.0791,0.95,1.36,3.11,0.0,0.0,12.44,12.44
2026-03-01,SKU00015,Himaxx Own,Brand B,Sportswear,Own Brand,155.12,0.062,1.07,0.84,4.37,0.0,0.0,171.02,171.02
2026-03-01,SKU00016,External Brand,Cole Haan,Underwear,Buyout,30.07,0.0341,3.52,3.09,2.32,0.0,0.0,40.02,40.02
2026-03-01,SKU00017,External Brand,Lululemon,Sportswear,Consignment,13.62,0.0418,1.0,2.54,0.66,0.0,0.0,18.38,18.38
2026-03-01,SKU00018,External Brand,Adidas,Training Shoes,Consignment,30.95,0.0648,3.42,1.07,2.17,0.0,0.0,39.62,39.62
2026-03-01,SKU00019,Himaxx Own,Brand A,Bags,Own Brand,52.57,0.0784,1.77,1.73,3.27,0.0,0.0,63.46,63.46
2026-03-01,SKU00020,External Brand,Salomon,Kids Apparel,Consignment,12.97,0.0382,2.59,1.19,0.85,0.0,0.0,18.1,18.1
2026-03-01,SKU00021,External Brand,The North Face,Outdoor Apparel,Buyout,100.62,0.0205,3.37,1.25,3.1,0.0,0.0,110.4,110.4
2026-03-01,SKU00022,External Brand,Reebok Underwear,Outdoor Apparel,Buyout,282.92,0.0262,4.8,1.1,2.04,0.0362,58.62,298.27,356.89
2026-03-01,SKU00023,Himaxx Own,Brand A,Outdoor Apparel,Own Brand,237.34,0.0285,0.84,1.86,8.1,0.0,0.0,254.91,254.91
2026-03-01,SKU00024,External Brand,Nike,Lifestyle Apparel,Consignment,20.65,0.0297,2.74,0.5,2.86,0.0,0.0,27.36,27.36
2026-03-01,SKU00025,External Brand,Under Armour,Performance Apparel,Consignment,44.55,0.0627,4.49,2.0,3.61,0.0,0.0,57.43,57.43
2026-03-01,SKU00026,Himaxx Own,Brand A,Performance Apparel,Own Brand,240.32,0.0492,3.89,2.1,9.35,0.0,0.0,267.47,267.47
2026-03-01,SKU00027,Himaxx Own,Brand A,Performance Apparel,Own Brand,376.08,0.0404,1.99,2.65,5.48,0.0,0.0,401.4,401.4
2026-03-01,SKU00028,External Brand,Asics,Outdoor Apparel,Buyout,180.83,0.063,3.19,0.31,2.59,0.0,0.0,198.31,198.31
2026-03-01,SKU00029,External Brand,Adidas,Bags,Consignment,13.19,0.0663,4.44,1.81,2.19,0.0,0.0,22.5,22.5
2026-03-01,SKU00030,External Brand,Cole Haan,Basketball Shoes,Consignment,54.62,0.0317,1.15,1.66,2.73,0.0,0.0,61.89,61.89
2026-03-01,SKU00031,Himaxx Own,Brand B,Running Shoes,Own Brand,113.54,0.0593,4.76,2.17,12.43,0.0,0.0,139.61,139.61
2026-03-01,SKU00032,External Brand,Cole Haan,Bags,Consignment,31.26,0.0649,1.02,2.02,2.74,0.0,0.0,39.07,39.07
2026-03-01,SKU00033,External Brand,Lululemon,Outdoor Apparel,Consignment,12.3,0.0739,2.5,2.84,1.59,0.0,0.0,20.14,20.14
2026-03-01,SKU00034,External Brand,Lululemon,Yoga Apparel,Consignment,11.99,0.0213,3.45,1.89,2.65,0.0,0.0,20.23,20.23
2026-03-01,SKU00035,External Brand,Reebok Underwear,Performance Apparel,Buyout,105.76,0.0477,3.8,1.06,2.7,0.0667,43.47,118.36,161.82
2026-03-01,SKU00036,Himaxx Own,Brand A,Performance Apparel,Own Brand,258.65,0.0374,3.86,1.49,3.25,0.0,0.0,276.92,276.92
2026-03-01,SKU00037,External Brand,Reebok Underwear,Yoga Apparel,Buyout,88.29,0.0672,4.3,2.39,2.06,0.0437,36.36,102.98,139.33
2026-03-01,SKU00038,External Brand,Lululemon,Training Shoes,Consignment,12.84,0.0299,4.51,2.4,1.08,0.0,0.0,21.21,21.21
2026-03-01,SKU00039,Himaxx Own,Brand B,Yoga Apparel,Own Brand,47.01,0.045,0.77,2.23,8.7,0.0,0.0,60.83,60.83
2026-03-01,SKU00040,External Brand,Adidas,Accessories,Consignment,7.66,0.0273,0.92,2.16,3.52,0.0,0.0,14.46,14.46
2026-03-01,SKU00041,External Brand,Adidas,Yoga Apparel,Consignment,48.2,0.0352,3.15,0.34,2.84,0.0,0.0,56.22,56.22
2026-03-01,SKU00042,External Brand,Cole Haan,Performance Apparel,Consignment,63.3,0.0315,3.16,1.58,2.83,0.0,0.0,72.87,72.87
2026-03-01,SKU00043,Himaxx Own,Brand A,Running Shoes,Own Brand,131.33,0.0549,3.16,1.65,10.17,0.0,0.0,153.51,153.51
2026-03-01,SKU00044,External Brand,On Running,Sportswear,Buyout,89.1,0.0604,1.27,3.33,1.38,0.0,0.0,100.46,100.46
2026-03-01,SKU00045,External Brand,On Running,Kids Apparel,Consignment,37.16,0.0566,0.74,0.46,3.18,0.0,0.0,43.64,43.64
2026-03-01,SKU00046,External Brand,Nike,Performance Apparel,Consignment,15.52,0.0273,1.8,1.58,1.28,0.0,0.0,20.61,20.61
2026-03-01,SKU00047,External Brand,On Running,Running Shoes,Consignment,44.24,0.0693,1.04,1.4,0.54,0.0,0.0,50.28,50.28
2026-03-01,SKU00048,External Brand,Adidas,Sportswear,Consignment,27.07,0.0718,2.41,3.35,3.97,0.0,0.0,38.74,38.74
2026-03-01,SKU00049,External Brand,Asics,Bags,Buyout,138.23,0.0722,4.68,2.54,2.36,0.0,0.0,157.79,157.79
2026-03-01,SKU00050,External Brand,Lululemon,Performance Apparel,Consignment,9.38,0.0212,2.65,2.72,0.44,0.0,0.0,15.38,15.38
2026-03-01,SKU00051,External Brand,Salomon,Sportswear,Buyout,30.67,0.0751,4.75,0.43,3.97,0.0,0.0,42.13,42.13
2026-03-01,SKU00052,Himaxx Own,Brand B,Kids Apparel,Own Brand,53.34,0.0319,3.97,2.28,8.4,0.0,0.0,69.7,69.7
2026-03-01,SKU00053,External Brand,Nike,Basketball Shoes,Consignment,31.34,0.0572,4.53,0.51,3.87,0.0,0.0,42.05,42.05
2026-03-01,SKU00054,External Brand,Adidas,Performance Apparel,Consignment,67.74,0.0555,1.51,1.14,1.63,0.0,0.0,75.78,75.78
2026-03-01,SKU00055,External Brand,Adidas,Underwear,Consignment,7.5,0.0729,2.58,1.49,2.49,0.0,0.0,14.61,14.61
2026-03-01,SKU00056,External Brand,New Balance,Underwear,Buyout,18.75,0.0775,2.52,1.62,3.06,0.0,0.0,27.42,27.42
2026-03-01,SKU00057,Himaxx Own,Brand A,Accessories,Own Brand,39.12,0.0213,2.77,0.65,7.01,0.0,0.0,50.38,50.38
2026-03-01,SKU00058,External Brand,Skechers,Basketball Shoes,Consignment,37.48,0.0272,1.27,1.37,2.7,0.0,0.0,43.84,43.84
2026-03-01,SKU00059,External Brand,Columbia,Outdoor Apparel,Buyout,108.78,0.0225,0.62,2.64,0.55,0.0,0.0,115.04,115.04
2026-03-01,SKU00060,Himaxx Own,Brand A,Outdoor Apparel,Own Brand,74.61,0.02,1.29,0.46,9.5,0.0,0.0,87.35,87.35
2026-03-01,SKU00061,External Brand,Brooks Brothers,Kids Apparel,Consignment,23.92,0.043,3.96,0.78,3.05,0.0711,40.05,32.74,72.79
2026-03-01,SKU00062,External Brand,Salomon,Training Shoes,Consignment,36.34,0.0382,3.19,1.19,3.97,0.0,0.0,46.07,46.07
2026-03-01,SKU00063,External Brand,Puma,Kids Apparel,Buyout,33.42,0.0404,2.53,3.46,0.17,0.0,0.0,40.93,40.93
2026-03-01,SKU00064,External Brand,Reebok Underwear,Training Shoes,Buyout,170.14,0.0743,3.22,0.53,1.95,0.043,63.08,188.47,251.56
2026-03-01,SKU00065,External Brand,Asics,Sportswear,Buyout,50.09,0.0562,0.9,2.13,1.84,0.0,0.0,57.77,57.77
2026-03-01,SKU00066,External Brand,Hoka,Yoga Apparel,Buyout,92.96,0.0451,3.4,2.81,3.25,0.0,0.0,106.62,106.62
2026-03-01,SKU00067,External Brand,Cole Haan,Performance Apparel,Buyout,263.02,0.0752,4.74,2.06,2.26,0.0,0.0,291.85,291.85
2026-03-01,SKU00068,Himaxx Own,Brand B,Yoga Apparel,Own Brand,93.98,0.0511,2.26,0.77,10.68,0.0,0.0,112.49,112.49
2026-03-01,SKU00069,External Brand,Under Armour,Bags,Consignment,8.89,0.0568,3.68,0.69,3.79,0.0,0.0,17.55,17.55
2026-03-01,SKU00070,External Brand,Columbia,Bags,Consignment,55.54,0.0307,0.61,2.92,3.62,0.0,0.0,64.4,64.4
2026-03-01,SKU00071,External Brand,Cole Haan,Kids Apparel,Buyout,67.2,0.0254,1.15,1.71,2.29,0.0,0.0,74.05,74.05
2026-03-01,SKU00072,Himaxx Own,Brand B,Training Shoes,Own Brand,119.58,0.0432,4.78,3.43,8.22,0.0,0.0,141.19,141.19
2026-03-01,SKU00073,External Brand,The North Face,Basketball Shoes,Consignment,32.59,0.0789,2.1,0.68,1.62,0.0,0.0,39.57,39.57
2026-03-01,SKU00074,External Brand,Champion,Outdoor Apparel,Buyout,159.47,0.0291,2.39,2.61,1.47,0.0,0.0,170.57,170.57
2026-03-01,SKU00075,External Brand,Skechers,Training Shoes,Consignment,26.9,0.0532,0.64,1.84,2.37,0.0,0.0,33.17,33.17
2026-03-01,SKU00076,External Brand,Asics,Yoga Apparel,Buyout,99.19,0.0655,2.79,2.34,1.02,0.0,0.0,111.83,111.83
2026-03-01,SKU00077,External Brand,Lululemon,Kids Apparel,Buyout,215.24,0.0308,3.7,2.08,2.14,0.0,0.0,229.81,229.81
2026-03-01,SKU00078,External Brand,Champion,Accessories,Buyout,101.76,0.0609,2.35,2.98,0.24,0.0,0.0,113.53,113.53
2026-03-01,SKU00079,External Brand,Cole Haan,Performance Apparel,Buyout,162.99,0.0217,0.61,1.52,3.55,0.0,0.0,172.21,172.21
2026-03-01,SKU00080,External Brand,Nike,Sportswear,Consignment,51.92,0.0725,1.71,0.59,2.35,0.0,0.0,60.34,60.34
2026-03-01,SKU00081,External Brand,Reebok Underwear,Training Shoes,Consignment,30.5,0.0452,0.57,3.44,1.31,0.0358,39.07,37.2,76.27
2026-03-01,SKU00082,Himaxx Own,Brand B,Basketball Shoes,Own Brand,192.17,0.0271,2.86,1.14,6.26,0.0,0.0,207.63,207.63
2026-03-01,SKU00083,External Brand,Adidas,Underwear,Consignment,25.53,0.0517,2.84,0.38,1.33,0.0,0.0,31.39,31.39
2026-03-01,SKU00084,External Brand,Cole Haan,Kids Apparel,Buyout,33.26,0.0388,3.37,0.63,0.46,0.0,0.0,39.01,39.01
2026-03-01,SKU00085,External Brand,Brooks Brothers,Accessories,Buyout,59.63,0.0508,4.43,1.62,3.25,0.0412,18.15,71.96,90.12
2026-03-01,SKU00086,External Brand,Brooks Brothers,Accessories,Buyout,35.21,0.0482,2.46,0.67,1.54,0.0532,18.32,41.58,59.9
2026-03-01,SKU00087,External Brand,The North Face,Underwear,Consignment,20.43,0.0663,1.67,0.7,2.97,0.0,0.0,27.13,27.13
2026-03-01,SKU00088,External Brand,The North Face,Performance Apparel,Buyout,59.15,0.0465,1.69,0.99,0.19,0.0,0.0,64.78,64.78
2026-03-01,SKU00089,External Brand,Puma,Training Shoes,Buyout,174.95,0.0379,3.18,2.14,3.03,0.0,0.0,189.93,189.93
2026-03-01,SKU00090,External Brand,Cole Haan,Sportswear,Buyout,34.23,0.0704,3.87,1.62,2.65,0.0,0.0,44.77,44.77
2026-03-01,SKU00091,Himaxx Own,Brand B,Outdoor Apparel,Own Brand,184.95,0.0785,2.82,0.54,12.35,0.0,0.0,215.19,215.19
2026-03-01,SKU00092,External Brand,Skechers,Accessories,Buyout,48.61,0.0322,0.6,0.57,2.07,0.0,0.0,53.41,53.41
2026-03-01,SKU00093,External Brand,Columbia,Running Shoes,Consignment,25.35,0.0645,4.52,3.09,1.51,0.0,0.0,36.1,36.1
2026-03-01,SKU00094,External Brand,Cole Haan,Training Shoes,Buyout,55.17,0.0538,4.87,1.34,2.14,0.0,0.0,66.48,66.48
2026-03-01,SKU00095,External Brand,Puma,Lifestyle Apparel,Consignment,47.02,0.0632,3.93,0.96,3.15,0.0,0.0,58.03,58.03
2026-03-01,SKU00096,External Brand,Reebok Underwear,Sportswear,Buyout,139.14,0.0247,3.17,2.51,2.57,0.0752,66.37,150.83,217.2
2026-03-01,SKU00097,External Brand,Nike,Lifestyle Apparel,Consignment,26.36,0.0734,2.37,3.17,2.25,0.0,0.0,36.09,36.09
2026-03-01,SKU00098,External Brand,Reebok Underwear,Bags,Consignment,20.45,0.0446,0.68,1.39,1.8,0.0502,78.2,25.23,103.42
2026-03-01,SKU00099,External Brand,Adidas,Bags,Buyout,95.7,0.0733,1.06,1.27,1.28,0.0,0.0,106.32,106.32
2026-03-01,SKU00100,Himaxx Own,Brand B,Underwear,Own Brand,33.17,0.0668,1.44,2.77,10.09,0.0,0.0,49.68,49.68
2026-03-01,SKU00101,Himaxx Own,Brand B,Underwear,Own Brand,21.4,0.0496,3.73,2.05,13.89,0.0,0.0,42.13,42.13
2026-03-01,SKU00102,External Brand,Lululemon,Outdoor Apparel,Consignment,32.27,0.0251,3.2,0.75,2.03,0.0,0.0,39.06,39.06
2026-03-01,SKU00103,External Brand,Puma,Basketball Shoes,Buyout,89.65,0.0311,2.55,3.3,2.69,0.0,0.0,100.99,100.99
2026-03-01,SKU00104,External Brand,The North Face,Outdoor Apparel,Consignment,35.59,0.0663,2.45,1.58,3.7,0.0,0.0,45.68,45.68
2026-03-01,SKU00105,External Brand,Nike,Performance Apparel,Buyout,124.42,0.0323,1.57,0.37,2.18,0.0,0.0,132.56,132.56
2026-03-01,SKU00106,External Brand,Skechers,Training Shoes,Buyout,78.14,0.0601,1.58,2.43,2.16,0.0,0.0,89.01,89.01
2026-03-01,SKU00107,External Brand,New Balance,Kids Apparel,Buyout,59.48,0.0444,2.22,1.2,3.73,0.0,0.0,69.27,69.27
2026-03-01,SKU00108,Himaxx Own,Brand A,Lifestyle Apparel,Own Brand,91.78,0.0502,3.0,2.06,6.73,0.0,0.0,108.17,108.17
2026-03-01,SKU00109,External Brand,Brooks Brothers,Sportswear,Buyout,68.03,0.0703,2.77,2.17,1.46,0.0703,37.77,79.21,116.97
2026-03-01,SKU00110,External Brand,Nike,Underwear,Consignment,3.69,0.0786,4.0,2.96,2.21,0.0,0.0,13.14,13.14
2026-03-01,SKU00111,External Brand,Puma,Training Shoes,Buyout,51.31,0.0367,1.06,2.76,0.9,0.0,0.0,57.91,57.91
2026-03-01,SKU00112,External Brand,Nike,Sportswear,Consignment,13.48,0.02,4.85,1.59,1.74,0.0,0.0,21.93,21.93
2026-03-01,SKU00113,External Brand,Patagonia,Kids Apparel,Buyout,170.1,0.05,0.65,1.23,3.57,0.0,0.0,184.05,184.05
2026-03-01,SKU00114,External Brand,Adidas,Performance Apparel,Buyout,40.5,0.0311,1.99,2.46,1.73,0.0,0.0,47.93,47.93
2026-03-01,SKU00115,External Brand,Champion,Lifestyle Apparel,Buyout,53.82,0.0528,4.38,0.53,1.42,0.0,0.0,63.0,63.0
2026-03-01,SKU00116,External Brand,Columbia,Yoga Apparel,Buyout,41.88,0.0659,2.92,1.44,2.67,0.0,0.0,51.66,51.66
2026-03-01,SKU00117,External Brand,Cole Haan,Training Shoes,Buyout,63.59,0.0504,3.72,1.46,3.35,0.0,0.0,75.32,75.32
2026-03-01,SKU00118,External Brand,Hoka,Basketball Shoes,Consignment,38.89,0.073,2.31,1.88,2.78,0.0,0.0,48.7,48.7
2026-03-01,SKU00119,External Brand,Columbia,Yoga Apparel,Buyout,217.22,0.0204,4.19,2.96,2.36,0.0,0.0,231.16,231.16
2026-03-01,SKU00120,External Brand,Skechers,Outdoor Apparel,Buyout,192.14,0.0293,3.3,1.87,1.58,0.0,0.0,204.53,204.53
2026-03-01,SKU00121,External Brand,Brooks Brothers,Yoga Apparel,Consignment,15.53,0.0341,1.66,3.26,3.8,0.0653,65.57,24.78,90.36
2026-03-01,SKU00122,External Brand,Champion,Basketball Shoes,Buyout,139.05,0.0325,4.42,3.38,0.46,0.0,0.0,151.82,151.82
2026-03-01,SKU00123,Himaxx Own,Brand A,Lifestyle Apparel,Own Brand,36.34,0.0293,2.89,1.62,7.25,0.0,0.0,49.16,49.16
2026-03-01,SKU00124,External Brand,Patagonia,Running Shoes,Consignment,48.89,0.0567,3.15,1.97,0.06,0.0,0.0,56.85,56.85
2026-03-01,SKU00125,External Brand,Columbia,Running Shoes,Buyout,117.41,0.0723,4.02,2.2,3.58,0.0,0.0,135.7,135.7
2026-03-01,SKU00126,External Brand,Hoka,Basketball Shoes,Consignment,5.28,0.0452,0.57,1.65,2.46,0.0,0.0,10.2,10.2
2026-03-01,SKU00127,External Brand,Skechers,Kids Apparel,Buyout,115.67,0.0696,3.87,2.59,0.97,0.0,0.0,131.15,131.15
2026-03-01,SKU00128,External Brand,Reebok Underwear,Kids Apparel,Consignment,4.37,0.0321,4.81,2.8,0.49,0.0479,8.01,12.61,20.62
2026-03-01,SKU00129,External Brand,Hoka,Training Shoes,Buyout,86.28,0.0794,3.11,0.39,2.21,0.0,0.0,98.84,98.84
2026-03-01,SKU00130,External Brand,Reebok Underwear,Performance Apparel,Consignment,18.75,0.0625,3.4,2.94,0.33,0.0589,25.44,26.59,52.03
2026-03-01,SKU00131,External Brand,Cole Haan,Lifestyle Apparel,Buyout,160.48,0.0542,3.03,2.69,2.03,0.0,0.0,176.93,176.93
2026-03-01,SKU00132,External Brand,Columbia,Running Shoes,Buyout,110.54,0.0212,2.37,2.6,2.4,0.0,0.0,120.26,120.26
2026-03-01,SKU00133,External Brand,Brooks Brothers,Performance Apparel,Buyout,50.85,0.0702,2.56,1.26,2.3,0.051,30.62,60.55,91.16
2026-03-01,SKU00134,External Brand,Reebok Underwear,Lifestyle Apparel,Buyout,60.41,0.0495,2.61,3.11,3.35,0.0399,32.97,72.47,105.45
2026-03-01,SKU00135,Himaxx Own,Brand A,Sportswear,Own Brand,56.76,0.0477,2.4,3.23,9.89,0.0,0.0,75.0,75.0
2026-03-01,SKU00136,External Brand,Patagonia,Sportswear,Buyout,129.22,0.0372,4.45,2.27,0.55,0.0,0.0,141.3,141.3
2026-03-01,SKU00137,External Brand,Nike,Running Shoes,Buyout,210.07,0.0759,3.26,2.36,3.8,0.0,0.0,235.43,235.43
2026-03-01,SKU00138,External Brand,Columbia,Bags,Consignment,13.37,0.0584,4.75,3.26,3.07,0.0,0.0,25.23,25.23
2026-03-01,SKU00139,External Brand,Reebok Underwear,Basketball Shoes,Consignment,41.48,0.034,1.66,2.67,0.31,0.038,46.07,47.53,93.6
2026-03-01,SKU00140,External Brand,Under Armour,Running Shoes,Consignment,27.56,0.0678,1.75,0.57,0.38,0.0,0.0,32.13,32.13
2026-03-01,SKU00141,External Brand,Under Armour,Training Shoes,Consignment,15.02,0.08,4.44,2.44,0.74,0.0,0.0,23.84,23.84
2026-03-01,SKU00142,Himaxx Own,Brand B,Basketball Shoes,Own Brand,95.86,0.0732,2.22,3.43,5.9,0.0,0.0,114.42,114.42
2026-03-01,SKU00143,External Brand,Brooks Brothers,Kids Apparel,Consignment,21.58,0.0259,4.0,1.97,0.81,0.0312,14.14,28.92,43.06
2026-03-01,SKU00144,External Brand,New Balance,Outdoor Apparel,Buyout,76.38,0.0602,1.78,3.2,3.32,0.0,0.0,89.28,89.28
2026-03-01,SKU00145,Himaxx Own,Brand A,Running Shoes,Own Brand,257.58,0.0212,0.98,1.86,12.31,0.0,0.0,278.21,278.21
2026-03-01,SKU00146,External Brand,Fila,Outdoor Apparel,Buyout,149.69,0.055,4.65,1.52,0.36,0.0,0.0,164.46,164.46
2026-03-01,SKU00147,External Brand,Asics,Underwear,Buyout,36.72,0.0371,2.15,0.56,0.64,0.0,0.0,41.44,41.44
2026-03-01,SKU00148,External Brand,Brooks Brothers,Training Shoes,Buyout,99.62,0.0789,4.77,2.38,0.09,0.0582,68.89,114.72,183.6
2026-03-01,SKU00149,External Brand,Cole Haan,Sportswear,Buyout,57.6,0.0587,2.97,0.56,1.12,0.0,0.0,65.64,65.64
2026-03-01,SKU00150,External Brand,Columbia,Lifestyle Apparel,Buyout,102.96,0.0515,3.4,0.82,2.4,0.0,0.0,114.88,114.88
2026-03-01,SKU00151,External Brand,Champion,Performance Apparel,Consignment,31.7,0.0371,0.55,0.59,2.94,0.0,0.0,36.95,36.95
2026-03-01,SKU00152,Himaxx Own,Brand A,Performance Apparel,Own Brand,170.27,0.075,1.23,0.87,9.42,0.0,0.0,194.57,194.57
2026-03-01,SKU00153,Himaxx Own,Brand B,Sportswear,Own Brand,183.74,0.0516,0.79,0.45,12.28,0.0,0.0,206.74,206.74
2026-03-01,SKU00154,Himaxx Own,Brand A,Underwear,Own Brand,64.1,0.0597,2.93,3.25,12.81,0.0,0.0,86.91,86.91
2026-03-01,SKU00155,Himaxx Own,Brand A,Outdoor Apparel,Own Brand,403.89,0.0382,4.44,2.79,4.94,0.0,0.0,431.49,431.49
2026-03-01,SKU00156,External Brand,The North Face,Lifestyle Apparel,Buyout,81.1,0.0403,4.72,1.69,2.45,0.0,0.0,93.23,93.23
2026-03-01,SKU00157,Himaxx Own,Brand A,Accessories,Own Brand,77.11,0.0729,1.33,1.62,7.95,0.0,0.0,93.63,93.63
2026-03-01,SKU00158,External Brand,Cole Haan,Bags,Buyout,84.22,0.073,2.54,2.89,2.83,0.0,0.0,98.62,98.62
2026-03-01,SKU00159,External Brand,Lululemon,Training Shoes,Consignment,69.18,0.0662,3.64,1.86,1.3,0.0,0.0,80.57,80.57
2026-03-01,SKU00160,External Brand,Champion,Bags,Consignment,16.41,0.0773,2.06,3.22,0.2,0.0,0.0,23.15,23.15
2026-03-01,SKU00161,External Brand,New Balance,Outdoor Apparel,Consignment,9.86,0.0366,2.81,2.17,0.59,0.0,0.0,15.79,15.79
2026-03-01,SKU00162,External Brand,Champion,Underwear,Buyout,31.56,0.0335,2.26,2.27,1.74,0.0,0.0,38.89,38.89
2026-03-01,SKU00163,External Brand,Adidas,Outdoor Apparel,Consignment,75.54,0.043,1.26,3.06,0.64,0.0,0.0,83.75,83.75
2026-03-01,SKU00164,External Brand,Adidas,Underwear,Buyout,91.52,0.031,4.53,2.46,1.0,0.0,0.0,102.34,102.34
2026-03-01,SKU00165,Himaxx Own,Brand B,Underwear,Own Brand,110.38,0.0345,3.13,2.29,13.42,0.0,0.0,133.03,133.03
2026-03-01,SKU00166,External Brand,Brooks Brothers,Underwear,Buyout,16.27,0.0721,1.24,1.2,1.25,0.0345,6.21,21.14,27.35
2026-03-01,SKU00167,Himaxx Own,Brand B,Yoga Apparel,Own Brand,208.97,0.0242,3.66,0.55,4.4,0.0,0.0,222.64,222.64
2026-03-01,SKU00168,External Brand,Cole Haan,Sportswear,Buyout,12.19,0.0787,1.07,1.04,2.29,0.0,0.0,17.55,17.55
2026-03-01,SKU00169,Himaxx Own,Brand A,Basketball Shoes,Own Brand,75.32,0.0754,0.89,1.52,3.62,0.0,0.0,87.03,87.03
2026-03-01,SKU00170,External Brand,Nike,Lifestyle Apparel,Buyout,101.36,0.0278,2.74,2.29,1.08,0.0,0.0,110.29,110.29
2026-03-01,SKU00171,External Brand,Brooks Brothers,Sportswear,Consignment,5.27,0.0375,4.2,1.44,2.12,0.0577,25.69,13.23,38.92
2026-03-01,SKU00172,External Brand,Nike,Running Shoes,Consignment,38.06,0.0253,2.22,0.65,1.66,0.0,0.0,43.55,43.55
2026-03-01,SKU00173,External Brand,Champion,Bags,Buyout,31.87,0.0379,1.83,1.63,0.12,0.0,0.0,36.66,36.66
2026-03-01,SKU00174,External Brand,Nike,Yoga Apparel,Consignment,9.97,0.0681,3.32,0.38,2.26,0.0,0.0,16.61,16.61
2026-03-01,SKU00175,External Brand,Under Armour,Sportswear,Consignment,4.06,0.0414,1.81,2.03,1.13,0.0,0.0,9.19,9.19
2026-03-01,SKU00176,External Brand,Salomon,Underwear,Buyout,118.2,0.0672,4.29,2.67,2.09,0.0,0.0,135.2,135.2
2026-03-01,SKU00177,External Brand,Brooks Brothers,Lifestyle Apparel,Buyout,87.57,0.0418,0.96,0.93,3.93,0.0632,57.95,97.06,155.01
2026-03-01,SKU00178,External Brand,Puma,Training Shoes,Buyout,161.82,0.0513,0.86,1.8,3.68,0.0,0.0,176.47,176.47
2026-03-01,SKU00179,External Brand,Brooks Brothers,Kids Apparel,Buyout,18.62,0.0372,1.8,2.46,0.3,0.0505,11.59,23.87,35.46
2026-03-01,SKU00180,External Brand,Skechers,Underwear,Consignment,25.63,0.0376,0.87,2.87,1.63,0.0,0.0,31.97,31.97
2026-03-01,SKU00181,Himaxx Own,Brand A,Training Shoes,Own Brand,283.92,0.0708,3.78,0.68,14.76,0.0,0.0,323.25,323.25
2026-03-01,SKU00182,External Brand,The North Face,Basketball Shoes,Buyout,260.54,0.0557,4.36,2.34,0.2,0.0,0.0,281.95,281.95
2026-03-01,SKU00183,External Brand,Adidas,Bags,Consignment,17.15,0.0786,2.56,3.49,3.02,0.0,0.0,27.57,27.57
2026-03-01,SKU00184,External Brand,The North Face,Kids Apparel,Buyout,207.68,0.0321,0.98,1.6,2.74,0.0,0.0,219.67,219.67
2026-03-01,SKU00185,External Brand,Adidas,Outdoor Apparel,Buyout,104.93,0.0455,4.93,2.7,0.44,0.0,0.0,117.77,117.77
2026-03-01,SKU00186,External Brand,New Balance,Sportswear,Consignment,15.43,0.0264,4.28,1.41,3.8,0.0,0.0,25.33,25.33
2026-03-01,SKU00187,External Brand,New Balance,Sportswear,Consignment,9.74,0.0236,3.55,0.89,2.4,0.0,0.0,16.8,16.8
2026-03-01,SKU00188,Himaxx Own,Brand B,Basketball Shoes,Own Brand,160.26,0.0246,4.14,2.66,5.64,0.0,0.0,176.64,176.64
2026-03-01,SKU00189,External Brand,Salomon,Basketball Shoes,Buyout,93.13,0.0399,4.98,0.57,3.06,0.0,0.0,105.46,105.46
2026-03-01,SKU00190,External Brand,Reebok Underwear,Running Shoes,Buyout,251.73,0.0416,4.41,1.85,2.59,0.0644,106.47,271.04,377.52
2026-03-01,SKU00191,External Brand,Under Armour,Basketball Shoes,Consignment,32.03,0.0563,4.11,0.42,1.41,0.0,0.0,39.78,39.78
2026-03-01,SKU00192,Himaxx Own,Brand B,Training Shoes,Own Brand,67.65,0.0558,4.54,0.89,13.5,0.0,0.0,90.36,90.36
2026-03-01,SKU00193,External Brand,Salomon,Running Shoes,Buyout,215.36,0.0578,1.26,1.89,0.64,0.0,0.0,231.6,231.6
2026-03-01,SKU00194,External Brand,Puma,Kids Apparel,Buyout,50.76,0.0467,0.89,2.58,3.37,0.0,0.0,59.98,59.98
2026-03-01,SKU00195,External Brand,Brooks Brothers,Bags,Buyout,123.12,0.0324,0.53,2.69,0.76,0.0541,79.02,131.09,210.11
2026-03-01,SKU00196,External Brand,Asics,Accessories,Consignment,4.88,0.0323,3.2,2.32,2.35,0.0,0.0,12.9,12.9
2026-03-01,SKU00197,External Brand,Adidas,Sportswear,Consignment,9.85,0.0214,1.15,0.53,2.71,0.0,0.0,14.46,14.46
2026-03-01,SKU00198,External Brand,Adidas,Running Shoes,Consignment,43.68,0.0648,2.42,1.77,2.12,0.0,0.0,52.82,52.82
2026-03-01,SKU00199,External Brand,Patagonia,Accessories,Buyout,33.79,0.0665,3.7,1.07,2.53,0.0,0.0,43.34,43.34
2026-03-01,SKU00200,External Brand,Nike,Basketball Shoes,Buyout,168.19,0.0348,3.08,3.36,0.84,0.0,0.0,181.33,181.33
2026-03-01,SKU00201,External Brand,Brooks Brothers,Underwear,Buyout,9.2,0.0471,1.13,1.4,0.14,0.0492,4.98,12.3,17.28
2026-03-01,SKU00202,External Brand,Reebok Underwear,Outdoor Apparel,Buyout,92.4,0.0708,1.56,2.34,0.5,0.0516,44.4,103.34,147.74
2026-03-01,SKU00203,External Brand,Under Armour,Outdoor Apparel,Buyout,155.26,0.0339,1.54,0.49,0.22,0.0,0.0,162.78,162.78
2026-03-01,SKU00204,External Brand,Skechers,Accessories,Buyout,59.51,0.0386,3.2,1.05,1.88,0.0,0.0,67.93,67.93
2026-03-01,SKU00205,External Brand,On Running,Sportswear,Consignment,2.43,0.0569,2.83,2.47,2.01,0.0,0.0,9.87,9.87
2026-03-01,SKU00206,External Brand,Skechers,Running Shoes,Buyout,87.13,0.0544,4.68,2.51,0.73,0.0,0.0,99.79,99.79
2026-03-01,SKU00207,External Brand,Patagonia,Sportswear,Buyout,21.02,0.0345,1.0,1.37,3.07,0.0,0.0,27.18,27.18
2026-03-01,SKU00208,External Brand,Adidas,Training Shoes,Consignment,39.62,0.0703,0.55,2.9,2.69,0.0,0.0,48.56,48.56
2026-03-01,SKU00209,External Brand,Skechers,Yoga Apparel,Consignment,12.1,0.0409,2.12,3.34,3.73,0.0,0.0,21.79,21.79
2026-03-01,SKU00210,External Brand,Asics,Yoga Apparel,Consignment,5.57,0.0536,3.14,3.05,3.37,0.0,0.0,15.42,15.42
2026-03-01,SKU00211,External Brand,Cole Haan,Lifestyle Apparel,Buyout,64.59,0.0237,4.73,0.38,2.74,0.0,0.0,73.97,73.97
2026-03-01,SKU00212,External Brand,Lululemon,Basketball Shoes,Buyout,78.69,0.0466,3.48,2.54,3.76,0.0,0.0,92.14,92.14
2026-03-01,SKU00213,External Brand,Adidas,Lifestyle Apparel,Consignment,22.98,0.0431,4.03,1.15,3.74,0.0,0.0,32.89,32.89
2026-03-01,SKU00214,External Brand,Skechers,Bags,Consignment,30.55,0.0618,0.83,2.28,2.77,0.0,0.0,38.32,38.32
2026-03-01,SKU00215,Himaxx Own,Brand A,Underwear,Own Brand,136.97,0.0329,3.09,0.73,12.71,0.0,0.0,158.02,158.02
2026-03-01,SKU00216,External Brand,Columbia,Training Shoes,Buyout,68.7,0.0349,3.18,1.14,0.3,0.0,0.0,75.71,75.71
2026-03-01,SKU00217,External Brand,Nike,Underwear,Consignment,27.34,0.0564,3.22,3.21,2.68,0.0,0.0,37.99,37.99
2026-03-01,SKU00218,External Brand,Nike,Yoga Apparel,Consignment,10.5,0.0585,0.97,0.86,3.62,0.0,0.0,16.56,16.56
2026-03-01,SKU00219,External Brand,Adidas,Lifestyle Apparel,Buyout,148.02,0.0383,0.59,1.55,2.04,0.0,0.0,157.88,157.88
2026-03-01,SKU00220,External Brand,Nike,Accessories,Consignment,5.2,0.075,1.3,0.57,3.95,0.0,0.0,11.41,11.41
2026-03-01,SKU00221,External Brand,On Running,Accessories,Consignment,32.94,0.0264,1.48,1.6,0.02,0.0,0.0,36.91,36.91
2026-03-01,SKU00222,External Brand,Reebok Underwear,Training Shoes,Consignment,38.48,0.0703,1.4,2.37,1.13,0.0742,58.69,46.08,104.78
2026-03-01,SKU00223,Himaxx Own,Brand A,Basketball Shoes,Own Brand,209.11,0.0214,2.09,1.71,12.76,0.0,0.0,230.15,230.15
2026-03-01,SKU00224,External Brand,Under Armour,Accessories,Buyout,10.54,0.0615,2.2,2.24,0.01,0.0,0.0,15.64,15.64
2026-03-01,SKU00225,External Brand,Champion,Performance Apparel,Buyout,217.2,0.0443,2.98,0.49,0.59,0.0,0.0,230.88,230.88
2026-03-01,SKU00226,Himaxx Own,Brand B,Basketball Shoes,Own Brand,275.9,0.0726,0.88,3.34,9.1,0.0,0.0,309.27,309.27
2026-03-01,SKU00227,External Brand,Champion,Kids Apparel,Buyout,41.93,0.0733,0.62,1.2,3.6,0.0,0.0,50.42,50.42
2026-03-01,SKU00228,External Brand,Cole Haan,Accessories,Buyout,24.92,0.0315,3.01,1.82,1.77,0.0,0.0,32.3,32.3
2026-03-01,SKU00229,Himaxx Own,Brand B,Training Shoes,Own Brand,250.67,0.0396,0.83,0.99,14.26,0.0,0.0,276.66,276.66
2026-03-01,SKU00230,External Brand,Salomon,Yoga Apparel,Consignment,12.49,0.0738,3.77,3.49,3.63,0.0,0.0,24.31,24.31
2026-03-01,SKU00231,External Brand,Puma,Basketball Shoes,Buyout,132.53,0.0717,4.64,2.07,0.65,0.0,0.0,149.4,149.4
2026-03-01,SKU00232,External Brand,Reebok Underwear,Sportswear,Consignment,24.12,0.0362,4.34,2.28,3.99,0.0407,23.86,35.6,59.45
2026-03-01,SKU00233,Himaxx Own,Brand A,Bags,Own Brand,205.77,0.0777,1.26,2.37,6.77,0.0,0.0,232.17,232.17
2026-03-01,SKU00234,External Brand,New Balance,Accessories,Buyout,69.71,0.05,1.14,1.4,3.1,0.0,0.0,78.84,78.84
2026-03-01,SKU00235,Himaxx Own,Brand B,Underwear,Own Brand,53.17,0.0551,4.99,1.91,9.48,0.0,0.0,72.48,72.48
2026-03-01,SKU00236,External Brand,Adidas,Kids Apparel,Consignment,7.67,0.0626,3.24,2.16,1.4,0.0,0.0,14.96,14.96
2026-03-01,SKU00237,External Brand,Puma,Yoga Apparel,Consignment,10.71,0.0698,4.77,1.49,3.07,0.0,0.0,20.78,20.78
2026-03-01,SKU00238,External Brand,Puma,Lifestyle Apparel,Consignment,9.08,0.0528,1.51,0.74,0.68,0.0,0.0,12.48,12.48
2026-03-01,SKU00239,External Brand,On Running,Lifestyle Apparel,Consignment,19.8,0.0741,1.41,2.5,1.48,0.0,0.0,26.65,26.65
2026-03-01,SKU00240,External Brand,Columbia,Bags,Buyout,58.07,0.0249,0.78,2.37,0.41,0.0,0.0,63.07,63.07
2026-03-01,SKU00241,External Brand,Reebok Underwear,Performance Apparel,Buyout,48.43,0.0337,1.8,2.46,1.39,0.0475,18.7,55.71,74.41
2026-03-01,SKU00242,External Brand,Skechers,Basketball Shoes,Buyout,160.05,0.0481,1.3,0.6,2.86,0.0,0.0,172.51,172.51
2026-03-01,SKU00243,Himaxx Own,Brand B,Accessories,Own Brand,97.42,0.0261,1.03,3.13,8.9,0.0,0.0,113.02,113.02
2026-03-01,SKU00244,External Brand,Reebok Underwear,Underwear,Consignment,7.4,0.0536,4.7,1.28,2.67,0.0724,32.1,16.45,48.55
2026-03-01,SKU00245,Himaxx Own,Brand A,Kids Apparel,Own Brand,30.48,0.0208,3.68,0.91,7.76,0.0,0.0,43.46,43.46
2026-03-01,SKU00246,External Brand,Reebok Underwear,Accessories,Buyout,44.23,0.0434,4.23,2.76,0.22,0.0742,19.0,53.36,72.36
2026-03-01,SKU00247,External Brand,Cole Haan,Lifestyle Apparel,Buyout,121.61,0.0526,2.94,0.34,3.13,0.0,0.0,134.42,134.42
2026-03-01,SKU00248,External Brand,Adidas,Kids Apparel,Buyout,30.6,0.033,3.6,0.75,3.86,0.0,0.0,39.83,39.83
2026-03-01,SKU00249,External Brand,Brooks Brothers,Running Shoes,Buyout,58.48,0.0787,1.42,1.69,0.64,0.0399,17.11,66.83,83.95
2026-03-01,SKU00250,External Brand,Under Armour,Running Shoes,Buyout,62.34,0.0326,4.28,1.96,1.09,0.0,0.0,71.7,71.7
2026-03-01,SKU00251,External Brand,Nike,Bags,Consignment,29.87,0.0701,1.87,0.47,3.34,0.0,0.0,37.64,37.64
2026-03-01,SKU00252,External Brand,Asics,Training Shoes,Consignment,42.18,0.0465,4.65,0.76,2.28,0.0,0.0,51.82,51.82
2026-03-01,SKU00253,External Brand,Asics,Sportswear,Consignment,43.17,0.069,3.19,1.48,0.98,0.0,0.0,51.8,51.8
2026-03-01,SKU00254,External Brand,Fila,Lifestyle Apparel,Consignment,10.62,0.0498,2.74,0.69,0.97,0.0,0.0,15.55,15.55
2026-03-01,SKU00255,External Brand,Skechers,Outdoor Apparel,Buyout,180.19,0.0541,4.32,2.86,1.65,0.0,0.0,198.77,198.77
2026-03-01,SKU00256,Himaxx Own,Brand B,Training Shoes,Own Brand,197.83,0.0758,3.95,1.16,11.21,0.0,0.0,229.14,229.14
2026-03-01,SKU00257,Himaxx Own,Brand B,Yoga Apparel,Own Brand,47.87,0.0279,4.08,3.4,12.82,0.0,0.0,69.51,69.51
2026-03-01,SKU00258,External Brand,Under Armour,Yoga Apparel,Consignment,23.82,0.0539,1.09,2.09,2.02,0.0,0.0,30.31,30.31
2026-03-01,SKU00259,Himaxx Own,Brand A,Outdoor Apparel,Own Brand,176.98,0.052,3.23,0.32,12.68,0.0,0.0,202.42,202.42
2026-03-01,SKU00260,Himaxx Own,Brand A,Running Shoes,Own Brand,224.78,0.0747,2.03,2.98,3.81,0.0,0.0,250.39,250.39
2026-03-01,SKU00261,External Brand,Patagonia,Running Shoes,Buyout,111.01,0.0483,1.31,1.64,0.89,0.0,0.0,120.22,120.22
2026-03-01,SKU00262,External Brand,Under Armour,Bags,Consignment,29.62,0.0705,1.88,1.67,0.59,0.0,0.0,35.85,35.85
2026-03-01,SKU00263,External Brand,Champion,Sportswear,Buyout,107.84,0.0668,4.89,1.84,3.7,0.0,0.0,125.47,125.47
2026-03-01,SKU00264,External Brand,Puma,Performance Apparel,Buyout,38.61,0.0507,2.26,2.35,0.08,0.0,0.0,45.26,45.26
2026-03-01,SKU00265,External Brand,New Balance,Running Shoes,Buyout,122.68,0.06,3.19,1.57,3.8,0.0,0.0,138.6,138.6
2026-03-01,SKU00266,External Brand,Nike,Bags,Consignment,26.07,0.0269,0.92,2.2,1.87,0.0,0.0,31.77,31.77
2026-03-01,SKU00267,External Brand,Puma,Basketball Shoes,Buyout,33.57,0.0296,0.84,2.13,0.5,0.0,0.0,38.03,38.03
2026-03-01,SKU00268,External Brand,Under Armour,Performance Apparel,Buyout,367.5,0.0404,4.81,1.79,1.3,0.0,0.0,390.24,390.24
2026-03-01,SKU00269,External Brand,Salomon,Basketball Shoes,Buyout,149.79,0.0294,4.34,1.32,0.09,0.0,0.0,159.95,159.95
2026-03-01,SKU00270,External Brand,The North Face,Underwear,Buyout,39.16,0.0763,4.48,0.42,2.53,0.0,0.0,49.58,49.58
2026-03-01,SKU00271,External Brand,Asics,Outdoor Apparel,Buyout,215.23,0.0663,4.63,2.53,0.49,0.0,0.0,237.15,237.15
2026-03-01,SKU00272,Himaxx Own,Brand A,Lifestyle Apparel,Own Brand,88.51,0.0541,3.25,1.15,9.81,0.0,0.0,107.5,107.5
2026-03-01,SKU00273,External Brand,The North Face,Basketball Shoes,Buyout,180.52,0.0777,1.74,2.53,2.74,0.0,0.0,201.56,201.56
2026-03-01,SKU00274,External Brand,Reebok Underwear,Underwear,Buyout,32.07,0.0417,2.15,0.52,0.4,0.0419,9.66,36.47,46.13
2026-03-01,SKU00275,External Brand,Skechers,Outdoor Apparel,Buyout,295.55,0.0618,4.58,1.64,1.87,0.0,0.0,321.91,321.91
2026-03-01,SKU00276,External Brand,New Balance,Lifestyle Apparel,Consignment,24.07,0.0626,3.59,0.73,1.03,0.0,0.0,30.93,30.93
2026-03-01,SKU00277,External Brand,Cole Haan,Underwear,Buyout,45.58,0.0447,3.51,3.34,2.78,0.0,0.0,57.24,57.24
2026-03-01,SKU00278,External Brand,Champion,Running Shoes,Buyout,94.64,0.0622,1.07,0.92,0.71,0.0,0.0,103.23,103.23
2026-03-01,SKU00279,External Brand,Columbia,Yoga Apparel,Buyout,7.69,0.0609,1.94,2.49,2.66,0.0,0.0,15.24,15.24
2026-03-01,SKU00280,External Brand,Salomon,Running Shoes,Buyout,116.43,0.0708,1.49,0.54,0.98,0.0,0.0,127.68,127.68
2026-03-01,SKU00281,External Brand,Hoka,Underwear,Buyout,59.19,0.0752,3.82,1.22,0.17,0.0,0.0,68.85,68.85
2026-03-01,SKU00282,External Brand,Adidas,Performance Apparel,Consignment,75.85,0.0298,3.86,0.87,2.53,0.0,0.0,85.37,85.37
2026-03-01,SKU00283,External Brand,Cole Haan,Lifestyle Apparel,Buyout,67.24,0.0732,2.48,1.45,0.59,0.0,0.0,76.68,76.68
2026-03-01,SKU00284,External Brand,Adidas,Underwear,Consignment,24.83,0.0478,2.43,1.56,0.26,0.0,0.0,30.27,30.27
2026-03-01,SKU00285,External Brand,Hoka,Lifestyle Apparel,Consignment,4.84,0.0229,2.39,2.18,3.7,0.0,0.0,13.22,13.22
2026-03-01,SKU00286,External Brand,Brooks Brothers,Accessories,Consignment,14.9,0.0614,2.22,2.97,1.58,0.0339,13.04,22.58,35.63
2026-03-01,SKU00287,External Brand,Under Armour,Yoga Apparel,Consignment,6.05,0.0706,4.98,1.6,3.48,0.0,0.0,16.53,16.53
2026-03-01,SKU00288,External Brand,Lululemon,Outdoor Apparel,Buyout,339.0,0.0454,1.42,2.59,0.43,0.0,0.0,358.82,358.82
2026-03-01,SKU00289,Himaxx Own,Brand A,Lifestyle Apparel,Own Brand,135.23,0.0672,4.19,0.4,6.78,0.0,0.0,155.7,155.7
2026-03-01,SKU00290,Himaxx Own,Brand B,Lifestyle Apparel,Own Brand,24.81,0.0687,1.91,2.14,12.06,0.0,0.0,42.62,42.62
2026-03-01,SKU00291,External Brand,Brooks Brothers,Kids Apparel,Consignment,13.59,0.0763,2.71,1.76,2.34,0.0495,64.12,21.43,85.55
2026-03-01,SKU00292,External Brand,New Balance,Kids Apparel,Buyout,103.26,0.0745,1.91,1.2,1.46,0.0,0.0,115.51,115.51
2026-03-01,SKU00293,External Brand,Under Armour,Lifestyle Apparel,Buyout,132.37,0.0447,3.55,1.42,2.42,0.0,0.0,145.68,145.68
2026-03-01,SKU00294,External Brand,Nike,Performance Apparel,Consignment,28.8,0.0331,2.49,3.13,3.24,0.0,0.0,38.62,38.62
2026-03-01,SKU00295,External Brand,Cole Haan,Underwear,Buyout,64.19,0.0637,4.98,0.65,0.32,0.0,0.0,74.23,74.23
2026-03-01,SKU00296,External Brand,On Running,Performance Apparel,Buyout,228.08,0.0748,2.83,2.56,1.54,0.0,0.0,252.07,252.07
2026-03-01,SKU00297,External Brand,Puma,Performance Apparel,Buyout,296.2,0.0276,2.7,2.95,2.27,0.0,0.0,312.29,312.29
2026-03-01,SKU00298,Himaxx Own,Brand A,Underwear,Own Brand,32.53,0.0274,2.17,3.2,3.22,0.0,0.0,42.01,42.01
2026-03-01,SKU00299,External Brand,Puma,Yoga Apparel,Buyout,160.79,0.0627,2.5,2.19,3.23,0.0,0.0,178.79,178.79
2026-03-01,SKU00300,Himaxx Own,Brand A,Kids Apparel,Own Brand,106.54,0.0299,1.07,1.78,8.13,0.0,0.0,120.71,120.71
2026-03-01,SKU00301,External Brand,Lululemon,Outdoor Apparel,Consignment,51.41,0.0788,4.81,2.87,1.44,0.0,0.0,64.58,64.58
2026-03-01,SKU00302,External Brand,Cole Haan,Training Shoes,Buyout,81.0,0.0396,2.29,1.39,2.14,0.0,0.0,90.04,90.04
2026-03-01,SKU00303,External Brand,Adidas,Lifestyle Apparel,Consignment,7.58,0.0717,4.95,2.4,1.97,0.0,0.0,17.44,17.44
2026-03-01,SKU00304,External Brand,Hoka,Outdoor Apparel,Buyout,128.59,0.0625,3.01,3.43,1.01,0.0,0.0,144.07,144.07
2026-03-01,SKU00305,External Brand,New Balance,Training Shoes,Buyout,160.83,0.0559,2.75,0.64,2.35,0.0,0.0,175.57,175.57
2026-03-01,SKU00306,External Brand,Salomon,Lifestyle Apparel,Buyout,179.71,0.0767,2.71,1.09,2.37,0.0,0.0,199.66,199.66
2026-03-01,SKU00307,External Brand,Adidas,Running Shoes,Consignment,45.2,0.0581,2.55,0.91,2.02,0.0,0.0,53.31,53.31
2026-03-01,SKU00308,External Brand,Champion,Lifestyle Apparel,Consignment,15.47,0.048,0.65,1.25,1.31,0.0,0.0,19.43,19.43
2026-03-01,SKU00309,External Brand,New Balance,Bags,Buyout,148.68,0.0408,2.98,2.18,2.07,0.0,0.0,161.97,161.97
2026-03-01,SKU00310,External Brand,Skechers,Accessories,Buyout,58.78,0.0622,0.77,1.45,0.15,0.0,0.0,64.8,64.8
2026-03-01,SKU00311,External Brand,Patagonia,Training Shoes,Buyout,255.25,0.0541,3.15,2.83,0.77,0.0,0.0,275.81,275.81
2026-03-01,SKU00312,External Brand,Reebok Underwear,Lifestyle Apparel,Consignment,7.82,0.0495,1.91,0.53,1.09,0.0566,8.92,11.73,20.65
2026-03-01,SKU00313,External Brand,On Running,Performance Apparel,Consignment,50.41,0.0482,2.28,2.15,1.18,0.0,0.0,58.46,58.46
2026-03-01,SKU00314,External Brand,Cole Haan,Performance Apparel,Consignment,49.67,0.0379,4.45,3.15,3.5,0.0,0.0,62.65,62.65
2026-03-01,SKU00315,External Brand,Under Armour,Training Shoes,Buyout,76.08,0.0328,2.93,1.77,3.62,0.0,0.0,86.89,86.89
2026-03-01,SKU00316,Himaxx Own,Brand A,Lifestyle Apparel,Own Brand,51.63,0.0668,1.77,2.06,12.79,0.0,0.0,71.69,71.69
2026-03-01,SKU00317,External Brand,On Running,Underwear,Consignment,8.11,0.0659,2.73,1.37,2.35,0.0,0.0,15.1,15.1
2026-03-01,SKU00318,External Brand,Asics,Training Shoes,Buyout,64.12,0.0332,1.26,0.35,2.6,0.0,0.0,70.45,70.45
2026-03-01,SKU00319,External Brand,The North Face,Yoga Apparel,Buyout,89.67,0.0291,2.36,2.47,2.66,0.0,0.0,99.76,99.76
2026-03-01,SKU00320,External Brand,Columbia,Kids Apparel,Consignment,4.13,0.0501,0.76,3.33,1.39,0.0,0.0,9.82,9.82
2026-03-01,SKU00321,External Brand,Skechers,Sportswear,Buyout,26.16,0.0387,2.94,1.38,0.87,0.0,0.0,32.35,32.35
2026-03-01,SKU00322,Himaxx Own,Brand A,Bags,Own Brand,49.79,0.0643,4.28,1.53,8.65,0.0,0.0,67.45,67.45
2026-03-01,SKU00323,External Brand,The North Face,Bags,Consignment,51.27,0.0677,3.38,2.63,1.69,0.0,0.0,62.43,62.43
2026-03-01,SKU00324,External Brand,Fila,Outdoor Apparel,Buyout,45.65,0.0272,1.29,2.01,1.83,0.0,0.0,52.01,52.01
2026-03-01,SKU00325,External Brand,Under Armour,Lifestyle Apparel,Buyout,89.99,0.0684,4.98,2.59,2.07,0.0,0.0,105.79,105.79
2026-03-01,SKU00326,External Brand,New Balance,Running Shoes,Buyout,65.56,0.064,1.85,3.14,3.56,0.0,0.0,78.29,78.29
2026-03-01,SKU00327,External Brand,Salomon,Accessories,Buyout,49.37,0.031,4.88,2.81,2.48,0.0,0.0,61.08,61.08
2026-03-01,SKU00328,External Brand,Lululemon,Running Shoes,Consignment,42.58,0.0786,4.55,2.11,3.67,0.0,0.0,56.26,56.26
2026-03-01,SKU00329,External Brand,Columbia,Bags,Consignment,38.24,0.0706,3.72,1.27,3.78,0.0,0.0,49.71,49.71
2026-03-01,SKU00330,External Brand,Adidas,Kids Apparel,Buyout,64.92,0.0405,2.94,0.57,1.97,0.0,0.0,73.03,73.03
2026-03-01,SKU00331,External Brand,Brooks Brothers,Yoga Apparel,Buyout,35.28,0.0505,1.42,1.82,0.1,0.039,17.53,40.4,57.93
2026-03-01,SKU00332,External Brand,Under Armour,Yoga Apparel,Buyout,130.81,0.0333,4.7,0.59,1.71,0.0,0.0,142.18,142.18
2026-03-01,SKU00333,Himaxx Own,Brand B,Accessories,Own Brand,17.38,0.08,1.02,3.48,4.48,0.0,0.0,27.75,27.75
2026-03-01,SKU00334,External Brand,Champion,Outdoor Apparel,Buyout,192.6,0.058,0.99,2.38,0.41,0.0,0.0,207.56,207.56
2026-03-01,SKU00335,External Brand,Adidas,Sportswear,Consignment,8.41,0.0383,1.48,2.34,3.35,0.0,0.0,15.9,15.9
2026-03-01,SKU00336,External Brand,Cole Haan,Running Shoes,Buyout,83.6,0.0654,0.96,0.88,1.37,0.0,0.0,92.27,92.27
2026-03-01,SKU00337,Himaxx Own,Brand A,Outdoor Apparel,Own Brand,210.52,0.0229,2.98,3.5,11.61,0.0,0.0,233.44,233.44
2026-03-01,SKU00338,External Brand,Brooks Brothers,Basketball Shoes,Buyout,165.77,0.0774,1.24,1.8,2.29,0.0441,49.41,183.93,233.34
2026-03-01,SKU00339,Himaxx Own,Brand A,Training Shoes,Own Brand,79.63,0.0569,2.37,2.9,9.0,0.0,0.0,98.43,98.43
2026-03-01,SKU00340,External Brand,The North Face,Running Shoes,Buyout,201.89,0.0217,3.39,3.09,1.93,0.0,0.0,214.66,214.66
2026-03-01,SKU00341,External Brand,Adidas,Basketball Shoes,Consignment,14.17,0.0691,1.6,1.52,3.48,0.0,0.0,21.76,21.76
2026-03-01,SKU00342,External Brand,Champion,Accessories,Buyout,71.55,0.0294,3.08,0.74,0.55,0.0,0.0,78.03,78.03
2026-03-01,SKU00343,External Brand,Cole Haan,Outdoor Apparel,Buyout,69.86,0.0568,3.16,2.67,1.54,0.0,0.0,81.2,81.2
2026-03-01,SKU00344,External Brand,Lululemon,Underwear,Consignment,21.41,0.0369,2.55,3.12,3.5,0.0,0.0,31.36,31.36
2026-03-01,SKU00345,External Brand,New Balance,Running Shoes,Consignment,17.83,0.0396,4.71,0.34,0.75,0.0,0.0,24.34,24.34
2026-03-01,SKU00346,External Brand,Salomon,Kids Apparel,Buyout,139.4,0.054,1.11,0.55,1.25,0.0,0.0,149.84,149.84
2026-03-01,SKU00347,External Brand,Skechers,Kids Apparel,Buyout,51.3,0.0299,3.82,0.92,1.81,0.0,0.0,59.38,59.38
2026-03-01,SKU00348,External Brand,Hoka,Outdoor Apparel,Consignment,42.96,0.0416,2.37,1.62,3.97,0.0,0.0,52.71,52.71
2026-03-01,SKU00349,External Brand,Brooks Brothers,Lifestyle Apparel,Buyout,40.57,0.0769,3.36,2.95,2.09,0.0416,16.8,52.08,68.88
2026-03-01,SKU00350,External Brand,Columbia,Accessories,Consignment,22.18,0.068,4.04,1.26,3.07,0.0,0.0,32.06,32.06
2026-03-01,SKU00351,External Brand,Nike,Kids Apparel,Consignment,6.35,0.0341,4.8,3.22,2.78,0.0,0.0,17.37,17.37
2026-03-01,SKU00352,Himaxx Own,Brand B,Accessories,Own Brand,130.01,0.0265,1.95,3.06,6.57,0.0,0.0,145.04,145.04
2026-03-01,SKU00353,External Brand,On Running,Bags,Consignment,4.55,0.0385,4.95,2.37,0.21,0.0,0.0,12.26,12.26
2026-03-01,SKU00354,External Brand,Patagonia,Sportswear,Buyout,117.54,0.0436,1.08,2.44,2.33,0.0,0.0,128.52,128.52
2026-03-01,SKU00355,External Brand,Hoka,Yoga Apparel,Consignment,50.48,0.0359,4.12,1.49,2.7,0.0,0.0,60.61,60.61
2026-03-01,SKU00356,Himaxx Own,Brand B,Running Shoes,Own Brand,258.2,0.0392,4.86,2.11,10.85,0.0,0.0,286.14,286.14
2026-03-01,SKU00357,External Brand,The North Face,Lifestyle Apparel,Buyout,47.5,0.0299,1.53,1.59,3.51,0.0,0.0,55.55,55.55
2026-03-01,SKU00358,External Brand,Reebok Underwear,Performance Apparel,Buyout,190.2,0.0383,3.67,2.86,0.95,0.047,72.65,204.97,277.61
2026-03-01,SKU00359,Himaxx Own,Brand B,Basketball Shoes,Own Brand,98.61,0.0728,0.86,2.27,12.33,0.0,0.0,121.25,121.25
2026-03-01,SKU00360,External Brand,Salomon,Running Shoes,Buyout,262.78,0.0436,1.84,3.25,3.91,0.0,0.0,283.24,283.24
2026-03-01,SKU00361,External Brand,The North Face,Accessories,Buyout,14.07,0.0477,3.97,2.52,1.59,0.0,0.0,22.82,22.82
2026-03-01,SKU00362,External Brand,Brooks Brothers,Outdoor Apparel,Buyout,202.77,0.0262,1.38,0.92,2.5,0.06,107.49,212.87,320.36
2026-03-01,SKU00363,External Brand,Under Armour,Accessories,Buyout,49.29,0.0654,2.25,2.35,2.35,0.0,0.0,59.47,59.47
2026-03-01,SKU00364,Himaxx Own,Brand A,Outdoor Apparel,Own Brand,173.85,0.0598,4.96,0.65,4.01,0.0,0.0,193.86,193.86
2026-03-01,SKU00365,External Brand,On Running,Performance Apparel,Consignment,10.75,0.0405,1.16,3.5,0.8,0.0,0.0,16.65,16.65
2026-03-01,SKU00366,Himaxx Own,Brand B,Kids Apparel,Own Brand,87.38,0.0225,1.03,2.93,5.75,0.0,0.0,99.06,99.06
2026-03-01,SKU00367,External Brand,Adidas,Yoga Apparel,Consignment,5.14,0.0384,2.65,3.04,0.28,0.0,0.0,11.31,11.31
2026-03-01,SKU00368,External Brand,Puma,Sportswear,Buyout,86.35,0.0617,3.48,1.44,0.89,0.0,0.0,97.49,97.49
2026-03-01,SKU00369,External Brand,Adidas,Bags,Consignment,12.06,0.0638,1.96,1.13,2.95,0.0,0.0,18.88,18.88
2026-03-01,SKU00370,External Brand,Hoka,Sportswear,Buyout,63.17,0.0618,3.62,1.84,2.98,0.0,0.0,75.52,75.52
2026-03-01,SKU00371,Himaxx Own,Brand A,Sportswear,Own Brand,188.98,0.0402,0.64,2.11,7.17,0.0,0.0,206.49,206.49
2026-03-01,SKU00372,External Brand,Under Armour,Kids Apparel,Consignment,26.72,0.0557,2.44,1.59,3.59,0.0,0.0,35.82,35.82
2026-03-01,SKU00373,External Brand,New Balance,Outdoor Apparel,Buyout,214.71,0.0732,4.83,3.27,1.12,0.0,0.0,239.65,239.65
2026-03-01,SKU00374,External Brand,Asics,Sportswear,Buyout,61.25,0.0572,2.24,0.53,0.47,0.0,0.0,68.0,68.0
2026-03-01,SKU00375,External Brand,Salomon,Lifestyle Apparel,Buyout,41.92,0.0443,1.33,2.75,3.04,0.0,0.0,50.89,50.89
2026-03-01,SKU00376,External Brand,Puma,Sportswear,Consignment,40.68,0.0377,3.09,2.98,2.62,0.0,0.0,50.9,50.9
2026-03-01,SKU00377,External Brand,Reebok Underwear,Kids Apparel,Consignment,14.74,0.0341,1.7,3.49,3.92,0.0423,15.53,24.35,39.88
2026-03-01,SKU00378,External Brand,Cole Haan,Sportswear,Buyout,38.28,0.0619,2.34,2.57,3.5,0.0,0.0,49.06,49.06
2026-03-01,SKU00379,Himaxx Own,Brand B,Kids Apparel,Own Brand,150.52,0.0621,0.7,0.76,14.84,0.0,0.0,176.17,176.17
2026-03-01,SKU00380,External Brand,Cole Haan,Performance Apparel,Buyout,124.75,0.037,2.47,0.35,2.16,0.0,0.0,134.34,134.34
2026-03-01,SKU00381,External Brand,Columbia,Accessories,Buyout,24.76,0.0563,1.74,0.63,2.41,0.0,0.0,30.93,30.93
2026-03-01,SKU00382,External Brand,Fila,Training Shoes,Buyout,230.31,0.025,2.23,1.53,1.67,0.0,0.0,241.51,241.51
2026-03-01,SKU00383,External Brand,Puma,Running Shoes,Buyout,83.45,0.0386,3.38,1.62,3.07,0.0,0.0,94.74,94.74
2026-03-01,SKU00384,External Brand,Fila,Running Shoes,Consignment,13.05,0.0368,3.1,2.24,2.77,0.0,0.0,21.64,21.64
2026-03-01,SKU00385,External Brand,Reebok Underwear,Outdoor Apparel,Buyout,261.1,0.0395,3.35,1.59,3.87,0.0652,127.38,280.22,407.61
2026-03-01,SKU00386,External Brand,Lululemon,Basketball Shoes,Buyout,96.32,0.062,3.7,3.43,2.19,0.0,0.0,111.62,111.62
2026-03-01,SKU00387,External Brand,Puma,Performance Apparel,Buyout,272.86,0.0285,3.26,3.16,3.87,0.0,0.0,290.92,290.92
2026-03-01,SKU00388,Himaxx Own,Brand B,Kids Apparel,Own Brand,18.62,0.0499,1.0,0.78,7.4,0.0,0.0,28.73,28.73
2026-03-01,SKU00389,External Brand,Skechers,Lifestyle Apparel,Buyout,36.81,0.0242,2.72,1.7,3.04,0.0,0.0,45.15,45.15
2026-03-01,SKU00390,External Brand,Adidas,Yoga Apparel,Buyout,66.38,0.0718,1.5,2.32,1.55,0.0,0.0,76.52,76.52
2026-03-01,SKU00391,External Brand,Adidas,Basketball Shoes,Consignment,21.31,0.0622,3.11,2.75,3.89,0.0,0.0,32.38,32.38
2026-03-01,SKU00392,External Brand,Under Armour,Training Shoes,Consignment,25.99,0.0506,4.03,2.15,1.83,0.0,0.0,35.32,35.32
2026-03-01,SKU00393,Himaxx Own,Brand B,Accessories,Own Brand,76.07,0.0715,4.92,2.5,4.51,0.0,0.0,93.44,93.44
2026-03-01,SKU00394,External Brand,Nike,Outdoor Apparel,Consignment,35.89,0.0405,3.99,3.05,1.07,0.0,0.0,45.45,45.45
2026-03-01,SKU00395,Himaxx Own,Brand B,Kids Apparel,Own Brand,111.44,0.0608,2.16,1.15,14.03,0.0,0.0,135.56,135.56
2026-03-01,SKU00396,External Brand,Adidas,Training Shoes,Buyout,225.47,0.0251,4.12,1.7,1.94,0.0,0.0,238.89,238.89
2026-03-01,SKU00397,External Brand,Asics,Underwear,Consignment,11.85,0.0736,0.65,1.12,0.16,0.0,0.0,14.65,14.65
2026-03-01,SKU00398,External Brand,Lululemon,Sportswear,Buyout,162.0,0.0441,2.1,1.11,1.17,0.0,0.0,173.53,173.53
2026-03-01,SKU00399,External Brand,Asics,Performance Apparel,Consignment,32.69,0.0286,2.68,1.41,0.99,0.0,0.0,38.71,38.71
2026-03-01,SKU00400,External Brand,Hoka,Sportswear,Buyout,24.18,0.0238,0.72,3.32,0.84,0.0,0.0,29.64,29.64
2026-03-01,SKU00401,External Brand,Reebok Underwear,Yoga Apparel,Buyout,92.98,0.0736,0.86,1.94,1.37,0.0421,24.71,103.99,128.7
2026-03-01,SKU00402,External Brand,Puma,Performance Apparel,Buyout,161.19,0.0716,2.09,1.64,3.8,0.0,0.0,180.25,180.25
2026-03-01,SKU00403,External Brand,Nike,Outdoor Apparel,Consignment,14.58,0.073,1.2,2.96,0.18,0.0,0.0,19.99,19.99
2026-03-01,SKU00404,External Brand,Lululemon,Accessories,Consignment,11.06,0.0221,3.54,2.68,3.81,0.0,0.0,21.34,21.34
2026-03-01,SKU00405,External Brand,Under Armour,Performance Apparel,Consignment,43.62,0.0687,4.64,2.64,2.1,0.0,0.0,56.0,56.0
2026-03-01,SKU00406,External Brand,Cole Haan,Running Shoes,Buyout,120.94,0.0405,3.07,0.66,2.6,0.0,0.0,132.16,132.16
2026-03-01,SKU00407,Himaxx Own,Brand B,Performance Apparel,Own Brand,101.03,0.0731,1.69,2.07,10.83,0.0,0.0,123.0,123.0
2026-03-01,SKU00408,Himaxx Own,Brand A,Performance Apparel,Own Brand,286.03,0.0751,0.86,2.58,12.65,0.0,0.0,323.61,323.61
2026-03-01,SKU00409,External Brand,Puma,Yoga Apparel,Consignment,22.97,0.0577,4.19,3.13,1.79,0.0,0.0,33.41,33.41
2026-03-01,SKU00410,Himaxx Own,Brand B,Sportswear,Own Brand,183.95,0.0523,0.77,2.74,6.31,0.0,0.0,203.38,203.38
2026-03-01,SKU00411,External Brand,New Balance,Running Shoes,Buyout,274.18,0.0382,3.0,3.31,2.98,0.0,0.0,293.93,293.93
2026-03-01,SKU00412,External Brand,Cole Haan,Training Shoes,Buyout,57.87,0.0715,1.06,3.29,1.18,0.0,0.0,67.53,67.53
2026-03-01,SKU00413,External Brand,The North Face,Training Shoes,Buyout,167.45,0.0607,2.15,2.21,3.16,0.0,0.0,185.13,185.13
2026-03-01,SKU00414,External Brand,Cole Haan,Training Shoes,Buyout,135.2,0.0593,2.98,2.41,1.79,0.0,0.0,150.4,150.4
2026-03-01,SKU00415,External Brand,Brooks Brothers,Kids Apparel,Buyout,88.54,0.0746,3.57,0.86,3.67,0.0351,35.54,103.23,138.78
2026-03-01,SKU00416,External Brand,Fila,Outdoor Apparel,Consignment,33.75,0.0796,2.09,3.12,2.21,0.0,0.0,43.86,43.86
2026-03-01,SKU00417,External Brand,Asics,Kids Apparel,Consignment,34.7,0.0574,3.05,0.47,0.02,0.0,0.0,40.22,40.22
2026-03-01,SKU00418,External Brand,The North Face,Training Shoes,Consignment,28.34,0.0369,0.64,1.56,3.85,0.0,0.0,35.44,35.44
2026-03-01,SKU00419,External Brand,Lululemon,Yoga Apparel,Consignment,29.85,0.0263,4.72,0.39,0.82,0.0,0.0,36.57,36.57
2026-03-01,SKU00420,External Brand,Salomon,Underwear,Buyout,24.53,0.0389,4.19,2.14,3.53,0.0,0.0,35.35,35.35
2026-03-01,SKU00421,External Brand,Cole Haan,Bags,Buyout,16.56,0.0497,0.51,2.07,3.76,0.0,0.0,23.72,23.72
2026-03-01,SKU00422,External Brand,Nike,Bags,Consignment,17.13,0.0352,0.97,3.31,0.72,0.0,0.0,22.73,22.73
2026-03-01,SKU00423,External Brand,Salomon,Underwear,Buyout,89.8,0.0709,4.82,2.89,1.56,0.0,0.0,105.43,105.43
2026-03-01,SKU00424,External Brand,Asics,Underwear,Buyout,74.49,0.0605,2.15,2.64,3.83,0.0,0.0,87.62,87.62
2026-03-01,SKU00425,External Brand,New Balance,Lifestyle Apparel,Buyout,45.96,0.0273,3.37,1.0,2.34,0.0,0.0,53.92,53.92
2026-03-01,SKU00426,External Brand,Cole Haan,Lifestyle Apparel,Buyout,16.28,0.0589,3.21,2.33,0.47,0.0,0.0,23.24,23.24
2026-03-01,SKU00427,External Brand,Salomon,Kids Apparel,Buyout,74.16,0.0449,3.11,1.24,0.72,0.0,0.0,82.56,82.56
2026-03-01,SKU00428,External Brand,Asics,Sportswear,Consignment,18.23,0.0343,2.11,1.26,1.31,0.0,0.0,23.54,23.54
2026-03-01,SKU00429,External Brand,Patagonia,Training Shoes,Consignment,20.62,0.0376,1.12,1.52,3.43,0.0,0.0,27.46,27.46
2026-03-01,SKU00430,Himaxx Own,Brand A,Performance Apparel,Own Brand,208.12,0.0767,0.59,0.71,4.47,0.0,0.0,229.85,229.85
2026-03-01,SKU00431,External Brand,Nike,Training Shoes,Buyout,250.14,0.0623,2.29,3.12,3.19,0.0,0.0,274.31,274.31
2026-03-01,SKU00432,External Brand,Puma,Yoga Apparel,Consignment,56.66,0.0495,2.58,1.18,0.59,0.0,0.0,63.81,63.81
2026-03-01,SKU00433,External Brand,Puma,Yoga Apparel,Buyout,49.27,0.0539,4.3,2.78,1.93,0.0,0.0,60.93,60.93
2026-03-01,SKU00434,External Brand,Nike,Kids Apparel,Buyout,89.17,0.045,3.78,1.18,0.36,0.0,0.0,98.51,98.51
2026-03-01,SKU00435,External Brand,New Balance,Outdoor Apparel,Buyout,91.24,0.0454,4.59,1.64,3.31,0.0,0.0,104.92,104.92
2026-03-01,SKU00436,Himaxx Own,Brand A,Outdoor Apparel,Own Brand,87.44,0.041,3.5,3.09,11.99,0.0,0.0,109.6,109.6
2026-03-01,SKU00437,External Brand,Salomon,Accessories,Buyout,51.04,0.0696,1.05,3.29,1.59,0.0,0.0,60.52,60.52
2026-03-01,SKU00438,External Brand,Fila,Running Shoes,Buyout,77.44,0.0589,2.95,3.2,3.06,0.0,0.0,91.21,91.21
2026-03-01,SKU00439,External Brand,On Running,Bags,Buyout,241.73,0.0739,0.69,0.44,2.95,0.0,0.0,263.68,263.68
2026-03-01,SKU00440,External Brand,New Balance,Basketball Shoes,Buyout,129.57,0.0705,2.32,2.29,2.03,0.0,0.0,145.35,145.35
2026-03-01,SKU00441,External Brand,Nike,Basketball Shoes,Consignment,5.96,0.0749,4.14,1.43,1.59,0.0,0.0,13.57,13.57
2026-03-01,SKU00442,External Brand,Under Armour,Lifestyle Apparel,Buyout,31.4,0.0601,3.13,0.42,0.45,0.0,0.0,37.28,37.28
2026-03-01,SKU00443,External Brand,Reebok Underwear,Kids Apparel,Consignment,14.75,0.0415,1.36,1.02,1.95,0.0339,18.57,19.7,38.27
2026-03-01,SKU00444,External Brand,Skechers,Basketball Shoes,Consignment,35.43,0.036,1.4,1.07,0.19,0.0,0.0,39.37,39.37
2026-03-01,SKU00445,Himaxx Own,Brand B,Underwear,Own Brand,47.71,0.0579,2.89,2.64,3.39,0.0,0.0,59.38,59.38
2026-03-01,SKU00446,External Brand,Reebok Underwear,Training Shoes,Consignment,18.43,0.0443,2.02,1.01,3.6,0.0626,74.72,25.87,100.59
2026-03-01,SKU00447,Himaxx Own,Brand B,Running Shoes,Own Brand,128.05,0.0422,2.95,1.65,6.22,0.0,0.0,144.27,144.27
2026-03-01,SKU00448,External Brand,Nike,Yoga Apparel,Consignment,13.45,0.0365,2.24,2.44,1.38,0.0,0.0,20.0,20.0
2026-03-01,SKU00449,External Brand,Puma,Underwear,Buyout,48.88,0.0637,4.92,3.45,3.0,0.0,0.0,63.36,63.36
2026-03-01,SKU00450,External Brand,Adidas,Accessories,Buyout,86.68,0.0405,2.71,1.17,1.15,0.0,0.0,95.23,95.23
2026-03-01,SKU00451,Himaxx Own,Brand B,Sportswear,Own Brand,71.25,0.0262,4.63,2.98,13.87,0.0,0.0,94.61,94.61
2026-03-01,SKU00452,External Brand,Patagonia,Bags,Consignment,14.99,0.0221,2.85,0.37,3.98,0.0,0.0,22.53,22.53
2026-03-01,SKU00453,External Brand,Under Armour,Accessories,Buyout,12.15,0.0416,1.72,1.86,1.79,0.0,0.0,18.03,18.03
2026-03-01,SKU00454,External Brand,Adidas,Performance Apparel,Consignment,30.59,0.0452,4.07,1.6,2.42,0.0,0.0,40.06,40.06
2026-03-01,SKU00455,External Brand,Cole Haan,Performance Apparel,Buyout,211.7,0.0482,1.66,2.12,1.91,0.0,0.0,227.61,227.61
2026-03-01,SKU00456,External Brand,Fila,Running Shoes,Buyout,95.53,0.0551,3.21,0.53,2.57,0.0,0.0,107.11,107.11
2026-03-01,SKU00457,External Brand,New Balance,Basketball Shoes,Consignment,9.41,0.0744,2.7,2.17,1.04,0.0,0.0,16.02,16.02
2026-03-01,SKU00458,External Brand,The North Face,Lifestyle Apparel,Buyout,59.82,0.0609,2.76,2.43,0.69,0.0,0.0,69.34,69.34
2026-03-01,SKU00459,External Brand,Salomon,Performance Apparel,Consignment,52.71,0.0798,3.67,1.92,0.56,0.0,0.0,63.06,63.06
2026-03-01,SKU00460,External Brand,Patagonia,Lifestyle Apparel,Buyout,81.49,0.0458,1.02,2.67,3.82,0.0,0.0,92.73,92.73
2026-03-01,SKU00461,Himaxx Own,Brand A,Outdoor Apparel,Own Brand,301.18,0.0231,2.57,1.42,6.0,0.0,0.0,318.14,318.14
2026-03-01,SKU00462,Himaxx Own,Brand A,Sportswear,Own Brand,207.37,0.0312,4.52,1.94,5.94,0.0,0.0,226.23,226.23
2026-03-01,SKU00463,External Brand,Skechers,Basketball Shoes,Consignment,22.48,0.0632,0.7,2.37,1.89,0.0,0.0,28.86,28.86
2026-03-01,SKU00464,External Brand,Reebok Underwear,Accessories,Buyout,39.96,0.0291,1.83,1.44,2.85,0.0753,36.8,47.25,84.04
2026-03-01,SKU00465,External Brand,Under Armour,Training Shoes,Consignment,30.99,0.0423,1.65,0.42,1.47,0.0,0.0,35.84,35.84
2026-03-01,SKU00466,External Brand,Champion,Accessories,Buyout,77.14,0.0483,4.29,2.1,2.62,0.0,0.0,89.88,89.88
2026-03-01,SKU00467,External Brand,Cole Haan,Kids Apparel,Buyout,28.4,0.0282,4.2,3.4,0.33,0.0,0.0,37.13,37.13
2026-03-01,SKU00468,External Brand,Brooks Brothers,Performance Apparel,Buyout,264.24,0.0453,2.98,1.47,3.6,0.0515,89.97,284.27,374.24
2026-03-01,SKU00469,External Brand,New Balance,Lifestyle Apparel,Consignment,39.17,0.0653,2.66,1.03,3.14,0.0,0.0,48.56,48.56
2026-03-01,SKU00470,External Brand,Fila,Bags,Buyout,251.01,0.0304,2.73,3.18,0.06,0.0,0.0,264.6,264.6
2026-03-01,SKU00471,External Brand,Brooks Brothers,Outdoor Apparel,Buyout,247.74,0.0692,1.45,0.53,3.18,0.073,145.64,270.03,415.67
2026-03-01,SKU00472,Himaxx Own,Brand A,Performance Apparel,Own Brand,40.18,0.0276,2.52,3.15,9.07,0.0,0.0,56.03,56.03
2026-03-01,SKU00473,External Brand,Puma,Running Shoes,Consignment,27.6,0.0617,4.95,2.3,3.96,0.0,0.0,40.51,40.51
2026-03-01,SKU00474,External Brand,Nike,Running Shoes,Consignment,28.84,0.0692,1.4,2.97,1.1,0.0,0.0,36.31,36.31
2026-03-01,SKU00475,Himaxx Own,Brand A,Basketball Shoes,Own Brand,209.55,0.0289,3.17,3.36,7.91,0.0,0.0,230.04,230.04
2026-03-01,SKU00476,External Brand,New Balance,Training Shoes,Buyout,100.39,0.0558,2.75,1.29,3.08,0.0,0.0,113.1,113.1
2026-03-01,SKU00477,Himaxx Own,Brand B,Accessories,Own Brand,82.22,0.0337,1.54,2.94,11.44,0.0,0.0,100.91,100.91
2026-03-01,SKU00478,External Brand,Columbia,Basketball Shoes,Buyout,188.75,0.0609,3.12,1.71,3.05,0.0,0.0,208.13,208.13
2026-03-01,SKU00479,External Brand,Nike,Running Shoes,Buyout,159.27,0.0766,4.09,1.71,3.48,0.0,0.0,180.76,180.76
2026-03-01,SKU00480,External Brand,Adidas,Running Shoes,Consignment,8.98,0.0765,2.94,2.22,0.82,0.0,0.0,15.65,15.65
2026-03-01,SKU00481,External Brand,New Balance,Yoga Apparel,Buyout,155.34,0.0694,1.27,0.39,1.87,0.0,0.0,169.65,169.65
2026-03-01,SKU00482,External Brand,Columbia,Accessories,Consignment,8.74,0.0741,2.75,2.17,0.18,0.0,0.0,14.49,14.49
2026-03-01,SKU00483,External Brand,Adidas,Performance Apparel,Buyout,173.33,0.0329,4.1,1.67,0.41,0.0,0.0,185.2,185.2
2026-03-01,SKU00484,Himaxx Own,Brand A,Basketball Shoes,Own Brand,226.84,0.0367,4.29,3.06,9.48,0.0,0.0,252.0,252.0
2026-03-01,SKU00485,External Brand,Columbia,Yoga Apparel,Consignment,5.82,0.0337,3.06,2.35,0.18,0.0,0.0,11.61,11.61
2026-03-01,SKU00486,External Brand,Lululemon,Yoga Apparel,Buyout,48.98,0.0405,1.02,2.73,1.82,0.0,0.0,56.54,56.54
2026-03-01,SKU00487,External Brand,New Balance,Outdoor Apparel,Consignment,60.1,0.0523,3.1,0.54,1.13,0.0,0.0,68.01,68.01
2026-03-01,SKU00488,External Brand,Adidas,Yoga Apparel,Consignment,19.81,0.0376,4.83,2.36,3.77,0.0,0.0,31.52,31.52
2026-03-01,SKU00489,External Brand,Puma,Accessories,Buyout,78.22,0.0682,2.72,2.24,1.57,0.0,0.0,90.09,90.09
2026-03-01,SKU00490,External Brand,Columbia,Running Shoes,Buyout,97.33,0.0343,2.79,1.69,3.96,0.0,0.0,109.1,109.1
2026-03-01,SKU00491,External Brand,Adidas,Accessories,Consignment,10.64,0.0641,3.08,1.19,1.42,0.0,0.0,17.01,17.01
2026-03-01,SKU00492,External Brand,Lululemon,Kids Apparel,Buyout,23.45,0.0315,2.71,1.68,2.89,0.0,0.0,31.47,31.47
2026-03-01,SKU00493,External Brand,New Balance,Performance Apparel,Buyout,236.72,0.0307,2.43,2.06,0.27,0.0,0.0,248.73,248.73
2026-03-01,SKU00494,External Brand,Hoka,Lifestyle Apparel,Buyout,87.61,0.0644,4.78,0.83,0.01,0.0,0.0,98.87,98.87
2026-03-01,SKU00495,External Brand,Nike,Underwear,Consignment,14.96,0.0338,2.88,1.07,1.47,0.0,0.0,20.88,20.88
2026-03-01,SKU00496,External Brand,Cole Haan,Performance Apparel,Buyout,67.52,0.0472,0.86,2.46,2.74,0.0,0.0,76.77,76.77
2026-03-01,SKU00497,External Brand,Columbia,Lifestyle Apparel,Buyout,41.97,0.0528,4.13,0.49,2.66,0.0,0.0,51.48,51.48
2026-03-01,SKU00498,External Brand,Brooks Brothers,Performance Apparel,Buyout,49.69,0.0312,0.69,2.47,1.81,0.0371,13.58,56.21,69.79
2026-03-01,SKU00499,External Brand,New Balance,Kids Apparel,Buyout,45.8,0.0532,3.55,0.97,1.6,0.0,0.0,54.35,54.35
2026-03-01,SKU00500,External Brand,Hoka,Kids Apparel,Consignment,29.73,0.054,2.47,1.61,2.03,0.0,0.0,37.44,37.44
2026-04-01,SKU00001,External Brand,Reebok Underwear,Basketball Shoes,Buyout,29.42,0.0503,1.85,0.31,2.08,0.0781,45.18,35.14,80.31
2026-04-01,SKU00002,External Brand,Hoka,Bags,Consignment,23.01,0.0783,4.91,2.66,1.39,0.0,0.0,33.77,33.77
2026-04-01,SKU00003,External Brand,Fila,Bags,Buyout,133.95,0.032,3.59,3.04,0.52,0.0,0.0,145.39,145.39
2026-04-01,SKU00004,External Brand,Puma,Accessories,Consignment,24.72,0.0225,1.27,0.65,0.75,0.0,0.0,27.95,27.95
2026-04-01,SKU00005,External Brand,Nike,Performance Apparel,Buyout,249.21,0.0715,2.56,2.29,0.92,0.0,0.0,272.81,272.81
2026-04-01,SKU00006,External Brand,Asics,Sportswear,Consignment,2.89,0.0575,3.8,3.46,3.69,0.0,0.0,14.0,14.0
2026-04-01,SKU00007,External Brand,On Running,Outdoor Apparel,Buyout,92.42,0.0357,1.97,1.49,0.23,0.0,0.0,99.4,99.4
2026-04-01,SKU00008,External Brand,Brooks Brothers,Yoga Apparel,Consignment,14.98,0.0669,1.39,0.8,3.22,0.0304,10.27,21.39,31.66
2026-04-01,SKU00009,External Brand,Reebok Underwear,Accessories,Consignment,20.35,0.0696,4.77,1.58,3.11,0.0564,24.89,31.24,56.12
2026-04-01,SKU00010,External Brand,Fila,Kids Apparel,Consignment,20.29,0.0773,1.19,2.27,0.26,0.0,0.0,25.58,25.58
2026-04-01,SKU00011,External Brand,Champion,Kids Apparel,Buyout,163.2,0.0248,0.92,2.79,1.48,0.0,0.0,172.45,172.45
2026-04-01,SKU00012,External Brand,Under Armour,Yoga Apparel,Buyout,55.43,0.0419,2.44,2.58,1.2,0.0,0.0,63.96,63.96
2026-04-01,SKU00013,External Brand,Reebok Underwear,Outdoor Apparel,Consignment,109.14,0.0388,4.57,2.35,3.0,0.0517,117.3,123.3,240.6
2026-04-01,SKU00014,External Brand,On Running,Underwear,Consignment,6.51,0.0629,2.27,2.98,0.7,0.0,0.0,12.87,12.87
2026-04-01,SKU00015,Himaxx Own,Brand B,Sportswear,Own Brand,155.12,0.0771,1.89,3.17,13.14,0.0,0.0,185.29,185.29
2026-04-01,SKU00016,External Brand,Cole Haan,Underwear,Buyout,30.07,0.0634,2.09,2.54,1.4,0.0,0.0,38.0,38.0
2026-04-01,SKU00017,External Brand,Lululemon,Sportswear,Consignment,13.62,0.0698,0.85,1.2,3.43,0.0,0.0,20.05,20.05
2026-04-01,SKU00018,External Brand,Adidas,Training Shoes,Consignment,30.95,0.0244,3.99,1.32,2.14,0.0,0.0,39.15,39.15
2026-04-01,SKU00019,Himaxx Own,Brand A,Bags,Own Brand,52.57,0.0353,4.22,2.68,5.28,0.0,0.0,66.61,66.61
2026-04-01,SKU00020,External Brand,Salomon,Kids Apparel,Consignment,12.97,0.0783,0.85,1.64,0.33,0.0,0.0,16.8,16.8
2026-04-01,SKU00021,External Brand,The North Face,Outdoor Apparel,Buyout,100.62,0.075,1.03,3.13,0.32,0.0,0.0,112.64,112.64
2026-04-01,SKU00022,External Brand,Reebok Underwear,Outdoor Apparel,Buyout,282.92,0.0363,4.41,1.4,2.49,0.0326,52.78,301.49,354.27
2026-04-01,SKU00023,Himaxx Own,Brand A,Outdoor Apparel,Own Brand,237.34,0.0695,4.07,3.13,13.03,0.0,0.0,274.06,274.06
2026-04-01,SKU00024,External Brand,Nike,Lifestyle Apparel,Consignment,20.65,0.041,2.74,0.46,0.64,0.0,0.0,25.33,25.33
2026-04-01,SKU00025,External Brand,Under Armour,Performance Apparel,Consignment,44.55,0.058,3.37,2.45,3.88,0.0,0.0,56.84,56.84
2026-04-01,SKU00026,Himaxx Own,Brand A,Performance Apparel,Own Brand,240.32,0.0508,2.51,2.81,9.05,0.0,0.0,266.9,266.9
2026-04-01,SKU00027,Himaxx Own,Brand A,Performance Apparel,Own Brand,376.08,0.0725,2.95,2.75,10.01,0.0,0.0,419.07,419.07
2026-04-01,SKU00028,External Brand,Asics,Outdoor Apparel,Buyout,180.83,0.0796,2.93,3.22,3.71,0.0,0.0,205.08,205.08
2026-04-01,SKU00029,External Brand,Adidas,Bags,Consignment,13.19,0.0611,0.8,2.46,2.85,0.0,0.0,20.11,20.11
2026-04-01,SKU00030,External Brand,Cole Haan,Basketball Shoes,Consignment,54.62,0.0535,4.19,2.64,0.68,0.0,0.0,65.04,65.04
2026-04-01,SKU00031,Himaxx Own,Brand B,Running Shoes,Own Brand,113.54,0.0644,2.58,0.74,12.28,0.0,0.0,136.45,136.45
2026-04-01,SKU00032,External Brand,Cole Haan,Bags,Consignment,31.26,0.0231,0.61,1.03,3.74,0.0,0.0,37.35,37.35
2026-04-01,SKU00033,External Brand,Lululemon,Outdoor Apparel,Consignment,12.3,0.0357,2.06,1.63,0.79,0.0,0.0,17.23,17.23
2026-04-01,SKU00034,External Brand,Lululemon,Yoga Apparel,Consignment,11.99,0.0446,1.33,2.31,2.56,0.0,0.0,18.72,18.72
2026-04-01,SKU00035,External Brand,Reebok Underwear,Performance Apparel,Buyout,105.76,0.0469,4.57,2.23,0.24,0.0695,45.29,117.75,163.05
2026-04-01,SKU00036,Himaxx Own,Brand A,Performance Apparel,Own Brand,258.65,0.0701,4.55,2.77,8.93,0.0,0.0,293.05,293.05
2026-04-01,SKU00037,External Brand,Reebok Underwear,Yoga Apparel,Buyout,88.29,0.0492,1.65,1.1,3.57,0.0461,38.36,98.95,137.31
2026-04-01,SKU00038,External Brand,Lululemon,Training Shoes,Consignment,12.84,0.05,2.46,0.94,2.72,0.0,0.0,19.61,19.61
2026-04-01,SKU00039,Himaxx Own,Brand B,Yoga Apparel,Own Brand,47.01,0.0677,4.92,0.31,14.04,0.0,0.0,69.46,69.46
2026-04-01,SKU00040,External Brand,Adidas,Accessories,Consignment,7.66,0.0254,1.74,0.47,3.44,0.0,0.0,13.5,13.5
2026-04-01,SKU00041,External Brand,Adidas,Yoga Apparel,Consignment,48.2,0.045,1.49,1.73,2.23,0.0,0.0,55.81,55.81
2026-04-01,SKU00042,External Brand,Cole Haan,Performance Apparel,Consignment,63.3,0.0242,1.4,0.36,3.35,0.0,0.0,69.94,69.94
2026-04-01,SKU00043,Himaxx Own,Brand A,Running Shoes,Own Brand,131.33,0.0693,0.89,2.17,8.28,0.0,0.0,151.76,151.76
2026-04-01,SKU00044,External Brand,On Running,Sportswear,Buyout,89.1,0.0731,3.5,2.45,0.33,0.0,0.0,101.9,101.9
2026-04-01,SKU00045,External Brand,On Running,Kids Apparel,Consignment,37.16,0.0584,3.27,1.58,1.4,0.0,0.0,45.57,45.57
2026-04-01,SKU00046,External Brand,Nike,Performance Apparel,Consignment,15.52,0.06,1.49,0.96,3.23,0.0,0.0,22.12,22.12
2026-04-01,SKU00047,External Brand,On Running,Running Shoes,Consignment,44.24,0.0782,1.86,2.41,1.17,0.0,0.0,53.15,53.15
2026-04-01,SKU00048,External Brand,Adidas,Sportswear,Consignment,27.07,0.0739,3.7,1.85,1.08,0.0,0.0,35.7,35.7
2026-04-01,SKU00049,External Brand,Asics,Bags,Buyout,138.23,0.0446,1.01,0.47,2.45,0.0,0.0,148.32,148.32
2026-04-01,SKU00050,External Brand,Lululemon,Performance Apparel,Consignment,9.38,0.0556,1.76,1.17,2.79,0.0,0.0,15.63,15.63
2026-04-01,SKU00051,External Brand,Salomon,Sportswear,Buyout,30.67,0.0691,4.54,0.37,0.5,0.0,0.0,38.19,38.19
2026-04-01,SKU00052,Himaxx Own,Brand B,Kids Apparel,Own Brand,53.34,0.0636,0.54,3.25,14.38,0.0,0.0,74.89,74.89
2026-04-01,SKU00053,External Brand,Nike,Basketball Shoes,Consignment,31.34,0.0533,2.84,2.89,2.3,0.0,0.0,41.04,41.04
2026-04-01,SKU00054,External Brand,Adidas,Performance Apparel,Consignment,67.74,0.0795,4.19,3.26,0.28,0.0,0.0,80.85,80.85
2026-04-01,SKU00055,External Brand,Adidas,Underwear,Consignment,7.5,0.046,0.56,1.9,0.91,0.0,0.0,11.22,11.22
2026-04-01,SKU00056,External Brand,New Balance,Underwear,Buyout,18.75,0.0777,1.19,3.38,0.28,0.0,0.0,25.06,25.06
2026-04-01,SKU00057,Himaxx Own,Brand A,Accessories,Own Brand,39.12,0.0676,4.47,3.26,9.16,0.0,0.0,58.65,58.65
2026-04-01,SKU00058,External Brand,Skechers,Basketball Shoes,Consignment,37.48,0.0551,1.49,2.88,3.56,0.0,0.0,47.47,47.47
2026-04-01,SKU00059,External Brand,Columbia,Outdoor Apparel,Buyout,108.78,0.0246,1.46,3.24,3.13,0.0,0.0,119.29,119.29
2026-04-01,SKU00060,Himaxx Own,Brand A,Outdoor Apparel,Own Brand,74.61,0.046,2.66,0.71,14.89,0.0,0.0,96.29,96.29
2026-04-01,SKU00061,External Brand,Brooks Brothers,Kids Apparel,Consignment,23.92,0.0317,2.72,3.09,0.54,0.032,18.01,31.03,49.04
2026-04-01,SKU00062,External Brand,Salomon,Training Shoes,Consignment,36.34,0.0663,2.28,0.97,2.26,0.0,0.0,44.25,44.25
2026-04-01,SKU00063,External Brand,Puma,Kids Apparel,Buyout,33.42,0.0783,2.74,2.8,0.84,0.0,0.0,42.41,42.41
2026-04-01,SKU00064,External Brand,Reebok Underwear,Training Shoes,Buyout,170.14,0.0657,3.59,2.61,0.83,0.0539,78.97,188.35,267.32
2026-04-01,SKU00065,External Brand,Asics,Sportswear,Buyout,50.09,0.0489,0.54,2.21,0.44,0.0,0.0,55.73,55.73
2026-04-01,SKU00066,External Brand,Hoka,Yoga Apparel,Buyout,92.96,0.0345,2.83,1.21,3.08,0.0,0.0,103.29,103.29
2026-04-01,SKU00067,External Brand,Cole Haan,Performance Apparel,Buyout,263.02,0.078,2.25,0.71,2.27,0.0,0.0,288.78,288.78
2026-04-01,SKU00068,Himaxx Own,Brand B,Yoga Apparel,Own Brand,93.98,0.0504,2.98,2.72,7.4,0.0,0.0,111.81,111.81
2026-04-01,SKU00069,External Brand,Under Armour,Bags,Consignment,8.89,0.0743,1.1,3.39,2.48,0.0,0.0,16.51,16.51
2026-04-01,SKU00070,External Brand,Columbia,Bags,Consignment,55.54,0.0467,2.6,0.59,2.33,0.0,0.0,63.66,63.66
2026-04-01,SKU00071,External Brand,Cole Haan,Kids Apparel,Buyout,67.2,0.0279,0.71,3.5,0.65,0.0,0.0,73.94,73.94
2026-04-01,SKU00072,Himaxx Own,Brand B,Training Shoes,Own Brand,119.58,0.0267,1.39,1.42,3.59,0.0,0.0,129.18,129.18
2026-04-01,SKU00073,External Brand,The North Face,Basketball Shoes,Consignment,32.59,0.0544,3.98,2.54,2.62,0.0,0.0,43.5,43.5
2026-04-01,SKU00074,External Brand,Champion,Outdoor Apparel,Buyout,159.47,0.0337,4.44,0.41,0.47,0.0,0.0,170.16,170.16
2026-04-01,SKU00075,External Brand,Skechers,Training Shoes,Consignment,26.9,0.0563,1.83,1.44,1.29,0.0,0.0,32.96,32.96
2026-04-01,SKU00076,External Brand,Asics,Yoga Apparel,Buyout,99.19,0.052,3.77,2.37,0.44,0.0,0.0,110.93,110.93
2026-04-01,SKU00077,External Brand,Lululemon,Kids Apparel,Buyout,215.24,0.0249,3.98,1.57,1.86,0.0,0.0,228.01,228.01
2026-04-01,SKU00078,External Brand,Champion,Accessories,Buyout,101.76,0.0556,1.05,2.0,3.2,0.0,0.0,113.66,113.66
2026-04-01,SKU00079,External Brand,Cole Haan,Performance Apparel,Buyout,162.99,0.0617,3.1,3.44,3.11,0.0,0.0,182.69,182.69
2026-04-01,SKU00080,External Brand,Nike,Sportswear,Consignment,51.92,0.0266,1.33,1.76,2.04,0.0,0.0,58.42,58.42
2026-04-01,SKU00081,External Brand,Reebok Underwear,Training Shoes,Consignment,30.5,0.0254,1.71,3.08,2.17,0.0325,35.42,38.22,73.65
2026-04-01,SKU00082,Himaxx Own,Brand B,Basketball Shoes,Own Brand,192.17,0.063,0.71,1.12,13.94,0.0,0.0,220.05,220.05
2026-04-01,SKU00083,External Brand,Adidas,Underwear,Consignment,25.53,0.0471,3.07,0.6,2.91,0.0,0.0,33.32,33.32
2026-04-01,SKU00084,External Brand,Cole Haan,Kids Apparel,Buyout,33.26,0.0613,1.02,0.51,0.91,0.0,0.0,37.74,37.74
2026-04-01,SKU00085,External Brand,Brooks Brothers,Accessories,Buyout,59.63,0.0735,3.03,2.27,3.55,0.0599,26.36,72.87,99.23
2026-04-01,SKU00086,External Brand,Brooks Brothers,Accessories,Buyout,35.21,0.0421,3.75,0.56,2.57,0.0619,21.3,43.58,64.88
2026-04-01,SKU00087,External Brand,The North Face,Underwear,Consignment,20.43,0.0615,2.02,1.29,1.63,0.0,0.0,26.63,26.63
2026-04-01,SKU00088,External Brand,The North Face,Performance Apparel,Buyout,59.15,0.0606,4.9,2.25,2.75,0.0,0.0,72.64,72.64
2026-04-01,SKU00089,External Brand,Puma,Training Shoes,Buyout,174.95,0.0262,3.11,1.39,3.16,0.0,0.0,187.21,187.21
2026-04-01,SKU00090,External Brand,Cole Haan,Sportswear,Buyout,34.23,0.0551,1.17,2.46,0.39,0.0,0.0,40.13,40.13
2026-04-01,SKU00091,Himaxx Own,Brand B,Outdoor Apparel,Own Brand,184.95,0.0484,3.47,1.48,11.58,0.0,0.0,210.43,210.43
2026-04-01,SKU00092,External Brand,Skechers,Accessories,Buyout,48.61,0.029,1.74,1.21,3.1,0.0,0.0,56.06,56.06
2026-04-01,SKU00093,External Brand,Columbia,Running Shoes,Consignment,25.35,0.0584,4.73,1.73,2.23,0.0,0.0,35.51,35.51
2026-04-01,SKU00094,External Brand,Cole Haan,Training Shoes,Buyout,55.17,0.0284,1.31,2.33,1.29,0.0,0.0,61.67,61.67
2026-04-01,SKU00095,External Brand,Puma,Lifestyle Apparel,Consignment,47.02,0.0247,4.19,1.35,1.56,0.0,0.0,55.27,55.27
2026-04-01,SKU00096,External Brand,Reebok Underwear,Sportswear,Buyout,139.14,0.0202,1.92,1.89,2.92,0.0483,42.64,148.68,191.32
2026-04-01,SKU00097,External Brand,Nike,Lifestyle Apparel,Consignment,26.36,0.0208,1.55,0.61,3.92,0.0,0.0,32.99,32.99
2026-04-01,SKU00098,External Brand,Reebok Underwear,Bags,Consignment,20.45,0.0502,2.12,0.82,2.65,0.0719,112.04,27.07,139.11
2026-04-01,SKU00099,External Brand,Adidas,Bags,Buyout,95.7,0.0622,4.25,0.75,0.72,0.0,0.0,107.37,107.37
2026-04-01,SKU00100,Himaxx Own,Brand B,Underwear,Own Brand,33.17,0.0527,1.37,2.42,9.03,0.0,0.0,47.74,47.74
2026-04-01,SKU00101,Himaxx Own,Brand B,Underwear,Own Brand,21.4,0.077,4.15,1.57,13.0,0.0,0.0,41.77,41.77
2026-04-01,SKU00102,External Brand,Lululemon,Outdoor Apparel,Consignment,32.27,0.0409,0.88,1.09,1.65,0.0,0.0,37.21,37.21
2026-04-01,SKU00103,External Brand,Puma,Basketball Shoes,Buyout,89.65,0.0534,3.55,1.67,1.03,0.0,0.0,100.7,100.7
2026-04-01,SKU00104,External Brand,The North Face,Outdoor Apparel,Consignment,35.59,0.039,1.72,2.04,2.53,0.0,0.0,43.27,43.27
2026-04-01,SKU00105,External Brand,Nike,Performance Apparel,Buyout,124.42,0.0553,3.06,2.89,1.95,0.0,0.0,139.19,139.19
2026-04-01,SKU00106,External Brand,Skechers,Training Shoes,Buyout,78.14,0.0653,3.42,2.95,1.56,0.0,0.0,91.16,91.16
2026-04-01,SKU00107,External Brand,New Balance,Kids Apparel,Buyout,59.48,0.0248,4.38,1.57,2.33,0.0,0.0,69.24,69.24
2026-04-01,SKU00108,Himaxx Own,Brand A,Lifestyle Apparel,Own Brand,91.78,0.048,1.96,0.59,12.03,0.0,0.0,110.77,110.77
2026-04-01,SKU00109,External Brand,Brooks Brothers,Sportswear,Buyout,68.03,0.0595,1.69,2.05,2.47,0.0742,39.87,78.28,118.15
2026-04-01,SKU00110,External Brand,Nike,Underwear,Consignment,3.69,0.0267,4.95,1.23,1.96,0.0,0.0,11.93,11.93
2026-04-01,SKU00111,External Brand,Puma,Training Shoes,Buyout,51.31,0.0246,4.21,0.77,1.78,0.0,0.0,59.33,59.33
2026-04-01,SKU00112,External Brand,Nike,Sportswear,Consignment,13.48,0.0484,1.14,3.07,1.52,0.0,0.0,19.86,19.86
2026-04-01,SKU00113,External Brand,Patagonia,Kids Apparel,Buyout,170.1,0.0659,3.94,1.78,3.23,0.0,0.0,190.26,190.26
2026-04-01,SKU00114,External Brand,Adidas,Performance Apparel,Buyout,40.5,0.0233,2.18,1.55,3.88,0.0,0.0,49.05,49.05
2026-04-01,SKU00115,External Brand,Champion,Lifestyle Apparel,Buyout,53.82,0.0329,4.42,3.34,3.07,0.0,0.0,66.42,66.42
2026-04-01,SKU00116,External Brand,Columbia,Yoga Apparel,Buyout,41.88,0.0584,3.11,2.38,2.94,0.0,0.0,52.76,52.76
2026-04-01,SKU00117,External Brand,Cole Haan,Training Shoes,Buyout,63.59,0.047,3.85,3.08,3.45,0.0,0.0,76.95,76.95
2026-04-01,SKU00118,External Brand,Hoka,Basketball Shoes,Consignment,38.89,0.0278,4.24,2.78,0.01,0.0,0.0,47.0,47.0
2026-04-01,SKU00119,External Brand,Columbia,Yoga Apparel,Buyout,217.22,0.0223,3.19,0.84,0.4,0.0,0.0,226.49,226.49
2026-04-01,SKU00120,External Brand,Skechers,Outdoor Apparel,Buyout,192.14,0.0471,3.24,0.85,1.37,0.0,0.0,206.65,206.65
2026-04-01,SKU00121,External Brand,Brooks Brothers,Yoga Apparel,Consignment,15.53,0.0588,1.83,2.65,2.73,0.0403,40.53,23.65,64.19
2026-04-01,SKU00122,External Brand,Champion,Basketball Shoes,Buyout,139.05,0.0522,0.72,2.31,2.08,0.0,0.0,151.41,151.41
2026-04-01,SKU00123,Himaxx Own,Brand A,Lifestyle Apparel,Own Brand,36.34,0.0398,4.43,0.87,8.9,0.0,0.0,51.99,51.99
2026-04-01,SKU00124,External Brand,Patagonia,Running Shoes,Consignment,48.89,0.0229,1.03,2.09,3.97,0.0,0.0,57.11,57.11
2026-04-01,SKU00125,External Brand,Columbia,Running Shoes,Buyout,117.41,0.0583,4.03,2.46,0.49,0.0,0.0,131.23,131.23
2026-04-01,SKU00126,External Brand,Hoka,Basketball Shoes,Consignment,5.28,0.0483,3.43,0.51,3.2,0.0,0.0,12.66,12.66
2026-04-01,SKU00127,External Brand,Skechers,Kids Apparel,Buyout,115.67,0.0529,4.84,2.55,2.5,0.0,0.0,131.68,131.68
2026-04-01,SKU00128,External Brand,Reebok Underwear,Kids Apparel,Consignment,4.37,0.0536,2.91,3.37,1.14,0.0307,5.13,12.01,17.15
2026-04-01,SKU00129,External Brand,Hoka,Training Shoes,Buyout,86.28,0.0728,2.27,0.45,1.17,0.0,0.0,96.44,96.44
2026-04-01,SKU00130,External Brand,Reebok Underwear,Performance Apparel,Consignment,18.75,0.0529,0.83,1.24,2.69,0.0648,27.99,24.5,52.49
2026-04-01,SKU00131,External Brand,Cole Haan,Lifestyle Apparel,Buyout,160.48,0.0585,1.42,2.49,2.74,0.0,0.0,176.52,176.52
2026-04-01,SKU00132,External Brand,Columbia,Running Shoes,Buyout,110.54,0.0642,3.88,0.5,2.71,0.0,0.0,124.72,124.72
2026-04-01,SKU00133,External Brand,Brooks Brothers,Performance Apparel,Buyout,50.85,0.0279,1.21,3.29,0.35,0.0351,21.05,57.12,78.17
2026-04-01,SKU00134,External Brand,Reebok Underwear,Lifestyle Apparel,Buyout,60.41,0.0787,1.37,3.4,2.73,0.0764,63.08,72.66,135.74
2026-04-01,SKU00135,Himaxx Own,Brand A,Sportswear,Own Brand,56.76,0.0773,4.79,2.72,13.23,0.0,0.0,81.88,81.88
2026-04-01,SKU00136,External Brand,Patagonia,Sportswear,Buyout,129.22,0.0619,3.08,0.86,3.14,0.0,0.0,144.29,144.29
2026-04-01,SKU00137,External Brand,Nike,Running Shoes,Buyout,210.07,0.0612,4.33,2.58,2.72,0.0,0.0,232.56,232.56
2026-04-01,SKU00138,External Brand,Columbia,Bags,Consignment,13.37,0.0368,4.96,1.35,0.09,0.0,0.0,20.26,20.26
2026-04-01,SKU00139,External Brand,Reebok Underwear,Basketball Shoes,Consignment,41.48,0.0399,2.83,3.16,3.47,0.0467,56.6,52.59,109.19
2026-04-01,SKU00140,External Brand,Under Armour,Running Shoes,Consignment,27.56,0.0536,4.88,1.23,3.18,0.0,0.0,38.32,38.32
2026-04-01,SKU00141,External Brand,Under Armour,Training Shoes,Consignment,15.02,0.0699,3.1,2.44,2.32,0.0,0.0,23.93,23.93
2026-04-01,SKU00142,Himaxx Own,Brand B,Basketball Shoes,Own Brand,95.86,0.0468,1.76,2.08,10.97,0.0,0.0,115.15,115.15
2026-04-01,SKU00143,External Brand,Brooks Brothers,Kids Apparel,Consignment,21.58,0.0521,2.0,1.5,2.32,0.0427,19.36,28.53,47.88
2026-04-01,SKU00144,External Brand,New Balance,Outdoor Apparel,Buyout,76.38,0.0331,0.52,2.99,0.37,0.0,0.0,82.79,82.79
2026-04-01,SKU00145,Himaxx Own,Brand A,Running Shoes,Own Brand,257.58,0.0299,4.21,3.4,11.82,0.0,0.0,284.73,284.73
2026-04-01,SKU00146,External Brand,Fila,Outdoor Apparel,Buyout,149.69,0.0434,3.58,1.7,1.57,0.0,0.0,163.04,163.04
2026-04-01,SKU00147,External Brand,Asics,Underwear,Buyout,36.72,0.0693,0.65,1.2,1.23,0.0,0.0,42.35,42.35
2026-04-01,SKU00148,External Brand,Brooks Brothers,Training Shoes,Buyout,99.62,0.0443,0.79,1.74,2.99,0.0519,61.44,109.55,170.99
2026-04-01,SKU00149,External Brand,Cole Haan,Sportswear,Buyout,57.6,0.0675,4.1,1.61,3.94,0.0,0.0,71.13,71.13
2026-04-01,SKU00150,External Brand,Columbia,Lifestyle Apparel,Buyout,102.96,0.0545,4.83,3.4,0.25,0.0,0.0,117.05,117.05
2026-04-01,SKU00151,External Brand,Champion,Performance Apparel,Consignment,31.7,0.0579,2.98,3.27,3.91,0.0,0.0,43.7,43.7
2026-04-01,SKU00152,Himaxx Own,Brand A,Performance Apparel,Own Brand,170.27,0.0494,3.94,1.82,13.11,0.0,0.0,197.55,197.55
2026-04-01,SKU00153,Himaxx Own,Brand B,Sportswear,Own Brand,183.74,0.0339,3.72,3.11,12.8,0.0,0.0,209.6,209.6
2026-04-01,SKU00154,Himaxx Own,Brand A,Underwear,Own Brand,64.1,0.0694,1.86,0.62,9.57,0.0,0.0,80.61,80.61
2026-04-01,SKU00155,Himaxx Own,Brand A,Outdoor Apparel,Own Brand,403.89,0.0474,0.81,1.55,8.97,0.0,0.0,434.35,434.35
2026-04-01,SKU00156,External Brand,The North Face,Lifestyle Apparel,Buyout,81.1,0.0365,2.86,3.49,0.68,0.0,0.0,91.09,91.09
2026-04-01,SKU00157,Himaxx Own,Brand A,Accessories,Own Brand,77.11,0.0676,2.45,1.68,9.34,0.0,0.0,95.8,95.8
2026-04-01,SKU00158,External Brand,Cole Haan,Bags,Buyout,84.22,0.0231,1.64,3.14,3.05,0.0,0.0,93.99,93.99
2026-04-01,SKU00159,External Brand,Lululemon,Training Shoes,Consignment,69.18,0.0663,4.51,1.18,3.92,0.0,0.0,83.38,83.38
2026-04-01,SKU00160,External Brand,Champion,Bags,Consignment,16.41,0.0382,1.54,3.17,0.3,0.0,0.0,22.04,22.04
2026-04-01,SKU00161,External Brand,New Balance,Outdoor Apparel,Consignment,9.86,0.0724,3.39,1.88,2.54,0.0,0.0,18.38,18.38
2026-04-01,SKU00162,External Brand,Champion,Underwear,Buyout,31.56,0.0663,2.33,0.35,2.98,0.0,0.0,39.32,39.32
2026-04-01,SKU00163,External Brand,Adidas,Outdoor Apparel,Consignment,75.54,0.0426,1.76,0.55,0.58,0.0,0.0,81.64,81.64
2026-04-01,SKU00164,External Brand,Adidas,Underwear,Buyout,91.52,0.0391,0.59,0.93,2.62,0.0,0.0,99.25,99.25
2026-04-01,SKU00165,Himaxx Own,Brand B,Underwear,Own Brand,110.38,0.0537,4.34,1.77,9.7,0.0,0.0,132.12,132.12
2026-04-01,SKU00166,External Brand,Brooks Brothers,Underwear,Buyout,16.27,0.0621,2.56,1.31,2.57,0.0458,8.25,23.72,31.97
2026-04-01,SKU00167,Himaxx Own,Brand B,Yoga Apparel,Own Brand,208.97,0.0675,4.67,1.08,4.85,0.0,0.0,233.66,233.66
2026-04-01,SKU00168,External Brand,Cole Haan,Sportswear,Buyout,12.19,0.0689,1.87,1.61,3.67,0.0,0.0,20.17,20.17
2026-04-01,SKU00169,Himaxx Own,Brand A,Basketball Shoes,Own Brand,75.32,0.0378,2.77,0.66,6.5,0.0,0.0,88.09,88.09
2026-04-01,SKU00170,External Brand,Nike,Lifestyle Apparel,Buyout,101.36,0.0761,4.67,1.62,0.41,0.0,0.0,115.78,115.78
2026-04-01,SKU00171,External Brand,Brooks Brothers,Sportswear,Consignment,5.27,0.0459,1.8,1.39,1.1,0.0738,32.87,9.81,42.67
2026-04-01,SKU00172,External Brand,Nike,Running Shoes,Consignment,38.06,0.0473,1.96,1.8,3.87,0.0,0.0,47.49,47.49
2026-04-01,SKU00173,External Brand,Champion,Bags,Buyout,31.87,0.0632,0.5,0.57,3.96,0.0,0.0,38.92,38.92
2026-04-01,SKU00174,External Brand,Nike,Yoga Apparel,Consignment,9.97,0.0609,4.29,3.35,2.67,0.0,0.0,20.89,20.89
2026-04-01,SKU00175,External Brand,Under Armour,Sportswear,Consignment,4.06,0.0655,1.51,2.7,1.68,0.0,0.0,10.22,10.22
2026-04-01,SKU00176,External Brand,Salomon,Underwear,Buyout,118.2,0.0493,1.81,0.53,1.08,0.0,0.0,127.44,127.44
2026-04-01,SKU00177,External Brand,Brooks Brothers,Lifestyle Apparel,Buyout,87.57,0.0539,0.62,1.71,2.23,0.0719,65.9,96.85,162.76
2026-04-01,SKU00178,External Brand,Puma,Training Shoes,Buyout,161.82,0.0456,3.91,2.07,2.28,0.0,0.0,177.45,177.45
2026-04-01,SKU00179,External Brand,Brooks Brothers,Kids Apparel,Buyout,18.62,0.0739,2.58,3.46,2.96,0.0644,14.79,29.0,43.79
2026-04-01,SKU00180,External Brand,Skechers,Underwear,Consignment,25.63,0.0279,1.29,3.09,2.64,0.0,0.0,33.37,33.37
2026-04-01,SKU00181,Himaxx Own,Brand A,Training Shoes,Own Brand,283.92,0.059,3.01,0.45,7.49,0.0,0.0,311.62,311.62
2026-04-01,SKU00182,External Brand,The North Face,Basketball Shoes,Buyout,260.54,0.052,3.28,1.66,0.34,0.0,0.0,279.38,279.38
2026-04-01,SKU00183,External Brand,Adidas,Bags,Consignment,17.15,0.0589,3.61,2.24,3.76,0.0,0.0,27.78,27.78
2026-04-01,SKU00184,External Brand,The North Face,Kids Apparel,Buyout,207.68,0.049,4.03,0.58,0.53,0.0,0.0,223.0,223.0
2026-04-01,SKU00185,External Brand,Adidas,Outdoor Apparel,Buyout,104.93,0.0242,1.65,2.1,0.34,0.0,0.0,111.55,111.55
2026-04-01,SKU00186,External Brand,New Balance,Sportswear,Consignment,15.43,0.0651,0.83,2.95,1.24,0.0,0.0,21.45,21.45
2026-04-01,SKU00187,External Brand,New Balance,Sportswear,Consignment,9.74,0.0748,4.85,0.73,1.2,0.0,0.0,17.25,17.25
2026-04-01,SKU00188,Himaxx Own,Brand B,Basketball Shoes,Own Brand,160.26,0.0715,3.85,1.83,7.82,0.0,0.0,185.22,185.22
2026-04-01,SKU00189,External Brand,Salomon,Basketball Shoes,Buyout,93.13,0.0624,1.67,3.13,0.46,0.0,0.0,104.2,104.2
2026-04-01,SKU00190,External Brand,Reebok Underwear,Running Shoes,Buyout,251.73,0.0275,4.26,0.81,2.22,0.052,85.91,265.94,351.85
2026-04-01,SKU00191,External Brand,Under Armour,Basketball Shoes,Consignment,32.03,0.0503,2.29,0.55,2.35,0.0,0.0,38.84,38.84
2026-04-01,SKU00192,Himaxx Own,Brand B,Training Shoes,Own Brand,67.65,0.073,4.58,0.82,8.27,0.0,0.0,86.27,86.27
2026-04-01,SKU00193,External Brand,Salomon,Running Shoes,Buyout,215.36,0.026,4.66,0.69,3.82,0.0,0.0,230.15,230.15
2026-04-01,SKU00194,External Brand,Puma,Kids Apparel,Buyout,50.76,0.0519,4.3,1.6,3.76,0.0,0.0,63.06,63.06
2026-04-01,SKU00195,External Brand,Brooks Brothers,Bags,Buyout,123.12,0.0529,0.55,2.06,3.81,0.0557,81.4,136.05,217.45
2026-04-01,SKU00196,External Brand,Asics,Accessories,Consignment,4.88,0.0209,4.39,3.09,3.5,0.0,0.0,15.96,15.96
2026-04-01,SKU00197,External Brand,Adidas,Sportswear,Consignment,9.85,0.0426,3.08,2.12,3.87,0.0,0.0,19.34,19.34
2026-04-01,SKU00198,External Brand,Adidas,Running Shoes,Consignment,43.68,0.038,3.65,2.3,0.82,0.0,0.0,52.11,52.11
2026-04-01,SKU00199,External Brand,Patagonia,Accessories,Buyout,33.79,0.057,2.25,0.59,1.66,0.0,0.0,40.21,40.21
2026-04-01,SKU00200,External Brand,Nike,Basketball Shoes,Buyout,168.19,0.0531,0.79,0.82,2.62,0.0,0.0,181.34,181.34
2026-04-01,SKU00201,External Brand,Brooks Brothers,Underwear,Buyout,9.2,0.0458,3.0,0.75,2.01,0.0398,4.03,15.38,19.41
2026-04-01,SKU00202,External Brand,Reebok Underwear,Outdoor Apparel,Buyout,92.4,0.0559,3.95,1.91,2.74,0.044,37.82,106.17,143.99
2026-04-01,SKU00203,External Brand,Under Armour,Outdoor Apparel,Buyout,155.26,0.0267,4.08,0.56,1.56,0.0,0.0,165.62,165.62
2026-04-01,SKU00204,External Brand,Skechers,Accessories,Buyout,59.51,0.0247,0.75,2.07,0.09,0.0,0.0,63.89,63.89
2026-04-01,SKU00205,External Brand,On Running,Sportswear,Consignment,2.43,0.0326,3.77,3.05,1.59,0.0,0.0,10.91,10.91
2026-04-01,SKU00206,External Brand,Skechers,Running Shoes,Buyout,87.13,0.0365,4.25,3.48,0.51,0.0,0.0,98.55,98.55
2026-04-01,SKU00207,External Brand,Patagonia,Sportswear,Buyout,21.02,0.0552,4.57,1.68,1.92,0.0,0.0,30.35,30.35
2026-04-01,SKU00208,External Brand,Adidas,Training Shoes,Consignment,39.62,0.0264,4.01,1.61,0.55,0.0,0.0,46.84,46.84
2026-04-01,SKU00209,External Brand,Skechers,Yoga Apparel,Consignment,12.1,0.0277,2.92,1.07,1.83,0.0,0.0,18.27,18.27
2026-04-01,SKU00210,External Brand,Asics,Yoga Apparel,Consignment,5.57,0.0708,2.39,1.93,2.37,0.0,0.0,12.65,12.65
2026-04-01,SKU00211,External Brand,Cole Haan,Lifestyle Apparel,Buyout,64.59,0.0331,3.62,1.82,3.0,0.0,0.0,75.17,75.17
2026-04-01,SKU00212,External Brand,Lululemon,Basketball Shoes,Buyout,78.69,0.0289,1.33,2.83,2.46,0.0,0.0,87.58,87.58
2026-04-01,SKU00213,External Brand,Adidas,Lifestyle Apparel,Consignment,22.98,0.0244,3.35,1.61,2.96,0.0,0.0,31.47,31.47
2026-04-01,SKU00214,External Brand,Skechers,Bags,Consignment,30.55,0.0279,4.28,2.86,1.06,0.0,0.0,39.6,39.6
2026-04-01,SKU00215,Himaxx Own,Brand A,Underwear,Own Brand,136.97,0.0456,4.08,3.31,5.95,0.0,0.0,156.57,156.57
2026-04-01,SKU00216,External Brand,Columbia,Training Shoes,Buyout,68.7,0.0235,2.72,1.16,1.64,0.0,0.0,75.83,75.83
2026-04-01,SKU00217,External Brand,Nike,Underwear,Consignment,27.34,0.0642,2.94,1.27,0.89,0.0,0.0,34.19,34.19
2026-04-01,SKU00218,External Brand,Nike,Yoga Apparel,Consignment,10.5,0.0534,1.92,0.76,2.82,0.0,0.0,16.56,16.56
2026-04-01,SKU00219,External Brand,Adidas,Lifestyle Apparel,Buyout,148.02,0.0362,3.03,0.37,2.93,0.0,0.0,159.71,159.71
2026-04-01,SKU00220,External Brand,Nike,Accessories,Consignment,5.2,0.0443,3.82,0.92,3.94,0.0,0.0,14.1,14.1
2026-04-01,SKU00221,External Brand,On Running,Accessories,Consignment,32.94,0.0415,1.1,3.12,0.91,0.0,0.0,39.44,39.44
2026-04-01,SKU00222,External Brand,Reebok Underwear,Training Shoes,Consignment,38.48,0.0603,3.57,3.17,2.81,0.0613,48.5,50.35,98.85
2026-04-01,SKU00223,Himaxx Own,Brand A,Basketball Shoes,Own Brand,209.11,0.041,2.92,1.92,11.02,0.0,0.0,233.53,233.53
2026-04-01,SKU00224,External Brand,Under Armour,Accessories,Buyout,10.54,0.0212,3.52,1.85,0.84,0.0,0.0,16.97,16.97
2026-04-01,SKU00225,External Brand,Champion,Performance Apparel,Buyout,217.2,0.0533,2.87,0.98,1.0,0.0,0.0,233.62,233.62
2026-04-01,SKU00226,Himaxx Own,Brand B,Basketball Shoes,Own Brand,275.9,0.0432,2.84,0.69,11.5,0.0,0.0,302.84,302.84
2026-04-01,SKU00227,External Brand,Champion,Kids Apparel,Buyout,41.93,0.0577,1.49,2.64,0.14,0.0,0.0,48.62,48.62
2026-04-01,SKU00228,External Brand,Cole Haan,Accessories,Buyout,24.92,0.0207,4.55,2.88,3.71,0.0,0.0,36.57,36.57
2026-04-01,SKU00229,Himaxx Own,Brand B,Training Shoes,Own Brand,250.67,0.0766,2.51,3.05,11.17,0.0,0.0,286.59,286.59
2026-04-01,SKU00230,External Brand,Salomon,Yoga Apparel,Consignment,12.49,0.0454,1.7,0.35,3.78,0.0,0.0,18.89,18.89
2026-04-01,SKU00231,External Brand,Puma,Basketball Shoes,Buyout,132.53,0.0517,0.96,2.54,0.51,0.0,0.0,143.4,143.4
2026-04-01,SKU00232,External Brand,Reebok Underwear,Sportswear,Consignment,24.12,0.0608,4.84,3.18,2.22,0.0337,19.74,35.83,55.58
2026-04-01,SKU00233,Himaxx Own,Brand A,Bags,Own Brand,205.77,0.0721,3.25,2.28,14.12,0.0,0.0,240.26,240.26
2026-04-01,SKU00234,External Brand,New Balance,Accessories,Buyout,69.71,0.0322,3.27,2.19,1.59,0.0,0.0,79.0,79.0
2026-04-01,SKU00235,Himaxx Own,Brand B,Underwear,Own Brand,53.17,0.0238,1.29,2.44,7.63,0.0,0.0,65.8,65.8
2026-04-01,SKU00236,External Brand,Adidas,Kids Apparel,Consignment,7.67,0.061,1.67,1.39,2.87,0.0,0.0,14.07,14.07
2026-04-01,SKU00237,External Brand,Puma,Yoga Apparel,Consignment,10.71,0.0246,0.69,2.11,2.85,0.0,0.0,16.63,16.63
2026-04-01,SKU00238,External Brand,Puma,Lifestyle Apparel,Consignment,9.08,0.0692,1.36,0.43,0.38,0.0,0.0,11.88,11.88
2026-04-01,SKU00239,External Brand,On Running,Lifestyle Apparel,Consignment,19.8,0.0704,1.56,1.81,2.16,0.0,0.0,26.72,26.72
2026-04-01,SKU00240,External Brand,Columbia,Bags,Buyout,58.07,0.032,4.48,1.05,1.65,0.0,0.0,67.12,67.12
2026-04-01,SKU00241,External Brand,Reebok Underwear,Performance Apparel,Buyout,48.43,0.0275,3.36,1.23,2.7,0.039,15.35,57.05,72.4
2026-04-01,SKU00242,External Brand,Skechers,Basketball Shoes,Buyout,160.05,0.0267,2.03,1.88,3.34,0.0,0.0,171.58,171.58
2026-04-01,SKU00243,Himaxx Own,Brand B,Accessories,Own Brand,97.42,0.0518,0.84,1.82,4.44,0.0,0.0,109.55,109.55
2026-04-01,SKU00244,External Brand,Reebok Underwear,Underwear,Consignment,7.4,0.0355,2.8,3.26,1.45,0.0375,16.61,15.16,31.78
2026-04-01,SKU00245,Himaxx Own,Brand A,Kids Apparel,Own Brand,30.48,0.0427,2.16,1.85,13.92,0.0,0.0,49.7,49.7
2026-04-01,SKU00246,External Brand,Reebok Underwear,Accessories,Buyout,44.23,0.0737,4.85,2.37,1.77,0.0522,13.37,56.48,69.85
2026-04-01,SKU00247,External Brand,Cole Haan,Lifestyle Apparel,Buyout,121.61,0.0677,3.9,2.4,3.44,0.0,0.0,139.59,139.59
2026-04-01,SKU00248,External Brand,Adidas,Kids Apparel,Buyout,30.6,0.0648,4.46,1.14,0.98,0.0,0.0,39.16,39.16
2026-04-01,SKU00249,External Brand,Brooks Brothers,Running Shoes,Buyout,58.48,0.0423,1.87,3.11,2.23,0.0473,20.32,68.16,88.48
2026-04-01,SKU00250,External Brand,Under Armour,Running Shoes,Buyout,62.34,0.0336,0.89,1.5,0.88,0.0,0.0,67.71,67.71
2026-04-01,SKU00251,External Brand,Nike,Bags,Consignment,29.87,0.0528,4.96,0.87,1.77,0.0,0.0,39.05,39.05
2026-04-01,SKU00252,External Brand,Asics,Training Shoes,Consignment,42.18,0.0796,4.4,3.37,0.13,0.0,0.0,53.44,53.44
2026-04-01,SKU00253,External Brand,Asics,Sportswear,Consignment,43.17,0.0468,3.0,0.68,3.13,0.0,0.0,52.0,52.0
2026-04-01,SKU00254,External Brand,Fila,Lifestyle Apparel,Consignment,10.62,0.0435,3.05,2.08,3.39,0.0,0.0,19.6,19.6
2026-04-01,SKU00255,External Brand,Skechers,Outdoor Apparel,Buyout,180.19,0.0722,3.96,1.79,0.24,0.0,0.0,199.18,199.18
2026-04-01,SKU00256,Himaxx Own,Brand B,Training Shoes,Own Brand,197.83,0.0571,2.87,1.51,14.33,0.0,0.0,227.82,227.82
2026-04-01,SKU00257,Himaxx Own,Brand B,Yoga Apparel,Own Brand,47.87,0.0335,4.64,0.83,12.88,0.0,0.0,67.82,67.82
2026-04-01,SKU00258,External Brand,Under Armour,Yoga Apparel,Consignment,23.82,0.0616,2.29,1.81,2.94,0.0,0.0,32.33,32.33
2026-04-01,SKU00259,Himaxx Own,Brand A,Outdoor Apparel,Own Brand,176.98,0.0703,0.66,2.76,9.33,0.0,0.0,202.17,202.17
2026-04-01,SKU00260,Himaxx Own,Brand A,Running Shoes,Own Brand,224.78,0.0588,1.81,2.1,14.87,0.0,0.0,256.78,256.78
2026-04-01,SKU00261,External Brand,Patagonia,Running Shoes,Buyout,111.01,0.0331,1.68,2.82,2.62,0.0,0.0,121.8,121.8
2026-04-01,SKU00262,External Brand,Under Armour,Bags,Consignment,29.62,0.0561,3.93,2.25,1.47,0.0,0.0,38.93,38.93
2026-04-01,SKU00263,External Brand,Champion,Sportswear,Buyout,107.84,0.0664,0.69,2.44,3.3,0.0,0.0,121.42,121.42
2026-04-01,SKU00264,External Brand,Puma,Performance Apparel,Buyout,38.61,0.0299,1.74,3.5,1.11,0.0,0.0,46.11,46.11
2026-04-01,SKU00265,External Brand,New Balance,Running Shoes,Buyout,122.68,0.0627,3.85,1.86,0.79,0.0,0.0,136.87,136.87
2026-04-01,SKU00266,External Brand,Nike,Bags,Consignment,26.07,0.0532,4.76,0.64,0.64,0.0,0.0,33.5,33.5
2026-04-01,SKU00267,External Brand,Puma,Basketball Shoes,Buyout,33.57,0.0311,4.83,3.2,0.43,0.0,0.0,43.06,43.06
2026-04-01,SKU00268,External Brand,Under Armour,Performance Apparel,Buyout,367.5,0.0674,1.39,2.11,2.79,0.0,0.0,398.55,398.55
2026-04-01,SKU00269,External Brand,Salomon,Basketball Shoes,Buyout,149.79,0.0203,2.12,0.78,2.51,0.0,0.0,158.25,158.25
2026-04-01,SKU00270,External Brand,The North Face,Underwear,Buyout,39.16,0.0751,3.52,2.43,1.35,0.0,0.0,49.39,49.39
2026-04-01,SKU00271,External Brand,Asics,Outdoor Apparel,Buyout,215.23,0.0624,2.87,1.81,2.98,0.0,0.0,236.32,236.32
2026-04-01,SKU00272,Himaxx Own,Brand A,Lifestyle Apparel,Own Brand,88.51,0.0419,4.02,1.29,13.37,0.0,0.0,110.9,110.9
2026-04-01,SKU00273,External Brand,The North Face,Basketball Shoes,Buyout,180.52,0.0775,3.62,2.05,3.01,0.0,0.0,203.18,203.18
2026-04-01,SKU00274,External Brand,Reebok Underwear,Underwear,Buyout,32.07,0.0689,2.18,1.08,0.97,0.0377,8.69,38.51,47.2
2026-04-01,SKU00275,External Brand,Skechers,Outdoor Apparel,Buyout,295.55,0.0213,4.79,1.72,2.73,0.0,0.0,311.08,311.08
2026-04-01,SKU00276,External Brand,New Balance,Lifestyle Apparel,Consignment,24.07,0.028,2.25,1.29,2.85,0.0,0.0,31.13,31.13
2026-04-01,SKU00277,External Brand,Cole Haan,Underwear,Buyout,45.58,0.061,4.16,1.64,2.06,0.0,0.0,56.22,56.22
2026-04-01,SKU00278,External Brand,Champion,Running Shoes,Buyout,94.64,0.0287,2.16,3.01,3.32,0.0,0.0,105.84,105.84
2026-04-01,SKU00279,External Brand,Columbia,Yoga Apparel,Buyout,7.69,0.0266,0.75,1.68,2.67,0.0,0.0,13.0,13.0
2026-04-01,SKU00280,External Brand,Salomon,Running Shoes,Buyout,116.43,0.0708,1.4,2.81,3.9,0.0,0.0,132.77,132.77
2026-04-01,SKU00281,External Brand,Hoka,Underwear,Buyout,59.19,0.0346,3.65,0.32,1.09,0.0,0.0,66.28,66.28
2026-04-01,SKU00282,External Brand,Adidas,Performance Apparel,Consignment,75.85,0.0566,4.54,1.57,0.67,0.0,0.0,86.93,86.93
2026-04-01,SKU00283,External Brand,Cole Haan,Lifestyle Apparel,Buyout,67.24,0.0519,2.66,0.37,2.42,0.0,0.0,76.17,76.17
2026-04-01,SKU00284,External Brand,Adidas,Underwear,Consignment,24.83,0.0594,2.41,3.46,3.87,0.0,0.0,36.05,36.05
2026-04-01,SKU00285,External Brand,Hoka,Lifestyle Apparel,Consignment,4.84,0.0564,3.34,2.12,2.07,0.0,0.0,12.64,12.64
2026-04-01,SKU00286,External Brand,Brooks Brothers,Accessories,Consignment,14.9,0.0313,4.61,1.84,0.75,0.0471,18.1,22.58,40.68
2026-04-01,SKU00287,External Brand,Under Armour,Yoga Apparel,Consignment,6.05,0.0325,4.44,0.75,0.16,0.0,0.0,11.6,11.6
2026-04-01,SKU00288,External Brand,Lululemon,Outdoor Apparel,Buyout,339.0,0.0417,1.24,2.5,1.37,0.0,0.0,358.24,358.24
2026-04-01,SKU00289,Himaxx Own,Brand A,Lifestyle Apparel,Own Brand,135.23,0.0672,0.62,2.2,12.5,0.0,0.0,159.64,159.64
2026-04-01,SKU00290,Himaxx Own,Brand B,Lifestyle Apparel,Own Brand,24.81,0.0589,3.1,1.51,5.67,0.0,0.0,36.56,36.56
2026-04-01,SKU00291,External Brand,Brooks Brothers,Kids Apparel,Consignment,13.59,0.0643,3.82,1.86,1.21,0.0426,55.2,21.35,76.55
2026-04-01,SKU00292,External Brand,New Balance,Kids Apparel,Buyout,103.26,0.0625,0.69,1.4,2.72,0.0,0.0,114.52,114.52
2026-04-01,SKU00293,External Brand,Under Armour,Lifestyle Apparel,Buyout,132.37,0.0227,1.16,2.94,2.53,0.0,0.0,142.01,142.01
2026-04-01,SKU00294,External Brand,Nike,Performance Apparel,Consignment,28.8,0.0202,2.89,0.46,0.48,0.0,0.0,33.21,33.21
2026-04-01,SKU00295,External Brand,Cole Haan,Underwear,Buyout,64.19,0.0415,4.77,2.61,2.32,0.0,0.0,76.56,76.56
2026-04-01,SKU00296,External Brand,On Running,Performance Apparel,Buyout,228.08,0.0537,3.36,3.13,1.2,0.0,0.0,248.01,248.01
2026-04-01,SKU00297,External Brand,Puma,Performance Apparel,Buyout,296.2,0.0731,3.17,1.99,3.51,0.0,0.0,326.52,326.52
2026-04-01,SKU00298,Himaxx Own,Brand A,Underwear,Own Brand,32.53,0.0228,1.14,1.18,11.54,0.0,0.0,47.14,47.14
2026-04-01,SKU00299,External Brand,Puma,Yoga Apparel,Buyout,160.79,0.0611,2.56,1.99,2.11,0.0,0.0,177.28,177.28
2026-04-01,SKU00300,Himaxx Own,Brand A,Kids Apparel,Own Brand,106.54,0.0524,2.51,2.84,14.38,0.0,0.0,131.86,131.86
2026-04-01,SKU00301,External Brand,Lululemon,Outdoor Apparel,Consignment,51.41,0.0283,3.39,3.36,1.86,0.0,0.0,61.48,61.48
2026-04-01,SKU00302,External Brand,Cole Haan,Training Shoes,Buyout,81.0,0.0214,2.37,2.87,2.39,0.0,0.0,90.36,90.36
2026-04-01,SKU00303,External Brand,Adidas,Lifestyle Apparel,Consignment,7.58,0.0762,4.31,0.62,3.34,0.0,0.0,16.43,16.43
2026-04-01,SKU00304,External Brand,Hoka,Outdoor Apparel,Buyout,128.59,0.0654,4.38,2.98,3.23,0.0,0.0,147.59,147.59
2026-04-01,SKU00305,External Brand,New Balance,Training Shoes,Buyout,160.83,0.0331,1.57,3.12,0.52,0.0,0.0,171.37,171.37
2026-04-01,SKU00306,External Brand,Salomon,Lifestyle Apparel,Buyout,179.71,0.0346,4.15,3.08,2.75,0.0,0.0,195.91,195.91
2026-04-01,SKU00307,External Brand,Adidas,Running Shoes,Consignment,45.2,0.0516,1.06,1.41,3.26,0.0,0.0,53.26,53.26
2026-04-01,SKU00308,External Brand,Champion,Lifestyle Apparel,Consignment,15.47,0.0672,1.06,2.43,3.7,0.0,0.0,23.7,23.7
2026-04-01,SKU00309,External Brand,New Balance,Bags,Buyout,148.68,0.0323,4.33,3.01,0.53,0.0,0.0,161.36,161.36
2026-04-01,SKU00310,External Brand,Skechers,Accessories,Buyout,58.78,0.0673,4.27,3.02,0.31,0.0,0.0,70.33,70.33
2026-04-01,SKU00311,External Brand,Patagonia,Training Shoes,Buyout,255.25,0.0282,2.15,3.29,1.38,0.0,0.0,269.26,269.26
2026-04-01,SKU00312,External Brand,Reebok Underwear,Lifestyle Apparel,Consignment,7.82,0.0778,1.77,3.14,2.34,0.0412,6.49,15.68,22.17
2026-04-01,SKU00313,External Brand,On Running,Performance Apparel,Consignment,50.41,0.0381,1.38,3.28,0.64,0.0,0.0,57.64,57.64
2026-04-01,SKU00314,External Brand,Cole Haan,Performance Apparel,Consignment,49.67,0.0796,3.41,0.86,0.93,0.0,0.0,58.83,58.83
2026-04-01,SKU00315,External Brand,Under Armour,Training Shoes,Buyout,76.08,0.0497,4.6,0.5,2.69,0.0,0.0,87.66,87.66
2026-04-01,SKU00316,Himaxx Own,Brand A,Lifestyle Apparel,Own Brand,51.63,0.0274,0.81,3.37,13.58,0.0,0.0,70.8,70.8
2026-04-01,SKU00317,External Brand,On Running,Underwear,Consignment,8.11,0.0521,2.47,2.37,0.4,0.0,0.0,13.77,13.77
2026-04-01,SKU00318,External Brand,Asics,Training Shoes,Buyout,64.12,0.0227,4.28,3.33,3.26,0.0,0.0,76.45,76.45
2026-04-01,SKU00319,External Brand,The North Face,Yoga Apparel,Buyout,89.67,0.03,4.86,1.43,2.37,0.0,0.0,101.02,101.02
2026-04-01,SKU00320,External Brand,Columbia,Kids Apparel,Consignment,4.13,0.0751,2.44,2.04,0.5,0.0,0.0,9.42,9.42
2026-04-01,SKU00321,External Brand,Skechers,Sportswear,Buyout,26.16,0.0631,2.6,1.1,3.52,0.0,0.0,35.03,35.03
2026-04-01,SKU00322,Himaxx Own,Brand A,Bags,Own Brand,49.79,0.0757,1.28,1.83,14.44,0.0,0.0,71.1,71.1
2026-04-01,SKU00323,External Brand,The North Face,Bags,Consignment,51.27,0.0292,1.42,2.16,2.38,0.0,0.0,58.72,58.72
2026-04-01,SKU00324,External Brand,Fila,Outdoor Apparel,Buyout,45.65,0.0275,3.17,1.92,0.32,0.0,0.0,52.32,52.32
2026-04-01,SKU00325,External Brand,Under Armour,Lifestyle Apparel,Buyout,89.99,0.0314,3.13,0.8,3.93,0.0,0.0,100.67,100.67
2026-04-01,SKU00326,External Brand,New Balance,Running Shoes,Buyout,65.56,0.0609,1.79,1.94,0.44,0.0,0.0,73.72,73.72
2026-04-01,SKU00327,External Brand,Salomon,Accessories,Buyout,49.37,0.0549,3.1,1.74,2.9,0.0,0.0,59.81,59.81
2026-04-01,SKU00328,External Brand,Lululemon,Running Shoes,Consignment,42.58,0.0357,3.68,2.48,1.11,0.0,0.0,51.37,51.37
2026-04-01,SKU00329,External Brand,Columbia,Bags,Consignment,38.24,0.0335,2.36,1.17,3.56,0.0,0.0,46.62,46.62
2026-04-01,SKU00330,External Brand,Adidas,Kids Apparel,Buyout,64.92,0.0519,4.57,0.4,0.01,0.0,0.0,73.27,73.27
2026-04-01,SKU00331,External Brand,Brooks Brothers,Yoga Apparel,Buyout,35.28,0.0709,1.91,0.9,0.37,0.0695,31.26,40.96,72.22
2026-04-01,SKU00332,External Brand,Under Armour,Yoga Apparel,Buyout,130.81,0.0282,2.73,1.28,2.79,0.0,0.0,141.3,141.3
2026-04-01,SKU00333,Himaxx Own,Brand B,Accessories,Own Brand,17.38,0.0313,3.07,2.52,7.08,0.0,0.0,30.59,30.59
2026-04-01,SKU00334,External Brand,Champion,Outdoor Apparel,Buyout,192.6,0.0337,3.26,1.32,2.65,0.0,0.0,206.33,206.33
2026-04-01,SKU00335,External Brand,Adidas,Sportswear,Consignment,8.41,0.0488,2.64,1.76,1.87,0.0,0.0,15.09,15.09
2026-04-01,SKU00336,External Brand,Cole Haan,Running Shoes,Buyout,83.6,0.0484,4.99,2.04,3.08,0.0,0.0,97.75,97.75
2026-04-01,SKU00337,Himaxx Own,Brand A,Outdoor Apparel,Own Brand,210.52,0.0712,3.92,1.72,5.2,0.0,0.0,236.35,236.35
2026-04-01,SKU00338,External Brand,Brooks Brothers,Basketball Shoes,Buyout,165.77,0.0567,2.44,1.96,2.11,0.0465,52.07,181.67,233.74
2026-04-01,SKU00339,Himaxx Own,Brand A,Training Shoes,Own Brand,79.63,0.0766,3.55,0.46,3.61,0.0,0.0,93.35,93.35
2026-04-01,SKU00340,External Brand,The North Face,Running Shoes,Buyout,201.89,0.064,3.54,1.14,2.9,0.0,0.0,222.39,222.39
2026-04-01,SKU00341,External Brand,Adidas,Basketball Shoes,Consignment,14.17,0.076,2.99,2.12,0.1,0.0,0.0,20.46,20.46
2026-04-01,SKU00342,External Brand,Champion,Accessories,Buyout,71.55,0.0307,0.69,1.48,0.4,0.0,0.0,76.32,76.32
2026-04-01,SKU00343,External Brand,Cole Haan,Outdoor Apparel,Buyout,69.86,0.0445,4.5,1.74,0.69,0.0,0.0,79.9,79.9
2026-04-01,SKU00344,External Brand,Lululemon,Underwear,Consignment,21.41,0.0493,1.3,1.86,2.65,0.0,0.0,28.28,28.28
2026-04-01,SKU00345,External Brand,New Balance,Running Shoes,Consignment,17.83,0.0712,2.39,0.81,2.87,0.0,0.0,25.18,25.18
2026-04-01,SKU00346,External Brand,Salomon,Kids Apparel,Buyout,139.4,0.0589,1.44,2.77,0.47,0.0,0.0,152.29,152.29
2026-04-01,SKU00347,External Brand,Skechers,Kids Apparel,Buyout,51.3,0.0506,2.31,2.8,0.37,0.0,0.0,59.37,59.37
2026-04-01,SKU00348,External Brand,Hoka,Outdoor Apparel,Consignment,42.96,0.0249,3.15,1.7,3.75,0.0,0.0,52.64,52.64
2026-04-01,SKU00349,External Brand,Brooks Brothers,Lifestyle Apparel,Buyout,40.57,0.0568,3.29,2.13,3.02,0.0733,29.59,51.32,80.91
2026-04-01,SKU00350,External Brand,Columbia,Accessories,Consignment,22.18,0.0296,4.36,2.39,1.02,0.0,0.0,30.6,30.6
2026-04-01,SKU00351,External Brand,Nike,Kids Apparel,Consignment,6.35,0.0357,1.18,3.25,2.93,0.0,0.0,13.93,13.93
2026-04-01,SKU00352,Himaxx Own,Brand B,Accessories,Own Brand,130.01,0.0664,2.91,1.23,14.93,0.0,0.0,157.72,157.72
2026-04-01,SKU00353,External Brand,On Running,Bags,Consignment,4.55,0.0422,2.97,1.3,2.29,0.0,0.0,11.31,11.31
2026-04-01,SKU00354,External Brand,Patagonia,Sportswear,Buyout,117.54,0.0533,3.19,3.33,2.05,0.0,0.0,132.37,132.37
2026-04-01,SKU00355,External Brand,Hoka,Yoga Apparel,Consignment,50.48,0.0617,4.48,2.29,3.18,0.0,0.0,63.53,63.53
2026-04-01,SKU00356,Himaxx Own,Brand B,Running Shoes,Own Brand,258.2,0.049,1.24,1.82,10.83,0.0,0.0,284.74,284.74
2026-04-01,SKU00357,External Brand,The North Face,Lifestyle Apparel,Buyout,47.5,0.0242,2.41,2.65,3.36,0.0,0.0,57.06,57.06
2026-04-01,SKU00358,External Brand,Reebok Underwear,Performance Apparel,Buyout,190.2,0.0477,4.79,0.8,0.7,0.031,47.94,205.57,253.51
2026-04-01,SKU00359,Himaxx Own,Brand B,Basketball Shoes,Own Brand,98.61,0.0617,2.71,2.9,5.06,0.0,0.0,115.37,115.37
2026-04-01,SKU00360,External Brand,Salomon,Running Shoes,Buyout,262.78,0.0459,0.55,2.88,1.37,0.0,0.0,279.64,279.64
2026-04-01,SKU00361,External Brand,The North Face,Accessories,Buyout,14.07,0.055,2.22,2.09,3.54,0.0,0.0,22.7,22.7
2026-04-01,SKU00362,External Brand,Brooks Brothers,Outdoor Apparel,Buyout,202.77,0.0407,2.7,3.31,0.66,0.0696,124.71,217.7,342.41
2026-04-01,SKU00363,External Brand,Under Armour,Accessories,Buyout,49.29,0.0564,2.96,2.85,3.1,0.0,0.0,60.98,60.98
2026-04-01,SKU00364,Himaxx Own,Brand A,Outdoor Apparel,Own Brand,173.85,0.0454,2.36,3.09,14.49,0.0,0.0,201.68,201.68
2026-04-01,SKU00365,External Brand,On Running,Performance Apparel,Consignment,10.75,0.045,1.9,1.24,2.15,0.0,0.0,16.52,16.52
2026-04-01,SKU00366,Himaxx Own,Brand B,Kids Apparel,Own Brand,87.38,0.037,4.26,1.58,9.16,0.0,0.0,105.63,105.63
2026-04-01,SKU00367,External Brand,Adidas,Yoga Apparel,Consignment,5.14,0.0787,1.74,2.73,3.12,0.0,0.0,13.14,13.14
2026-04-01,SKU00368,External Brand,Puma,Sportswear,Buyout,86.35,0.0785,4.78,0.35,1.51,0.0,0.0,99.77,99.77
2026-04-01,SKU00369,External Brand,Adidas,Bags,Consignment,12.06,0.0676,4.55,2.25,3.64,0.0,0.0,23.32,23.32
2026-04-01,SKU00370,External Brand,Hoka,Sportswear,Buyout,63.17,0.0342,2.38,3.36,2.94,0.0,0.0,74.01,74.01
2026-04-01,SKU00371,Himaxx Own,Brand A,Sportswear,Own Brand,188.98,0.0497,2.56,1.81,4.01,0.0,0.0,206.75,206.75
2026-04-01,SKU00372,External Brand,Under Armour,Kids Apparel,Consignment,26.72,0.0399,2.21,2.22,2.9,0.0,0.0,35.12,35.12
2026-04-01,SKU00373,External Brand,New Balance,Outdoor Apparel,Buyout,214.71,0.0508,0.76,2.43,0.51,0.0,0.0,229.3,229.3
2026-04-01,SKU00374,External Brand,Asics,Sportswear,Buyout,61.25,0.0638,4.83,1.95,3.77,0.0,0.0,75.71,75.71
2026-04-01,SKU00375,External Brand,Salomon,Lifestyle Apparel,Buyout,41.92,0.0442,1.35,0.97,2.39,0.0,0.0,48.48,48.48
2026-04-01,SKU00376,External Brand,Puma,Sportswear,Consignment,40.68,0.0392,1.95,1.07,3.92,0.0,0.0,49.22,49.22
2026-04-01,SKU00377,External Brand,Reebok Underwear,Kids Apparel,Consignment,14.74,0.0528,0.59,1.76,1.29,0.0694,25.5,19.16,44.66
2026-04-01,SKU00378,External Brand,Cole Haan,Sportswear,Buyout,38.28,0.0405,3.44,0.48,2.54,0.0,0.0,46.28,46.28
2026-04-01,SKU00379,Himaxx Own,Brand B,Kids Apparel,Own Brand,150.52,0.0202,2.3,3.1,6.27,0.0,0.0,165.23,165.23
2026-04-01,SKU00380,External Brand,Cole Haan,Performance Apparel,Buyout,124.75,0.0264,1.84,1.06,3.11,0.0,0.0,134.06,134.06
2026-04-01,SKU00381,External Brand,Columbia,Accessories,Buyout,24.76,0.0304,1.94,0.98,0.44,0.0,0.0,28.87,28.87
2026-04-01,SKU00382,External Brand,Fila,Training Shoes,Buyout,230.31,0.0239,0.71,3.24,0.63,0.0,0.0,240.38,240.38
2026-04-01,SKU00383,External Brand,Puma,Running Shoes,Buyout,83.45,0.0555,0.86,3.05,2.81,0.0,0.0,94.8,94.8
2026-04-01,SKU00384,External Brand,Fila,Running Shoes,Consignment,13.05,0.0482,3.26,1.52,0.32,0.0,0.0,18.78,18.78
2026-04-01,SKU00385,External Brand,Reebok Underwear,Outdoor Apparel,Buyout,261.1,0.0583,2.08,1.67,2.74,0.0627,122.43,282.82,405.25
2026-04-01,SKU00386,External Brand,Lululemon,Basketball Shoes,Buyout,96.32,0.0752,4.96,1.41,3.05,0.0,0.0,112.98,112.98
2026-04-01,SKU00387,External Brand,Puma,Performance Apparel,Buyout,272.86,0.0784,3.91,1.64,1.45,0.0,0.0,301.24,301.24
2026-04-01,SKU00388,Himaxx Own,Brand B,Kids Apparel,Own Brand,18.62,0.0534,3.16,1.25,5.89,0.0,0.0,29.91,29.91
2026-04-01,SKU00389,External Brand,Skechers,Lifestyle Apparel,Buyout,36.81,0.0546,0.57,2.63,3.46,0.0,0.0,45.48,45.48
2026-04-01,SKU00390,External Brand,Adidas,Yoga Apparel,Buyout,66.38,0.0558,0.96,0.76,2.55,0.0,0.0,74.35,74.35
2026-04-01,SKU00391,External Brand,Adidas,Basketball Shoes,Consignment,21.31,0.0395,3.42,1.75,1.34,0.0,0.0,28.66,28.66
2026-04-01,SKU00392,External Brand,Under Armour,Training Shoes,Consignment,25.99,0.0656,3.17,1.83,0.92,0.0,0.0,33.62,33.62
2026-04-01,SKU00393,Himaxx Own,Brand B,Accessories,Own Brand,76.07,0.0718,1.91,0.53,8.17,0.0,0.0,92.15,92.15
2026-04-01,SKU00394,External Brand,Nike,Outdoor Apparel,Consignment,35.89,0.0771,3.19,3.45,1.98,0.0,0.0,47.28,47.28
2026-04-01,SKU00395,Himaxx Own,Brand B,Kids Apparel,Own Brand,111.44,0.0742,3.06,2.24,11.03,0.0,0.0,136.03,136.03
2026-04-01,SKU00396,External Brand,Adidas,Training Shoes,Buyout,225.47,0.0746,4.6,1.92,0.62,0.0,0.0,249.43,249.43
2026-04-01,SKU00397,External Brand,Asics,Underwear,Consignment,11.85,0.0606,3.15,1.0,1.47,0.0,0.0,18.18,18.18
2026-04-01,SKU00398,External Brand,Lululemon,Sportswear,Buyout,162.0,0.0316,2.96,1.38,2.34,0.0,0.0,173.8,173.8
2026-04-01,SKU00399,External Brand,Asics,Performance Apparel,Consignment,32.69,0.0776,3.81,1.49,1.28,0.0,0.0,41.81,41.81
2026-04-01,SKU00400,External Brand,Hoka,Sportswear,Buyout,24.18,0.0447,1.53,1.41,2.35,0.0,0.0,30.56,30.56
2026-04-01,SKU00401,External Brand,Reebok Underwear,Yoga Apparel,Buyout,92.98,0.0665,1.86,0.57,1.29,0.0319,18.71,102.88,121.59
2026-04-01,SKU00402,External Brand,Puma,Performance Apparel,Buyout,161.19,0.0419,2.81,0.97,3.62,0.0,0.0,175.34,175.34
2026-04-01,SKU00403,External Brand,Nike,Outdoor Apparel,Consignment,14.58,0.0566,1.12,1.51,0.14,0.0,0.0,18.18,18.18
2026-04-01,SKU00404,External Brand,Lululemon,Accessories,Consignment,11.06,0.0556,3.09,2.68,0.03,0.0,0.0,17.47,17.47
2026-04-01,SKU00405,External Brand,Under Armour,Performance Apparel,Consignment,43.62,0.0268,0.86,0.31,1.0,0.0,0.0,46.95,46.95
2026-04-01,SKU00406,External Brand,Cole Haan,Running Shoes,Buyout,120.94,0.046,2.13,2.93,2.25,0.0,0.0,133.82,133.82
2026-04-01,SKU00407,Himaxx Own,Brand B,Performance Apparel,Own Brand,101.03,0.0432,2.55,1.41,13.2,0.0,0.0,122.56,122.56
2026-04-01,SKU00408,Himaxx Own,Brand A,Performance Apparel,Own Brand,286.03,0.0526,4.76,3.36,7.96,0.0,0.0,317.16,317.16
2026-04-01,SKU00409,External Brand,Puma,Yoga Apparel,Consignment,22.97,0.0542,0.87,0.8,1.45,0.0,0.0,27.34,27.34
2026-04-01,SKU00410,Himaxx Own,Brand B,Sportswear,Own Brand,183.95,0.0566,1.53,3.44,11.37,0.0,0.0,210.7,210.7
2026-04-01,SKU00411,External Brand,New Balance,Running Shoes,Buyout,274.18,0.0488,3.01,0.5,2.07,0.0,0.0,293.14,293.14
2026-04-01,SKU00412,External Brand,Cole Haan,Training Shoes,Buyout,57.87,0.0543,1.02,2.91,3.09,0.0,0.0,68.04,68.04
2026-04-01,SKU00413,External Brand,The North Face,Training Shoes,Buyout,167.45,0.0658,4.95,3.4,3.31,0.0,0.0,190.13,190.13
2026-04-01,SKU00414,External Brand,Cole Haan,Training Shoes,Buyout,135.2,0.0773,2.77,0.98,3.7,0.0,0.0,153.1,153.1
2026-04-01,SKU00415,External Brand,Brooks Brothers,Kids Apparel,Buyout,88.54,0.0548,4.73,1.69,0.83,0.0537,54.33,100.65,154.98
2026-04-01,SKU00416,External Brand,Fila,Outdoor Apparel,Consignment,33.75,0.0673,4.44,2.73,1.41,0.0,0.0,44.61,44.61
2026-04-01,SKU00417,External Brand,Asics,Kids Apparel,Consignment,34.7,0.024,2.02,0.33,3.66,0.0,0.0,41.55,41.55
2026-04-01,SKU00418,External Brand,The North Face,Training Shoes,Consignment,28.34,0.0269,3.72,2.21,0.98,0.0,0.0,36.01,36.01
2026-04-01,SKU00419,External Brand,Lululemon,Yoga Apparel,Consignment,29.85,0.0637,4.78,3.21,1.62,0.0,0.0,41.35,41.35
2026-04-01,SKU00420,External Brand,Salomon,Underwear,Buyout,24.53,0.0653,1.79,3.14,3.34,0.0,0.0,34.39,34.39
2026-04-01,SKU00421,External Brand,Cole Haan,Bags,Buyout,16.56,0.0427,2.28,1.28,2.65,0.0,0.0,23.47,23.47
2026-04-01,SKU00422,External Brand,Nike,Bags,Consignment,17.13,0.0328,3.01,2.07,1.72,0.0,0.0,24.49,24.49
2026-04-01,SKU00423,External Brand,Salomon,Underwear,Buyout,89.8,0.0393,0.52,2.69,0.06,0.0,0.0,96.6,96.6
2026-04-01,SKU00424,External Brand,Asics,Underwear,Buyout,74.49,0.0697,4.07,1.97,1.91,0.0,0.0,87.63,87.63
2026-04-01,SKU00425,External Brand,New Balance,Lifestyle Apparel,Buyout,45.96,0.0218,3.9,0.45,0.5,0.0,0.0,51.82,51.82
2026-04-01,SKU00426,External Brand,Cole Haan,Lifestyle Apparel,Buyout,16.28,0.0779,0.58,1.16,3.55,0.0,0.0,22.84,22.84
2026-04-01,SKU00427,External Brand,Salomon,Kids Apparel,Buyout,74.16,0.0233,1.86,2.75,1.55,0.0,0.0,82.05,82.05
2026-04-01,SKU00428,External Brand,Asics,Sportswear,Consignment,18.23,0.0396,0.7,0.61,1.43,0.0,0.0,21.69,21.69
2026-04-01,SKU00429,External Brand,Patagonia,Training Shoes,Consignment,20.62,0.0776,4.94,2.53,1.01,0.0,0.0,30.7,30.7
2026-04-01,SKU00430,Himaxx Own,Brand A,Performance Apparel,Own Brand,208.12,0.0598,4.2,1.29,6.68,0.0,0.0,232.74,232.74
2026-04-01,SKU00431,External Brand,Nike,Training Shoes,Buyout,250.14,0.0777,4.89,1.66,2.54,0.0,0.0,278.66,278.66
2026-04-01,SKU00432,External Brand,Puma,Yoga Apparel,Consignment,56.66,0.0679,1.39,0.31,2.65,0.0,0.0,64.85,64.85
2026-04-01,SKU00433,External Brand,Puma,Yoga Apparel,Buyout,49.27,0.0637,2.61,3.19,1.98,0.0,0.0,60.19,60.19
2026-04-01,SKU00434,External Brand,Nike,Kids Apparel,Buyout,89.17,0.0733,2.58,2.13,2.6,0.0,0.0,103.02,103.02
2026-04-01,SKU00435,External Brand,New Balance,Outdoor Apparel,Buyout,91.24,0.0275,1.02,2.4,3.45,0.0,0.0,100.62,100.62
2026-04-01,SKU00436,Himaxx Own,Brand A,Outdoor Apparel,Own Brand,87.44,0.0697,4.25,1.2,8.73,0.0,0.0,107.72,107.72
2026-04-01,SKU00437,External Brand,Salomon,Accessories,Buyout,51.04,0.0658,3.24,0.43,1.47,0.0,0.0,59.54,59.54
2026-04-01,SKU00438,External Brand,Fila,Running Shoes,Buyout,77.44,0.0539,2.29,2.3,3.39,0.0,0.0,89.6,89.6
2026-04-01,SKU00439,External Brand,On Running,Bags,Buyout,241.73,0.0513,2.61,0.53,2.17,0.0,0.0,259.44,259.44
2026-04-01,SKU00440,External Brand,New Balance,Basketball Shoes,Buyout,129.57,0.0251,1.8,2.5,1.07,0.0,0.0,138.19,138.19
2026-04-01,SKU00441,External Brand,Nike,Basketball Shoes,Consignment,5.96,0.0701,2.75,1.96,3.59,0.0,0.0,14.67,14.67
2026-04-01,SKU00442,External Brand,Under Armour,Lifestyle Apparel,Buyout,31.4,0.0476,3.56,3.47,3.57,0.0,0.0,43.49,43.49
2026-04-01,SKU00443,External Brand,Reebok Underwear,Kids Apparel,Consignment,14.75,0.0446,4.07,2.11,1.37,0.0318,17.44,22.95,40.4
2026-04-01,SKU00444,External Brand,Skechers,Basketball Shoes,Consignment,35.43,0.0672,4.12,2.1,0.29,0.0,0.0,44.31,44.31
2026-04-01,SKU00445,Himaxx Own,Brand B,Underwear,Own Brand,47.71,0.0622,1.25,3.4,8.26,0.0,0.0,63.6,63.6
2026-04-01,SKU00446,External Brand,Reebok Underwear,Training Shoes,Consignment,18.43,0.024,2.86,2.57,3.91,0.058,69.15,28.22,97.38
2026-04-01,SKU00447,Himaxx Own,Brand B,Running Shoes,Own Brand,128.05,0.0797,3.3,2.19,5.53,0.0,0.0,149.27,149.27
2026-04-01,SKU00448,External Brand,Nike,Yoga Apparel,Consignment,13.45,0.0219,1.27,3.08,3.82,0.0,0.0,21.92,21.92
2026-04-01,SKU00449,External Brand,Puma,Underwear,Buyout,48.88,0.0653,0.94,0.4,3.91,0.0,0.0,57.33,57.33
2026-04-01,SKU00450,External Brand,Adidas,Accessories,Buyout,86.68,0.0631,2.19,2.13,0.09,0.0,0.0,96.56,96.56
2026-04-01,SKU00451,Himaxx Own,Brand B,Sportswear,Own Brand,71.25,0.0626,0.85,0.66,10.83,0.0,0.0,88.04,88.04
2026-04-01,SKU00452,External Brand,Patagonia,Bags,Consignment,14.99,0.0276,3.32,1.05,2.13,0.0,0.0,21.9,21.9
2026-04-01,SKU00453,External Brand,Under Armour,Accessories,Buyout,12.15,0.0687,4.83,2.18,2.92,0.0,0.0,22.92,22.92
2026-04-01,SKU00454,External Brand,Adidas,Performance Apparel,Consignment,30.59,0.0746,2.67,1.13,1.41,0.0,0.0,38.08,38.08
2026-04-01,SKU00455,External Brand,Cole Haan,Performance Apparel,Buyout,211.7,0.0514,3.41,2.19,2.61,0.0,0.0,230.79,230.79
2026-04-01,SKU00456,External Brand,Fila,Running Shoes,Buyout,95.53,0.0386,4.72,2.08,1.27,0.0,0.0,107.28,107.28
2026-04-01,SKU00457,External Brand,New Balance,Basketball Shoes,Consignment,9.41,0.0371,4.13,0.94,2.88,0.0,0.0,17.71,17.71
2026-04-01,SKU00458,External Brand,The North Face,Lifestyle Apparel,Buyout,59.82,0.0628,4.11,2.16,1.06,0.0,0.0,70.91,70.91
2026-04-01,SKU00459,External Brand,Salomon,Performance Apparel,Consignment,52.71,0.0703,4.85,1.83,1.24,0.0,0.0,64.33,64.33
2026-04-01,SKU00460,External Brand,Patagonia,Lifestyle Apparel,Buyout,81.49,0.0304,3.37,1.99,3.75,0.0,0.0,93.08,93.08
2026-04-01,SKU00461,Himaxx Own,Brand A,Outdoor Apparel,Own Brand,301.18,0.0216,3.7,0.73,4.8,0.0,0.0,316.91,316.91
2026-04-01,SKU00462,Himaxx Own,Brand A,Sportswear,Own Brand,207.37,0.0337,0.9,2.03,14.62,0.0,0.0,231.91,231.91
2026-04-01,SKU00463,External Brand,Skechers,Basketball Shoes,Consignment,22.48,0.0617,0.91,1.39,3.11,0.0,0.0,29.27,29.27
2026-04-01,SKU00464,External Brand,Reebok Underwear,Accessories,Buyout,39.96,0.0283,3.35,2.62,2.18,0.0769,37.55,49.23,86.78
2026-04-01,SKU00465,External Brand,Under Armour,Training Shoes,Consignment,30.99,0.0339,4.44,2.15,1.25,0.0,0.0,39.89,39.89
2026-04-01,SKU00466,External Brand,Champion,Accessories,Buyout,77.14,0.0562,2.97,0.46,2.1,0.0,0.0,87.01,87.01
2026-04-01,SKU00467,External Brand,Cole Haan,Kids Apparel,Buyout,28.4,0.079,1.46,2.32,0.71,0.0,0.0,35.14,35.14
2026-04-01,SKU00468,External Brand,Brooks Brothers,Performance Apparel,Buyout,264.24,0.0285,2.98,0.72,2.25,0.0577,100.83,277.7,378.53
2026-04-01,SKU00469,External Brand,New Balance,Lifestyle Apparel,Consignment,39.17,0.0725,3.9,1.34,0.49,0.0,0.0,47.74,47.74
2026-04-01,SKU00470,External Brand,Fila,Bags,Buyout,251.01,0.0777,0.72,3.4,0.47,0.0,0.0,275.1,275.1
2026-04-01,SKU00471,External Brand,Brooks Brothers,Outdoor Apparel,Buyout,247.74,0.063,3.37,3.08,0.81,0.0482,96.13,270.61,366.75
2026-04-01,SKU00472,Himaxx Own,Brand A,Performance Apparel,Own Brand,40.18,0.0401,0.72,2.92,13.0,0.0,0.0,58.44,58.44
2026-04-01,SKU00473,External Brand,Puma,Running Shoes,Consignment,27.6,0.0329,2.64,3.23,2.45,0.0,0.0,36.83,36.83
2026-04-01,SKU00474,External Brand,Nike,Running Shoes,Consignment,28.84,0.0653,1.05,2.51,2.16,0.0,0.0,36.44,36.44
2026-04-01,SKU00475,Himaxx Own,Brand A,Basketball Shoes,Own Brand,209.55,0.0676,2.74,3.02,7.15,0.0,0.0,236.62,236.62
2026-04-01,SKU00476,External Brand,New Balance,Training Shoes,Buyout,100.39,0.0728,3.21,3.5,0.9,0.0,0.0,115.3,115.3
2026-04-01,SKU00477,Himaxx Own,Brand B,Accessories,Own Brand,82.22,0.0608,2.49,1.12,4.88,0.0,0.0,95.7,95.7
2026-04-01,SKU00478,External Brand,Columbia,Basketball Shoes,Buyout,188.75,0.0545,1.88,2.18,2.09,0.0,0.0,205.17,205.17
2026-04-01,SKU00479,External Brand,Nike,Running Shoes,Buyout,159.27,0.0689,4.36,1.19,1.06,0.0,0.0,176.86,176.86
2026-04-01,SKU00480,External Brand,Adidas,Running Shoes,Consignment,8.98,0.0369,4.99,3.27,0.76,0.0,0.0,18.33,18.33
2026-04-01,SKU00481,External Brand,New Balance,Yoga Apparel,Buyout,155.34,0.06,2.99,2.76,0.56,0.0,0.0,170.97,170.97
2026-04-01,SKU00482,External Brand,Columbia,Accessories,Consignment,8.74,0.0354,2.48,3.39,1.37,0.0,0.0,16.29,16.29
2026-04-01,SKU00483,External Brand,Adidas,Performance Apparel,Buyout,173.33,0.0667,1.89,2.53,0.09,0.0,0.0,189.41,189.41
2026-04-01,SKU00484,Himaxx Own,Brand A,Basketball Shoes,Own Brand,226.84,0.0578,2.37,2.06,8.54,0.0,0.0,252.92,252.92
2026-04-01,SKU00485,External Brand,Columbia,Yoga Apparel,Consignment,5.82,0.0628,0.96,2.84,2.33,0.0,0.0,12.32,12.32
2026-04-01,SKU00486,External Brand,Lululemon,Yoga Apparel,Buyout,48.98,0.0277,0.81,2.11,1.85,0.0,0.0,55.1,55.1
2026-04-01,SKU00487,External Brand,New Balance,Outdoor Apparel,Consignment,60.1,0.0597,4.54,1.82,1.56,0.0,0.0,71.6,71.6
2026-04-01,SKU00488,External Brand,Adidas,Yoga Apparel,Consignment,19.81,0.0688,2.61,2.98,1.53,0.0,0.0,28.29,28.29
2026-04-01,SKU00489,External Brand,Puma,Accessories,Buyout,78.22,0.033,2.62,0.48,1.12,0.0,0.0,85.01,85.01
2026-04-01,SKU00490,External Brand,Columbia,Running Shoes,Buyout,97.33,0.0283,2.79,0.38,0.09,0.0,0.0,103.35,103.35
2026-04-01,SKU00491,External Brand,Adidas,Accessories,Consignment,10.64,0.0207,2.03,3.41,0.02,0.0,0.0,16.32,16.32
2026-04-01,SKU00492,External Brand,Lululemon,Kids Apparel,Buyout,23.45,0.0623,2.64,3.25,3.83,0.0,0.0,34.64,34.64
2026-04-01,SKU00493,External Brand,New Balance,Performance Apparel,Buyout,236.72,0.0463,0.82,3.17,0.29,0.0,0.0,251.97,251.97
2026-04-01,SKU00494,External Brand,Hoka,Lifestyle Apparel,Buyout,87.61,0.0255,3.95,2.01,0.97,0.0,0.0,96.77,96.77
2026-04-01,SKU00495,External Brand,Nike,Underwear,Consignment,14.96,0.0754,2.78,3.48,1.34,0.0,0.0,23.7,23.7
2026-04-01,SKU00496,External Brand,Cole Haan,Performance Apparel,Buyout,67.52,0.0653,4.55,2.53,0.45,0.0,0.0,79.47,79.47
2026-04-01,SKU00497,External Brand,Columbia,Lifestyle Apparel,Buyout,41.97,0.0469,2.0,2.59,2.03,0.0,0.0,50.56,50.56
2026-04-01,SKU00498,External Brand,Brooks Brothers,Performance Apparel,Buyout,49.69,0.0209,3.69,1.57,3.04,0.0414,15.13,59.03,74.16
2026-04-01,SKU00499,External Brand,New Balance,Kids Apparel,Buyout,45.8,0.0638,2.31,1.73,1.21,0.0,0.0,53.98,53.98
2026-04-01,SKU00500,External Brand,Hoka,Kids Apparel,Consignment,29.73,0.0232,3.79,1.8,0.22,0.0,0.0,36.24,36.24
