month,store_id,channel,store_format,region,city,profit_profile,staff_count,orders,gmv,msrp_gmv,transaction_gmv,gross_sales,net_sales,recognized_revenue,cogs,gross_profit,gross_margin_pct,rent_expense,payroll_expense,utilities_expense,local_marketing_expense,logistics_expense,warehouse_expense,hq_sga,brand_marketing_expense,total_opex,store_direct_costs,store_cm,store_cm_pct,market_contribution,ebitda_proxy,operating_profit,operating_margin,bep_revenue,rent_to_sales_ratio,payroll_to_sales_ratio,sales_per_staff
2026-01-01,S001,Himaxx Warehouse Outlet,Mall Warehouse,North China,Beijing,High Profit,73,388,108240.02,529180.48,108240.02,108240.02,101925.68,77098.86,45960.22,31138.64,0.4039,11083.92,20805.35,3465.79,4020.82,5220.37,3811.54,8351.61,1680.09,58439.5,39375.89,-8237.25,-0.1068,-17269.16,-27300.86,-27300.86,-0.3541,97494.17,0.1438,0.2699,1056.15
2026-01-01,S002,Himaxx Warehouse Outlet,Shopping Center Warehouse,East China,Nanjing,Stable,84,273,76469.93,369943.13,76469.93,76469.93,73132.1,53486.66,30399.75,23086.91,0.4316,9076.55,15104.29,2519.98,3173.62,5650.01,3842.35,4865.26,1273.72,45505.79,29874.45,-6787.54,-0.1269,-16279.9,-22418.88,-22418.88,-0.4191,69211.71,0.1697,0.2824,636.75
2026-01-01,S003,Himaxx Warehouse Outlet,Warehouse Outlet,South China,Shenzhen,At Risk,100,163,43368.18,232004.4,43368.18,43368.18,42085.74,34052.97,23282.06,10770.91,0.3163,16467.34,25752.05,4003.76,6217.99,8385.45,8118.31,10075.0,2339.72,81359.61,52441.13,-41670.22,-1.2237,-58173.98,-70588.7,-70588.7,-2.0729,165796.23,0.4836,0.7562,340.53
2026-01-01,S004,Himaxx Warehouse Outlet,Pop-up Clearance Warehouse,South China,Xiamen,Stable,34,249,49317.84,301450.41,49317.84,49317.84,46802.81,34274.22,24568.83,9705.39,0.2832,6674.25,9889.82,1640.99,2315.26,2333.78,2942.98,2439.84,781.44,29018.36,20520.32,-10814.93,-0.3155,-16091.69,-19312.97,-19312.97,-0.5635,72466.74,0.1947,0.2885,1008.07
2026-01-01,S005,Himaxx Warehouse Outlet,Shopping Center Warehouse,Central China,Changsha,At Risk,45,230,61508.65,310307.78,61508.65,61508.65,57330.94,46158.66,27840.71,18317.95,0.3968,20734.22,33317.57,5060.22,4750.2,7138.45,8370.54,7805.03,2648.19,89824.41,63862.21,-45544.26,-0.9867,-61053.25,-71506.46,-71506.46,-1.5491,160923.8,0.4492,0.7218,1025.75
2026-01-01,S006,Himaxx Warehouse Outlet,Warehouse Outlet,North China,Qingdao,At Risk,77,212,55594.07,282720.16,55594.07,55594.07,52862.33,40798.02,25466.8,15331.22,0.3758,11263.43,23456.12,4493.71,3655.33,5287.85,5538.56,7376.31,1844.08,62915.4,42868.6,-27537.38,-0.675,-38363.79,-47584.18,-47584.18,-1.1663,114077.93,0.2761,0.5749,529.84
2026-01-01,S007,Himaxx Warehouse Outlet,Mall Warehouse,Central China,Wuhan,Stable,70,310,90460.22,442590.02,90460.22,90460.22,86698.51,68315.44,41253.21,27062.23,0.3961,20506.2,24519.11,3471.53,6046.16,9376.56,8598.79,9743.96,2340.34,84602.66,54543.01,-27480.78,-0.4023,-45456.13,-57540.43,-57540.43,-0.8423,137687.47,0.3002,0.3589,975.93
2026-01-01,S008,Himaxx Warehouse Outlet,Mall Warehouse,Central China,Changsha,High Profit,40,359,93875.07,463408.98,93875.07,93875.07,90618.18,71062.61,43406.21,27656.4,0.3892,4885.2,8468.44,1585.72,2270.42,3195.65,1789.46,3625.11,905.6,26725.59,17209.78,10446.62,0.147,5461.52,930.81,930.81,0.0131,44220.2,0.0687,0.1192,1776.57
2026-01-01,S009,Himaxx Warehouse Outlet,Mall Warehouse,Central China,Changsha,High Profit,51,319,88768.07,436152.53,88768.07,88768.07,85142.37,62236.14,37088.05,25148.09,0.4041,13463.04,17178.76,2992.05,3709.91,7075.09,6124.65,6157.71,1648.92,58350.13,37343.76,-12195.67,-0.196,-25395.41,-33202.04,-33202.04,-0.5335,92417.82,0.2163,0.276,1220.32
2026-01-01,S010,Himaxx Warehouse Outlet,Community Warehouse,Central China,Changsha,Stable,38,264,77496.03,388938.04,77496.03,77496.03,74679.51,56524.9,35658.05,20866.85,0.3692,7694.6,11287.92,1786.39,1932.67,3563.41,3467.9,2616.41,903.47,33252.77,22701.58,-1834.73,-0.0325,-8866.05,-12385.92,-12385.92,-0.2191,61494.89,0.1361,0.1997,1487.5
2026-01-01,S011,Himaxx Warehouse Outlet,Community Warehouse,West China,Chengdu,At Risk,57,198,59346.96,290658.2,59346.96,59346.96,56970.37,46488.36,26998.94,19489.42,0.4192,23467.33,27023.77,4023.5,4819.61,7447.1,9338.55,7104.91,5066.88,88291.65,59334.2,-39844.78,-0.8571,-56630.43,-68802.23,-68802.23,-1.48,141530.62,0.5048,0.5813,815.59
2026-01-01,S012,Himaxx Warehouse Outlet,Warehouse Outlet,North China,Beijing,High Profit,63,410,112428.22,573543.29,112428.22,112428.22,108055.86,82223.06,50792.4,31430.66,0.3823,17946.76,20417.95,4946.14,3975.35,8450.0,5918.56,10319.79,2134.24,74108.78,47286.2,-15855.54,-0.1928,-30224.09,-42678.12,-42678.12,-0.5191,123701.38,0.2183,0.2483,1305.13
2026-01-01,S013,Himaxx Warehouse Outlet,Community Warehouse,South China,Shenzhen,High Profit,49,358,102089.16,500148.8,102089.16,102089.16,97129.23,78552.77,46701.75,31851.02,0.4055,13862.0,16342.65,2544.45,4311.94,6919.57,4718.88,7594.66,1586.49,57880.64,37061.04,-5210.02,-0.0663,-16848.47,-26029.62,-26029.62,-0.3314,91402.01,0.1765,0.208,1603.12
2026-01-01,S014,Himaxx Warehouse Outlet,Shopping Center Warehouse,North China,Tianjin,Stable,39,251,76492.59,373958.72,76492.59,76492.59,73579.85,56393.21,34349.17,22044.04,0.3909,22299.48,31594.09,6517.36,4670.06,10061.0,7484.54,9216.82,2566.7,94410.05,65080.99,-43036.95,-0.7632,-60582.49,-72366.01,-72366.01,-1.2832,166490.63,0.3954,0.5602,1445.98
2026-01-01,S015,Himaxx Warehouse Outlet,Mall Warehouse,East China,Hangzhou,Stable,64,250,71668.55,355781.68,71668.55,71668.55,67259.06,52698.59,32892.18,19806.41,0.3758,9119.34,12946.88,2683.0,1859.56,4272.8,2090.74,4518.39,1031.03,38521.73,26608.77,-6802.36,-0.1291,-13165.9,-18715.32,-18715.32,-0.3551,70797.53,0.173,0.2457,823.42
2026-01-01,S016,Himaxx Warehouse Outlet,Shopping Center Warehouse,West China,Chengdu,High Profit,74,389,105863.94,531467.73,105863.94,105863.94,101492.95,79754.73,49683.13,30071.6,0.3771,6173.35,9555.54,1619.14,2146.22,4360.06,4020.19,3857.84,2100.31,33832.65,19494.24,10577.36,0.1326,2197.1,-3761.05,-3761.05,-0.0472,51701.88,0.0774,0.1198,1077.77
2026-01-01,S017,Himaxx Warehouse Outlet,Shopping Center Warehouse,East China,Hangzhou,Stable,37,238,64419.06,308939.29,64419.06,64419.06,62784.49,44866.11,24481.74,20384.37,0.4543,7819.68,12810.52,1807.07,2477.65,4720.89,3727.47,3611.19,1047.71,38022.17,24914.91,-4530.54,-0.101,-12978.9,-17637.8,-17637.8,-0.3931,54837.86,0.1743,0.2855,1212.6
2026-01-01,S018,Himaxx Warehouse Outlet,Mall Warehouse,West China,Xi'an,High Profit,58,335,91572.12,454683.98,91572.12,91572.12,87445.77,67543.94,41671.25,25872.69,0.383,8208.86,10590.84,2310.53,2824.54,4707.87,3057.55,3621.3,1076.31,36397.79,23934.76,1937.93,0.0287,-5827.49,-10525.1,-10525.1,-0.1558,62484.73,0.1215,0.1568,1164.55
2026-01-01,S019,Himaxx Warehouse Outlet,Shopping Center Warehouse,North China,Qingdao,At Risk,57,236,67546.56,326783.91,67546.56,67546.56,64254.49,50596.16,30857.79,19738.37,0.3901,23112.89,33587.94,4795.42,9192.64,13445.46,10051.96,12623.42,3116.03,109925.75,70688.88,-50950.51,-1.007,-74447.93,-90187.38,-90187.38,-1.7825,181199.66,0.4568,0.6638,887.65
2026-01-01,S020,Himaxx Warehouse Outlet,Warehouse Outlet,East China,Shanghai,High Profit,107,339,96326.1,486030.94,96326.1,96326.1,92423.95,70246.12,40624.8,29621.32,0.4217,6040.3,10161.49,1613.35,1751.61,3450.96,3483.37,4220.34,879.26,31600.67,19566.75,10054.57,0.1431,3120.24,-1979.35,-1979.35,-0.0282,46401.99,0.086,0.1447,656.51
2026-01-01,S021,Himaxx Warehouse Outlet,Pop-up Clearance Warehouse,Central China,Changsha,High Profit,35,292,68942.31,423774.72,68942.31,68942.31,65796.45,51620.54,37447.86,14172.68,0.2746,12377.63,14697.98,4038.12,4551.46,5471.16,5572.04,6080.38,1537.74,54326.51,35665.19,-21492.51,-0.4164,-32535.71,-40153.83,-40153.83,-0.7779,129901.76,0.2398,0.2847,1474.87
2026-01-01,S022,Himaxx Warehouse Outlet,Mall Warehouse,South China,Xiamen,At Risk,70,218,56742.76,288257.96,56742.76,56742.76,54093.19,39351.15,23018.91,16332.24,0.415,23656.83,29571.05,4662.74,8693.13,10607.03,6770.16,13151.18,3921.04,101033.17,66583.75,-50251.51,-1.277,-67628.7,-84700.93,-84700.93,-2.1524,160427.91,0.6012,0.7515,562.16
2026-01-01,S023,Himaxx Warehouse Outlet,Mall Warehouse,Central China,Changsha,Stable,59,297,91999.3,448052.68,91999.3,91999.3,87154.16,68859.28,40813.32,28045.96,0.4073,17900.42,28944.44,4863.64,4959.54,8644.58,9042.26,11370.99,2350.97,88076.83,56668.04,-28622.08,-0.4157,-46308.91,-60030.87,-60030.87,-0.8718,139133.06,0.26,0.4203,1167.11
2026-01-01,S024,Himaxx Warehouse Outlet,Mall Warehouse,West China,Chongqing,Loss Making,54,158,46449.05,232741.12,46449.05,46449.05,45164.49,36106.36,21414.08,14692.28,0.4069,19748.05,22787.17,5459.76,4348.59,8893.95,7317.09,8125.4,2162.54,78842.55,52343.58,-37651.3,-1.0428,-53862.34,-64150.27,-64150.27,-1.7767,128634.63,0.5469,0.6311,668.64
2026-01-01,S025,Himaxx Warehouse Outlet,Shopping Center Warehouse,East China,Hangzhou,Stable,74,286,86774.48,417063.52,86774.48,86774.48,83680.06,63982.52,39086.58,24895.94,0.3891,13241.12,17073.48,4505.43,5136.0,7453.52,4870.98,6408.74,1792.32,60481.57,39956.02,-15060.08,-0.2354,-27384.57,-35585.63,-35585.63,-0.5562,102686.9,0.2069,0.2668,864.63
2026-01-01,S026,Himaxx Warehouse Outlet,Shopping Center Warehouse,North China,Beijing,High Profit,51,380,109549.53,519726.53,109549.53,109549.53,104743.98,81482.72,47465.32,34017.4,0.4175,8468.5,14819.06,2361.54,2594.44,3909.93,3773.56,5675.41,1140.06,42742.5,28243.54,5773.86,0.0709,-1909.63,-8725.1,-8725.1,-0.1071,67652.45,0.1039,0.1819,1597.7
2026-01-01,S027,Himaxx Warehouse Outlet,Shopping Center Warehouse,West China,Chengdu,Loss Making,38,129,35242.57,169346.52,35242.57,35242.57,33891.82,24284.82,14222.05,10062.77,0.4144,18137.23,27115.97,4082.35,3562.21,7223.92,5787.57,10447.39,2135.78,78492.43,52897.77,-42835.0,-1.7639,-55846.49,-68429.66,-68429.66,-2.8178,127659.95,0.7469,1.1166,639.07
2026-01-01,S028,Himaxx Warehouse Outlet,Warehouse Outlet,West China,Chongqing,At Risk,51,204,53568.4,276997.18,53568.4,53568.4,51612.4,37519.55,24871.69,12647.86,0.3371,16031.87,31545.18,4155.87,6807.73,8538.77,8687.82,10421.44,2407.16,88595.84,58540.65,-45892.79,-1.2232,-63119.37,-75947.98,-75947.98,-2.0242,173659.32,0.4273,0.8408,735.68
2026-01-01,S029,Himaxx Warehouse Outlet,Warehouse Outlet,East China,Suzhou,Stable,51,271,70527.31,358051.12,70527.31,70527.31,67116.22,50220.61,29569.3,20651.31,0.4112,16475.23,24940.85,5390.19,5088.23,9698.32,4884.62,7051.63,6986.34,80515.42,51894.5,-31243.19,-0.6221,-45826.13,-59864.11,-59864.11,-1.192,126198.94,0.3281,0.4966,984.72
2026-01-01,S030,Himaxx Warehouse Outlet,Warehouse Outlet,North China,Beijing,At Risk,55,215,61837.13,317823.85,61837.13,61837.13,59487.53,46470.17,29231.38,17238.79,0.371,15818.15,25186.17,4749.22,6103.95,9243.71,7415.9,8753.56,2096.68,79367.34,51857.5,-34618.71,-0.745,-51278.32,-62128.55,-62128.55,-1.337,139790.95,0.3404,0.542,844.91
2026-01-01,S031,Himaxx Warehouse Outlet,Warehouse Outlet,West China,Xi'an,At Risk,73,203,50688.19,258886.3,50688.19,50688.19,49162.11,37108.06,23202.4,13905.66,0.3747,14786.51,18253.42,3784.39,4149.52,5212.72,6273.22,6077.55,1643.94,60181.27,40973.84,-27068.18,-0.7294,-38554.12,-46275.61,-46275.61,-1.2471,109341.07,0.3985,0.4919,508.33
2026-01-01,S032,Himaxx Warehouse Outlet,Mall Warehouse,Central China,Wuhan,Stable,46,281,81911.31,403928.17,81911.31,81911.31,79693.42,57925.26,34495.5,23429.76,0.4045,14682.9,22907.24,3198.93,3229.92,5055.58,5399.98,5725.13,1814.73,62014.4,44018.98,-20589.22,-0.3554,-31044.78,-38584.64,-38584.64,-0.6661,108827.87,0.2535,0.3955,1259.24
2026-01-01,S033,Himaxx Warehouse Outlet,Mall Warehouse,West China,Chongqing,At Risk,77,224,61425.59,305386.89,61425.59,61425.59,58034.44,42769.1,24860.38,17908.72,0.4187,15498.82,24728.04,3248.19,5678.03,5349.55,5053.31,6177.47,1861.55,67594.96,49153.07,-31244.35,-0.7305,-41647.21,-49686.24,-49686.24,-1.1617,117385.98,0.3624,0.5782,555.44
2026-01-01,S034,Himaxx Warehouse Outlet,Warehouse Outlet,South China,Shenzhen,High Profit,99,385,108997.11,543599.29,108997.11,108997.11,104752.36,76735.8,45499.13,31236.67,0.4071,9234.22,15078.5,2421.19,3755.18,5019.45,3211.85,5027.77,1296.75,45044.92,30489.1,747.57,0.0097,-7483.73,-13808.25,-13808.25,-0.1799,74899.32,0.1203,0.1965,775.11
2026-01-01,S035,Himaxx Warehouse Outlet,Pop-up Clearance Warehouse,West China,Chongqing,At Risk,22,240,55360.93,331241.22,55360.93,55360.93,53861.83,38981.27,28069.29,10911.98,0.2799,15656.32,24861.89,3551.67,4882.24,9201.98,4873.54,9574.01,1982.45,74584.1,48952.13,-38040.15,-0.9759,-52115.67,-63672.12,-63672.12,-1.6334,174873.5,0.4016,0.6378,1771.88
2026-01-01,S036,Himaxx Warehouse Outlet,Warehouse Outlet,East China,Nanjing,Stable,68,267,74900.04,387215.97,74900.04,74900.04,71332.64,54692.21,33509.4,21182.81,0.3873,6628.74,13029.85,2624.12,2035.96,3056.75,2931.95,3527.16,1040.43,34874.95,24318.67,-3135.86,-0.0573,-9124.55,-13692.14,-13692.14,-0.2503,62788.73,0.1212,0.2382,804.3
2026-01-01,S037,Himaxx Warehouse Outlet,Warehouse Outlet,South China,Shenzhen,At Risk,58,201,56649.03,284668.81,56649.03,56649.03,54349.86,41477.49,24880.96,16596.53,0.4001,9282.87,18531.0,2274.05,3749.29,4101.8,3718.81,6404.13,1402.51,49464.46,33837.21,-17240.68,-0.4157,-25061.3,-32867.93,-32867.93,-0.7924,84564.83,0.2238,0.4468,715.13
2026-01-01,S038,Himaxx Warehouse Outlet,Warehouse Outlet,North China,Qingdao,High Profit,72,334,97108.72,494827.22,97108.72,97108.72,93372.18,67946.56,41802.01,26144.55,0.3848,14235.72,20947.84,5198.57,3804.66,8397.24,5446.54,6395.6,2490.36,66916.54,44186.79,-18042.24,-0.2655,-31886.03,-40771.99,-40771.99,-0.6001,114836.2,0.2095,0.3083,943.7
2026-01-01,S039,Himaxx Warehouse Outlet,Pop-up Clearance Warehouse,South China,Shenzhen,Stable,31,316,72433.56,439966.4,72433.56,72433.56,68233.38,53542.45,39513.33,14029.12,0.262,16351.39,24472.6,2743.03,4882.31,5996.36,4316.79,8029.99,1848.27,68640.74,48449.33,-34420.21,-0.6429,-44733.36,-54611.62,-54611.62,-1.02,184907.95,0.3054,0.4571,1727.18
2026-01-01,S040,Himaxx Warehouse Outlet,Warehouse Outlet,South China,Xiamen,High Profit,95,413,111429.51,572482.44,111429.51,111429.51,107427.96,78169.44,47598.07,30571.37,0.3911,6733.13,7973.01,1334.17,1837.31,3578.63,1859.45,2433.43,787.32,26536.44,17877.62,12693.75,0.1624,7255.67,4034.93,4034.93,0.0516,45712.16,0.0861,0.102,822.84
2026-01-01,S041,Himaxx Warehouse Outlet,Shopping Center Warehouse,East China,Shanghai,Loss Making,42,144,35869.88,178487.36,35869.88,35869.88,34312.9,27899.49,17628.43,10271.06,0.3681,15317.01,24803.13,5377.76,4334.77,7800.37,4774.16,8740.3,2182.04,73329.55,49832.67,-39561.61,-1.418,-52136.14,-63058.49,-63058.49,-2.2602,135361.51,0.549,0.889,664.27
2026-01-01,S042,Himaxx Warehouse Outlet,Community Warehouse,East China,Shanghai,High Profit,51,353,92709.76,474263.57,92709.76,92709.76,87609.14,65772.63,41329.85,24442.78,0.3716,9152.27,13291.79,1680.08,3172.71,4251.16,3348.29,3938.26,1014.04,39848.6,27296.84,-2854.06,-0.0434,-10453.51,-15405.82,-15405.82,-0.2342,73452.57,0.1392,0.2021,1289.66
2026-01-01,S043,Himaxx Warehouse Outlet,Warehouse Outlet,East China,Hangzhou,Stable,51,329,96587.19,471767.15,96587.19,96587.19,92340.28,71654.87,42004.66,29650.21,0.4138,15229.73,22140.0,3487.94,5146.55,7867.35,7524.76,8757.91,2141.81,72296.05,46004.22,-16354.01,-0.2282,-31746.12,-42645.84,-42645.84,-0.5952,111177.18,0.2125,0.309,1405.0
2026-01-01,S044,Himaxx Warehouse Outlet,Community Warehouse,Central China,Changsha,High Profit,58,326,91759.96,461960.26,91759.96,91759.96,88168.37,66689.26,40982.46,25706.8,0.3855,10945.72,19137.98,2301.87,2552.38,5383.9,5614.25,5756.14,1488.2,53180.44,34937.94,-9231.14,-0.1384,-20229.3,-27473.64,-27473.64,-0.412,90636.94,0.1641,0.287,1149.81
2026-01-01,S045,Himaxx Warehouse Outlet,Warehouse Outlet,North China,Beijing,Stable,56,317,86187.2,438575.33,86187.2,86187.2,82285.36,62563.76,38068.02,24495.74,0.3915,18343.14,21634.48,4583.57,5676.19,9200.19,4490.15,9989.36,2102.29,76019.38,50237.39,-25741.65,-0.4114,-39431.99,-51523.64,-51523.64,-0.8235,128309.66,0.2932,0.3458,1117.21
2026-01-01,S046,Himaxx Warehouse Outlet,Shopping Center Warehouse,East China,Shanghai,High Profit,36,334,98139.67,468951.14,98139.67,98139.67,95903.32,77375.2,47047.38,30327.82,0.392,16104.98,17743.63,2840.65,5725.37,7126.75,5493.42,4688.1,1755.33,61478.22,42414.63,-12086.81,-0.1562,-24706.98,-31150.4,-31150.4,-0.4026,108212.22,0.2081,0.2293,2149.31
2026-01-01,S047,Himaxx Warehouse Outlet,Warehouse Outlet,South China,Xiamen,Stable,67,295,75737.08,385509.17,75737.08,75737.08,71847.15,51994.67,31573.71,20420.96,0.3928,17155.68,25681.89,4975.84,4762.62,7364.51,7809.82,6940.96,1996.1,76687.42,52576.02,-32155.06,-0.6184,-47329.4,-56266.46,-56266.46,-1.0822,133866.04,0.33,0.4939,776.04
2026-01-01,S048,Himaxx Warehouse Outlet,Mall Warehouse,West China,Chongqing,Stable,45,256,68053.38,344035.12,68053.38,68053.38,65267.98,48771.74,29483.43,19288.31,0.3955,11231.36,22689.42,2612.17,3954.24,7578.93,5659.67,5590.95,1711.71,61028.45,40487.19,-21198.88,-0.4347,-34437.48,-41740.14,-41740.14,-0.8558,102374.49,0.2303,0.4652,1083.82
2026-01-01,S049,Himaxx Warehouse Outlet,Warehouse Outlet,South China,Shenzhen,High Profit,62,368,103462.81,523920.51,103462.81,103462.81,100559.68,74028.39,44798.94,29229.45,0.3948,6434.74,12339.97,1635.47,1922.33,3062.64,3813.91,3910.66,2355.67,35475.39,22332.52,6896.93,0.0932,20.39,-6245.94,-6245.94,-0.0844,56560.77,0.0869,0.1667,1194.01
2026-01-01,S050,Himaxx Warehouse Outlet,Community Warehouse,East China,Suzhou,At Risk,34,184,48938.91,242501.64,48938.91,48938.91,47757.84,36651.93,22401.29,14250.64,0.3888,20041.45,21600.16,4754.22,5454.69,9230.96,6786.69,6163.96,2223.69,76255.81,51850.51,-37599.87,-1.0259,-53617.52,-62005.17,-62005.17,-1.6917,133356.92,0.5468,0.5893,1078.0
2026-01-01,S051,Himaxx Warehouse Outlet,Shopping Center Warehouse,North China,Qingdao,Stable,72,274,80887.16,381871.33,80887.16,80887.16,77258.89,57304.91,33049.15,24255.76,0.4233,16363.05,23343.88,4768.85,6468.75,7831.48,7278.32,10306.35,2277.86,78638.56,50944.53,-26688.77,-0.4657,-41798.58,-54382.8,-54382.8,-0.949,120357.87,0.2855,0.4074,795.9
2026-01-01,S052,Himaxx Warehouse Outlet,Shopping Center Warehouse,East China,Shanghai,Stable,36,220,63934.73,303382.1,63934.73,63934.73,61690.87,42040.07,22807.54,19232.53,0.4575,17993.61,23305.95,5158.3,5762.73,7450.72,7703.57,5913.1,2031.46,75319.42,52220.58,-32988.05,-0.7847,-48142.34,-56086.89,-56086.89,-1.3341,114148.11,0.428,0.5544,1167.78
2026-01-01,S053,Himaxx Warehouse Outlet,Warehouse Outlet,West China,Chongqing,High Profit,104,371,99188.26,490435.51,99188.26,99188.26,94331.56,73877.42,44609.24,29268.18,0.3962,10923.41,14952.51,2553.4,2259.38,4304.3,3580.25,3730.19,1189.35,43492.79,30688.7,-1420.52,-0.0192,-9305.07,-14224.61,-14224.61,-0.1925,77463.02,0.1479,0.2024,710.36
2026-01-01,S054,Himaxx Warehouse Outlet,Community Warehouse,North China,Tianjin,High Profit,52,346,97242.36,464907.31,97242.36,97242.36,95226.87,72007.92,41773.54,30234.38,0.4199,12885.05,18948.27,2301.3,2936.78,4684.48,4875.86,6353.55,1537.15,54522.43,37071.4,-6837.02,-0.0949,-16397.36,-24288.05,-24288.05,-0.3373,88291.36,0.1789,0.2631,1384.77
2026-01-01,S055,Himaxx Warehouse Outlet,Mall Warehouse,South China,Xiamen,High Profit,79,360,96612.39,493333.97,96612.39,96612.39,93600.31,66440.57,40098.87,26341.7,0.3965,9040.36,12665.71,2599.9,2758.71,4373.5,3303.35,5240.58,1143.6,41125.72,27064.68,-722.98,-0.0109,-8399.84,-14784.02,-14784.02,-0.2225,68264.11,0.1361,0.1906,841.02
2026-01-01,S056,Himaxx Warehouse Outlet,Warehouse Outlet,East China,Nanjing,High Profit,88,344,103446.6,522463.0,103446.6,103446.6,97893.23,74965.38,45338.87,29626.51,0.3952,8713.47,11156.45,1919.22,2043.18,3718.93,3542.21,2604.11,947.53,34645.1,23832.32,5794.19,0.0773,-1466.95,-5018.59,-5018.59,-0.0669,60304.06,0.1162,0.1488,851.88
2026-01-01,S057,Himaxx Warehouse Outlet,Warehouse Outlet,East China,Shanghai,Stable,73,268,76799.4,383984.5,76799.4,76799.4,73591.78,55233.33,34592.2,20641.13,0.3737,8322.76,16798.76,2782.9,2736.04,5315.69,5140.47,3910.8,1350.0,46357.4,30640.45,-9999.32,-0.181,-20455.48,-25716.27,-25716.27,-0.4656,81990.38,0.1507,0.3041,756.62
2026-01-01,S058,Himaxx Warehouse Outlet,Shopping Center Warehouse,South China,Xiamen,At Risk,60,198,62449.05,302390.8,62449.05,62449.05,59951.4,47101.16,30507.34,16593.82,0.3523,24371.75,30641.69,5287.7,6433.08,11050.1,7133.14,9232.68,2647.05,96797.19,66734.22,-50140.4,-1.0645,-68323.64,-80203.37,-80203.37,-1.7028,189423.48,0.5174,0.6506,785.02
2026-01-01,S059,Himaxx Warehouse Outlet,Mall Warehouse,East China,Suzhou,Loss Making,47,141,41017.82,206142.11,41017.82,41017.82,38781.55,32253.54,19672.27,12581.27,0.3901,18962.11,25201.64,4362.0,4193.28,9404.95,7303.35,7301.87,3276.64,80005.85,52719.03,-40137.76,-1.2444,-56846.06,-67424.58,-67424.58,-2.0905,135151.33,0.5879,0.7814,686.25
2026-01-01,S060,Himaxx Warehouse Outlet,Mall Warehouse,West China,Xi'an,High Profit,77,328,91038.08,451132.85,91038.08,91038.08,86587.94,63889.6,37523.66,26365.94,0.4127,14702.97,16709.5,3177.28,4102.91,7956.24,5921.59,8230.05,1753.16,62553.69,38692.65,-12326.71,-0.1929,-26204.54,-36187.75,-36187.75,-0.5664,93759.53,0.2301,0.2615,829.74
2026-01-01,S061,Himaxx Warehouse Outlet,Community Warehouse,South China,Xiamen,Loss Making,46,149,46202.86,226061.62,46202.86,46202.86,42955.5,33613.75,21307.77,12305.98,0.3661,11183.52,19757.1,3044.24,3458.31,7279.96,4899.57,8404.25,1730.72,59757.68,37443.18,-25137.2,-0.7478,-37316.73,-47451.7,-47451.7,-1.4117,102275.93,0.3327,0.5878,730.73
2026-01-01,S062,Himaxx Warehouse Outlet,Community Warehouse,West China,Xi'an,Stable,48,302,87276.23,436087.25,87276.23,87276.23,83901.24,58193.22,33283.16,24910.06,0.4281,16746.22,24532.68,4430.52,6198.33,5395.53,4685.15,5867.86,1939.55,69795.84,51907.75,-26997.69,-0.4639,-37078.36,-44885.78,-44885.78,-0.7713,121263.42,0.2878,0.4216,1212.36
2026-01-01,S063,Himaxx Warehouse Outlet,Mall Warehouse,East China,Nanjing,Loss Making,54,138,38579.23,193223.12,38579.23,38579.23,36114.51,29280.16,18085.71,11194.45,0.3823,16927.0,23790.85,3919.1,3469.91,8485.52,7163.34,7569.23,2062.95,73387.9,48106.85,-36912.4,-1.2607,-52561.26,-62193.45,-62193.45,-2.1241,125828.08,0.5781,0.8125,542.23
2026-01-01,S064,Himaxx Warehouse Outlet,Shopping Center Warehouse,South China,Guangzhou,High Profit,58,327,99304.65,482397.9,99304.65,99304.65,96530.18,75781.92,45780.65,30001.27,0.3959,12179.56,17791.92,2066.04,3112.94,5726.23,4028.45,5820.47,1506.23,52231.84,35150.46,-5149.19,-0.0679,-14903.87,-22230.57,-22230.57,-0.2933,88788.56,0.1607,0.2348,1306.58
2026-01-01,S065,Himaxx Warehouse Outlet,Shopping Center Warehouse,North China,Tianjin,Stable,53,252,74006.55,366843.17,74006.55,74006.55,70019.72,53376.43,32574.0,20802.43,0.3897,15221.46,18001.73,4412.14,3949.13,5001.91,5643.53,6279.62,2862.2,61371.73,41584.46,-20782.03,-0.3893,-31427.48,-40569.3,-40569.3,-0.7601,106700.53,0.2852,0.3373,1007.1
2026-01-01,S066,Himaxx Warehouse Outlet,Shopping Center Warehouse,North China,Tianjin,At Risk,45,183,46346.62,221660.12,46346.62,46346.62,44452.64,33013.02,18856.43,14156.59,0.4288,20669.79,28543.9,3077.35,5209.0,7175.09,5256.57,7067.41,2240.13,79239.24,57500.04,-43343.45,-1.3129,-55775.12,-65082.65,-65082.65,-1.9714,134089.5,0.6261,0.8646,733.62
2026-01-01,S067,Himaxx Warehouse Outlet,Shopping Center Warehouse,North China,Beijing,Stable,41,288,83381.27,394636.16,83381.27,83381.27,79849.32,63095.38,37246.86,25848.52,0.4097,10605.84,13853.36,3416.76,3608.32,4806.57,4811.12,6154.24,1368.51,48624.72,31484.28,-5635.76,-0.0893,-15253.45,-22776.2,-22776.2,-0.361,76852.08,0.1681,0.2196,1538.91
2026-01-01,S068,Himaxx Warehouse Outlet,Mall Warehouse,East China,Suzhou,Stable,54,259,67884.57,345100.96,67884.57,67884.57,65308.07,47803.0,28570.71,19232.29,0.4023,9063.29,12820.48,2396.09,2796.24,6023.19,3663.54,4206.57,2539.13,43508.53,27076.1,-7843.81,-0.1641,-17530.54,-24276.24,-24276.24,-0.5078,67299.26,0.1896,0.2682,885.24
2026-01-01,S069,Himaxx Warehouse Outlet,Warehouse Outlet,North China,Beijing,Stable,52,281,77661.65,403380.67,77661.65,77661.65,75193.31,53508.63,34476.41,19032.22,0.3557,13835.66,23110.16,3373.13,4668.51,6044.62,6858.55,7609.62,2228.48,67728.74,44987.47,-25955.25,-0.4851,-38858.41,-48696.52,-48696.52,-0.9101,126481.18,0.2586,0.4319,1029.01
2026-01-01,S070,Himaxx Warehouse Outlet,Shopping Center Warehouse,Central China,Changsha,Loss Making,42,132,39535.38,189963.09,39535.38,39535.38,37288.4,23762.5,13398.12,10364.38,0.4362,25757.44,34935.28,5131.64,7380.92,12439.5,8532.49,13397.02,2841.55,110415.84,73205.28,-62840.9,-2.6445,-83812.89,-100051.46,-100051.46,-4.2105,167838.34,1.084,1.4702,565.77
2026-01-01,S071,Himaxx Warehouse Outlet,Warehouse Outlet,North China,Qingdao,Stable,79,260,73783.46,370026.39,73783.46,73783.46,72413.84,54371.65,32298.66,22072.99,0.406,16755.96,19585.06,3661.33,6117.86,8437.57,5110.08,8733.12,1869.49,70270.46,46120.21,-24047.22,-0.4423,-37594.87,-48197.47,-48197.47,-0.8864,113606.36,0.3082,0.3602,688.25
2026-01-01,S072,Himaxx Warehouse Outlet,Community Warehouse,Central China,Changsha,At Risk,59,151,40769.08,209281.53,40769.08,40769.08,39227.43,29636.52,19183.27,10453.25,0.3527,12262.71,17508.67,3387.31,5127.8,6577.33,5257.12,6061.72,1733.61,57916.27,38286.49,-27833.24,-0.9392,-39667.69,-47463.02,-47463.02,-1.6015,108547.9,0.4138,0.5908,502.31
2026-01-01,S073,Himaxx Warehouse Outlet,Mall Warehouse,North China,Tianjin,High Profit,65,294,81619.32,422537.06,81619.32,81619.32,79230.78,61305.69,39154.75,22150.94,0.3613,8754.11,14034.8,1761.64,2690.5,5113.81,4167.84,4400.34,1222.37,42145.4,27241.05,-5090.11,-0.083,-14371.76,-19994.46,-19994.46,-0.3261,75393.24,0.1428,0.2289,943.16
2026-01-01,S074,Himaxx Warehouse Outlet,Warehouse Outlet,North China,Tianjin,High Profit,59,343,97392.98,496235.87,97392.98,97392.98,95215.75,72831.63,44225.08,28606.55,0.3928,5338.41,8880.92,1098.09,1560.68,2845.4,2632.5,2746.68,695.47,25798.16,16878.1,11728.45,0.161,6250.55,2808.39,2808.39,0.0386,42971.27,0.0733,0.1219,1234.43
2026-01-01,S075,Himaxx Warehouse Outlet,Warehouse Outlet,South China,Shenzhen,Stable,35,249,65452.0,326027.74,65452.0,65452.0,63677.1,49003.7,29986.01,19017.69,0.3881,6699.29,10373.8,1996.15,1909.41,3528.93,3003.97,4644.45,3166.62,35322.61,20978.65,-1960.96,-0.04,-8493.86,-16304.92,-16304.92,-0.3327,54056.59,0.1367,0.2117,1400.11
2026-01-01,S076,Himaxx Warehouse Outlet,Warehouse Outlet,East China,Nanjing,At Risk,57,187,51493.05,263316.01,51493.05,51493.05,50098.37,36646.64,22201.65,14444.99,0.3942,10295.5,17427.87,2399.08,2701.53,6156.62,5605.58,4154.5,1502.64,50243.32,32823.98,-18378.99,-0.5015,-30141.2,-35798.33,-35798.33,-0.9769,83273.76,0.2809,0.4756,642.92
2026-02-01,S001,Himaxx Warehouse Outlet,Mall Warehouse,North China,Beijing,High Profit,73,351,103026.91,519779.39,103026.91,103026.91,97229.12,73860.81,46915.52,26945.29,0.3648,12512.82,17722.19,2205.97,2965.86,4726.59,5925.21,6476.92,1507.29,54042.85,35406.85,-8461.56,-0.1146,-19113.35,-27097.56,-27097.56,-0.3669,97055.12,0.1694,0.2399,1011.79
2026-02-01,S002,Himaxx Warehouse Outlet,Shopping Center Warehouse,East China,Nanjing,Stable,84,222,64026.77,317281.56,64026.77,64026.77,61665.97,45633.13,27557.84,18075.29,0.3961,6417.69,12173.07,1887.05,2455.24,3163.2,2879.92,3663.15,956.6,33595.9,22933.03,-4857.74,-0.1065,-10900.86,-15520.61,-15520.61,-0.3401,57897.06,0.1406,0.2668,543.25
2026-02-01,S003,Himaxx Warehouse Outlet,Warehouse Outlet,South China,Shenzhen,At Risk,100,160,45498.72,224912.24,45498.72,45498.72,43832.26,34564.51,20623.84,13940.67,0.4033,20500.03,29889.76,4229.33,4312.75,6565.29,7417.57,9964.61,2382.26,85261.6,58931.87,-44991.2,-1.3017,-58974.06,-71320.93,-71320.93,-2.0634,146115.72,0.5931,0.8648,345.65
2026-02-01,S004,Himaxx Warehouse Outlet,Pop-up Clearance Warehouse,South China,Xiamen,Stable,34,195,51106.92,298909.67,51106.92,51106.92,49181.17,38596.12,27631.79,10964.33,0.2841,14203.61,22934.63,4394.85,5824.65,8741.87,8564.66,10085.74,2191.9,76941.91,47357.74,-36393.41,-0.9429,-53699.94,-65977.58,-65977.58,-1.7094,166706.49,0.368,0.5942,1135.18
2026-02-01,S005,Himaxx Warehouse Outlet,Shopping Center Warehouse,Central China,Changsha,At Risk,45,193,53222.79,269509.92,53222.79,53222.79,51447.69,38045.81,22944.36,15101.45,0.3969,15510.79,21149.46,3928.86,3794.37,8340.73,6212.99,9974.56,2075.11,70986.87,44383.48,-29282.03,-0.7697,-43835.76,-55885.42,-55885.42,-1.4689,111817.45,0.4077,0.5559,845.46
2026-02-01,S006,Himaxx Warehouse Outlet,Warehouse Outlet,North China,Qingdao,At Risk,77,203,55219.68,274716.98,55219.68,55219.68,53252.89,41008.44,25269.52,15738.92,0.3838,15286.03,27547.54,5131.24,4066.53,6788.89,5472.5,8914.21,2067.64,75274.58,52031.34,-36292.42,-0.885,-48553.81,-59535.66,-59535.66,-1.4518,135569.91,0.3728,0.6718,532.58
2026-02-01,S007,Himaxx Warehouse Outlet,Mall Warehouse,Central China,Wuhan,Stable,70,234,62792.26,325625.02,62792.26,62792.26,59186.89,47917.2,31854.92,16062.28,0.3352,11831.11,15046.29,2202.54,3822.38,6337.13,5731.85,4023.19,1464.34,50458.83,32902.32,-16840.04,-0.3514,-28909.01,-34396.55,-34396.55,-0.7178,98154.62,0.2469,0.314,684.53
2026-02-01,S008,Himaxx Warehouse Outlet,Mall Warehouse,Central China,Changsha,High Profit,40,337,86502.0,448002.94,86502.0,86502.0,82310.59,65201.74,39112.03,26089.71,0.4001,8167.91,11726.07,1465.82,2282.28,4633.65,2433.06,3832.21,1015.3,35556.3,23642.07,2447.64,0.0375,-4619.07,-9466.59,-9466.59,-0.1452,59084.76,0.1253,0.1798,1630.04
2026-02-01,S009,Himaxx Warehouse Outlet,Mall Warehouse,Central China,Changsha,High Profit,51,291,77506.58,381497.84,77506.58,77506.58,74135.44,57659.43,34556.61,23102.82,0.4007,18023.93,20948.49,3596.13,4344.34,5697.04,4071.33,9138.29,1974.03,67793.58,46912.89,-23810.07,-0.4129,-33578.44,-44690.76,-44690.76,-0.7751,117083.99,0.3126,0.3633,1130.58
2026-02-01,S010,Himaxx Warehouse Outlet,Community Warehouse,Central China,Changsha,Stable,38,255,68102.48,337549.51,68102.48,68102.48,65088.44,50629.09,28585.16,22043.93,0.4354,6927.17,9885.69,1725.52,2056.05,4703.1,3593.35,5086.94,1214.83,35192.65,20594.43,1449.5,0.0286,-6846.95,-13148.72,-13148.72,-0.2597,47299.97,0.1368,0.1953,1332.34
2026-02-01,S011,Himaxx Warehouse Outlet,Community Warehouse,West China,Chengdu,At Risk,57,216,65489.2,318219.66,65489.2,65489.2,63451.84,46934.02,25755.9,21178.12,0.4512,13715.65,23778.22,5773.3,6207.5,7931.16,5084.38,10132.14,2239.01,74861.36,49474.66,-28296.54,-0.6029,-41312.09,-53683.24,-53683.24,-1.1438,109643.58,0.2922,0.5066,823.4
2026-02-01,S012,Himaxx Warehouse Outlet,Warehouse Outlet,North China,Beijing,High Profit,63,349,94067.46,497722.5,94067.46,94067.46,90279.72,68804.59,45057.7,23746.89,0.3451,8848.8,18705.95,3673.89,2863.67,4679.55,4899.26,5914.44,1411.15,50996.7,34092.31,-10345.42,-0.1504,-19924.23,-27249.81,-27249.81,-0.396,98779.56,0.1286,0.2719,1092.14
2026-02-01,S013,Himaxx Warehouse Outlet,Community Warehouse,South China,Shenzhen,High Profit,49,309,86701.76,421699.45,86701.76,86701.76,82353.39,64615.45,39351.49,25263.96,0.391,14053.24,20126.04,2441.41,5220.05,5926.23,5752.27,6714.38,1811.57,62045.2,41840.74,-16576.78,-0.2565,-28255.28,-36781.24,-36781.24,-0.5692,107012.45,0.2175,0.3115,1318.68
2026-02-01,S014,Himaxx Warehouse Outlet,Shopping Center Warehouse,North China,Tianjin,Stable,39,201,56343.99,276583.98,56343.99,56343.99,53527.61,41662.21,26465.68,15196.53,0.3648,12081.09,18039.77,3136.48,2789.36,6464.77,4789.45,5153.46,2416.94,54871.31,36046.7,-20850.17,-0.5005,-32104.38,-39674.78,-39674.78,-0.9523,98824.21,0.29,0.433,1068.26
2026-02-01,S015,Himaxx Warehouse Outlet,Mall Warehouse,East China,Hangzhou,Stable,64,196,60178.78,302293.63,60178.78,60178.78,58293.3,45333.49,28328.43,17005.06,0.3751,10988.09,16545.07,3946.74,3077.76,5677.56,6210.85,6150.05,1578.6,54174.72,34557.66,-17552.6,-0.3872,-29441.01,-37169.66,-37169.66,-0.8199,92126.66,0.2424,0.365,708.34
2026-02-01,S016,Himaxx Warehouse Outlet,Shopping Center Warehouse,West China,Chengdu,High Profit,74,351,108007.66,511243.86,108007.66,108007.66,104219.63,76907.84,43991.44,32916.4,0.428,13807.36,16198.46,3175.34,4995.68,5642.55,4355.22,5440.39,1589.68,55204.67,38176.84,-5260.44,-0.0684,-15258.2,-22288.27,-22288.27,-0.2898,89198.64,0.1795,0.2106,1039.3
2026-02-01,S017,Himaxx Warehouse Outlet,Shopping Center Warehouse,East China,Hangzhou,Stable,37,216,56244.41,279799.84,56244.41,56244.41,52977.72,37822.99,21381.13,16441.86,0.4347,13778.41,19869.47,2938.77,3234.04,7226.01,3595.11,4597.03,1572.5,56811.33,39820.69,-23378.83,-0.6181,-34199.94,-40369.47,-40369.47,-1.0673,91603.84,0.3643,0.5253,1022.24
2026-02-01,S018,Himaxx Warehouse Outlet,Mall Warehouse,West China,Xi'an,High Profit,58,300,79968.93,392438.26,79968.93,79968.93,78235.87,61032.42,36235.07,24797.35,0.4063,8196.48,9673.97,1687.23,1738.22,3904.69,3411.07,3980.99,1330.59,33923.25,21295.9,3501.45,0.0574,-3814.32,-9125.9,-9125.9,-0.1495,52414.48,0.1343,0.1585,1052.28
2026-02-01,S019,Himaxx Warehouse Outlet,Shopping Center Warehouse,North China,Qingdao,At Risk,57,195,53791.61,259089.06,53791.61,53791.61,51980.43,38369.22,21536.17,16833.05,0.4387,18186.89,35699.37,3947.6,9091.61,13295.66,5883.21,10636.8,2902.18,99643.33,66925.47,-50092.42,-1.3055,-69271.29,-82810.28,-82810.28,-2.1582,152549.79,0.474,0.9304,673.14
2026-02-01,S020,Himaxx Warehouse Outlet,Warehouse Outlet,East China,Shanghai,High Profit,107,335,95881.64,489549.34,95881.64,95881.64,92606.61,64230.73,38787.49,25443.24,0.3961,8034.55,10745.39,2378.29,2279.39,3728.04,2636.24,3254.07,976.65,34032.61,23437.62,2005.62,0.0312,-4358.65,-8589.37,-8589.37,-0.1337,59167.6,0.1251,0.1673,600.29
2026-02-01,S021,Himaxx Warehouse Outlet,Pop-up Clearance Warehouse,Central China,Changsha,High Profit,35,275,58929.88,352204.81,58929.88,58929.88,56759.15,44161.25,32137.86,12023.39,0.2723,9135.47,16109.21,2301.79,3630.93,5589.54,4155.79,6210.41,1429.45,48562.61,31177.41,-19154.02,-0.4337,-28899.36,-36539.22,-36539.22,-0.8274,114512.91,0.2069,0.3648,1261.75
2026-02-01,S022,Himaxx Warehouse Outlet,Mall Warehouse,South China,Xiamen,At Risk,70,199,48441.29,257579.85,48441.29,48441.29,46109.27,33255.35,20638.44,12616.91,0.3794,18555.24,29345.43,4096.16,9398.92,13056.33,10285.25,13850.39,2915.99,101503.72,61395.75,-48778.84,-1.4668,-72120.42,-88886.81,-88886.81,-2.6729,161825.44,0.558,0.8824,475.08
2026-02-01,S023,Himaxx Warehouse Outlet,Mall Warehouse,Central China,Changsha,Stable,59,269,70474.44,355943.52,70474.44,70474.44,68110.34,48509.64,27688.98,20820.66,0.4292,17269.87,26142.99,4803.89,4134.25,6516.17,7589.88,6766.01,2041.33,75264.39,52351.01,-31530.35,-0.65,-45636.39,-54443.73,-54443.73,-1.1223,121971.57,0.356,0.5389,822.2
2026-02-01,S024,Himaxx Warehouse Outlet,Mall Warehouse,West China,Chongqing,Loss Making,54,165,45589.78,225408.59,45589.78,45589.78,42830.22,31539.31,19816.81,11722.5,0.3717,16164.18,22103.04,5447.73,5622.49,6798.68,6151.01,6876.7,9601.02,78764.85,49337.45,-37614.95,-1.1926,-50564.64,-67042.35,-67042.35,-2.1257,132742.08,0.5125,0.7008,584.06
2026-02-01,S025,Himaxx Warehouse Outlet,Shopping Center Warehouse,East China,Hangzhou,Stable,74,269,75214.95,374408.04,75214.95,75214.95,71348.17,53316.13,31822.62,21493.51,0.4031,8553.09,12212.71,2066.78,3354.32,4356.42,2319.63,2824.23,1014.01,36701.18,26186.89,-4693.38,-0.088,-11369.44,-15207.67,-15207.67,-0.2852,64958.39,0.1604,0.2291,720.49
2026-02-01,S026,Himaxx Warehouse Outlet,Shopping Center Warehouse,North China,Beijing,High Profit,51,354,96540.05,459795.78,96540.05,96540.05,93206.14,69814.97,40684.58,29130.39,0.4173,9491.63,15521.46,2224.1,3943.74,5082.47,4113.0,4744.78,1223.64,46344.8,31180.92,-2050.53,-0.0294,-11246.0,-17214.41,-17214.41,-0.2466,74729.35,0.136,0.2223,1368.92
2026-02-01,S027,Himaxx Warehouse Outlet,Shopping Center Warehouse,West China,Chengdu,Loss Making,38,94,25461.01,125153.27,25461.01,25461.01,24130.81,18143.93,10336.78,7807.15,0.4303,21349.02,30600.4,4779.45,4586.06,9918.39,4719.82,7562.55,2353.99,85869.69,61314.93,-53507.78,-2.9491,-68145.99,-78062.54,-78062.54,-4.3024,142496.79,1.1766,1.6865,477.47
2026-02-01,S028,Himaxx Warehouse Outlet,Warehouse Outlet,West China,Chongqing,At Risk,51,178,53313.73,270863.04,53313.73,53313.73,51602.07,42272.77,27165.9,15106.87,0.3574,15742.43,27926.57,4845.02,3909.78,5989.5,5946.29,8174.15,2168.33,74702.08,52423.81,-37316.94,-0.8828,-49252.73,-59595.21,-59595.21,-1.4098,146694.81,0.3724,0.6606,828.88
2026-02-01,S029,Himaxx Warehouse Outlet,Warehouse Outlet,East China,Suzhou,Stable,51,237,64782.89,328927.28,64782.89,64782.89,61544.15,49259.41,29852.08,19407.33,0.394,10937.87,19386.96,3352.95,3358.03,5476.39,4537.3,5333.54,1562.41,53945.45,37035.82,-17628.49,-0.3579,-27642.17,-34538.12,-34538.12,-0.7011,94003.79,0.222,0.3936,965.87
2026-02-01,S030,Himaxx Warehouse Outlet,Warehouse Outlet,North China,Beijing,At Risk,55,207,53662.04,268882.6,53662.04,53662.04,52371.6,35806.81,20176.61,15630.2,0.4365,15281.17,16680.04,3007.5,5672.77,6786.99,6703.08,6874.56,1764.52,62770.62,40641.47,-25011.27,-0.6985,-38501.34,-47140.42,-47140.42,-1.3165,93104.47,0.4268,0.4658,651.03
2026-02-01,S031,Himaxx Warehouse Outlet,Warehouse Outlet,West China,Xi'an,At Risk,73,172,45394.43,231006.6,45394.43,45394.43,43095.24,31882.78,19710.75,12172.03,0.3818,11715.51,15574.68,2002.57,4196.89,4309.78,4173.52,5489.08,1287.44,48749.48,33489.66,-21317.63,-0.6686,-29800.93,-36577.45,-36577.45,-1.1472,87721.06,0.3675,0.4885,436.75
2026-02-01,S032,Himaxx Warehouse Outlet,Mall Warehouse,Central China,Wuhan,Stable,46,246,72603.58,352933.93,72603.58,72603.58,69755.91,55097.01,33499.01,21598.0,0.392,15547.19,17665.66,2515.08,5036.15,4992.37,3840.23,7898.38,1771.16,59266.22,40764.08,-19166.08,-0.3479,-27998.68,-37668.22,-37668.22,-0.6837,103990.14,0.2822,0.3206,1197.76
2026-02-01,S033,Himaxx Warehouse Outlet,Mall Warehouse,West China,Chongqing,At Risk,77,189,57247.77,291308.55,57247.77,57247.77,54828.62,39685.71,25413.97,14271.74,0.3596,15564.17,20313.79,2598.11,4368.76,7103.96,5729.02,6201.11,1706.43,63585.35,42844.82,-28573.08,-0.72,-41406.06,-49313.61,-49313.61,-1.2426,119139.45,0.3922,0.5119,515.4
2026-02-01,S034,Himaxx Warehouse Outlet,Warehouse Outlet,South China,Shenzhen,High Profit,99,341,98588.36,483937.33,98588.36,98588.36,95563.23,71750.31,42376.88,29373.43,0.4094,10240.39,14800.99,2494.52,2892.95,5312.04,3422.35,5525.47,1165.54,45854.25,30428.85,-1055.42,-0.0147,-9789.81,-16480.82,-16480.82,-0.2297,74328.39,0.1427,0.2063,724.75
2026-02-01,S035,Himaxx Warehouse Outlet,Pop-up Clearance Warehouse,West China,Chongqing,At Risk,22,184,48276.86,287817.92,48276.86,48276.86,46511.59,34324.42,23878.53,10445.89,0.3043,14104.96,23025.77,4443.68,3872.25,9152.47,6014.61,9625.74,2014.26,72253.74,45446.66,-35000.77,-1.0197,-50167.85,-61807.85,-61807.85,-1.8007,149334.36,0.4109,0.6708,1560.2
2026-02-01,S036,Himaxx Warehouse Outlet,Warehouse Outlet,East China,Nanjing,Stable,68,230,65038.11,334984.26,65038.11,65038.11,61819.56,52195.16,33921.45,18273.71,0.3501,11554.25,15346.66,1787.14,3682.62,5447.72,4093.1,5216.4,1332.75,48460.65,32370.67,-14096.96,-0.2701,-23637.78,-30186.94,-30186.94,-0.5783,92460.27,0.2214,0.294,767.58
2026-02-01,S037,Himaxx Warehouse Outlet,Warehouse Outlet,South China,Shenzhen,At Risk,58,160,42112.11,218905.5,42112.11,42112.11,40243.48,28739.42,17447.13,11292.29,0.3929,20653.99,30553.08,7048.86,7369.32,8830.11,12665.97,12536.85,6254.6,105912.77,65625.25,-54332.96,-1.8905,-75829.03,-94620.48,-94620.48,-3.2924,167019.41,0.7187,1.0631,495.51
2026-02-01,S038,Himaxx Warehouse Outlet,Warehouse Outlet,North China,Qingdao,High Profit,72,302,75194.85,371088.74,75194.85,75194.85,71351.77,51370.72,28632.46,22738.26,0.4426,8370.51,11751.28,1491.14,1854.78,3967.27,1978.73,2553.8,941.26,32908.77,23467.71,-729.45,-0.0142,-6675.45,-10170.51,-10170.51,-0.198,53018.71,0.1629,0.2288,713.48
2026-02-01,S039,Himaxx Warehouse Outlet,Pop-up Clearance Warehouse,South China,Shenzhen,Stable,31,270,63225.57,387024.53,63225.57,63225.57,61293.11,45793.68,32659.17,13134.51,0.2868,18293.8,28896.79,5606.67,5958.84,8960.99,6100.27,9467.64,2433.68,85718.68,58756.1,-45621.59,-0.9962,-60682.85,-72584.17,-72584.17,-1.585,204854.09,0.3995,0.631,1477.22
2026-02-01,S040,Himaxx Warehouse Outlet,Warehouse Outlet,South China,Xiamen,High Profit,95,322,84889.78,439666.88,84889.78,84889.78,81935.64,65510.43,42362.66,23147.77,0.3533,8409.14,12051.96,2671.53,2689.73,3138.5,3650.3,4090.93,1042.07,37744.16,25822.36,-2674.59,-0.0408,-9463.39,-14596.39,-14596.39,-0.2228,73079.77,0.1284,0.184,689.58
2026-02-01,S041,Himaxx Warehouse Outlet,Shopping Center Warehouse,East China,Shanghai,Loss Making,42,161,41737.14,204084.93,41737.14,41737.14,39882.75,30317.0,18828.47,11488.53,0.3789,12993.45,19430.99,5016.96,5472.52,7825.88,6939.83,6621.29,3836.26,68137.18,42913.92,-31425.39,-1.0366,-46191.1,-56648.65,-56648.65,-1.8685,113245.24,0.4286,0.6409,721.83
2026-02-01,S042,Himaxx Warehouse Outlet,Community Warehouse,East China,Shanghai,High Profit,51,303,83506.47,425968.62,83506.47,83506.47,80226.99,62263.06,39964.95,22298.11,0.3581,5276.18,7897.22,1474.79,1247.63,2576.02,2002.91,2458.37,1907.97,24841.1,15895.83,6402.28,0.1028,1823.35,-2542.99,-2542.99,-0.0408,44385.95,0.0847,0.1268,1220.84
2026-02-01,S043,Himaxx Warehouse Outlet,Warehouse Outlet,East China,Hangzhou,Stable,51,265,67021.48,344792.46,67021.48,67021.48,64292.43,48582.98,29797.11,18785.87,0.3867,10642.48,17731.12,3224.67,4844.27,6887.91,3974.96,5177.82,1548.31,54031.55,36442.55,-17656.68,-0.3634,-28519.55,-35245.68,-35245.68,-0.7255,94245.7,0.2191,0.365,952.61
2026-02-01,S044,Himaxx Warehouse Outlet,Community Warehouse,Central China,Changsha,High Profit,58,278,82179.07,418830.88,82179.07,82179.07,79225.97,58005.44,35006.86,22998.58,0.3965,12001.76,18001.44,3551.56,5604.64,4801.54,5667.83,4765.77,2918.95,57313.5,39159.41,-16160.83,-0.2786,-26630.19,-34314.92,-34314.92,-0.5916,98765.17,0.2069,0.3103,1000.09
2026-02-01,S045,Himaxx Warehouse Outlet,Warehouse Outlet,North China,Beijing,Stable,56,249,69773.19,353299.68,69773.19,69773.19,66365.88,51024.65,31492.07,19532.58,0.3828,18198.78,26221.56,4029.61,4127.92,6613.29,4361.91,7296.65,2028.12,72877.82,52577.86,-33045.28,-0.6476,-44020.48,-53345.24,-53345.24,-1.0455,137348.31,0.3567,0.5139,911.15
2026-02-01,S046,Himaxx Warehouse Outlet,Shopping Center Warehouse,East China,Shanghai,High Profit,36,277,74915.48,366327.66,74915.48,74915.48,73114.28,52410.4,28573.7,23836.7,0.4548,12611.81,18994.0,3274.28,4515.68,6630.73,4526.65,5973.7,1501.64,58028.48,39395.76,-15559.06,-0.2969,-26716.44,-34191.78,-34191.78,-0.6524,86620.54,0.2406,0.3624,1455.84
2026-02-01,S047,Himaxx Warehouse Outlet,Warehouse Outlet,South China,Xiamen,Stable,67,253,69428.2,361110.88,69428.2,69428.2,66694.67,52166.46,34651.13,17515.33,0.3358,11219.69,19669.44,4100.6,2992.8,5915.03,4181.87,4965.47,1634.81,54679.7,37982.52,-20467.19,-0.3923,-30564.09,-37164.37,-37164.37,-0.7124,113124.54,0.2151,0.3771,778.6
2026-02-01,S048,Himaxx Warehouse Outlet,Mall Warehouse,West China,Chongqing,Stable,45,225,54523.34,276056.66,54523.34,54523.34,51488.95,37261.04,20985.05,16275.99,0.4368,11811.41,15734.96,2484.65,3623.08,5105.83,4683.57,6047.7,1384.34,50875.54,33654.1,-17378.11,-0.4664,-27167.51,-34599.55,-34599.55,-0.9286,77045.19,0.317,0.4223,828.02
2026-02-01,S049,Himaxx Warehouse Outlet,Warehouse Outlet,South China,Shenzhen,High Profit,62,325,78448.9,401270.1,78448.9,78448.9,75122.61,57076.14,35024.38,22051.76,0.3864,10481.93,15937.63,2928.78,2576.21,5393.88,3773.01,4574.6,1210.51,46876.54,31924.55,-9872.79,-0.173,-19039.68,-24824.78,-24824.78,-0.4349,82629.68,0.1836,0.2792,920.58
2026-02-01,S050,Himaxx Warehouse Outlet,Community Warehouse,East China,Suzhou,At Risk,34,198,55617.99,270848.48,55617.99,55617.99,52621.86,40945.74,24848.29,16097.45,0.3931,13976.3,27545.41,4545.97,6702.21,8601.86,5888.8,8304.93,2239.49,77804.98,52769.9,-36672.45,-0.8956,-51163.11,-61707.53,-61707.53,-1.5071,134226.38,0.3413,0.6727,1204.29
2026-02-01,S051,Himaxx Warehouse Outlet,Shopping Center Warehouse,North China,Qingdao,Stable,72,248,69266.2,337121.09,69266.2,69266.2,65812.24,50677.58,29015.74,21661.84,0.4274,10333.6,15362.14,2010.81,3719.16,4583.9,3314.35,5168.99,1209.03,45701.98,31425.71,-9763.87,-0.1927,-17662.13,-24040.14,-24040.14,-0.4744,73520.03,0.2039,0.3031,703.86
2026-02-01,S052,Himaxx Warehouse Outlet,Shopping Center Warehouse,East China,Shanghai,Stable,36,206,59297.81,286524.82,59297.81,59297.81,57543.98,43930.4,25547.37,18383.03,0.4185,11178.49,14556.44,3224.38,4145.85,5517.0,4027.4,3693.61,1361.98,47705.16,33105.17,-14722.14,-0.3351,-24266.54,-29322.13,-29322.13,-0.6675,79112.27,0.2545,0.3314,1220.29
2026-02-01,S053,Himaxx Warehouse Outlet,Warehouse Outlet,West China,Chongqing,High Profit,104,326,91059.76,452903.9,91059.76,91059.76,87616.8,68477.36,42442.91,26034.45,0.3802,8876.71,12105.83,2903.53,3752.6,5105.95,3381.15,3240.94,1178.06,40544.78,27638.67,-1604.22,-0.0234,-10091.33,-14510.33,-14510.33,-0.2119,72696.89,0.1296,0.1768,658.44
2026-02-01,S054,Himaxx Warehouse Outlet,Community Warehouse,North China,Tianjin,High Profit,52,309,87609.84,445774.24,87609.84,87609.84,84634.7,63872.77,39892.52,23980.25,0.3754,7359.21,11517.05,2454.4,2630.02,2948.83,2664.09,4669.03,956.53,35199.15,23960.67,19.58,0.0003,-5593.34,-11218.9,-11218.9,-0.1756,63820.62,0.1152,0.1803,1228.32
2026-02-01,S055,Himaxx Warehouse Outlet,Mall Warehouse,South China,Xiamen,High Profit,79,327,80138.26,403060.88,80138.26,80138.26,77440.79,58182.26,33354.05,24828.21,0.4267,13127.61,17136.82,4066.59,4633.19,6406.71,4175.71,8870.81,1797.31,60214.74,38964.2,-14135.99,-0.243,-24718.42,-35386.53,-35386.53,-0.6082,91308.46,0.2256,0.2945,736.48
2026-02-01,S056,Himaxx Warehouse Outlet,Warehouse Outlet,East China,Nanjing,High Profit,88,278,69739.66,364576.42,69739.66,69739.66,67026.5,48243.2,32170.87,16072.33,0.3332,7178.06,12341.22,2604.24,1904.19,4496.41,2976.09,4364.0,1060.7,36924.91,24027.72,-7955.39,-0.1649,-15427.88,-20852.58,-20852.58,-0.4322,72122.33,0.1488,0.2558,548.22
2026-02-01,S057,Himaxx Warehouse Outlet,Warehouse Outlet,East China,Shanghai,Stable,73,248,67171.04,344952.24,67171.04,67171.04,62845.63,47803.86,28811.65,18992.21,0.3973,20881.93,32814.08,6449.13,4683.59,9900.15,6047.51,7722.39,2645.57,91144.34,64828.72,-45836.51,-0.9588,-61784.17,-72152.13,-72152.13,-1.5093,163175.49,0.4368,0.6864,654.85
2026-02-01,S058,Himaxx Warehouse Outlet,Shopping Center Warehouse,South China,Xiamen,At Risk,60,184,48044.09,230246.71,48044.09,48044.09,45324.41,34643.43,19930.75,14712.68,0.4247,15473.84,26590.82,5000.86,4376.91,10597.87,5391.47,9152.44,4868.59,81452.79,51442.42,-36729.74,-1.0602,-52719.08,-66740.11,-66740.11,-1.9265,121129.67,0.4467,0.7676,577.39
2026-02-01,S059,Himaxx Warehouse Outlet,Mall Warehouse,East China,Suzhou,Loss Making,47,151,39633.66,203386.59,39633.66,39633.66,37070.75,27344.61,16781.28,10563.33,0.3863,18572.03,21597.97,3523.71,4083.94,9736.62,8905.33,9169.26,2302.78,77891.65,47777.66,-37214.33,-1.3609,-55856.28,-67328.32,-67328.32,-2.4622,123678.93,0.6792,0.7898,581.8
2026-02-01,S060,Himaxx Warehouse Outlet,Mall Warehouse,West China,Xi'an,High Profit,77,292,75847.16,386376.95,75847.16,75847.16,72425.33,55860.29,33613.29,22247.0,0.3983,8823.22,13793.45,2975.62,2870.92,4253.57,4430.62,4298.51,4821.5,46267.41,28463.21,-6216.21,-0.1113,-14900.4,-24020.41,-24020.41,-0.43,71468.65,0.158,0.2469,725.46
2026-02-01,S061,Himaxx Warehouse Outlet,Community Warehouse,South China,Xiamen,Loss Making,46,126,36628.97,185803.57,36628.97,36628.97,34936.02,25565.89,14958.14,10607.75,0.4149,12782.72,16204.16,2210.07,2983.25,5655.09,5751.66,4199.34,1495.05,51281.34,34180.2,-23572.45,-0.922,-34979.2,-40673.59,-40673.59,-1.5909,82378.2,0.5,0.6338,555.78
2026-02-01,S062,Himaxx Warehouse Outlet,Community Warehouse,West China,Xi'an,Stable,48,303,80646.08,393763.13,80646.08,80646.08,76361.89,56483.47,34404.32,22079.15,0.3909,16611.19,23797.24,4660.78,5763.53,7650.74,5393.36,8177.16,1823.22,73877.23,50832.75,-28753.6,-0.5091,-41797.7,-51798.08,-51798.08,-0.917,130041.7,0.2941,0.4213,1176.74
2026-02-01,S063,Himaxx Warehouse Outlet,Mall Warehouse,East China,Nanjing,Loss Making,54,123,32749.92,169529.98,32749.92,32749.92,31085.89,23860.58,14654.77,9205.81,0.3858,22494.5,35787.03,7286.67,11870.15,14970.49,14572.26,13049.12,3706.03,123736.24,77438.35,-68232.54,-2.8596,-97775.29,-114530.43,-114530.43,-4.8,200712.81,0.9427,1.4998,441.86
2026-02-01,S064,Himaxx Warehouse Outlet,Shopping Center Warehouse,South China,Guangzhou,High Profit,58,313,96619.6,484895.94,96619.6,96619.6,92895.02,70534.6,40558.0,29976.6,0.425,6797.64,9147.39,1386.15,1377.12,3203.18,1954.94,2030.3,748.57,26645.29,18708.3,11268.3,0.1598,6110.19,3331.31,3331.31,0.0472,44020.41,0.0964,0.1297,1216.11
2026-02-01,S065,Himaxx Warehouse Outlet,Shopping Center Warehouse,North China,Tianjin,Stable,53,264,71357.11,347998.87,71357.11,71357.11,68169.6,52320.72,30652.93,21667.79,0.4141,17218.8,23649.79,3392.87,4812.57,8921.08,6861.98,7517.63,2140.44,74515.16,49074.03,-27406.24,-0.5238,-43189.29,-52847.37,-52847.37,-1.0101,118497.94,0.3291,0.452,987.18
2026-02-01,S066,Himaxx Warehouse Outlet,Shopping Center Warehouse,North China,Tianjin,At Risk,45,155,45000.01,216135.23,45000.01,45000.01,44244.36,32558.13,18690.7,13867.43,0.4259,20287.92,30045.14,6589.78,7768.87,10383.39,5037.63,7028.43,2516.65,89657.81,64691.71,-50824.28,-1.561,-66245.3,-75790.38,-75790.38,-2.3278,151884.02,0.6231,0.9228,723.51
2026-02-01,S067,Himaxx Warehouse Outlet,Shopping Center Warehouse,North China,Beijing,Stable,41,279,71825.91,342348.99,71825.91,71825.91,68948.04,53102.02,30632.23,22469.79,0.4231,12481.29,16971.37,2733.44,5223.62,6584.04,5534.77,5455.65,1623.03,56607.22,37409.73,-14939.94,-0.2813,-27058.75,-34137.43,-34137.43,-0.6429,88409.02,0.235,0.3196,1295.17
2026-02-01,S068,Himaxx Warehouse Outlet,Mall Warehouse,East China,Suzhou,Stable,54,241,76689.36,374537.21,76689.36,76689.36,71958.83,53563.79,31070.83,22492.96,0.4199,13000.77,23807.64,4245.61,3708.23,8942.46,4594.99,5681.79,5832.58,69814.07,44762.25,-22269.29,-0.4158,-35806.74,-47321.11,-47321.11,-0.8835,106594.94,0.2427,0.4445,991.92
2026-02-01,S069,Himaxx Warehouse Outlet,Warehouse Outlet,North China,Beijing,Stable,52,218,56473.88,300117.75,56473.88,56473.88,55008.79,36658.95,21880.85,14778.1,0.4031,14268.27,21859.46,3556.15,3945.05,6092.56,4914.76,4747.44,1654.95,61038.63,43628.92,-28850.82,-0.787,-39858.15,-46260.53,-46260.53,-1.2619,108227.07,0.3892,0.5963,704.98
2026-02-01,S070,Himaxx Warehouse Outlet,Shopping Center Warehouse,Central China,Changsha,Loss Making,42,115,38104.79,189398.27,38104.79,38104.79,36912.45,30002.28,17467.7,12534.58,0.4178,32149.12,37670.62,8904.2,8843.99,13898.29,11188.67,17712.81,3583.95,133951.66,87567.93,-75033.35,-2.5009,-100120.32,-121417.08,-121417.08,-4.0469,209599.18,1.0716,1.2556,714.34
2026-02-01,S071,Himaxx Warehouse Outlet,Warehouse Outlet,North China,Qingdao,Stable,79,234,65408.33,329921.85,65408.33,65408.33,63172.46,44490.15,25786.07,18704.08,0.4204,11995.78,18479.67,2761.79,4281.4,5359.03,3640.73,6426.78,3318.78,56263.95,37518.64,-18814.56,-0.4229,-27814.31,-37559.87,-37559.87,-0.8442,89243.09,0.2696,0.4154,563.17
2026-02-01,S072,Himaxx Warehouse Outlet,Community Warehouse,Central China,Changsha,At Risk,59,166,47953.42,241467.52,47953.42,47953.42,44986.47,32130.83,19362.96,12767.87,0.3974,18973.85,28472.31,4945.44,5941.98,7311.74,7175.93,6572.04,2172.86,81566.13,58333.57,-45565.7,-1.4181,-60053.36,-68798.26,-68798.26,-2.1412,146798.65,0.5905,0.8861,544.59
2026-02-01,S073,Himaxx Warehouse Outlet,Mall Warehouse,North China,Tianjin,High Profit,65,286,80780.29,395316.27,80780.29,80780.29,78782.16,59068.53,35907.63,23160.9,0.3921,7197.18,9694.41,1727.41,1874.38,2861.66,1939.78,3050.49,2689.96,31035.26,20493.38,2667.52,0.0452,-2133.92,-7874.36,-7874.36,-0.1333,52265.41,0.1218,0.1641,908.75
2026-02-01,S074,Himaxx Warehouse Outlet,Warehouse Outlet,North China,Tianjin,High Profit,59,331,88993.62,445638.61,88993.62,88993.62,84280.84,65777.59,41665.13,24112.46,0.3666,10343.01,17471.53,3086.82,3656.64,4226.05,5015.63,5512.06,1319.53,50631.27,34558.01,-10445.55,-0.1588,-19687.22,-26518.81,-26518.81,-0.4032,94272.52,0.1572,0.2656,1114.87
2026-02-01,S075,Himaxx Warehouse Outlet,Warehouse Outlet,South China,Shenzhen,Stable,35,241,71847.05,376045.7,71847.05,71847.05,68998.44,46860.32,26660.98,20199.34,0.4311,10712.23,12539.42,2255.47,3813.11,5397.73,3845.16,3678.18,1234.86,43476.15,29320.22,-9120.88,-0.1946,-18363.78,-23276.81,-23276.81,-0.4967,68019.79,0.2286,0.2676,1338.87
2026-02-01,S076,Himaxx Warehouse Outlet,Warehouse Outlet,East China,Nanjing,At Risk,57,179,50169.82,257368.74,50169.82,50169.82,47939.77,38256.98,24298.7,13958.28,0.3649,21849.7,32298.45,4933.58,8150.93,10787.27,6980.45,13743.2,2913.67,101657.26,67232.66,-53274.38,-1.3925,-71042.1,-87698.98,-87698.98,-2.2924,184271.89,0.5711,0.8442,671.18
2026-03-01,S001,Himaxx Warehouse Outlet,Mall Warehouse,North China,Beijing,High Profit,73,427,114893.03,578374.33,114893.03,114893.03,108928.07,78780.61,47968.56,30812.05,0.3911,9913.89,15142.39,1819.15,3587.78,4445.96,3271.59,3787.91,1165.24,43133.93,30463.22,348.83,0.0044,-7368.73,-12321.88,-12321.88,-0.1564,77888.72,0.1258,0.1922,1079.19
2026-03-01,S002,Himaxx Warehouse Outlet,Shopping Center Warehouse,East China,Nanjing,Stable,84,255,69896.91,348828.65,69896.91,69896.91,67150.16,52983.91,32077.62,20906.29,0.3946,8445.6,11780.52,2503.46,3536.88,3365.43,2431.88,3705.35,1569.45,37338.55,26266.45,-5360.16,-0.1012,-11157.46,-16432.26,-16432.26,-0.3101,66568.44,0.1594,0.2223,630.76
2026-03-01,S003,Himaxx Warehouse Outlet,Warehouse Outlet,South China,Shenzhen,At Risk,100,169,45181.72,240280.11,45181.72,45181.72,44467.81,33497.62,20905.31,12592.31,0.3759,16900.61,22070.99,4737.46,3778.39,8804.07,6619.0,7243.77,1952.73,72107.02,47487.45,-34895.14,-1.0417,-50318.21,-59514.71,-59514.71,-1.7767,126324.44,0.5045,0.6589,334.98
2026-03-01,S004,Himaxx Warehouse Outlet,Pop-up Clearance Warehouse,South China,Xiamen,Stable,34,229,49050.16,288788.42,49050.16,49050.16,46795.1,36281.99,26607.36,9674.63,0.2667,11612.72,15227.24,3480.56,4555.32,5964.36,3068.26,7176.67,1501.04,52586.15,34875.83,-25201.2,-0.6946,-34233.82,-42911.52,-42911.52,-1.1827,130792.03,0.3201,0.4197,1067.12
2026-03-01,S005,Himaxx Warehouse Outlet,Shopping Center Warehouse,Central China,Changsha,At Risk,45,243,69921.38,344798.6,69921.38,69921.38,68556.19,50231.16,30531.16,19700.0,0.3922,24002.3,31730.57,7399.72,5898.4,7861.33,8021.4,10789.32,2850.88,98553.93,69030.99,-49330.99,-0.9821,-65213.73,-78853.93,-78853.93,-1.5698,176015.57,0.4778,0.6317,1116.25
2026-03-01,S006,Himaxx Warehouse Outlet,Warehouse Outlet,North China,Qingdao,At Risk,77,209,51366.48,260440.09,51366.48,51366.48,49103.37,40996.39,24567.11,16429.28,0.4007,18615.17,28745.54,6990.55,8245.27,9378.01,10849.32,10475.07,2819.91,96118.84,62596.53,-46167.25,-1.1261,-66394.58,-79689.56,-79689.56,-1.9438,156198.67,0.4541,0.7012,532.42
2026-03-01,S007,Himaxx Warehouse Outlet,Mall Warehouse,Central China,Wuhan,Stable,70,274,70661.6,354205.3,70661.6,70661.6,68028.26,52991.9,32386.56,20605.34,0.3888,15933.2,27027.92,2955.22,5291.48,6198.23,6337.8,7157.07,2028.18,72929.08,51207.81,-30602.47,-0.5775,-43138.5,-52323.74,-52323.74,-0.9874,131693.98,0.3007,0.51,757.03
2026-03-01,S008,Himaxx Warehouse Outlet,Mall Warehouse,Central China,Changsha,High Profit,40,323,93990.08,480373.4,93990.08,93990.08,91075.56,65268.72,38156.94,27111.78,0.4154,11030.86,13096.51,2070.28,4188.34,3647.85,3704.58,6412.26,1295.95,45446.63,30385.99,-3274.21,-0.0502,-10626.63,-18334.85,-18334.85,-0.2809,73151.02,0.169,0.2007,1631.72
2026-03-01,S009,Himaxx Warehouse Outlet,Mall Warehouse,Central China,Changsha,High Profit,51,302,79737.43,394866.17,79737.43,79737.43,76652.65,58699.6,36417.53,22282.07,0.3796,8069.05,12714.26,1985.61,3155.51,5551.58,4075.65,4592.13,1205.78,41349.56,25924.43,-3642.36,-0.0621,-13269.59,-19067.49,-19067.49,-0.3248,68294.99,0.1375,0.2166,1150.97
2026-03-01,S010,Himaxx Warehouse Outlet,Community Warehouse,Central China,Changsha,Stable,38,299,95646.74,466522.43,95646.74,95646.74,92476.03,73674.63,44004.72,29669.91,0.4027,19682.55,21416.04,5368.33,6807.56,8215.25,5817.44,9073.69,2110.74,78491.59,53274.48,-23604.57,-0.3204,-37637.26,-48821.68,-48821.68,-0.6627,132288.15,0.2672,0.2907,1938.81
2026-03-01,S011,Himaxx Warehouse Outlet,Community Warehouse,West China,Chengdu,At Risk,57,222,59518.3,298647.6,59518.3,59518.3,56886.08,43608.13,27265.65,16342.48,0.3748,13358.8,18236.01,3950.26,4588.78,6778.95,5195.89,5689.75,1504.73,59303.17,40133.85,-23791.37,-0.5456,-35766.21,-42960.69,-42960.69,-0.9852,107092.82,0.3063,0.4182,765.05
2026-03-01,S012,Himaxx Warehouse Outlet,Warehouse Outlet,North China,Beijing,High Profit,63,406,106798.61,543528.37,106798.61,106798.61,103136.88,74970.7,47090.16,27880.54,0.3719,15438.61,22662.34,4019.15,4253.19,8590.48,5326.68,8385.47,2022.42,70698.34,46373.29,-18492.75,-0.2467,-32409.91,-42817.8,-42817.8,-0.5711,124697.67,0.2059,0.3023,1190.01
2026-03-01,S013,Himaxx Warehouse Outlet,Community Warehouse,South China,Shenzhen,High Profit,49,396,118352.11,585821.8,118352.11,118352.11,113160.21,88073.33,53156.74,34916.59,0.3964,5816.29,8081.77,1207.44,1441.13,2258.43,2037.46,2954.01,693.9,24490.44,16546.63,18369.96,0.2086,14074.06,10426.15,10426.15,0.1184,41737.09,0.066,0.0918,1797.41
2026-03-01,S014,Himaxx Warehouse Outlet,Shopping Center Warehouse,North China,Tianjin,Stable,39,226,67766.2,323440.37,67766.2,67766.2,64753.99,49891.76,29264.67,20627.09,0.4134,19449.32,26952.34,5521.14,7111.46,6687.03,6931.79,7284.38,2300.94,82238.42,59034.27,-38407.18,-0.7698,-52026.0,-61611.33,-61611.33,-1.2349,142789.1,0.3898,0.5402,1279.28
2026-03-01,S015,Himaxx Warehouse Outlet,Mall Warehouse,East China,Hangzhou,Stable,64,273,70552.84,363068.4,70552.84,70552.84,66901.95,50164.25,31384.99,18779.26,0.3744,10303.1,15229.86,2392.64,3543.17,3575.62,3875.71,5261.73,1199.62,45381.45,31468.78,-12689.52,-0.253,-20140.84,-26602.19,-26602.19,-0.5303,84061.23,0.2054,0.3036,783.82
2026-03-01,S016,Himaxx Warehouse Outlet,Shopping Center Warehouse,West China,Chengdu,High Profit,74,407,107392.79,522324.57,107392.79,107392.79,103330.14,78943.34,46023.1,32920.24,0.417,11685.93,20471.97,4098.73,3336.04,6018.16,6829.91,5963.65,1848.48,60252.86,39592.66,-6672.42,-0.0845,-19520.49,-27332.62,-27332.62,-0.3462,94943.93,0.148,0.2593,1066.8
2026-03-01,S017,Himaxx Warehouse Outlet,Shopping Center Warehouse,East China,Hangzhou,Stable,37,258,63310.09,309615.06,63310.09,63310.09,60939.85,48107.92,28856.99,19250.93,0.4002,20364.83,28011.18,4097.38,6023.31,8838.52,6002.14,10661.39,10127.64,94126.39,58496.7,-39245.77,-0.8158,-54086.43,-74875.46,-74875.46,-1.5564,146182.8,0.4233,0.5823,1300.21
2026-03-01,S018,Himaxx Warehouse Outlet,Mall Warehouse,West China,Xi'an,High Profit,58,306,76378.01,387291.68,76378.01,76378.01,71880.08,55719.85,34758.27,20961.58,0.3762,15391.09,20272.87,3439.9,5293.23,5415.33,7134.48,7759.36,1813.18,66519.42,44397.09,-23435.51,-0.4206,-35985.31,-45557.84,-45557.84,-0.8176,118015.87,0.2762,0.3638,960.69
2026-03-01,S019,Himaxx Warehouse Outlet,Shopping Center Warehouse,North China,Qingdao,At Risk,57,187,47872.5,227112.48,47872.5,47872.5,46601.11,37420.9,21179.42,16241.48,0.434,13861.31,21335.35,3290.28,3376.4,7798.01,6001.36,5681.18,1896.9,63240.78,41863.33,-25621.85,-0.6847,-39421.22,-46999.3,-46999.3,-1.256,96454.48,0.3704,0.5701,656.51
2026-03-01,S020,Himaxx Warehouse Outlet,Warehouse Outlet,East China,Shanghai,High Profit,107,337,112115.57,549177.76,112115.57,112115.57,105432.21,85465.77,53072.18,32393.59,0.379,12527.69,17449.27,3407.93,4956.84,6554.68,6388.11,7817.27,2107.52,61209.31,38341.73,-5948.14,-0.0696,-18890.93,-28815.72,-28815.72,-0.3372,101159.08,0.1466,0.2042,798.75
2026-03-01,S021,Himaxx Warehouse Outlet,Pop-up Clearance Warehouse,Central China,Changsha,High Profit,35,358,83912.99,489782.49,83912.99,83912.99,78817.97,59165.79,43095.98,16069.81,0.2716,13109.71,18334.92,2238.93,4591.47,5682.2,5141.41,6283.35,1464.39,56846.38,38275.03,-22205.22,-0.3753,-33028.83,-40776.57,-40776.57,-0.6892,140920.93,0.2216,0.3099,1690.45
2026-03-01,S022,Himaxx Warehouse Outlet,Mall Warehouse,South China,Xiamen,At Risk,70,209,59658.47,304690.55,59658.47,59658.47,58467.04,44899.16,28229.53,16669.63,0.3713,9927.28,15492.88,2046.35,3450.48,3531.78,3725.5,5818.37,1314.24,45306.87,30916.98,-14247.35,-0.3173,-21504.64,-28637.24,-28637.24,-0.6378,83273.99,0.2211,0.3451,641.42
2026-03-01,S023,Himaxx Warehouse Outlet,Mall Warehouse,Central China,Changsha,Stable,59,341,93931.61,462182.5,93931.61,93931.61,88272.79,67730.06,41330.55,26399.51,0.3898,6461.52,10378.27,2055.92,2665.26,2966.29,1918.18,3524.04,858.27,30827.76,21560.98,4838.53,0.0714,-45.94,-4428.25,-4428.25,-0.0654,55316.41,0.0954,0.1532,1147.97
2026-03-01,S024,Himaxx Warehouse Outlet,Mall Warehouse,West China,Chongqing,Loss Making,54,154,36634.57,189126.43,36634.57,36634.57,34897.4,27561.19,17546.2,10014.99,0.3634,21797.6,37189.24,4756.86,10365.55,10808.3,8472.61,13770.28,4470.95,111631.4,74109.26,-64094.27,-2.3255,-83375.18,-101616.41,-101616.41,-3.6869,203948.21,0.7909,1.3493,510.39
2026-03-01,S025,Himaxx Warehouse Outlet,Shopping Center Warehouse,East China,Hangzhou,Stable,74,279,73063.08,352772.52,73063.08,73063.08,69308.8,54872.44,31471.9,23400.54,0.4265,12582.54,14794.39,3897.12,4387.21,6044.37,5403.88,4265.68,1469.65,52844.84,35661.26,-12260.72,-0.2234,-23708.97,-29444.3,-29444.3,-0.5366,83622.88,0.2293,0.2696,741.52
2026-03-01,S026,Himaxx Warehouse Outlet,Shopping Center Warehouse,North China,Beijing,High Profit,51,389,113336.75,549296.57,113336.75,113336.75,108525.34,77987.04,44769.83,33217.21,0.4259,8988.27,14238.02,1880.67,3521.01,5043.39,3391.09,5632.75,3992.05,46687.26,28627.97,4589.24,0.0588,-3845.25,-13470.05,-13470.05,-0.1727,67212.47,0.1153,0.1826,1529.16
2026-03-01,S027,Himaxx Warehouse Outlet,Shopping Center Warehouse,West China,Chengdu,Loss Making,38,109,32911.38,162786.38,32911.38,32911.38,31609.33,23444.52,12738.6,10705.92,0.4566,20542.82,39465.96,7585.91,8290.9,11500.49,6160.07,12492.45,3008.77,109047.35,75885.58,-65179.66,-2.7802,-82840.21,-98341.43,-98341.43,-4.1946,166179.17,0.8762,1.6834,616.96
2026-03-01,S028,Himaxx Warehouse Outlet,Warehouse Outlet,West China,Chongqing,At Risk,51,182,42480.75,222219.36,42480.75,42480.75,41163.54,27923.66,17436.29,10487.37,0.3756,24021.88,31676.24,4696.01,6349.55,10754.35,10439.08,9159.93,2758.3,99855.32,66743.67,-56256.3,-2.0146,-77449.73,-89367.95,-89367.95,-3.2004,177711.64,0.8603,1.1344,547.52
2026-03-01,S029,Himaxx Warehouse Outlet,Warehouse Outlet,East China,Suzhou,Stable,51,250,68211.95,349633.05,68211.95,68211.95,65277.22,51301.13,32263.89,19037.24,0.3711,13746.01,17115.39,4233.58,3171.38,6810.46,4941.33,6831.49,1667.1,58516.74,38266.36,-19229.12,-0.3748,-30980.91,-39479.5,-39479.5,-0.7696,103119.33,0.2679,0.3336,1005.9
2026-03-01,S030,Himaxx Warehouse Outlet,Warehouse Outlet,North China,Beijing,At Risk,55,235,63162.34,331011.79,63162.34,63162.34,59591.53,45214.65,28901.68,16312.97,0.3608,8363.11,15493.51,3343.02,4197.0,5998.44,4168.0,5569.15,1319.53,48451.76,31396.64,-15083.67,-0.3336,-25250.11,-32138.79,-32138.79,-0.7108,87022.05,0.185,0.3427,822.08
2026-03-01,S031,Himaxx Warehouse Outlet,Warehouse Outlet,West China,Xi'an,At Risk,73,208,57866.58,288518.71,57866.58,57866.58,55404.49,37844.47,22257.53,15586.94,0.4119,20656.9,28839.17,4670.75,8344.02,13132.28,9060.02,12805.24,2943.65,100452.03,62510.84,-46923.9,-1.2399,-69116.2,-84865.09,-84865.09,-2.2425,151773.83,0.5458,0.762,518.42
2026-03-01,S032,Himaxx Warehouse Outlet,Mall Warehouse,Central China,Wuhan,Stable,46,241,62407.02,313845.2,62407.02,62407.02,59983.96,44937.2,26902.66,18034.54,0.4013,6758.85,9674.3,1810.86,2021.57,2645.11,1885.63,2648.11,2574.21,30018.64,20265.59,-2231.05,-0.0496,-6761.78,-11984.1,-11984.1,-0.2667,50496.36,0.1504,0.2153,976.9
2026-03-01,S033,Himaxx Warehouse Outlet,Mall Warehouse,West China,Chongqing,At Risk,77,232,68094.21,343900.45,68094.21,68094.21,66539.34,46698.4,26442.55,20255.85,0.4338,16401.69,27552.8,6205.64,5346.39,6999.77,4819.76,7803.86,2468.73,77598.64,55506.52,-35250.67,-0.7549,-47070.2,-57342.79,-57342.79,-1.2279,127966.28,0.3512,0.59,606.47
2026-03-01,S034,Himaxx Warehouse Outlet,Warehouse Outlet,South China,Shenzhen,High Profit,99,375,99580.11,509461.16,99580.11,99580.11,95394.7,73355.58,46675.64,26679.94,0.3637,6022.55,11482.99,1745.48,2112.43,3599.53,2232.59,4244.25,944.06,32383.88,21363.45,5316.49,0.0725,-515.63,-5703.94,-5703.94,-0.0778,58738.09,0.0821,0.1565,740.97
2026-03-01,S035,Himaxx Warehouse Outlet,Pop-up Clearance Warehouse,West China,Chongqing,At Risk,22,198,42583.27,266334.33,42583.27,42583.27,40907.1,29538.3,21250.58,8287.72,0.2806,23532.53,39419.3,6564.38,7551.9,9681.88,6613.04,10744.13,3008.08,107115.25,77068.11,-68780.39,-2.3285,-85075.32,-98827.53,-98827.53,-3.3457,274678.79,0.7967,1.3345,1342.65
2026-03-01,S036,Himaxx Warehouse Outlet,Warehouse Outlet,East China,Nanjing,Stable,68,267,64324.2,326895.68,64324.2,64324.2,61712.48,45084.37,26825.45,18258.92,0.405,15943.41,20809.94,3931.7,5407.52,7417.31,8108.57,8881.68,2142.55,72642.68,46092.57,-27833.65,-0.6174,-43359.53,-54383.76,-54383.76,-1.2063,113810.38,0.3536,0.4616,663.01
2026-03-01,S037,Himaxx Warehouse Outlet,Warehouse Outlet,South China,Shenzhen,At Risk,58,195,47473.01,245636.27,47473.01,47473.01,45630.93,34078.05,20053.6,14024.45,0.4115,14746.54,21846.29,5752.17,4894.13,9324.61,7379.15,7540.23,3681.81,75164.93,47239.12,-33214.67,-0.9747,-49918.44,-61140.48,-61140.48,-1.7941,114786.47,0.4327,0.6411,587.55
2026-03-01,S038,Himaxx Warehouse Outlet,Warehouse Outlet,North China,Qingdao,High Profit,72,347,100873.49,509114.38,100873.49,100873.49,98683.75,70673.2,41511.21,29161.99,0.4126,14570.4,21758.32,3253.09,6182.54,8171.28,5405.79,6897.06,1974.22,68212.7,45764.35,-16602.36,-0.2349,-30179.43,-39050.71,-39050.71,-0.5526,110908.51,0.2062,0.3079,981.57
2026-03-01,S039,Himaxx Warehouse Outlet,Pop-up Clearance Warehouse,South China,Shenzhen,Stable,31,292,68805.57,397316.57,68805.57,68805.57,66043.99,47997.41,32391.81,15605.6,0.3251,17235.25,32548.73,5233.33,6745.24,10613.89,6746.74,7725.92,2449.01,89298.1,61762.54,-46156.94,-0.9617,-63517.57,-73692.5,-73692.5,-1.5353,189960.13,0.3591,0.6781,1548.3
2026-03-01,S040,Himaxx Warehouse Outlet,Warehouse Outlet,South China,Xiamen,High Profit,95,406,102075.24,525835.41,102075.24,102075.24,98413.23,73929.01,44337.39,29591.62,0.4003,9258.59,18301.3,3408.7,2589.48,4125.2,5807.32,4144.71,2566.79,50202.09,33558.06,-3966.44,-0.0537,-13898.96,-20610.47,-20610.47,-0.2788,83838.4,0.1252,0.2476,778.2
2026-03-01,S041,Himaxx Warehouse Outlet,Shopping Center Warehouse,East China,Shanghai,Loss Making,42,153,36940.55,188845.99,36940.55,36940.55,35264.89,24021.45,14725.21,9296.24,0.387,14775.22,28773.3,3511.01,6838.1,7003.87,7201.21,8227.51,2229.73,78559.95,53897.63,-44601.39,-1.8567,-58806.46,-69263.71,-69263.71,-2.8834,139271.27,0.6151,1.1978,571.94
2026-03-01,S042,Himaxx Warehouse Outlet,Community Warehouse,East China,Shanghai,High Profit,51,338,91902.25,473046.67,91902.25,91902.25,87881.32,67823.26,39711.24,28112.02,0.4145,10281.9,18030.07,2474.87,3438.32,6351.01,3521.92,6210.86,3171.25,53480.2,34225.15,-6113.13,-0.0901,-15986.07,-25368.18,-25368.18,-0.374,82571.85,0.1516,0.2658,1329.87
2026-03-01,S043,Himaxx Warehouse Outlet,Warehouse Outlet,East China,Hangzhou,Stable,51,294,81605.66,418935.66,81605.66,81605.66,78024.45,53738.08,32184.28,21553.8,0.4011,7160.96,12428.21,1844.94,2690.32,3088.67,3860.62,3846.62,1043.72,35964.07,24124.44,-2570.64,-0.0478,-9519.93,-14410.27,-14410.27,-0.2682,60147.21,0.1333,0.2313,1053.69
2026-03-01,S044,Himaxx Warehouse Outlet,Community Warehouse,Central China,Changsha,High Profit,58,302,78153.53,406617.22,78153.53,78153.53,73117.15,54964.22,33358.35,21605.87,0.3931,10294.85,12901.87,1978.4,2479.26,3630.64,2784.21,5760.66,1155.44,40985.32,27654.37,-6048.5,-0.11,-12463.35,-19379.45,-19379.45,-0.3526,70351.3,0.1873,0.2347,947.66
2026-03-01,S045,Himaxx Warehouse Outlet,Warehouse Outlet,North China,Beijing,Stable,56,286,78215.88,394642.57,78215.88,78215.88,74217.87,51551.12,30542.36,21008.76,0.4075,13200.59,25890.1,3205.83,5139.92,9406.75,4662.4,7720.3,2100.35,71326.23,47436.44,-26427.68,-0.5126,-40496.83,-50317.47,-50317.47,-0.9761,116399.14,0.2561,0.5022,920.56
2026-03-01,S046,Himaxx Warehouse Outlet,Shopping Center Warehouse,East China,Shanghai,High Profit,36,330,87204.73,426965.58,87204.73,87204.73,84674.77,68867.35,41649.36,27217.99,0.3952,8068.22,13040.08,2396.66,2279.96,4320.31,2970.08,6092.67,4370.79,43538.77,25784.92,1433.07,0.0208,-5857.32,-16320.78,-16320.78,-0.237,65241.37,0.1172,0.1894,1912.98
2026-03-01,S047,Himaxx Warehouse Outlet,Warehouse Outlet,South China,Xiamen,Stable,67,272,80260.91,389596.38,80260.91,80260.91,76609.79,59160.47,36635.93,22524.54,0.3807,13182.61,25714.18,4278.29,6481.59,7051.61,7126.11,9360.31,2032.24,75226.94,49656.67,-27132.13,-0.4586,-41309.86,-52702.4,-52702.4,-0.8908,130422.74,0.2228,0.4347,882.99
2026-03-01,S048,Himaxx Warehouse Outlet,Mall Warehouse,West China,Chongqing,Stable,45,264,65170.44,334633.02,65170.44,65170.44,63088.75,47504.39,30223.45,17280.94,0.3638,19651.42,24139.98,3996.61,3785.49,8743.11,5675.99,7091.09,2209.32,75293.02,51573.5,-34292.56,-0.7219,-48711.67,-58012.08,-58012.08,-1.2212,141772.82,0.4137,0.5082,1055.65
2026-03-01,S049,Himaxx Warehouse Outlet,Warehouse Outlet,South China,Shenzhen,High Profit,62,365,92251.61,485817.51,92251.61,92251.61,89043.2,70046.64,43570.61,26476.03,0.378,14901.97,19252.32,4256.92,2765.27,5419.71,4910.73,6851.87,1645.5,60004.3,41176.48,-14700.45,-0.2099,-25030.9,-33528.27,-33528.27,-0.4787,108939.06,0.2127,0.2749,1129.78
2026-03-01,S050,Himaxx Warehouse Outlet,Community Warehouse,East China,Suzhou,At Risk,34,209,60534.78,294083.51,60534.78,60534.78,56822.29,43594.74,26420.13,17174.61,0.394,18227.72,30017.44,3708.12,8798.19,9973.42,6715.52,9544.59,4046.57,91031.57,60751.47,-43576.86,-0.9996,-60265.8,-73856.96,-73856.96,-1.6942,154206.96,0.4181,0.6886,1282.2
2026-03-01,S051,Himaxx Warehouse Outlet,Shopping Center Warehouse,North China,Qingdao,Stable,72,275,78640.02,371378.56,78640.02,78640.02,73532.45,58491.19,32980.26,25510.93,0.4361,11559.33,16583.35,3951.44,3718.48,5670.63,5419.73,6462.61,1645.14,55010.71,35812.6,-10301.67,-0.1761,-21392.03,-29499.78,-29499.78,-0.5043,82110.74,0.1976,0.2835,812.38
2026-03-01,S052,Himaxx Warehouse Outlet,Shopping Center Warehouse,East China,Shanghai,Stable,36,254,71222.27,330728.99,71222.27,71222.27,67158.21,48045.81,26715.35,21330.46,0.444,11613.22,22565.16,3074.97,3880.42,5623.72,5708.52,8771.41,2303.47,63540.9,41133.78,-19803.32,-0.4122,-31135.55,-42210.44,-42210.44,-0.8785,92651.8,0.2417,0.4697,1334.61
2026-03-01,S053,Himaxx Warehouse Outlet,Warehouse Outlet,West China,Chongqing,High Profit,104,354,91622.58,486017.45,91622.58,91622.58,88424.57,66827.44,41388.87,25438.57,0.3807,14546.28,21850.3,3676.93,4540.63,7484.73,3904.32,6426.31,1924.84,64354.34,44614.13,-19175.56,-0.2869,-30564.62,-38915.77,-38915.77,-0.5823,117201.88,0.2177,0.327,642.57
2026-03-01,S054,Himaxx Warehouse Outlet,Community Warehouse,North China,Tianjin,High Profit,52,368,101388.22,502651.06,101388.22,101388.22,97380.28,75120.2,45320.18,29800.02,0.3967,6965.04,9537.29,1643.89,2441.93,3188.3,2022.94,3522.99,1895.11,31217.5,20588.15,9211.87,0.1226,4000.63,-1417.48,-1417.48,-0.0189,51898.83,0.0927,0.127,1444.62
2026-03-01,S055,Himaxx Warehouse Outlet,Mall Warehouse,South China,Xiamen,High Profit,79,370,100736.29,506558.89,100736.29,100736.29,95495.8,72881.94,43545.4,29336.54,0.4025,8554.08,16522.76,1865.14,2826.25,6195.73,5518.13,4129.16,1390.83,47002.08,29768.23,-431.69,-0.0059,-12145.55,-17665.54,-17665.54,-0.2424,73954.41,0.1174,0.2267,922.56
2026-03-01,S056,Himaxx Warehouse Outlet,Warehouse Outlet,East China,Nanjing,High Profit,88,347,91820.58,473283.01,91820.58,91820.58,88471.95,65832.83,41294.36,24538.47,0.3727,7922.46,12251.84,3326.05,4164.68,3822.66,5013.78,6305.04,1288.08,44094.58,27665.03,-3126.56,-0.0475,-11963.0,-19556.11,-19556.11,-0.2971,74220.89,0.1203,0.1861,748.1
2026-03-01,S057,Himaxx Warehouse Outlet,Warehouse Outlet,East China,Shanghai,Stable,73,235,57724.26,301163.01,57724.26,57724.26,55132.3,36632.45,21929.82,14702.63,0.4014,19816.81,26818.89,4682.71,4539.34,6174.82,7618.18,6456.69,2181.04,78288.5,55857.76,-41155.13,-1.1235,-54948.13,-63585.87,-63585.87,-1.7358,139172.84,0.541,0.7321,501.81
2026-03-01,S058,Himaxx Warehouse Outlet,Shopping Center Warehouse,South China,Xiamen,At Risk,60,204,59511.84,282732.62,59511.84,59511.84,56952.01,41847.66,24061.49,17786.17,0.425,16152.45,28194.26,4867.89,6510.5,6581.29,6877.3,7343.15,2137.98,78664.82,55725.11,-37938.94,-0.9066,-51397.53,-60878.65,-60878.65,-1.4548,131111.16,0.386,0.6737,697.46
2026-03-01,S059,Himaxx Warehouse Outlet,Mall Warehouse,East China,Suzhou,Loss Making,47,155,47515.37,234188.42,47515.37,47515.37,46853.59,38781.77,24167.85,14613.92,0.3768,24100.99,34040.32,5719.44,8460.86,14944.25,6628.91,10277.25,4243.43,108415.45,72321.62,-57707.7,-1.488,-79280.86,-93801.53,-93801.53,-2.4187,191923.89,0.6215,0.8777,825.14
2026-03-01,S060,Himaxx Warehouse Outlet,Mall Warehouse,West China,Xi'an,High Profit,77,386,100601.23,502857.54,100601.23,100601.23,96672.68,73046.38,45579.72,27466.66,0.376,5041.07,8068.12,1359.04,2017.81,3257.16,2369.17,2683.61,726.07,25522.05,16486.04,10980.62,0.1503,5354.29,1944.61,1944.61,0.0266,43843.9,0.069,0.1105,948.65
2026-03-01,S061,Himaxx Warehouse Outlet,Community Warehouse,South China,Xiamen,Loss Making,46,124,32538.99,162810.86,32538.99,32538.99,32086.94,25177.75,15257.51,9920.24,0.394,27877.38,40779.24,5821.29,10514.46,12364.26,14027.93,18067.59,3664.19,133116.34,84992.37,-75072.13,-2.9817,-101464.33,-123196.1,-123196.1,-4.8931,215712.18,1.1072,1.6197,547.34
2026-03-01,S062,Himaxx Warehouse Outlet,Community Warehouse,West China,Xi'an,Stable,48,301,74866.86,378422.17,74866.86,74866.86,71287.19,55284.73,35285.21,19999.52,0.3618,14211.38,20805.81,3766.4,7356.13,9130.85,4467.44,11008.49,3243.29,73989.79,46139.72,-26140.2,-0.4728,-39738.48,-53990.27,-53990.27,-0.9766,127544.16,0.2571,0.3763,1151.77
2026-03-01,S063,Himaxx Warehouse Outlet,Mall Warehouse,East China,Nanjing,Loss Making,54,147,36031.24,191428.17,36031.24,36031.24,35130.79,26296.46,17769.89,8526.57,0.3242,25343.75,49695.47,6257.42,12356.15,14066.58,11423.22,11736.1,3825.34,134704.03,93652.79,-85126.22,-3.2372,-110616.02,-126177.46,-126177.46,-4.7983,288830.89,0.9638,1.8898,486.97
2026-03-01,S064,Himaxx Warehouse Outlet,Shopping Center Warehouse,South China,Guangzhou,High Profit,58,317,92119.57,446355.34,92119.57,92119.57,89032.17,65875.44,36873.16,29002.28,0.4403,6385.26,10081.99,2007.71,2606.88,3735.94,3325.5,3367.3,834.59,32345.16,21081.83,7920.45,0.1202,859.01,-3342.88,-3342.88,-0.0507,47885.03,0.0969,0.153,1135.78
2026-03-01,S065,Himaxx Warehouse Outlet,Shopping Center Warehouse,North China,Tianjin,Stable,53,291,86703.92,407981.13,86703.92,86703.92,81255.61,59030.01,32426.23,26603.78,0.4507,12727.31,20771.26,3137.5,3656.02,7540.47,5165.94,5426.83,1666.27,60091.61,40292.09,-13688.31,-0.2319,-26394.73,-33487.83,-33487.83,-0.5673,89402.42,0.2156,0.3519,1113.77
2026-03-01,S066,Himaxx Warehouse Outlet,Shopping Center Warehouse,North China,Tianjin,At Risk,45,178,54301.48,264747.04,54301.48,54301.48,51858.39,41281.74,25197.09,16084.65,0.3896,20226.66,37774.65,4558.32,6204.5,10541.57,8660.2,9831.48,2990.85,100788.23,68764.13,-52679.48,-1.2761,-71881.26,-84703.58,-84703.58,-2.0518,176485.22,0.49,0.915,917.37
2026-03-01,S067,Himaxx Warehouse Outlet,Shopping Center Warehouse,North China,Beijing,Stable,41,268,73870.0,351509.11,73870.0,73870.0,71373.79,59252.33,36072.41,23179.92,0.3912,6754.38,10616.24,1825.28,2559.52,4331.59,3320.51,3178.25,941.45,33527.22,21755.42,1424.5,0.024,-6227.59,-10347.3,-10347.3,-0.1746,55611.03,0.114,0.1792,1445.18
2026-03-01,S068,Himaxx Warehouse Outlet,Mall Warehouse,East China,Suzhou,Stable,54,268,74430.44,373014.98,74430.44,74430.44,71441.17,53203.78,34244.33,18959.45,0.3564,13656.13,17190.66,2928.06,4097.58,4533.52,5865.54,4983.77,1901.19,55156.45,37872.44,-18912.99,-0.3555,-29312.04,-36197.0,-36197.0,-0.6803,106277.17,0.2567,0.3231,985.26
2026-03-01,S069,Himaxx Warehouse Outlet,Warehouse Outlet,North China,Beijing,Stable,52,270,72534.91,357915.71,72534.91,72534.91,68428.55,55185.22,34159.3,21025.92,0.381,13844.28,21316.75,4573.2,5296.53,7487.84,4797.35,7668.04,6617.57,71601.57,45030.76,-24004.84,-0.435,-36290.03,-50575.65,-50575.65,-0.9165,118189.0,0.2509,0.3863,1061.25
2026-03-01,S070,Himaxx Warehouse Outlet,Shopping Center Warehouse,Central China,Changsha,Loss Making,42,145,41465.05,200161.33,41465.05,41465.05,39362.42,29233.89,16191.45,13042.44,0.4461,30599.22,37390.24,8788.71,7418.76,9440.93,10005.59,11088.98,3392.88,118125.29,84196.92,-71154.48,-2.434,-90601.0,-105082.85,-105082.85,-3.5946,188722.63,1.0467,1.279,696.04
2026-03-01,S071,Himaxx Warehouse Outlet,Warehouse Outlet,North China,Qingdao,Stable,79,332,96179.58,480988.7,96179.58,96179.58,93115.33,69307.95,42715.16,26592.79,0.3837,20839.75,30143.67,4647.91,3807.73,8588.85,5664.87,11171.28,2277.82,87141.88,59439.05,-32846.26,-0.4739,-47099.99,-60549.09,-60549.09,-0.8736,154914.13,0.3007,0.4349,877.32
2026-03-01,S072,Himaxx Warehouse Outlet,Community Warehouse,Central China,Changsha,At Risk,59,189,46207.82,236495.46,46207.82,46207.82,43903.84,32268.92,19344.32,12924.6,0.4005,13538.33,18742.42,4390.64,3298.11,6220.19,3749.15,6852.86,1658.3,58450.0,39969.5,-27044.9,-0.8381,-37014.24,-45525.4,-45525.4,-1.4108,99792.07,0.4195,0.5808,546.93
2026-03-01,S073,Himaxx Warehouse Outlet,Mall Warehouse,North China,Tianjin,High Profit,65,302,86354.36,425867.52,86354.36,86354.36,83769.91,63357.56,36597.61,26759.95,0.4224,9562.1,16184.82,2988.32,4635.63,6224.36,4214.85,6232.08,1415.39,51457.55,33370.87,-6610.92,-0.1043,-17050.13,-24697.6,-24697.6,-0.3898,79009.75,0.1509,0.2555,974.73
2026-03-01,S074,Himaxx Warehouse Outlet,Warehouse Outlet,North China,Tianjin,High Profit,59,385,110037.81,552831.52,110037.81,110037.81,105198.36,81544.01,50681.3,30862.71,0.3785,6111.75,10473.86,1480.36,1667.42,2934.29,3018.95,2462.54,1944.17,30093.34,19733.4,11129.31,0.1365,5176.08,769.37,769.37,0.0094,52138.66,0.075,0.1284,1382.1
2026-03-01,S075,Himaxx Warehouse Outlet,Warehouse Outlet,South China,Shenzhen,Stable,35,263,79891.45,400671.34,79891.45,79891.45,75250.89,58880.98,36981.61,21899.37,0.3719,12430.53,25147.8,3779.24,3654.23,9443.0,4455.3,8708.73,2039.43,69658.25,45011.8,-23112.43,-0.3925,-37010.73,-47758.88,-47758.88,-0.8111,121023.54,0.2111,0.4271,1682.31
2026-03-01,S076,Himaxx Warehouse Outlet,Warehouse Outlet,East China,Nanjing,At Risk,57,191,60550.62,300429.82,60550.62,60550.62,58093.32,43152.53,26484.8,16667.73,0.3863,12927.27,18531.53,2707.75,3826.41,7072.0,6176.55,7268.28,1590.98,60100.78,37992.97,-21325.24,-0.4942,-34573.78,-43433.05,-43433.05,-1.0065,98363.29,0.2996,0.4294,757.06
2026-04-01,S001,Himaxx Warehouse Outlet,Mall Warehouse,North China,Beijing,High Profit,73,435,128268.64,638336.18,128268.64,128268.64,122231.34,85947.04,51045.13,34901.91,0.4061,19428.21,26379.21,3069.31,6700.38,8224.75,5227.67,7168.86,2215.23,78413.62,55577.11,-20675.2,-0.2406,-34127.62,-43511.71,-43511.71,-0.5063,136860.36,0.226,0.3069,1177.36
2026-04-01,S002,Himaxx Warehouse Outlet,Shopping Center Warehouse,East China,Nanjing,Stable,84,237,65581.68,331930.08,65581.68,65581.68,63117.06,45936.37,26444.94,19491.43,0.4243,21009.16,25185.84,4966.87,6068.0,8520.6,8433.79,11733.91,2486.52,88404.7,57229.88,-37738.45,-0.8215,-54692.84,-68913.27,-68913.27,-1.5002,134876.34,0.4574,0.5483,546.86
2026-04-01,S003,Himaxx Warehouse Outlet,Warehouse Outlet,South China,Shenzhen,At Risk,100,156,45644.83,225243.97,45644.83,45644.83,44640.49,35640.24,21870.72,13769.52,0.3863,9435.7,17034.05,3834.18,3346.78,5099.87,3440.8,7124.96,1788.32,51104.65,33650.71,-19881.19,-0.5578,-28421.86,-37335.13,-37335.13,-1.0476,87099.57,0.2647,0.4779,356.4
2026-04-01,S004,Himaxx Warehouse Outlet,Pop-up Clearance Warehouse,South China,Xiamen,Stable,34,248,59034.59,343928.62,59034.59,59034.59,57911.89,43767.67,31234.05,12533.62,0.2864,14396.42,20564.08,4539.59,5198.99,6091.14,5966.17,6486.37,1933.52,65176.29,44699.08,-32165.46,-0.7349,-44222.77,-52642.67,-52642.67,-1.2028,156090.16,0.3289,0.4698,1287.28
2026-04-01,S005,Himaxx Warehouse Outlet,Shopping Center Warehouse,Central China,Changsha,At Risk,45,214,58563.93,301911.84,58563.93,58563.93,56094.41,41039.18,24037.08,17002.1,0.4143,16497.14,24013.46,5736.08,4928.62,8311.56,6826.7,8467.65,2264.33,77045.55,51175.3,-34173.2,-0.8327,-49311.47,-60043.45,-60043.45,-1.4631,123525.47,0.402,0.5851,911.98
2026-04-01,S006,Himaxx Warehouse Outlet,Warehouse Outlet,North China,Qingdao,At Risk,77,210,59919.17,308611.6,59919.17,59919.17,57807.15,44961.59,28870.92,16090.67,0.3579,17687.55,26273.61,5930.71,6647.72,10205.74,6373.31,6932.82,2469.26,82520.73,56539.59,-40448.92,-0.8996,-57027.97,-66430.06,-66430.06,-1.4775,157986.59,0.3934,0.5844,583.92
2026-04-01,S007,Himaxx Warehouse Outlet,Mall Warehouse,Central China,Wuhan,Stable,70,252,72468.67,352511.49,72468.67,72468.67,71093.26,53529.81,30356.75,23173.06,0.4329,19923.75,28477.01,5174.48,4721.46,10450.35,7931.43,11123.44,2283.19,90085.12,58296.7,-35123.64,-0.6562,-53505.42,-66912.06,-66912.06,-1.25,134665.47,0.3722,0.532,764.71
2026-04-01,S008,Himaxx Warehouse Outlet,Mall Warehouse,Central China,Changsha,High Profit,40,351,93992.96,469729.23,93992.96,93992.96,88616.06,69800.07,43116.32,26683.75,0.3823,11118.0,19452.7,2605.57,5013.32,6875.34,6211.61,6121.15,1583.18,58980.87,38189.59,-11505.84,-0.1648,-24592.79,-32297.12,-32297.12,-0.4627,99897.36,0.1593,0.2787,1745.0
2026-04-01,S009,Himaxx Warehouse Outlet,Mall Warehouse,Central China,Changsha,High Profit,51,324,98911.92,484592.39,98911.92,98911.92,95020.55,69215.01,41059.66,28155.35,0.4068,7272.99,14721.04,2848.32,2588.34,5300.35,3755.99,4267.89,1186.53,41941.45,27430.7,724.65,0.0105,-8331.68,-13786.1,-13786.1,-0.1992,67433.58,0.1051,0.2127,1357.16
2026-04-01,S010,Himaxx Warehouse Outlet,Community Warehouse,Central China,Changsha,Stable,38,309,81936.88,401979.5,81936.88,81936.88,77571.15,58107.23,35436.57,22670.66,0.3902,17886.38,23826.99,3555.06,5188.79,9253.54,5926.43,7267.96,2004.43,74909.58,50457.22,-27786.56,-0.4782,-42966.53,-52238.92,-52238.92,-0.899,129327.04,0.3078,0.4101,1529.14
2026-04-01,S011,Himaxx Warehouse Outlet,Community Warehouse,West China,Chengdu,At Risk,57,198,52840.62,263124.52,52840.62,52840.62,50814.98,35850.33,20864.04,14986.29,0.418,22293.91,29775.95,7503.72,8457.4,14198.01,6977.08,8722.53,7757.95,105686.56,68030.98,-53044.69,-1.4796,-74219.78,-90700.27,-90700.27,-2.53,162744.29,0.6219,0.8306,628.95
2026-04-01,S012,Himaxx Warehouse Outlet,Warehouse Outlet,North China,Beijing,High Profit,63,386,104422.59,540658.74,104422.59,104422.59,98395.84,82498.56,54693.65,27804.91,0.337,5316.08,9106.4,1792.46,1892.36,3593.19,3014.06,3658.14,868.98,29241.67,18107.3,9697.61,0.1175,3090.36,-1436.76,-1436.76,-0.0174,53725.25,0.0644,0.1104,1309.5
2026-04-01,S013,Himaxx Warehouse Outlet,Community Warehouse,South China,Shenzhen,High Profit,49,358,93558.47,465484.76,93558.47,93558.47,88272.72,67282.57,39347.44,27935.13,0.4152,5896.12,11469.39,2174.56,1812.07,4331.37,2956.86,2994.06,939.77,32574.2,21352.14,6582.99,0.0978,-705.25,-4639.07,-4639.07,-0.0689,51427.25,0.0876,0.1705,1373.11
2026-04-01,S014,Himaxx Warehouse Outlet,Shopping Center Warehouse,North China,Tianjin,Stable,39,229,55131.85,273696.34,55131.85,55131.85,53368.33,37509.12,21191.24,16317.88,0.435,11655.31,15878.16,2934.06,2583.17,4438.19,5075.47,4002.73,1273.78,47840.86,33050.7,-16732.82,-0.4461,-26246.47,-31522.98,-31522.98,-0.8404,75972.03,0.3107,0.4233,961.77
2026-04-01,S015,Himaxx Warehouse Outlet,Mall Warehouse,East China,Hangzhou,Stable,64,255,66104.87,330206.28,66104.87,66104.87,64509.03,50197.25,31757.14,18440.11,0.3674,14845.2,25497.65,5364.36,5488.97,6545.84,5493.98,10086.96,2060.44,75383.4,51196.18,-32756.07,-0.6525,-44795.89,-56943.29,-56943.29,-1.1344,139365.07,0.2957,0.5079,784.33
2026-04-01,S016,Himaxx Warehouse Outlet,Shopping Center Warehouse,West China,Chengdu,High Profit,74,386,104663.27,505316.93,104663.27,104663.27,100289.54,70251.54,40279.75,29971.79,0.4266,7149.01,13414.29,1410.93,2376.81,4057.79,4138.7,3114.43,1053.34,36715.3,24351.04,5620.75,0.08,-2575.74,-6743.51,-6743.51,-0.096,57076.95,0.1018,0.1909,949.35
2026-04-01,S017,Himaxx Warehouse Outlet,Shopping Center Warehouse,East China,Hangzhou,Stable,37,274,77919.97,379670.13,77919.97,77919.97,75460.27,57833.55,34447.72,23385.83,0.4044,12705.75,16461.83,4169.98,5120.01,6215.99,5821.18,4856.99,1574.75,56926.48,38457.57,-15071.74,-0.2606,-27108.91,-33540.65,-33540.65,-0.58,95106.21,0.2197,0.2846,1563.07
2026-04-01,S018,Himaxx Warehouse Outlet,Mall Warehouse,West China,Xi'an,High Profit,58,296,80689.22,404600.35,80689.22,80689.22,76968.52,58317.52,37797.69,20519.83,0.3519,9880.12,17221.99,3002.93,3731.65,4715.58,3776.47,5492.88,1307.3,49128.93,33836.7,-13316.87,-0.2284,-21808.92,-28609.1,-28609.1,-0.4906,96164.16,0.1694,0.2953,1005.47
2026-04-01,S019,Himaxx Warehouse Outlet,Shopping Center Warehouse,North China,Qingdao,At Risk,57,226,63378.56,322735.31,63378.56,63378.56,61259.94,47959.15,29696.91,18262.24,0.3808,9891.19,15198.17,2319.21,3191.74,4931.05,3126.54,3930.6,1702.36,44290.86,30600.31,-12338.07,-0.2573,-20395.66,-26028.62,-26028.62,-0.5427,80360.62,0.2062,0.3169,841.39
2026-04-01,S020,Himaxx Warehouse Outlet,Warehouse Outlet,East China,Shanghai,High Profit,107,332,91824.85,473859.07,91824.85,91824.85,89428.96,65986.86,40589.47,25397.39,0.3849,10920.4,14952.74,2760.79,4235.49,4092.64,3556.29,4745.31,1296.34,46559.99,32869.41,-7472.02,-0.1132,-15120.96,-21162.6,-21162.6,-0.3207,85400.49,0.1655,0.2266,616.7
2026-04-01,S021,Himaxx Warehouse Outlet,Pop-up Clearance Warehouse,Central China,Changsha,High Profit,35,324,74490.43,450686.71,74490.43,74490.43,70200.71,53316.01,39442.4,13873.61,0.2602,5633.57,7141.38,1261.79,1487.96,2202.39,1500.94,2477.08,665.06,22370.17,15524.7,-1651.09,-0.031,-5354.42,-8496.56,-8496.56,-0.1594,59661.12,0.1057,0.1339,1523.31
2026-04-01,S022,Himaxx Warehouse Outlet,Mall Warehouse,South China,Xiamen,At Risk,70,199,55502.46,279833.26,55502.46,55502.46,52512.69,38672.29,23190.73,15481.56,0.4003,8105.73,14779.22,2197.03,3500.41,4220.64,4211.89,3115.25,1150.95,41281.1,28582.38,-13100.82,-0.3388,-21533.34,-25799.54,-25799.54,-0.6671,71397.59,0.2096,0.3822,552.46
2026-04-01,S023,Himaxx Warehouse Outlet,Mall Warehouse,Central China,Changsha,Stable,59,259,69693.42,359095.95,69693.42,69693.42,65644.57,50167.0,30848.93,19318.07,0.3851,16261.92,21509.62,3121.18,4223.9,5424.77,3793.72,5811.17,1808.21,61954.48,45116.62,-25798.55,-0.5143,-35017.03,-42636.41,-42636.41,-0.8499,117163.11,0.3242,0.4288,850.29
2026-04-01,S024,Himaxx Warehouse Outlet,Mall Warehouse,West China,Chongqing,Loss Making,54,145,36880.27,182779.22,36880.27,36880.27,36127.47,24979.68,15299.15,9680.53,0.3875,9997.56,14483.0,1784.86,3334.52,3414.27,4495.14,5244.88,1208.6,43962.84,29599.94,-19919.41,-0.7974,-27828.82,-34282.31,-34282.31,-1.3724,76379.81,0.4002,0.5798,462.59
2026-04-01,S025,Himaxx Warehouse Outlet,Shopping Center Warehouse,East China,Hangzhou,Stable,74,285,79725.06,390238.56,79725.06,79725.06,77944.34,58121.94,34759.54,23362.4,0.402,16092.33,24938.41,4791.76,4648.07,7272.46,7549.36,8920.41,1931.22,76144.02,50470.58,-27108.18,-0.4664,-41930.0,-52781.62,-52781.62,-0.9081,125562.78,0.2769,0.4291,785.43
2026-04-01,S026,Himaxx Warehouse Outlet,Shopping Center Warehouse,North China,Beijing,High Profit,51,364,99639.81,500901.32,99639.81,99639.81,94884.46,70268.17,42305.6,27962.57,0.3979,13283.52,16937.33,2232.96,5115.13,6181.53,5997.12,6905.33,1546.73,58199.64,37568.94,-9606.37,-0.1367,-21785.02,-30237.07,-30237.07,-0.4303,94408.38,0.189,0.241,1377.81
2026-04-01,S027,Himaxx Warehouse Outlet,Shopping Center Warehouse,West China,Chengdu,Loss Making,38,118,32392.48,149175.38,32392.48,32392.48,31378.33,22618.07,12038.96,10579.11,0.4677,23218.07,42887.0,7764.47,8580.89,9789.1,10069.49,12641.73,3291.46,118242.19,82450.43,-71871.32,-3.1776,-91729.9,-107663.08,-107663.08,-4.76,176278.49,1.0265,1.8961,595.21
2026-04-01,S028,Himaxx Warehouse Outlet,Warehouse Outlet,West China,Chongqing,At Risk,51,190,50186.15,252907.35,50186.15,50186.15,48110.92,34708.92,21518.17,13190.75,0.38,15628.52,29303.94,6088.92,6683.48,7692.88,5127.07,11471.2,2413.63,84409.65,57704.86,-44514.11,-1.2825,-57334.07,-71218.9,-71218.9,-2.0519,151839.24,0.4503,0.8443,680.57
2026-04-01,S029,Himaxx Warehouse Outlet,Warehouse Outlet,East China,Suzhou,Stable,51,291,76937.0,394436.1,76937.0,76937.0,74037.18,59790.4,37856.47,21933.93,0.3668,11899.33,16945.02,3519.57,4517.89,4698.07,5004.62,4202.41,1377.65,52164.56,36881.81,-14947.88,-0.25,-24650.57,-30230.63,-30230.63,-0.5056,100537.31,0.199,0.2834,1172.36
2026-04-01,S030,Himaxx Warehouse Outlet,Warehouse Outlet,North China,Beijing,At Risk,55,208,52200.21,257374.3,52200.21,52200.21,50347.67,38835.85,23922.93,14912.92,0.384,13215.52,23154.51,3461.07,4165.14,7367.29,5735.24,5180.16,1746.72,64025.64,43996.24,-29083.32,-0.7489,-42185.85,-49112.72,-49112.72,-1.2646,114573.89,0.3403,0.5962,706.11
2026-04-01,S031,Himaxx Warehouse Outlet,Warehouse Outlet,West China,Xi'an,At Risk,73,201,55603.49,281002.25,55603.49,55603.49,52279.75,38135.63,24167.29,13968.34,0.3663,12914.26,23463.45,3951.09,5449.25,9137.87,6057.23,9249.78,2013.89,72236.81,45778.05,-31809.71,-0.8341,-47004.8,-58268.47,-58268.47,-1.5279,124980.82,0.3386,0.6153,522.41
2026-04-01,S032,Himaxx Warehouse Outlet,Mall Warehouse,Central China,Wuhan,Stable,46,241,67149.08,329980.02,67149.08,67149.08,64507.84,48365.23,27550.43,20814.8,0.4304,12027.5,19197.34,3792.48,4636.69,4963.35,3594.89,8855.15,2004.0,59071.4,39654.01,-18839.21,-0.3895,-27397.44,-38256.6,-38256.6,-0.791,92139.98,0.2487,0.3969,1051.42
2026-04-01,S033,Himaxx Warehouse Outlet,Mall Warehouse,West China,Chongqing,At Risk,77,217,62938.04,310632.77,62938.04,62938.04,61069.69,45532.29,27041.1,18491.19,0.4061,21108.16,28692.43,7849.63,5576.31,8949.5,7021.32,12095.93,10197.71,101490.99,63226.53,-44735.34,-0.9825,-60706.16,-82999.8,-82999.8,-1.8229,155687.58,0.4636,0.6302,591.33
2026-04-01,S034,Himaxx Warehouse Outlet,Warehouse Outlet,South China,Shenzhen,High Profit,99,384,111516.54,545560.21,111516.54,111516.54,106781.39,79454.3,45346.81,34107.49,0.4293,11493.39,15460.43,2767.1,2260.21,3895.17,3326.59,4274.87,1236.15,44713.92,31981.14,2126.35,0.0268,-5095.41,-10606.43,-10606.43,-0.1335,74500.9,0.1447,0.1946,802.57
2026-04-01,S035,Himaxx Warehouse Outlet,Pop-up Clearance Warehouse,West China,Chongqing,At Risk,22,204,44998.85,265157.93,44998.85,44998.85,44086.3,32261.48,22351.46,9910.02,0.3072,12927.28,15218.02,3125.85,3330.55,5478.95,3523.83,5441.41,4746.17,53792.06,34601.71,-24691.69,-0.7654,-33694.46,-43882.04,-43882.04,-1.3602,112643.79,0.4007,0.4717,1466.43
2026-04-01,S036,Himaxx Warehouse Outlet,Warehouse Outlet,East China,Nanjing,Stable,68,242,62337.15,304819.57,62337.15,62337.15,59107.73,43550.42,26135.78,17414.64,0.3999,7991.98,14713.57,2715.9,3305.1,5238.13,4102.36,4374.89,1151.3,43593.23,28726.55,-11311.91,-0.2597,-20652.4,-26178.59,-26178.59,-0.6011,71839.16,0.1835,0.3379,640.45
2026-04-01,S037,Himaxx Warehouse Outlet,Warehouse Outlet,South China,Shenzhen,At Risk,58,215,60148.13,301374.5,60148.13,60148.13,58888.53,46811.77,30191.47,16620.3,0.355,22848.35,29464.85,5532.34,5269.64,7609.19,6903.76,13310.72,3083.11,94021.97,63115.18,-46494.88,-0.9932,-61007.84,-77401.67,-77401.67,-1.6535,177766.55,0.4881,0.6294,807.1
2026-04-01,S038,Himaxx Warehouse Outlet,Warehouse Outlet,North China,Qingdao,High Profit,72,341,96129.4,486043.53,96129.4,96129.4,92885.54,70664.79,45002.56,25662.23,0.3632,16134.16,22388.66,4616.73,3445.21,7786.2,6636.42,5977.9,1961.23,68946.5,46584.75,-20922.52,-0.2961,-35345.14,-43284.27,-43284.27,-0.6125,128278.09,0.2283,0.3168,981.46
2026-04-01,S039,Himaxx Warehouse Outlet,Pop-up Clearance Warehouse,South China,Shenzhen,Stable,31,302,71093.87,427723.38,71093.87,71093.87,68031.68,50217.13,36256.98,13960.15,0.278,13954.16,25716.6,4040.93,4325.86,7903.73,6385.56,8962.58,1942.77,73232.19,48037.55,-34077.4,-0.6786,-48366.69,-59272.04,-59272.04,-1.1803,172799.56,0.2779,0.5121,1619.91
2026-04-01,S040,Himaxx Warehouse Outlet,Warehouse Outlet,South China,Xiamen,High Profit,95,377,99216.34,495395.26,99216.34,99216.34,96293.14,76764.46,48103.34,28661.12,0.3734,10747.97,11670.33,2387.63,2973.25,5438.64,3819.96,3697.58,1181.69,41917.05,27779.18,881.94,0.0115,-8376.65,-13255.93,-13255.93,-0.1727,74402.32,0.14,0.152,808.05
2026-04-01,S041,Himaxx Warehouse Outlet,Shopping Center Warehouse,East China,Shanghai,Loss Making,42,155,49313.78,226729.16,49313.78,49313.78,47334.19,38890.56,22747.57,16142.99,0.4151,15454.31,32503.88,6493.93,7831.25,10599.53,8264.14,8165.98,2567.67,91880.68,62283.36,-46140.37,-1.1864,-65004.04,-75737.69,-75737.69,-1.9475,150048.72,0.3974,0.8358,925.97
2026-04-01,S042,Himaxx Warehouse Outlet,Community Warehouse,East China,Shanghai,High Profit,51,332,83928.56,421369.53,83928.56,83928.56,78968.44,61238.36,38376.33,22862.03,0.3733,8682.79,10264.28,1715.29,2586.92,4318.99,3272.48,3744.15,979.77,35564.67,23249.29,-387.26,-0.0063,-7978.72,-12702.64,-12702.64,-0.2074,62275.66,0.1418,0.1676,1200.75
2026-04-01,S043,Himaxx Warehouse Outlet,Warehouse Outlet,East China,Hangzhou,Stable,51,297,80489.92,405996.09,80489.92,80489.92,77334.65,54869.86,33042.03,21827.83,0.3978,15880.59,27606.99,3261.29,7733.46,7963.99,5887.66,7922.19,2331.58,78587.76,54482.33,-32654.5,-0.5951,-46506.16,-56759.93,-56759.93,-1.0344,136955.34,0.2894,0.5031,1075.88
2026-04-01,S044,Himaxx Warehouse Outlet,Community Warehouse,Central China,Changsha,High Profit,58,329,79454.0,393969.83,79454.0,79454.0,76867.65,56329.04,32869.61,23459.43,0.4165,12363.81,20938.89,2969.87,4456.54,6197.94,6389.05,7595.36,1693.79,62605.24,40729.11,-17269.68,-0.3066,-29856.67,-39145.81,-39145.81,-0.6949,97795.71,0.2195,0.3717,971.19
2026-04-01,S045,Himaxx Warehouse Outlet,Warehouse Outlet,North China,Beijing,Stable,56,245,76062.99,398599.92,76062.99,76062.99,72382.97,53298.18,33490.3,19807.88,0.3716,10234.47,18589.14,3853.86,2864.11,4489.54,5219.92,5625.29,1516.92,52393.24,35541.57,-15733.69,-0.2952,-25443.15,-32585.36,-32585.36,-0.6114,95633.7,0.192,0.3488,951.75
2026-04-01,S046,Himaxx Warehouse Outlet,Shopping Center Warehouse,East China,Shanghai,High Profit,36,330,90957.55,437110.7,90957.55,90957.55,87244.16,67606.78,40706.85,26899.93,0.3979,7281.67,12359.84,1359.39,2524.26,4358.69,2599.4,3601.31,935.91,35020.47,23525.16,3374.77,0.0499,-3583.32,-8120.54,-8120.54,-0.1201,59125.08,0.1077,0.1828,1877.97
2026-04-01,S047,Himaxx Warehouse Outlet,Warehouse Outlet,South China,Xiamen,Stable,67,299,82669.94,423355.25,82669.94,82669.94,78198.03,59796.0,36081.25,23714.75,0.3966,13899.72,18578.53,3286.17,3622.66,7201.43,4321.56,7538.36,1605.01,60053.43,39387.07,-15672.32,-0.2621,-27195.31,-36338.68,-36338.68,-0.6077,99313.27,0.2325,0.3107,892.48
2026-04-01,S048,Himaxx Warehouse Outlet,Mall Warehouse,West China,Chongqing,Stable,45,257,68328.61,350028.98,68328.61,68328.61,66279.43,47682.75,28893.1,18789.65,0.3941,9571.92,18510.51,3821.22,4380.04,4769.49,4261.27,4950.2,1465.9,51730.55,36283.69,-17494.04,-0.3669,-26524.8,-32940.9,-32940.9,-0.6908,92077.62,0.2007,0.3882,1059.62
2026-04-01,S049,Himaxx Warehouse Outlet,Warehouse Outlet,South China,Shenzhen,High Profit,62,347,98102.5,496859.47,98102.5,98102.5,92518.76,72553.1,44870.14,27682.96,0.3816,18680.6,19943.51,3958.95,6166.87,6147.94,7771.5,7319.69,2091.06,72080.12,48749.93,-21066.97,-0.2904,-34986.41,-44397.16,-44397.16,-0.6119,127766.64,0.2575,0.2749,1170.21
2026-04-01,S050,Himaxx Warehouse Outlet,Community Warehouse,East China,Suzhou,At Risk,34,185,46526.42,237389.14,46526.42,46526.42,45340.21,34146.0,20790.6,13355.4,0.3911,15939.24,25180.96,3877.93,5477.07,6632.42,7195.28,6666.6,2183.36,73152.86,50475.2,-37119.8,-1.0871,-50947.5,-59797.46,-59797.46,-1.7512,129050.88,0.4668,0.7374,1004.29
2026-04-01,S051,Himaxx Warehouse Outlet,Shopping Center Warehouse,North China,Qingdao,Stable,72,272,73575.27,359491.4,73575.27,73575.27,70454.4,54418.77,31824.05,22594.72,0.4152,10682.09,13036.22,1926.42,3944.14,3500.98,4672.99,3549.59,1235.14,42547.59,29588.88,-6994.16,-0.1285,-15168.13,-19952.87,-19952.87,-0.3667,71264.01,0.1963,0.2396,755.82
2026-04-01,S052,Himaxx Warehouse Outlet,Shopping Center Warehouse,East China,Shanghai,Stable,36,241,69780.53,338168.04,69780.53,69780.53,66224.5,48697.41,29151.85,19545.56,0.4014,14882.83,17755.37,3790.47,3576.79,4867.26,6305.9,5585.39,1650.15,58414.17,40005.47,-20459.91,-0.4201,-31633.07,-38868.61,-38868.61,-0.7982,99672.91,0.3056,0.3646,1352.71
2026-04-01,S053,Himaxx Warehouse Outlet,Warehouse Outlet,West China,Chongqing,High Profit,104,364,96553.05,497647.34,96553.05,96553.05,93254.74,65224.97,40816.08,24408.89,0.3742,16901.92,23817.44,4825.14,3145.06,5615.83,3994.21,6387.53,1817.1,66504.23,48689.56,-24280.67,-0.3723,-33890.71,-42095.34,-42095.34,-0.6454,130107.31,0.2591,0.3652,627.16
2026-04-01,S054,Himaxx Warehouse Outlet,Community Warehouse,North China,Tianjin,High Profit,52,302,77894.35,390799.91,77894.35,77894.35,74243.7,57635.43,36177.69,21457.74,0.3723,7022.5,7710.94,1362.97,1620.95,2304.78,2171.97,2922.11,754.51,25870.73,17717.36,3740.38,0.0649,-736.37,-4412.99,-4412.99,-0.0766,47588.78,0.1218,0.1338,1108.37
2026-04-01,S055,Himaxx Warehouse Outlet,Mall Warehouse,South China,Xiamen,High Profit,79,386,113768.41,556095.75,113768.41,113768.41,111048.04,85919.46,51312.73,34606.73,0.4028,10390.62,15029.35,2471.43,3674.47,6166.54,5652.42,6880.18,1487.82,51752.82,31565.86,3040.87,0.0354,-8778.09,-17146.09,-17146.09,-0.1996,78369.77,0.1209,0.1749,1087.59
2026-04-01,S056,Himaxx Warehouse Outlet,Warehouse Outlet,East China,Nanjing,High Profit,88,334,104949.7,511294.23,104949.7,104949.7,100562.29,77390.45,47168.73,30221.72,0.3905,12427.93,18653.2,2108.0,4727.51,5192.86,5308.24,4647.53,1573.25,54638.53,37916.64,-7694.92,-0.0994,-18196.02,-24416.81,-24416.81,-0.3155,97095.27,0.1606,0.241,879.44
2026-04-01,S057,Himaxx Warehouse Outlet,Warehouse Outlet,East China,Shanghai,Stable,73,269,70989.32,356398.11,70989.32,70989.32,68307.71,50885.46,30592.66,20292.8,0.3988,16784.47,24142.37,3998.62,4642.92,5643.42,5754.68,6225.16,1951.22,69142.86,49568.39,-29275.59,-0.5753,-40673.69,-48850.06,-48850.06,-0.96,124295.83,0.3298,0.4744,697.06
2026-04-01,S058,Himaxx Warehouse Outlet,Shopping Center Warehouse,South China,Xiamen,At Risk,60,181,50834.41,251945.11,50834.41,50834.41,49365.71,33550.38,18441.13,15109.25,0.4503,14327.86,19125.08,3467.09,3953.64,6579.45,6452.31,8684.79,1787.91,64378.13,40873.68,-25764.43,-0.7679,-38796.18,-49268.88,-49268.88,-1.4685,90760.78,0.4271,0.57,559.17
2026-04-01,S059,Himaxx Warehouse Outlet,Mall Warehouse,East China,Suzhou,Loss Making,47,161,42880.26,213149.5,42880.26,42880.26,41726.41,31751.52,18435.29,13316.23,0.4194,11383.2,19285.48,4521.48,6037.18,5409.77,4793.89,5353.86,3918.54,60703.4,41227.35,-27911.12,-0.879,-38114.78,-47387.17,-47387.17,-1.4924,98303.42,0.3585,0.6074,675.56
2026-04-01,S060,Himaxx Warehouse Outlet,Mall Warehouse,West China,Xi'an,High Profit,77,347,91853.75,459584.27,91853.75,91853.75,89305.26,69962.28,42285.5,27676.78,0.3956,6071.64,11197.14,2211.74,2900.06,3423.02,2792.91,3147.48,943.22,32687.21,22380.58,5296.2,0.0757,-919.74,-5010.43,-5010.43,-0.0716,56574.37,0.0868,0.16,908.6
2026-04-01,S061,Himaxx Warehouse Outlet,Community Warehouse,South China,Xiamen,Loss Making,46,168,49312.38,250049.86,49312.38,49312.38,47569.85,36744.69,23095.31,13649.38,0.3715,20345.37,24878.15,6240.0,6045.74,7104.18,7055.56,8017.3,2408.9,82095.2,57509.26,-43859.88,-1.1936,-58019.61,-68445.82,-68445.82,-1.8627,154817.28,0.5537,0.6771,798.8
2026-04-01,S062,Himaxx Warehouse Outlet,Community Warehouse,West China,Xi'an,Stable,48,254,73593.11,365632.4,73593.11,73593.11,70064.95,56220.35,34369.7,21850.65,0.3887,9882.37,17980.33,3852.49,4820.48,5218.56,5669.74,6038.46,1641.35,55103.78,36535.67,-14685.02,-0.2612,-25573.31,-33253.13,-33253.13,-0.5915,94003.97,0.1758,0.3198,1171.26
2026-04-01,S063,Himaxx Warehouse Outlet,Mall Warehouse,East China,Nanjing,Loss Making,54,116,28167.82,144418.11,28167.82,28167.82,27856.69,21586.52,13955.31,7631.21,0.3535,16473.73,17688.43,3285.35,3605.66,5765.47,3914.25,6120.89,5102.58,61956.36,41053.17,-33421.96,-1.5483,-43101.69,-54325.15,-54325.15,-2.5166,116127.74,0.7631,0.8194,399.75
2026-04-01,S064,Himaxx Warehouse Outlet,Shopping Center Warehouse,South China,Guangzhou,High Profit,58,347,91159.52,446148.69,91159.52,91159.52,87511.72,65796.69,37791.25,28005.44,0.4256,11174.29,14231.34,1927.57,2676.29,4291.63,5070.89,4559.86,1517.39,45449.25,30009.49,-2004.05,-0.0305,-11366.57,-17443.81,-17443.81,-0.2651,70505.06,0.1698,0.2163,1134.43
2026-04-01,S065,Himaxx Warehouse Outlet,Shopping Center Warehouse,North China,Tianjin,Stable,53,270,81477.81,408704.67,81477.81,81477.81,76731.67,60376.7,36374.6,24002.1,0.3975,14082.35,21962.7,4881.91,5581.63,8656.01,3995.26,7262.39,1976.59,68398.87,46508.6,-22506.5,-0.3728,-35157.78,-44396.77,-44396.77,-0.7353,116991.26,0.2332,0.3638,1139.18
2026-04-01,S066,Himaxx Warehouse Outlet,Shopping Center Warehouse,North China,Tianjin,At Risk,45,169,50663.25,237227.02,50663.25,50663.25,48359.63,36572.75,21153.44,15419.31,0.4216,17475.96,19185.21,4223.65,5490.85,8204.85,5839.88,6794.75,1899.01,69114.15,46375.67,-30956.36,-0.8464,-45001.09,-53694.84,-53694.84,-1.4682,109997.52,0.4778,0.5246,812.73
2026-04-01,S067,Himaxx Warehouse Outlet,Shopping Center Warehouse,North China,Beijing,Stable,41,264,76978.53,371702.87,76978.53,76978.53,74504.06,58327.87,34437.81,23890.06,0.4096,19165.68,26269.29,3239.28,7515.29,7590.39,7187.23,7616.84,2302.59,80886.59,56189.54,-32299.48,-0.5538,-47077.1,-56996.53,-56996.53,-0.9772,137187.44,0.3286,0.4504,1422.63
2026-04-01,S068,Himaxx Warehouse Outlet,Mall Warehouse,East China,Suzhou,Stable,54,247,68510.93,344703.24,68510.93,68510.93,64785.43,48808.14,29359.95,19448.19,0.3985,9763.47,15254.01,3118.9,3437.95,3327.98,4703.77,3890.38,1209.16,44705.6,31574.32,-12126.13,-0.2484,-20157.87,-25257.41,-25257.41,-0.5175,79240.48,0.2,0.3125,903.85
2026-04-01,S069,Himaxx Warehouse Outlet,Warehouse Outlet,North China,Beijing,Stable,52,250,65100.23,328769.36,65100.23,65100.23,63058.5,46272.99,28558.93,17714.06,0.3828,19691.7,28467.95,5498.05,6087.21,8675.32,5428.85,8492.39,2534.83,84876.3,59744.91,-42030.85,-0.9083,-56135.02,-67162.24,-67162.24,-1.4514,156066.74,0.4256,0.6152,889.87
2026-04-01,S070,Himaxx Warehouse Outlet,Shopping Center Warehouse,Central China,Changsha,Loss Making,42,149,42034.28,204127.0,42034.28,42034.28,39923.95,29204.63,17301.13,11903.5,0.4076,26459.14,37594.36,8304.66,7891.87,14626.9,8537.66,14044.51,3146.94,120606.05,80250.04,-68346.54,-2.3403,-91511.1,-108702.55,-108702.55,-3.7221,196889.38,0.906,1.2873,695.35
2026-04-01,S071,Himaxx Warehouse Outlet,Warehouse Outlet,North China,Qingdao,Stable,79,239,59741.12,299887.75,59741.12,59741.12,57827.29,44022.96,26122.46,17900.5,0.4066,10923.94,15734.8,2718.76,4095.87,4153.45,4469.13,5093.9,1344.28,48534.13,33473.37,-15572.87,-0.3537,-24195.45,-30633.63,-30633.63,-0.6959,82321.54,0.2481,0.3574,557.25
2026-04-01,S072,Himaxx Warehouse Outlet,Community Warehouse,Central China,Changsha,At Risk,59,168,55823.07,270538.02,55823.07,55823.07,53171.05,36280.4,20424.53,15855.87,0.437,16025.55,25651.49,2686.48,4113.24,6575.01,4180.61,9616.31,1987.05,70835.75,48476.77,-32620.9,-0.8991,-43376.52,-54979.88,-54979.88,-1.5154,110921.48,0.4417,0.707,614.92
2026-04-01,S073,Himaxx Warehouse Outlet,Mall Warehouse,North China,Tianjin,High Profit,65,329,92963.74,482064.01,92963.74,92963.74,88429.4,70881.94,45221.45,25660.49,0.362,5691.34,8219.29,1174.5,1305.9,2377.42,2107.8,2801.39,1989.71,25667.34,16391.03,9269.46,0.1308,4784.24,-6.85,-6.85,-0.0001,45276.92,0.0803,0.116,1090.49
2026-04-01,S074,Himaxx Warehouse Outlet,Warehouse Outlet,North China,Tianjin,High Profit,59,377,101293.51,530565.16,101293.51,101293.51,96334.61,73536.3,46709.52,26826.78,0.3648,8548.2,12888.41,1816.71,2289.51,3044.35,3992.52,3019.73,1088.05,36687.48,25542.83,1283.95,0.0175,-5752.92,-9860.7,-9860.7,-0.1341,70016.81,0.1162,0.1753,1246.38
2026-04-01,S075,Himaxx Warehouse Outlet,Warehouse Outlet,South China,Shenzhen,Stable,35,240,66738.04,333858.43,66738.04,66738.04,63275.92,45901.4,28013.88,17887.52,0.3897,17821.24,27037.0,3402.09,6058.91,8380.62,6784.03,8285.73,2071.1,79840.71,54319.23,-36431.71,-0.7937,-51596.36,-61953.19,-61953.19,-1.3497,139389.29,0.3883,0.589,1311.47
2026-04-01,S076,Himaxx Warehouse Outlet,Warehouse Outlet,East China,Nanjing,At Risk,57,165,45389.09,224703.93,45389.09,45389.09,43324.04,31946.43,19353.46,12592.97,0.3942,18304.04,33158.46,5566.4,5394.89,8026.71,10126.45,12303.74,2771.15,95651.86,62423.8,-49830.83,-1.5598,-67984.0,-83058.89,-83058.89,-2.5999,158359.59,0.573,1.0379,560.46
