sku,product_name,brand_owner,brand,brand_tier,category,business_mode,inventory_risk_owner,msrp,standard_cost,take_rate,gross_margin_target,season,product_lifecycle,price_band,gender_segment,age_segment,color_family,size_group,style_type,core_or_seasonal,clearance_flag,replenishable_flag,launch_date
SKU00001,Reebok Underwear Basketball Shoes Who,External Brand,Reebok Underwear,Tier 2,Basketball Shoes,Buyout,Himaxx,578.67,29.42,1.0,0.2971,Spring,Clearance,Mass,Men,Youth,Blue,M-L,Fashion,Seasonal,1,0,2025-04-10
SKU00002,Hoka Bags Character,External Brand,Hoka,Tier 1,Bags,Consignment,Brand Partner,1393.72,23.01,0.3254,0.3114,Core,Mature,Premium,Men,Adult,Grey,M-L,Clearance,Seasonal,1,0,2024-02-22
SKU00003,Fila Bags Employee,External Brand,Fila,Tier 3,Bags,Buyout,Himaxx,1317.9,133.95,1.0,0.3535,Core,Mature,Premium,Men,Youth,Black,M-L,Core Basic,Core,0,1,2025-07-31
SKU00004,Puma Accessories Nothing,External Brand,Puma,Tier 3,Accessories,Consignment,Brand Partner,542.15,24.72,0.2014,0.281,Winter,Growth,Mass,Men,Adult,Black,M-L,Clearance,Seasonal,1,0,2024-02-19
SKU00005,Nike Performance Apparel Pattern,External Brand,Nike,Tier 1,Performance Apparel,Buyout,Himaxx,1468.28,249.21,1.0,0.4701,Spring,New,Premium,Women,Adult,White,XS-S,Performance,Seasonal,0,0,2024-08-19
SKU00006,Asics Sportswear Past,External Brand,Asics,Tier 3,Sportswear,Consignment,Brand Partner,150.25,2.89,0.2231,0.3286,Winter,Mature,Entry,Women,Adult,White,M-L,Performance,Seasonal,0,1,2024-07-18
SKU00007,On Running Outdoor Apparel Discuss,External Brand,On Running,Tier 1,Outdoor Apparel,Buyout,Himaxx,1137.54,92.42,1.0,0.449,Winter,Mature,Premium,Women,Young Adult,Black,XL-XXL,Fashion,Seasonal,0,1,2026-05-04
SKU00008,Brooks Brothers Yoga Apparel Certainly,External Brand,Brooks Brothers,Tier 1,Yoga Apparel,Consignment,Brand Partner,337.78,14.98,0.2161,0.3351,Spring,Growth,Mass,Women,Adult,Brown,M-L,Fashion,Seasonal,0,1,2024-11-15
SKU00009,Reebok Underwear Accessories Benefit,External Brand,Reebok Underwear,Tier 2,Accessories,Consignment,Brand Partner,440.96,20.35,0.3157,0.3271,Winter,New,Mass,Men,Young Adult,Red,XS-S,Clearance,Seasonal,1,0,2025-08-12
SKU00010,Fila Kids Apparel Traditional,External Brand,Fila,Tier 3,Kids Apparel,Consignment,Brand Partner,590.72,20.29,0.2496,0.2788,Winter,Growth,Mass,Women,Senior,Grey,XS-S,Fashion,Seasonal,0,1,2023-09-05
SKU00011,Champion Kids Apparel Product,External Brand,Champion,Tier 3,Kids Apparel,Buyout,Himaxx,929.94,163.2,1.0,0.3109,Spring,Growth,Premium,Men,Adult,Brown,M-L,Core Basic,Core,0,1,2023-10-30
SKU00012,Under Armour Yoga Apparel Response,External Brand,Under Armour,Tier 3,Yoga Apparel,Buyout,Himaxx,432.54,55.43,1.0,0.4898,Fall,New,Mass,Women,Young Adult,Black,M-L,Core Basic,Seasonal,0,0,2024-08-12
SKU00013,Reebok Underwear Outdoor Apparel Attack,External Brand,Reebok Underwear,Tier 2,Outdoor Apparel,Consignment,Brand Partner,2268.14,109.14,0.2034,0.1922,Core,Clearance,Luxury,Men,Adult,Black,XL-XXL,Performance,Seasonal,1,0,2024-07-02
SKU00014,On Running Underwear Pick,External Brand,On Running,Tier 1,Underwear,Consignment,Brand Partner,195.19,6.51,0.2303,0.305,Spring,Clearance,Entry,Women,Young Adult,Red,XL-XXL,Core Basic,Seasonal,1,0,2026-05-02
SKU00015,Brand B Sportswear Newspaper,Himaxx Own,Brand B,Tier 2,Sportswear,Own Brand,Himaxx,1177.46,155.12,1.0,0.5616,Spring,New,Premium,Men,Young Adult,Grey,M-L,Performance,Seasonal,0,0,2024-02-07
SKU00016,Cole Haan Underwear On,External Brand,Cole Haan,Tier 2,Underwear,Buyout,Himaxx,417.51,30.07,1.0,0.2903,Core,Growth,Mass,Kids,Adult,Red,M-L,Fashion,Seasonal,0,1,2025-12-05
SKU00017,Lululemon Sportswear Activity,External Brand,Lululemon,Tier 1,Sportswear,Consignment,Brand Partner,283.15,13.62,0.342,0.2619,Fall,New,Entry,Men,Adult,Black,M-L,Core Basic,Seasonal,0,0,2025-05-21
SKU00018,Adidas Training Shoes Building,External Brand,Adidas,Tier 1,Training Shoes,Consignment,Brand Partner,1189.57,30.95,0.2118,0.2704,Core,Growth,Premium,Kids,Adult,Red,M-L,Core Basic,Core,0,1,2025-05-23
SKU00019,Brand A Bags Not,Himaxx Own,Brand A,Tier 2,Bags,Own Brand,Himaxx,269.15,52.57,1.0,0.5057,Summer,Growth,Entry,Unisex,Adult,Black,One Size,Fashion,Seasonal,0,1,2025-08-07
SKU00020,Salomon Kids Apparel Specific,External Brand,Salomon,Tier 3,Kids Apparel,Consignment,Brand Partner,457.65,12.97,0.2059,0.2019,Spring,New,Mass,Women,Young Adult,Brown,M-L,Performance,Seasonal,0,0,2025-04-08
SKU00021,The North Face Outdoor Apparel Brother,External Brand,The North Face,Tier 3,Outdoor Apparel,Buyout,Himaxx,1244.57,100.62,1.0,0.2943,Winter,Clearance,Premium,Unisex,Adult,Black,M-L,Clearance,Seasonal,1,0,2024-03-24
SKU00022,Reebok Underwear Outdoor Apparel Coach,External Brand,Reebok Underwear,Tier 2,Outdoor Apparel,Buyout,Himaxx,1618.99,282.92,1.0,0.3416,Core,Growth,Luxury,Unisex,Young Adult,Grey,XL-XXL,Fashion,Seasonal,0,1,2024-09-15
SKU00023,Brand A Outdoor Apparel Seven,Himaxx Own,Brand A,Tier 2,Outdoor Apparel,Own Brand,Himaxx,1593.14,237.34,1.0,0.46,Fall,Growth,Premium,Men,Youth,Blue,M-L,Performance,Seasonal,0,1,2025-12-22
SKU00024,Nike Lifestyle Apparel Everyone,External Brand,Nike,Tier 1,Lifestyle Apparel,Consignment,Brand Partner,1039.44,20.65,0.202,0.2935,Summer,Clearance,Premium,Men,Young Adult,White,M-L,Clearance,Seasonal,1,0,2026-04-06
SKU00025,Under Armour Performance Apparel Sound,External Brand,Under Armour,Tier 3,Performance Apparel,Consignment,Brand Partner,2204.84,44.55,0.2345,0.2863,Fall,Mature,Luxury,Kids,Young Adult,Blue,XS-S,Fashion,Seasonal,0,1,2023-11-19
SKU00026,Brand A Performance Apparel While,Himaxx Own,Brand A,Tier 2,Performance Apparel,Own Brand,Himaxx,1186.89,240.32,1.0,0.4306,Winter,Clearance,Premium,Women,Young Adult,Blue,M-L,Core Basic,Seasonal,1,0,2023-09-01
SKU00027,Brand A Performance Apparel Process,Himaxx Own,Brand A,Tier 2,Performance Apparel,Own Brand,Himaxx,1985.65,376.08,1.0,0.5412,Core,Clearance,Luxury,Unisex,Young Adult,Grey,M-L,Performance,Seasonal,1,0,2024-03-29
SKU00028,Asics Outdoor Apparel Purpose,External Brand,Asics,Tier 3,Outdoor Apparel,Buyout,Himaxx,1118.96,180.83,1.0,0.4651,Summer,Growth,Premium,Men,Youth,White,XL-XXL,Limited,Seasonal,0,1,2024-11-13
SKU00029,Adidas Bags Decide,External Brand,Adidas,Tier 1,Bags,Consignment,Brand Partner,745.09,13.19,0.2519,0.2062,Winter,Clearance,Mass,Women,Senior,Multi,XS-S,Core Basic,Seasonal,1,0,2023-10-22
SKU00030,Cole Haan Basketball Shoes Sound,External Brand,Cole Haan,Tier 2,Basketball Shoes,Consignment,Brand Partner,1261.49,54.62,0.252,0.21,Summer,New,Premium,Women,Adult,Blue,M-L,Clearance,Seasonal,1,0,2023-10-31
SKU00031,Brand B Running Shoes Start,Himaxx Own,Brand B,Tier 2,Running Shoes,Own Brand,Himaxx,522.76,113.54,1.0,0.4296,Fall,Mature,Mass,Women,Young Adult,Black,M-L,Fashion,Seasonal,0,1,2026-02-11
SKU00032,Cole Haan Bags Why,External Brand,Cole Haan,Tier 2,Bags,Consignment,Brand Partner,782.33,31.26,0.2635,0.3162,Core,Growth,Mass,Unisex,Young Adult,Brown,XS-S,Core Basic,Core,0,1,2023-05-08
SKU00033,Lululemon Outdoor Apparel Game,External Brand,Lululemon,Tier 1,Outdoor Apparel,Consignment,Brand Partner,300.04,12.3,0.2909,0.1859,Spring,Growth,Mass,Unisex,Young Adult,Black,XL-XXL,Limited,Seasonal,0,1,2024-10-24
SKU00034,Lululemon Yoga Apparel Brother,External Brand,Lululemon,Tier 1,Yoga Apparel,Consignment,Brand Partner,590.54,11.99,0.2657,0.3079,Core,Mature,Mass,Unisex,Young Adult,White,XS-S,Core Basic,Core,0,1,2026-02-18
SKU00035,Reebok Underwear Performance Apparel Unit,External Brand,Reebok Underwear,Tier 2,Performance Apparel,Buyout,Himaxx,651.58,105.76,1.0,0.3496,Spring,New,Mass,Kids,Young Adult,Blue,M-L,Fashion,Seasonal,0,0,2026-04-20
SKU00036,Brand A Performance Apparel Surface,Himaxx Own,Brand A,Tier 2,Performance Apparel,Own Brand,Himaxx,2044.72,258.65,1.0,0.514,Core,Growth,Luxury,Men,Adult,Grey,M-L,Limited,Seasonal,0,1,2024-04-08
SKU00037,Reebok Underwear Yoga Apparel Article,External Brand,Reebok Underwear,Tier 2,Yoga Apparel,Buyout,Himaxx,832.82,88.29,1.0,0.3547,Spring,Mature,Premium,Unisex,Adult,Grey,M-L,Core Basic,Core,0,1,2024-01-26
SKU00038,Lululemon Training Shoes Our,External Brand,Lululemon,Tier 1,Training Shoes,Consignment,Brand Partner,1278.65,12.84,0.3321,0.2161,Summer,New,Premium,Women,Young Adult,Brown,M-L,Fashion,Seasonal,0,0,2026-03-09
SKU00039,Brand B Yoga Apparel Bed,Himaxx Own,Brand B,Tier 2,Yoga Apparel,Own Brand,Himaxx,380.76,47.01,1.0,0.5199,Spring,Mature,Mass,Men,Youth,Black,M-L,Core Basic,Core,0,1,2025-07-17
SKU00040,Adidas Accessories Team,External Brand,Adidas,Tier 1,Accessories,Consignment,Brand Partner,315.46,7.66,0.2838,0.225,Core,New,Mass,Men,Adult,Brown,XS-S,Core Basic,Seasonal,0,0,2023-07-22
SKU00041,Adidas Yoga Apparel Soon,External Brand,Adidas,Tier 1,Yoga Apparel,Consignment,Brand Partner,1126.29,48.2,0.3494,0.2694,Winter,Mature,Premium,Men,Young Adult,White,One Size,Performance,Seasonal,0,1,2024-12-11
SKU00042,Cole Haan Performance Apparel Car,External Brand,Cole Haan,Tier 2,Performance Apparel,Consignment,Brand Partner,1296.28,63.3,0.2476,0.2447,Spring,Mature,Premium,Women,Young Adult,White,XS-S,Core Basic,Core,0,1,2023-09-25
SKU00043,Brand A Running Shoes May,Himaxx Own,Brand A,Tier 2,Running Shoes,Own Brand,Himaxx,865.27,131.33,1.0,0.5083,Fall,Growth,Premium,Kids,Senior,White,M-L,Fashion,Seasonal,0,1,2026-03-09
SKU00044,On Running Sportswear Company,External Brand,On Running,Tier 1,Sportswear,Buyout,Himaxx,777.65,89.1,1.0,0.3446,Fall,Growth,Mass,Men,Young Adult,Red,M-L,Core Basic,Core,0,1,2024-02-22
SKU00045,On Running Kids Apparel Turn,External Brand,On Running,Tier 1,Kids Apparel,Consignment,Brand Partner,1096.34,37.16,0.1889,0.2937,Winter,Clearance,Premium,Kids,Young Adult,Brown,M-L,Core Basic,Seasonal,1,0,2025-03-02
SKU00046,Nike Performance Apparel Development,External Brand,Nike,Tier 1,Performance Apparel,Consignment,Brand Partner,352.06,15.52,0.2592,0.2644,Winter,Mature,Mass,Men,Adult,White,XL-XXL,Fashion,Seasonal,0,1,2026-02-18
SKU00047,On Running Running Shoes Someone,External Brand,On Running,Tier 1,Running Shoes,Consignment,Brand Partner,1406.38,44.24,0.3438,0.3441,Summer,Mature,Premium,Unisex,Young Adult,Blue,XL-XXL,Fashion,Seasonal,0,1,2025-07-15
SKU00048,Adidas Sportswear Deep,External Brand,Adidas,Tier 1,Sportswear,Consignment,Brand Partner,789.34,27.07,0.2429,0.2522,Core,Clearance,Mass,Women,Youth,Green,XL-XXL,Core Basic,Seasonal,1,0,2025-06-26
SKU00049,Asics Bags Inside,External Brand,Asics,Tier 3,Bags,Buyout,Himaxx,927.64,138.23,1.0,0.2908,Core,Growth,Premium,Unisex,Young Adult,Blue,XS-S,Fashion,Seasonal,0,1,2026-05-01
SKU00050,Lululemon Performance Apparel Rate,External Brand,Lululemon,Tier 1,Performance Apparel,Consignment,Brand Partner,675.95,9.38,0.2488,0.341,Summer,Growth,Mass,Unisex,Senior,Black,M-L,Limited,Seasonal,0,1,2024-06-19
SKU00051,Salomon Sportswear We,External Brand,Salomon,Tier 3,Sportswear,Buyout,Himaxx,171.0,30.67,1.0,0.4897,Fall,Mature,Entry,Men,Adult,White,One Size,Core Basic,Core,0,1,2024-11-24
SKU00052,Brand B Kids Apparel Camera,Himaxx Own,Brand B,Tier 2,Kids Apparel,Own Brand,Himaxx,266.48,53.34,1.0,0.3889,Core,New,Entry,Women,Adult,Grey,M-L,Fashion,Seasonal,0,0,2024-02-03
SKU00053,Nike Basketball Shoes Attack,External Brand,Nike,Tier 1,Basketball Shoes,Consignment,Brand Partner,645.17,31.34,0.3274,0.196,Core,Growth,Mass,Unisex,Adult,Multi,XL-XXL,Clearance,Seasonal,1,0,2024-05-12
SKU00054,Adidas Performance Apparel Per,External Brand,Adidas,Tier 1,Performance Apparel,Consignment,Brand Partner,1385.99,67.74,0.2621,0.2998,Winter,Clearance,Premium,Women,Young Adult,White,M-L,Core Basic,Seasonal,1,0,2025-01-03
SKU00055,Adidas Underwear Per,External Brand,Adidas,Tier 1,Underwear,Consignment,Brand Partner,657.41,7.5,0.215,0.2068,Winter,Mature,Mass,Kids,Young Adult,Grey,One Size,Clearance,Seasonal,1,0,2024-01-04
SKU00056,New Balance Underwear Avoid,External Brand,New Balance,Tier 3,Underwear,Buyout,Himaxx,137.0,18.75,1.0,0.4781,Spring,Growth,Entry,Women,Adult,Black,XL-XXL,Performance,Seasonal,0,1,2025-06-21
SKU00057,Brand A Accessories Artist,Himaxx Own,Brand A,Tier 2,Accessories,Own Brand,Himaxx,307.74,39.12,1.0,0.4595,Core,New,Mass,Kids,Young Adult,Red,M-L,Core Basic,Seasonal,0,0,2024-01-13
SKU00058,Skechers Basketball Shoes Western,External Brand,Skechers,Tier 3,Basketball Shoes,Consignment,Brand Partner,964.19,37.48,0.3392,0.2087,Winter,Growth,Premium,Men,Youth,Grey,M-L,Fashion,Seasonal,0,1,2023-06-11
SKU00059,Columbia Outdoor Apparel Give,External Brand,Columbia,Tier 3,Outdoor Apparel,Buyout,Himaxx,1254.89,108.78,1.0,0.3982,Core,Growth,Premium,Men,Adult,Black,One Size,Fashion,Seasonal,0,1,2023-07-24
SKU00060,Brand A Outdoor Apparel Economy,Himaxx Own,Brand A,Tier 2,Outdoor Apparel,Own Brand,Himaxx,419.66,74.61,1.0,0.5454,Fall,Mature,Mass,Women,Adult,Brown,M-L,Core Basic,Core,0,1,2024-03-07
SKU00061,Brooks Brothers Kids Apparel Mention,External Brand,Brooks Brothers,Tier 1,Kids Apparel,Consignment,Brand Partner,562.97,23.92,0.3052,0.266,Winter,Growth,Mass,Women,Young Adult,Red,XS-S,Core Basic,Core,0,1,2023-12-28
SKU00062,Salomon Training Shoes Cause,External Brand,Salomon,Tier 3,Training Shoes,Consignment,Brand Partner,753.36,36.34,0.2136,0.2063,Winter,New,Mass,Men,Adult,Brown,XL-XXL,Performance,Seasonal,0,0,2025-07-08
SKU00063,Puma Kids Apparel Us,External Brand,Puma,Tier 3,Kids Apparel,Buyout,Himaxx,301.49,33.42,1.0,0.2818,Summer,Growth,Mass,Women,Adult,Black,M-L,Performance,Seasonal,0,1,2025-01-22
SKU00064,Reebok Underwear Training Shoes Material,External Brand,Reebok Underwear,Tier 2,Training Shoes,Buyout,Himaxx,1465.72,170.14,1.0,0.2941,Core,Growth,Premium,Women,Young Adult,White,XL-XXL,Core Basic,Core,0,1,2024-01-29
SKU00065,Asics Sportswear Material,External Brand,Asics,Tier 3,Sportswear,Buyout,Himaxx,483.47,50.09,1.0,0.4408,Spring,Growth,Mass,Kids,Young Adult,Blue,XL-XXL,Clearance,Seasonal,1,0,2025-10-08
SKU00066,Hoka Yoga Apparel Customer,External Brand,Hoka,Tier 1,Yoga Apparel,Buyout,Himaxx,1055.0,92.96,1.0,0.254,Core,Growth,Premium,Women,Young Adult,White,M-L,Fashion,Seasonal,0,1,2023-08-19
SKU00067,Cole Haan Performance Apparel Reason,External Brand,Cole Haan,Tier 2,Performance Apparel,Buyout,Himaxx,1885.01,263.02,1.0,0.4682,Spring,Clearance,Luxury,Unisex,Young Adult,White,M-L,Performance,Seasonal,1,0,2024-08-22
SKU00068,Brand B Yoga Apparel Land,Himaxx Own,Brand B,Tier 2,Yoga Apparel,Own Brand,Himaxx,780.69,93.98,1.0,0.3988,Summer,Growth,Mass,Men,Senior,White,XL-XXL,Performance,Seasonal,0,1,2024-07-31
SKU00069,Under Armour Bags Treat,External Brand,Under Armour,Tier 3,Bags,Consignment,Brand Partner,569.6,8.89,0.3185,0.2952,Spring,Clearance,Mass,Men,Young Adult,Multi,M-L,Fashion,Seasonal,1,0,2025-07-14
SKU00070,Columbia Bags Report,External Brand,Columbia,Tier 3,Bags,Consignment,Brand Partner,1279.59,55.54,0.1807,0.2162,Summer,Growth,Premium,Women,Senior,Black,XS-S,Fashion,Seasonal,0,1,2025-04-22
SKU00071,Cole Haan Kids Apparel Race,External Brand,Cole Haan,Tier 2,Kids Apparel,Buyout,Himaxx,1003.08,67.2,1.0,0.2989,Spring,Growth,Premium,Women,Young Adult,Brown,M-L,Performance,Seasonal,0,1,2023-08-23
SKU00072,Brand B Training Shoes Interesting,Himaxx Own,Brand B,Tier 2,Training Shoes,Own Brand,Himaxx,923.36,119.58,1.0,0.5325,Fall,Clearance,Premium,Unisex,Youth,Grey,XS-S,Core Basic,Seasonal,1,0,2025-07-13
SKU00073,The North Face Basketball Shoes Such,External Brand,The North Face,Tier 3,Basketball Shoes,Consignment,Brand Partner,1578.89,32.59,0.2233,0.2266,Summer,Mature,Premium,Men,Senior,White,M-L,Limited,Seasonal,0,1,2025-12-06
SKU00074,Champion Outdoor Apparel Energy,External Brand,Champion,Tier 3,Outdoor Apparel,Buyout,Himaxx,1577.5,159.47,1.0,0.4793,Spring,Mature,Premium,Unisex,Adult,Black,XS-S,Limited,Seasonal,0,1,2023-12-03
SKU00075,Skechers Training Shoes Not,External Brand,Skechers,Tier 3,Training Shoes,Consignment,Brand Partner,565.78,26.9,0.255,0.3038,Winter,Mature,Mass,Unisex,Adult,Red,XL-XXL,Performance,Seasonal,0,1,2024-09-10
SKU00076,Asics Yoga Apparel Knowledge,External Brand,Asics,Tier 3,Yoga Apparel,Buyout,Himaxx,717.36,99.19,1.0,0.3488,Spring,Mature,Mass,Unisex,Adult,White,XL-XXL,Performance,Seasonal,0,1,2023-11-24
SKU00077,Lululemon Kids Apparel Maintain,External Brand,Lululemon,Tier 1,Kids Apparel,Buyout,Himaxx,1252.93,215.24,1.0,0.496,Spring,Mature,Premium,Women,Adult,Grey,One Size,Core Basic,Core,0,1,2024-02-05
SKU00078,Champion Accessories Wind,External Brand,Champion,Tier 3,Accessories,Buyout,Himaxx,571.68,101.76,1.0,0.4709,Core,Growth,Mass,Men,Adult,White,M-L,Performance,Seasonal,0,1,2023-07-29
SKU00079,Cole Haan Performance Apparel System,External Brand,Cole Haan,Tier 2,Performance Apparel,Buyout,Himaxx,1722.84,162.99,1.0,0.2638,Spring,Mature,Luxury,Women,Adult,Black,M-L,Clearance,Seasonal,1,0,2025-12-06
SKU00080,Nike Sportswear Oil,External Brand,Nike,Tier 1,Sportswear,Consignment,Brand Partner,1142.93,51.92,0.2703,0.2167,Winter,Mature,Premium,Unisex,Young Adult,Black,XS-S,Clearance,Seasonal,1,0,2023-08-23
SKU00081,Reebok Underwear Training Shoes Reach,External Brand,Reebok Underwear,Tier 2,Training Shoes,Consignment,Brand Partner,1090.1,30.5,0.2143,0.2889,Winter,Growth,Premium,Unisex,Adult,White,M-L,Core Basic,Core,0,1,2026-05-06
SKU00082,Brand B Basketball Shoes Think,Himaxx Own,Brand B,Tier 2,Basketball Shoes,Own Brand,Himaxx,1597.47,192.17,1.0,0.4029,Core,Growth,Premium,Men,Young Adult,Black,One Size,Core Basic,Core,0,1,2023-05-24
SKU00083,Adidas Underwear Better,External Brand,Adidas,Tier 1,Underwear,Consignment,Brand Partner,563.65,25.53,0.2688,0.2885,Core,Mature,Mass,Unisex,Young Adult,White,M-L,Core Basic,Core,0,1,2026-02-15
SKU00084,Cole Haan Kids Apparel Time,External Brand,Cole Haan,Tier 2,Kids Apparel,Buyout,Himaxx,417.23,33.26,1.0,0.4215,Summer,Clearance,Mass,Unisex,Youth,Red,M-L,Core Basic,Seasonal,1,0,2024-01-21
SKU00085,Brooks Brothers Accessories Investment,External Brand,Brooks Brothers,Tier 1,Accessories,Buyout,Himaxx,440.3,59.63,1.0,0.4055,Core,Growth,Mass,Women,Adult,Black,XL-XXL,Performance,Seasonal,0,1,2024-10-20
SKU00086,Brooks Brothers Accessories Different,External Brand,Brooks Brothers,Tier 1,Accessories,Buyout,Himaxx,344.42,35.21,1.0,0.3602,Spring,New,Mass,Unisex,Young Adult,Green,M-L,Performance,Seasonal,0,0,2025-12-09
SKU00087,The North Face Underwear Weight,External Brand,The North Face,Tier 3,Underwear,Consignment,Brand Partner,655.78,20.43,0.3054,0.2823,Fall,Mature,Mass,Men,Adult,Grey,One Size,Fashion,Seasonal,0,1,2023-07-11
SKU00088,The North Face Performance Apparel Hundred,External Brand,The North Face,Tier 3,Performance Apparel,Buyout,Himaxx,660.77,59.15,1.0,0.2501,Core,Growth,Mass,Women,Adult,Red,XS-S,Fashion,Seasonal,0,1,2023-05-10
SKU00089,Puma Training Shoes In,External Brand,Puma,Tier 3,Training Shoes,Buyout,Himaxx,1213.63,174.95,1.0,0.3531,Core,Growth,Premium,Unisex,Young Adult,Brown,M-L,Performance,Seasonal,0,1,2024-02-22
SKU00090,Cole Haan Sportswear Step,External Brand,Cole Haan,Tier 2,Sportswear,Buyout,Himaxx,464.66,34.23,1.0,0.3956,Core,Growth,Mass,Kids,Senior,Grey,M-L,Limited,Seasonal,0,1,2025-09-13
SKU00091,Brand B Outdoor Apparel Feeling,Himaxx Own,Brand B,Tier 2,Outdoor Apparel,Own Brand,Himaxx,1356.08,184.95,1.0,0.46,Summer,Clearance,Premium,Kids,Senior,Brown,XL-XXL,Core Basic,Seasonal,1,0,2024-08-13
SKU00092,Skechers Accessories Side,External Brand,Skechers,Tier 3,Accessories,Buyout,Himaxx,402.3,48.61,1.0,0.4373,Fall,Mature,Mass,Women,Young Adult,Black,XS-S,Limited,Seasonal,0,1,2026-05-01
SKU00093,Columbia Running Shoes Only,External Brand,Columbia,Tier 3,Running Shoes,Consignment,Brand Partner,1119.18,25.35,0.2915,0.2101,Summer,New,Premium,Men,Youth,Black,M-L,Core Basic,Seasonal,0,0,2025-05-01
SKU00094,Cole Haan Training Shoes Message,External Brand,Cole Haan,Tier 2,Training Shoes,Buyout,Himaxx,977.09,55.17,1.0,0.4507,Spring,Growth,Premium,Unisex,Youth,Black,One Size,Fashion,Seasonal,0,1,2023-10-24
SKU00095,Puma Lifestyle Apparel Fine,External Brand,Puma,Tier 3,Lifestyle Apparel,Consignment,Brand Partner,977.04,47.02,0.231,0.264,Summer,Mature,Premium,Women,Young Adult,Black,XS-S,Fashion,Seasonal,0,1,2024-01-01
SKU00096,Reebok Underwear Sportswear Article,External Brand,Reebok Underwear,Tier 2,Sportswear,Buyout,Himaxx,882.49,139.14,1.0,0.4526,Spring,Mature,Premium,Unisex,Youth,Grey,M-L,Core Basic,Core,0,1,2025-01-31
SKU00097,Nike Lifestyle Apparel Occur,External Brand,Nike,Tier 1,Lifestyle Apparel,Consignment,Brand Partner,613.3,26.36,0.2142,0.3374,Summer,New,Mass,Kids,Youth,Brown,One Size,Core Basic,Seasonal,0,0,2023-07-13
SKU00098,Reebok Underwear Bags Former,External Brand,Reebok Underwear,Tier 2,Bags,Consignment,Brand Partner,1557.99,20.45,0.2844,0.3245,Core,Mature,Premium,Women,Young Adult,Grey,XS-S,Performance,Seasonal,0,1,2023-07-09
SKU00099,Adidas Bags Pattern,External Brand,Adidas,Tier 1,Bags,Buyout,Himaxx,860.46,95.7,1.0,0.4924,Winter,Mature,Premium,Unisex,Young Adult,Black,XS-S,Fashion,Seasonal,0,1,2024-10-11
SKU00100,Brand B Underwear Wide,Himaxx Own,Brand B,Tier 2,Underwear,Own Brand,Himaxx,228.15,33.17,1.0,0.5629,Winter,Clearance,Entry,Men,Adult,Brown,M-L,Performance,Seasonal,1,0,2025-11-26
SKU00101,Brand B Underwear Coach,Himaxx Own,Brand B,Tier 2,Underwear,Own Brand,Himaxx,152.04,21.4,1.0,0.3678,Spring,Mature,Entry,Women,Adult,White,M-L,Limited,Seasonal,0,1,2023-07-09
SKU00102,Lululemon Outdoor Apparel Movie,External Brand,Lululemon,Tier 1,Outdoor Apparel,Consignment,Brand Partner,2204.95,32.27,0.2632,0.3305,Core,Mature,Luxury,Men,Young Adult,Blue,XS-S,Core Basic,Core,0,1,2023-08-03
SKU00103,Puma Basketball Shoes Cultural,External Brand,Puma,Tier 3,Basketball Shoes,Buyout,Himaxx,1077.44,89.65,1.0,0.4036,Fall,Growth,Premium,Women,Adult,Black,XS-S,Core Basic,Core,0,1,2023-07-22
SKU00104,The North Face Outdoor Apparel Author,External Brand,The North Face,Tier 3,Outdoor Apparel,Consignment,Brand Partner,1054.68,35.59,0.2676,0.1837,Summer,Mature,Premium,Women,Young Adult,Black,XL-XXL,Clearance,Seasonal,1,0,2025-05-16
SKU00105,Nike Performance Apparel Easy,External Brand,Nike,Tier 1,Performance Apparel,Buyout,Himaxx,868.62,124.42,1.0,0.4823,Winter,Mature,Premium,Kids,Youth,Grey,M-L,Core Basic,Core,0,1,2024-07-23
SKU00106,Skechers Training Shoes Year,External Brand,Skechers,Tier 3,Training Shoes,Buyout,Himaxx,987.26,78.14,1.0,0.3699,Core,Clearance,Premium,Kids,Young Adult,Black,XS-S,Clearance,Seasonal,1,0,2026-01-06
SKU00107,New Balance Kids Apparel Employee,External Brand,New Balance,Tier 3,Kids Apparel,Buyout,Himaxx,624.68,59.48,1.0,0.4928,Fall,Clearance,Mass,Men,Adult,Brown,M-L,Core Basic,Seasonal,1,0,2025-01-30
SKU00108,Brand A Lifestyle Apparel Among,Himaxx Own,Brand A,Tier 2,Lifestyle Apparel,Own Brand,Himaxx,749.95,91.78,1.0,0.4254,Summer,Clearance,Mass,Men,Young Adult,Black,XL-XXL,Core Basic,Seasonal,1,0,2025-03-16
SKU00109,Brooks Brothers Sportswear Kind,External Brand,Brooks Brothers,Tier 1,Sportswear,Buyout,Himaxx,537.17,68.03,1.0,0.3403,Summer,Mature,Mass,Unisex,Adult,Black,One Size,Core Basic,Core,0,1,2025-04-26
SKU00110,Nike Underwear Other,External Brand,Nike,Tier 1,Underwear,Consignment,Brand Partner,242.08,3.69,0.3393,0.3172,Fall,Mature,Entry,Women,Adult,Red,One Size,Core Basic,Core,0,1,2024-11-30
SKU00111,Puma Training Shoes Worry,External Brand,Puma,Tier 3,Training Shoes,Buyout,Himaxx,630.29,51.31,1.0,0.4819,Fall,Mature,Mass,Men,Youth,Black,M-L,Core Basic,Core,0,1,2024-02-17
SKU00112,Nike Sportswear Relationship,External Brand,Nike,Tier 1,Sportswear,Consignment,Brand Partner,571.99,13.48,0.1953,0.2357,Summer,Growth,Mass,Men,Young Adult,Red,One Size,Clearance,Seasonal,1,0,2025-06-30
SKU00113,Patagonia Kids Apparel Edge,External Brand,Patagonia,Tier 3,Kids Apparel,Buyout,Himaxx,1034.51,170.1,1.0,0.4739,Fall,Mature,Premium,Women,Adult,Green,M-L,Clearance,Seasonal,1,0,2024-02-22
SKU00114,Adidas Performance Apparel Catch,External Brand,Adidas,Tier 1,Performance Apparel,Buyout,Himaxx,485.54,40.5,1.0,0.4425,Core,Mature,Mass,Unisex,Adult,Brown,XS-S,Core Basic,Core,0,1,2025-05-12
SKU00115,Champion Lifestyle Apparel First,External Brand,Champion,Tier 3,Lifestyle Apparel,Buyout,Himaxx,439.3,53.82,1.0,0.4699,Spring,Growth,Mass,Men,Adult,Grey,M-L,Fashion,Seasonal,0,1,2024-09-19
SKU00116,Columbia Yoga Apparel Woman,External Brand,Columbia,Tier 3,Yoga Apparel,Buyout,Himaxx,306.61,41.88,1.0,0.3534,Summer,Growth,Mass,Unisex,Young Adult,Multi,XL-XXL,Clearance,Seasonal,1,0,2025-08-08
SKU00117,Cole Haan Training Shoes Baby,External Brand,Cole Haan,Tier 2,Training Shoes,Buyout,Himaxx,619.97,63.59,1.0,0.3159,Spring,Mature,Mass,Kids,Youth,Grey,XL-XXL,Core Basic,Core,0,1,2023-05-18
SKU00118,Hoka Basketball Shoes Pretty,External Brand,Hoka,Tier 1,Basketball Shoes,Consignment,Brand Partner,1064.92,38.89,0.3393,0.2002,Core,Growth,Premium,Unisex,Young Adult,White,M-L,Performance,Seasonal,0,1,2026-05-05
SKU00119,Columbia Yoga Apparel Black,External Brand,Columbia,Tier 3,Yoga Apparel,Buyout,Himaxx,1298.73,217.22,1.0,0.3706,Spring,Growth,Premium,Kids,Youth,Black,One Size,Clearance,Seasonal,1,0,2023-07-27
SKU00120,Skechers Outdoor Apparel Different,External Brand,Skechers,Tier 3,Outdoor Apparel,Buyout,Himaxx,1131.32,192.14,1.0,0.3133,Summer,Growth,Premium,Unisex,Youth,Black,M-L,Core Basic,Core,0,1,2024-11-11
SKU00121,Brooks Brothers Yoga Apparel Cause,External Brand,Brooks Brothers,Tier 1,Yoga Apparel,Consignment,Brand Partner,1004.76,15.53,0.2426,0.2344,Spring,Clearance,Premium,Women,Young Adult,Black,M-L,Core Basic,Seasonal,1,0,2026-02-22
SKU00122,Champion Basketball Shoes Upon,External Brand,Champion,Tier 3,Basketball Shoes,Buyout,Himaxx,1214.04,139.05,1.0,0.3835,Spring,Growth,Premium,Unisex,Young Adult,Blue,One Size,Fashion,Seasonal,0,1,2023-07-22
SKU00123,Brand A Lifestyle Apparel Election,Himaxx Own,Brand A,Tier 2,Lifestyle Apparel,Own Brand,Himaxx,197.7,36.34,1.0,0.5967,Winter,Growth,Entry,Women,Youth,Grey,XS-S,Performance,Seasonal,0,1,2024-06-15
SKU00124,Patagonia Running Shoes Coach,External Brand,Patagonia,Tier 3,Running Shoes,Consignment,Brand Partner,1216.63,48.89,0.3277,0.3232,Winter,Mature,Premium,Men,Adult,Black,XL-XXL,Performance,Seasonal,0,1,2024-08-29
SKU00125,Columbia Running Shoes Of,External Brand,Columbia,Tier 3,Running Shoes,Buyout,Himaxx,1313.91,117.41,1.0,0.472,Spring,Growth,Premium,Unisex,Young Adult,White,One Size,Performance,Seasonal,0,1,2025-06-16
SKU00126,Hoka Basketball Shoes Population,External Brand,Hoka,Tier 1,Basketball Shoes,Consignment,Brand Partner,450.38,5.28,0.304,0.1808,Summer,Mature,Mass,Kids,Adult,Grey,M-L,Fashion,Seasonal,0,1,2026-04-19
SKU00127,Skechers Kids Apparel Surface,External Brand,Skechers,Tier 3,Kids Apparel,Buyout,Himaxx,828.86,115.67,1.0,0.2697,Fall,Clearance,Premium,Women,Young Adult,White,M-L,Core Basic,Seasonal,1,0,2025-04-23
SKU00128,Reebok Underwear Kids Apparel Across,External Brand,Reebok Underwear,Tier 2,Kids Apparel,Consignment,Brand Partner,167.13,4.37,0.2247,0.1936,Fall,New,Entry,Kids,Young Adult,Black,M-L,Fashion,Seasonal,0,0,2025-05-08
SKU00129,Hoka Training Shoes Once,External Brand,Hoka,Tier 1,Training Shoes,Buyout,Himaxx,579.15,86.28,1.0,0.4671,Summer,Growth,Mass,Women,Adult,Black,XS-S,Core Basic,Core,0,1,2024-03-30
SKU00130,Reebok Underwear Performance Apparel Record,External Brand,Reebok Underwear,Tier 2,Performance Apparel,Consignment,Brand Partner,431.8,18.75,0.184,0.1951,Summer,Clearance,Mass,Men,Adult,Black,M-L,Fashion,Seasonal,1,0,2023-08-29
SKU00131,Cole Haan Lifestyle Apparel Unit,External Brand,Cole Haan,Tier 2,Lifestyle Apparel,Buyout,Himaxx,1286.24,160.48,1.0,0.2629,Fall,New,Premium,Women,Adult,Blue,XL-XXL,Core Basic,Seasonal,0,0,2023-10-02
SKU00132,Columbia Running Shoes Business,External Brand,Columbia,Tier 3,Running Shoes,Buyout,Himaxx,999.9,110.54,1.0,0.3127,Summer,Growth,Premium,Women,Young Adult,Brown,M-L,Core Basic,Core,0,1,2026-01-06
SKU00133,Brooks Brothers Performance Apparel Situation,External Brand,Brooks Brothers,Tier 1,Performance Apparel,Buyout,Himaxx,600.2,50.85,1.0,0.4406,Core,New,Mass,Kids,Youth,Red,XS-S,Performance,Seasonal,0,0,2025-01-02
SKU00134,Reebok Underwear Lifestyle Apparel Expert,External Brand,Reebok Underwear,Tier 2,Lifestyle Apparel,Buyout,Himaxx,825.37,60.41,1.0,0.2974,Summer,Clearance,Premium,Men,Adult,Blue,XL-XXL,Performance,Seasonal,1,0,2024-03-11
SKU00135,Brand A Sportswear Develop,Himaxx Own,Brand A,Tier 2,Sportswear,Own Brand,Himaxx,418.3,56.76,1.0,0.4324,Core,Mature,Mass,Kids,Adult,Multi,M-L,Fashion,Seasonal,0,1,2025-07-01
SKU00136,Patagonia Sportswear Democrat,External Brand,Patagonia,Tier 3,Sportswear,Buyout,Himaxx,746.33,129.22,1.0,0.281,Spring,New,Mass,Men,Adult,Black,One Size,Performance,Seasonal,0,0,2025-05-29
SKU00137,Nike Running Shoes Tonight,External Brand,Nike,Tier 1,Running Shoes,Buyout,Himaxx,1383.55,210.07,1.0,0.3965,Winter,Mature,Premium,Women,Adult,Multi,M-L,Performance,Seasonal,0,1,2024-02-21
SKU00138,Columbia Bags Middle,External Brand,Columbia,Tier 3,Bags,Consignment,Brand Partner,423.55,13.37,0.2772,0.2618,Winter,Growth,Mass,Men,Young Adult,Blue,M-L,Performance,Seasonal,0,1,2024-02-06
SKU00139,Reebok Underwear Basketball Shoes Whatever,External Brand,Reebok Underwear,Tier 2,Basketball Shoes,Consignment,Brand Partner,1211.19,41.48,0.2264,0.1972,Winter,Mature,Premium,Women,Adult,Blue,XS-S,Performance,Seasonal,0,1,2025-11-19
SKU00140,Under Armour Running Shoes Best,External Brand,Under Armour,Tier 3,Running Shoes,Consignment,Brand Partner,1170.49,27.56,0.3269,0.2559,Winter,Mature,Premium,Unisex,Adult,White,XS-S,Core Basic,Core,0,1,2025-04-01
SKU00141,Under Armour Training Shoes Themselves,External Brand,Under Armour,Tier 3,Training Shoes,Consignment,Brand Partner,1055.7,15.02,0.3187,0.2375,Summer,Growth,Premium,Women,Adult,Green,XS-S,Performance,Seasonal,0,1,2024-03-05
SKU00142,Brand B Basketball Shoes About,Himaxx Own,Brand B,Tier 2,Basketball Shoes,Own Brand,Himaxx,465.23,95.86,1.0,0.4805,Fall,Clearance,Mass,Women,Young Adult,Green,M-L,Core Basic,Seasonal,1,0,2024-05-07
SKU00143,Brooks Brothers Kids Apparel Case,External Brand,Brooks Brothers,Tier 1,Kids Apparel,Consignment,Brand Partner,453.32,21.58,0.2705,0.3393,Core,New,Mass,Women,Young Adult,White,XS-S,Core Basic,Seasonal,0,0,2025-04-04
SKU00144,New Balance Outdoor Apparel Everybody,External Brand,New Balance,Tier 3,Outdoor Apparel,Buyout,Himaxx,752.4,76.38,1.0,0.2908,Core,Mature,Mass,Women,Young Adult,Blue,One Size,Core Basic,Core,0,1,2023-10-31
SKU00145,Brand A Running Shoes Letter,Himaxx Own,Brand A,Tier 2,Running Shoes,Own Brand,Himaxx,1476.81,257.58,1.0,0.5098,Core,Mature,Premium,Unisex,Youth,Multi,M-L,Performance,Seasonal,0,1,2025-01-01
SKU00146,Fila Outdoor Apparel Late,External Brand,Fila,Tier 3,Outdoor Apparel,Buyout,Himaxx,1313.38,149.69,1.0,0.3125,Spring,Growth,Premium,Women,Young Adult,Multi,XS-S,Core Basic,Core,0,1,2025-01-11
SKU00147,Asics Underwear Brother,External Brand,Asics,Tier 3,Underwear,Buyout,Himaxx,485.24,36.72,1.0,0.4232,Fall,Clearance,Mass,Men,Young Adult,Grey,XS-S,Performance,Seasonal,1,0,2023-07-29
SKU00148,Brooks Brothers Training Shoes Use,External Brand,Brooks Brothers,Tier 1,Training Shoes,Buyout,Himaxx,1184.13,99.62,1.0,0.275,Winter,Growth,Premium,Women,Senior,Black,M-L,Performance,Seasonal,0,1,2025-06-02
SKU00149,Cole Haan Sportswear Church,External Brand,Cole Haan,Tier 2,Sportswear,Buyout,Himaxx,944.17,57.6,1.0,0.4815,Fall,Clearance,Premium,Men,Adult,Black,XS-S,Core Basic,Seasonal,1,0,2024-12-25
SKU00150,Columbia Lifestyle Apparel They,External Brand,Columbia,Tier 3,Lifestyle Apparel,Buyout,Himaxx,656.78,102.96,1.0,0.4733,Summer,Growth,Mass,Women,Young Adult,White,One Size,Core Basic,Core,0,1,2024-06-15
SKU00151,Champion Performance Apparel Old,External Brand,Champion,Tier 3,Performance Apparel,Consignment,Brand Partner,1121.41,31.7,0.1854,0.3081,Core,Mature,Premium,Men,Adult,Black,M-L,Fashion,Seasonal,0,1,2023-10-17
SKU00152,Brand A Performance Apparel Care,Himaxx Own,Brand A,Tier 2,Performance Apparel,Own Brand,Himaxx,1284.68,170.27,1.0,0.4736,Core,Mature,Premium,Men,Adult,Green,One Size,Limited,Seasonal,0,1,2023-06-22
SKU00153,Brand B Sportswear His,Himaxx Own,Brand B,Tier 2,Sportswear,Own Brand,Himaxx,1219.23,183.74,1.0,0.4901,Summer,Mature,Premium,Women,Young Adult,White,XS-S,Fashion,Seasonal,0,1,2026-01-16
SKU00154,Brand A Underwear Style,Himaxx Own,Brand A,Tier 2,Underwear,Own Brand,Himaxx,411.59,64.1,1.0,0.4023,Winter,Growth,Mass,Unisex,Young Adult,Red,XL-XXL,Performance,Seasonal,0,1,2026-04-06
SKU00155,Brand A Outdoor Apparel Among,Himaxx Own,Brand A,Tier 2,Outdoor Apparel,Own Brand,Himaxx,2062.23,403.89,1.0,0.5161,Summer,Mature,Luxury,Unisex,Senior,Grey,XL-XXL,Performance,Seasonal,0,1,2026-01-16
SKU00156,The North Face Lifestyle Apparel Develop,External Brand,The North Face,Tier 3,Lifestyle Apparel,Buyout,Himaxx,790.6,81.1,1.0,0.4602,Core,New,Mass,Women,Young Adult,White,M-L,Performance,Seasonal,0,0,2025-05-23
SKU00157,Brand A Accessories Reflect,Himaxx Own,Brand A,Tier 2,Accessories,Own Brand,Himaxx,443.89,77.11,1.0,0.4618,Spring,Growth,Mass,Women,Young Adult,Blue,M-L,Fashion,Seasonal,0,1,2023-08-28
SKU00158,Cole Haan Bags State,External Brand,Cole Haan,Tier 2,Bags,Buyout,Himaxx,1319.81,84.22,1.0,0.3957,Winter,Clearance,Premium,Men,Adult,Black,M-L,Core Basic,Seasonal,1,0,2025-01-10
SKU00159,Lululemon Training Shoes Two,External Brand,Lululemon,Tier 1,Training Shoes,Consignment,Brand Partner,1537.46,69.18,0.3193,0.2082,Core,Clearance,Premium,Men,Young Adult,Brown,XL-XXL,Fashion,Seasonal,1,0,2024-07-25
SKU00160,Champion Bags Pressure,External Brand,Champion,Tier 3,Bags,Consignment,Brand Partner,854.77,16.41,0.2893,0.209,Core,Clearance,Premium,Kids,Young Adult,White,XS-S,Limited,Seasonal,1,0,2025-08-05
SKU00161,New Balance Outdoor Apparel Wish,External Brand,New Balance,Tier 3,Outdoor Apparel,Consignment,Brand Partner,323.28,9.86,0.2404,0.3173,Fall,Mature,Mass,Women,Young Adult,Red,XL-XXL,Core Basic,Core,0,1,2026-02-19
SKU00162,Champion Underwear Treatment,External Brand,Champion,Tier 3,Underwear,Buyout,Himaxx,278.26,31.56,1.0,0.318,Core,Mature,Entry,Women,Young Adult,Grey,XL-XXL,Performance,Seasonal,0,1,2023-11-01
SKU00163,Adidas Outdoor Apparel Such,External Brand,Adidas,Tier 1,Outdoor Apparel,Consignment,Brand Partner,1828.62,75.54,0.2117,0.2151,Core,Growth,Luxury,Women,Youth,Black,XL-XXL,Limited,Seasonal,0,1,2025-10-11
SKU00164,Adidas Underwear Upon,External Brand,Adidas,Tier 1,Underwear,Buyout,Himaxx,620.81,91.52,1.0,0.3813,Core,Mature,Mass,Women,Adult,Black,M-L,Core Basic,Core,0,1,2024-08-01
SKU00165,Brand B Underwear Country,Himaxx Own,Brand B,Tier 2,Underwear,Own Brand,Himaxx,504.21,110.38,1.0,0.3904,Fall,Clearance,Mass,Unisex,Adult,Black,XL-XXL,Fashion,Seasonal,1,0,2025-07-22
SKU00166,Brooks Brothers Underwear Go,External Brand,Brooks Brothers,Tier 1,Underwear,Buyout,Himaxx,180.13,16.27,1.0,0.4094,Fall,New,Entry,Women,Young Adult,Blue,XL-XXL,Fashion,Seasonal,0,0,2025-09-10
SKU00167,Brand B Yoga Apparel Its,Himaxx Own,Brand B,Tier 2,Yoga Apparel,Own Brand,Himaxx,1106.96,208.97,1.0,0.5971,Summer,New,Premium,Unisex,Adult,Blue,M-L,Performance,Seasonal,0,0,2025-10-02
SKU00168,Cole Haan Sportswear Treat,External Brand,Cole Haan,Tier 2,Sportswear,Buyout,Himaxx,200.73,12.19,1.0,0.3112,Core,Mature,Entry,Women,Adult,Black,XS-S,Core Basic,Core,0,1,2025-07-20
SKU00169,Brand A Basketball Shoes Energy,Himaxx Own,Brand A,Tier 2,Basketball Shoes,Own Brand,Himaxx,450.93,75.32,1.0,0.4206,Winter,New,Mass,Women,Young Adult,Brown,M-L,Performance,Seasonal,0,0,2024-02-24
SKU00170,Nike Lifestyle Apparel Store,External Brand,Nike,Tier 1,Lifestyle Apparel,Buyout,Himaxx,993.72,101.36,1.0,0.4531,Core,Growth,Premium,Unisex,Young Adult,Grey,M-L,Limited,Seasonal,0,1,2025-06-13
SKU00171,Brooks Brothers Sportswear Idea,External Brand,Brooks Brothers,Tier 1,Sportswear,Consignment,Brand Partner,445.45,5.27,0.2536,0.3138,Winter,Growth,Mass,Women,Young Adult,Black,M-L,Core Basic,Core,0,1,2025-12-18
SKU00172,Nike Running Shoes Town,External Brand,Nike,Tier 1,Running Shoes,Consignment,Brand Partner,893.31,38.06,0.3089,0.2345,Winter,Growth,Premium,Kids,Adult,Grey,XL-XXL,Fashion,Seasonal,0,1,2024-10-04
SKU00173,Champion Bags Decision,External Brand,Champion,Tier 3,Bags,Buyout,Himaxx,344.95,31.87,1.0,0.3526,Fall,Growth,Mass,Women,Senior,Black,M-L,Fashion,Seasonal,0,1,2025-10-18
SKU00174,Nike Yoga Apparel Magazine,External Brand,Nike,Tier 1,Yoga Apparel,Consignment,Brand Partner,382.65,9.97,0.1802,0.2699,Summer,Growth,Mass,Men,Youth,Grey,M-L,Fashion,Seasonal,0,1,2024-05-24
SKU00175,Under Armour Sportswear Tend,External Brand,Under Armour,Tier 3,Sportswear,Consignment,Brand Partner,255.72,4.06,0.285,0.3468,Spring,New,Entry,Women,Senior,Black,One Size,Core Basic,Seasonal,0,0,2025-09-24
SKU00176,Salomon Underwear Drive,External Brand,Salomon,Tier 3,Underwear,Buyout,Himaxx,657.75,118.2,1.0,0.3448,Fall,New,Mass,Women,Senior,Black,One Size,Fashion,Seasonal,0,0,2024-01-07
SKU00177,Brooks Brothers Lifestyle Apparel Receive,External Brand,Brooks Brothers,Tier 1,Lifestyle Apparel,Buyout,Himaxx,917.01,87.57,1.0,0.311,Spring,Growth,Premium,Unisex,Youth,Red,One Size,Core Basic,Core,0,1,2023-12-05
SKU00178,Puma Training Shoes Get,External Brand,Puma,Tier 3,Training Shoes,Buyout,Himaxx,1165.73,161.82,1.0,0.3413,Winter,Mature,Premium,Unisex,Adult,Black,M-L,Clearance,Seasonal,1,0,2024-03-08
SKU00179,Brooks Brothers Kids Apparel Available,External Brand,Brooks Brothers,Tier 1,Kids Apparel,Buyout,Himaxx,229.49,18.62,1.0,0.4967,Fall,Growth,Entry,Men,Adult,Black,M-L,Fashion,Seasonal,0,1,2026-03-31
SKU00180,Skechers Underwear Family,External Brand,Skechers,Tier 3,Underwear,Consignment,Brand Partner,624.18,25.63,0.3353,0.2052,Winter,New,Mass,Women,Young Adult,Black,XS-S,Core Basic,Seasonal,0,0,2024-05-26
SKU00181,Brand A Training Shoes Mr,Himaxx Own,Brand A,Tier 2,Training Shoes,Own Brand,Himaxx,1659.73,283.92,1.0,0.4143,Winter,New,Luxury,Women,Young Adult,White,M-L,Core Basic,Seasonal,0,0,2024-07-18
SKU00182,The North Face Basketball Shoes Threat,External Brand,The North Face,Tier 3,Basketball Shoes,Buyout,Himaxx,1608.77,260.54,1.0,0.4135,Winter,Mature,Luxury,Unisex,Adult,Brown,M-L,Core Basic,Core,0,1,2024-12-15
SKU00183,Adidas Bags Wrong,External Brand,Adidas,Tier 1,Bags,Consignment,Brand Partner,536.81,17.15,0.2838,0.2073,Winter,New,Mass,Unisex,Adult,White,M-L,Fashion,Seasonal,0,0,2023-06-07
SKU00184,The North Face Kids Apparel Understand,External Brand,The North Face,Tier 3,Kids Apparel,Buyout,Himaxx,1274.71,207.68,1.0,0.3985,Winter,New,Premium,Men,Adult,Black,XL-XXL,Performance,Seasonal,0,0,2026-04-04
SKU00185,Adidas Outdoor Apparel Could,External Brand,Adidas,Tier 1,Outdoor Apparel,Buyout,Himaxx,884.87,104.93,1.0,0.4245,Spring,Clearance,Premium,Men,Adult,Multi,XS-S,Core Basic,Seasonal,1,0,2025-02-01
SKU00186,New Balance Sportswear Evidence,External Brand,New Balance,Tier 3,Sportswear,Consignment,Brand Partner,683.86,15.43,0.2254,0.204,Summer,Mature,Mass,Unisex,Adult,White,XL-XXL,Core Basic,Core,0,1,2023-06-18
SKU00187,New Balance Sportswear Pick,External Brand,New Balance,Tier 3,Sportswear,Consignment,Brand Partner,955.14,9.74,0.288,0.2113,Summer,Mature,Premium,Women,Senior,Red,M-L,Performance,Seasonal,0,1,2024-08-25
SKU00188,Brand B Basketball Shoes Shoulder,Himaxx Own,Brand B,Tier 2,Basketball Shoes,Own Brand,Himaxx,1234.28,160.26,1.0,0.5716,Fall,Clearance,Premium,Men,Adult,Green,M-L,Fashion,Seasonal,1,0,2025-09-15
SKU00189,Salomon Basketball Shoes Least,External Brand,Salomon,Tier 3,Basketball Shoes,Buyout,Himaxx,749.87,93.13,1.0,0.3111,Spring,Mature,Mass,Unisex,Young Adult,Grey,M-L,Core Basic,Core,0,1,2025-03-01
SKU00190,Reebok Underwear Running Shoes Much,External Brand,Reebok Underwear,Tier 2,Running Shoes,Buyout,Himaxx,1652.22,251.73,1.0,0.4673,Fall,Mature,Luxury,Kids,Young Adult,Blue,M-L,Core Basic,Core,0,1,2023-09-11
SKU00191,Under Armour Basketball Shoes We,External Brand,Under Armour,Tier 3,Basketball Shoes,Consignment,Brand Partner,1414.19,32.03,0.2571,0.2149,Spring,Mature,Premium,Women,Adult,Brown,One Size,Limited,Seasonal,0,1,2025-01-28
SKU00192,Brand B Training Shoes Environmental,Himaxx Own,Brand B,Tier 2,Training Shoes,Own Brand,Himaxx,460.72,67.65,1.0,0.4144,Fall,New,Mass,Men,Senior,Black,One Size,Performance,Seasonal,0,0,2023-06-25
SKU00193,Salomon Running Shoes Least,External Brand,Salomon,Tier 3,Running Shoes,Buyout,Himaxx,1239.36,215.36,1.0,0.3254,Winter,Growth,Premium,Men,Adult,Blue,M-L,Performance,Seasonal,0,1,2023-05-09
SKU00194,Puma Kids Apparel Wish,External Brand,Puma,Tier 3,Kids Apparel,Buyout,Himaxx,448.22,50.76,1.0,0.3328,Winter,New,Mass,Women,Young Adult,Black,M-L,Core Basic,Seasonal,0,0,2025-10-07
SKU00195,Brooks Brothers Bags Right,External Brand,Brooks Brothers,Tier 1,Bags,Buyout,Himaxx,1460.55,123.12,1.0,0.4303,Core,New,Premium,Unisex,Adult,Black,XL-XXL,Fashion,Seasonal,0,0,2025-07-03
SKU00196,Asics Accessories Site,External Brand,Asics,Tier 3,Accessories,Consignment,Brand Partner,137.2,4.88,0.301,0.305,Spring,Mature,Entry,Unisex,Young Adult,Black,M-L,Fashion,Seasonal,0,1,2025-07-23
SKU00197,Adidas Sportswear Debate,External Brand,Adidas,Tier 1,Sportswear,Consignment,Brand Partner,211.17,9.85,0.347,0.2331,Spring,New,Entry,Kids,Young Adult,Red,M-L,Performance,Seasonal,0,0,2024-06-09
SKU00198,Adidas Running Shoes Available,External Brand,Adidas,Tier 1,Running Shoes,Consignment,Brand Partner,1184.37,43.68,0.3474,0.3008,Spring,Clearance,Premium,Unisex,Youth,Brown,M-L,Core Basic,Seasonal,1,0,2026-03-12
SKU00199,Patagonia Accessories Wife,External Brand,Patagonia,Tier 3,Accessories,Buyout,Himaxx,393.91,33.79,1.0,0.2701,Core,New,Mass,Unisex,Adult,Black,M-L,Core Basic,Seasonal,0,0,2024-05-03
SKU00200,Nike Basketball Shoes Former,External Brand,Nike,Tier 1,Basketball Shoes,Buyout,Himaxx,1241.24,168.19,1.0,0.2735,Fall,Growth,Premium,Men,Senior,Red,One Size,Clearance,Seasonal,1,0,2025-05-03
SKU00201,Brooks Brothers Underwear Capital,External Brand,Brooks Brothers,Tier 1,Underwear,Buyout,Himaxx,101.17,9.2,1.0,0.2738,Core,New,Entry,Women,Adult,Green,M-L,Core Basic,Seasonal,0,0,2025-07-04
SKU00202,Reebok Underwear Outdoor Apparel First,External Brand,Reebok Underwear,Tier 2,Outdoor Apparel,Buyout,Himaxx,860.18,92.4,1.0,0.453,Summer,Growth,Premium,Unisex,Adult,Black,XL-XXL,Performance,Seasonal,0,1,2024-11-13
SKU00203,Under Armour Outdoor Apparel Reflect,External Brand,Under Armour,Tier 3,Outdoor Apparel,Buyout,Himaxx,1177.7,155.26,1.0,0.275,Winter,New,Premium,Men,Young Adult,Multi,M-L,Fashion,Seasonal,0,0,2024-07-28
SKU00204,Skechers Accessories Interesting,External Brand,Skechers,Tier 3,Accessories,Buyout,Himaxx,650.5,59.51,1.0,0.3891,Core,Growth,Mass,Women,Adult,Brown,M-L,Clearance,Seasonal,1,0,2025-06-09
SKU00205,On Running Sportswear Once,External Brand,On Running,Tier 1,Sportswear,Consignment,Brand Partner,172.65,2.43,0.2761,0.2325,Summer,Mature,Entry,Men,Youth,Blue,XS-S,Fashion,Seasonal,0,1,2023-09-24
SKU00206,Skechers Running Shoes Kitchen,External Brand,Skechers,Tier 3,Running Shoes,Buyout,Himaxx,1391.43,87.13,1.0,0.4899,Summer,Clearance,Premium,Women,Adult,Red,XL-XXL,Performance,Seasonal,1,0,2025-05-05
SKU00207,Patagonia Sportswear Hundred,External Brand,Patagonia,Tier 3,Sportswear,Buyout,Himaxx,252.15,21.02,1.0,0.3189,Fall,Mature,Entry,Men,Young Adult,Blue,M-L,Fashion,Seasonal,0,1,2025-05-18
SKU00208,Adidas Training Shoes Weight,External Brand,Adidas,Tier 1,Training Shoes,Consignment,Brand Partner,1335.6,39.62,0.3443,0.2628,Fall,Mature,Premium,Unisex,Young Adult,Grey,XS-S,Clearance,Seasonal,1,0,2023-11-14
SKU00209,Skechers Yoga Apparel Outside,External Brand,Skechers,Tier 3,Yoga Apparel,Consignment,Brand Partner,969.87,12.1,0.2819,0.1843,Summer,New,Premium,Men,Senior,Multi,M-L,Performance,Seasonal,0,0,2024-04-01
SKU00210,Asics Yoga Apparel Official,External Brand,Asics,Tier 3,Yoga Apparel,Consignment,Brand Partner,248.09,5.57,0.2538,0.1821,Spring,New,Entry,Unisex,Adult,Blue,XL-XXL,Fashion,Seasonal,0,0,2025-11-05
SKU00211,Cole Haan Lifestyle Apparel Fly,External Brand,Cole Haan,Tier 2,Lifestyle Apparel,Buyout,Himaxx,1233.65,64.59,1.0,0.3107,Fall,Growth,Premium,Women,Young Adult,Grey,XL-XXL,Core Basic,Core,0,1,2024-03-17
SKU00212,Lululemon Basketball Shoes Law,External Brand,Lululemon,Tier 1,Basketball Shoes,Buyout,Himaxx,603.88,78.69,1.0,0.418,Summer,New,Mass,Unisex,Adult,Red,M-L,Core Basic,Seasonal,0,0,2025-09-14
SKU00213,Adidas Lifestyle Apparel Policy,External Brand,Adidas,Tier 1,Lifestyle Apparel,Consignment,Brand Partner,708.72,22.98,0.2953,0.2617,Spring,Growth,Mass,Unisex,Young Adult,White,M-L,Performance,Seasonal,0,1,2025-04-23
SKU00214,Skechers Bags Make,External Brand,Skechers,Tier 3,Bags,Consignment,Brand Partner,1105.38,30.55,0.1862,0.3318,Summer,New,Premium,Unisex,Young Adult,Grey,M-L,Core Basic,Seasonal,0,0,2024-09-02
SKU00215,Brand A Underwear Republican,Himaxx Own,Brand A,Tier 2,Underwear,Own Brand,Himaxx,671.56,136.97,1.0,0.5806,Fall,Growth,Mass,Women,Young Adult,Blue,M-L,Clearance,Seasonal,1,0,2023-12-28
SKU00216,Columbia Training Shoes Material,External Brand,Columbia,Tier 3,Training Shoes,Buyout,Himaxx,1307.22,68.7,1.0,0.4351,Summer,Clearance,Premium,Kids,Youth,Black,XL-XXL,Performance,Seasonal,1,0,2025-09-23
SKU00217,Nike Underwear Style,External Brand,Nike,Tier 1,Underwear,Consignment,Brand Partner,643.32,27.34,0.2228,0.2677,Core,Clearance,Mass,Women,Youth,Blue,XS-S,Fashion,Seasonal,1,0,2025-07-21
SKU00218,Nike Yoga Apparel Reason,External Brand,Nike,Tier 1,Yoga Apparel,Consignment,Brand Partner,854.44,10.5,0.3263,0.3245,Summer,Mature,Premium,Women,Adult,White,XS-S,Fashion,Seasonal,0,1,2023-08-08
SKU00219,Adidas Lifestyle Apparel Myself,External Brand,Adidas,Tier 1,Lifestyle Apparel,Buyout,Himaxx,1090.29,148.02,1.0,0.4962,Core,Mature,Premium,Men,Youth,Grey,M-L,Core Basic,Core,0,1,2025-05-03
SKU00220,Nike Accessories President,External Brand,Nike,Tier 1,Accessories,Consignment,Brand Partner,211.72,5.2,0.2372,0.3294,Fall,New,Entry,Unisex,Adult,White,XL-XXL,Performance,Seasonal,0,0,2024-05-09
SKU00221,On Running Accessories Tell,External Brand,On Running,Tier 1,Accessories,Consignment,Brand Partner,693.52,32.94,0.1835,0.3334,Spring,Mature,Mass,Unisex,Young Adult,Green,XS-S,Core Basic,Core,0,1,2026-03-15
SKU00222,Reebok Underwear Training Shoes Easy,External Brand,Reebok Underwear,Tier 2,Training Shoes,Consignment,Brand Partner,790.63,38.48,0.256,0.2547,Winter,Growth,Mass,Women,Young Adult,Grey,M-L,Limited,Seasonal,0,1,2025-05-13
SKU00223,Brand A Basketball Shoes Down,Himaxx Own,Brand A,Tier 2,Basketball Shoes,Own Brand,Himaxx,1132.59,209.11,1.0,0.5596,Core,Growth,Premium,Women,Adult,Red,M-L,Performance,Seasonal,0,1,2025-10-07
SKU00224,Under Armour Accessories Choice,External Brand,Under Armour,Tier 3,Accessories,Buyout,Himaxx,100.49,10.54,1.0,0.2823,Fall,Clearance,Entry,Unisex,Adult,Red,M-L,Limited,Seasonal,1,0,2023-06-03
SKU00225,Champion Performance Apparel Election,External Brand,Champion,Tier 3,Performance Apparel,Buyout,Himaxx,1588.75,217.2,1.0,0.3741,Fall,Mature,Premium,Unisex,Adult,White,One Size,Performance,Seasonal,0,1,2026-04-19
SKU00226,Brand B Basketball Shoes Popular,Himaxx Own,Brand B,Tier 2,Basketball Shoes,Own Brand,Himaxx,1593.58,275.9,1.0,0.393,Core,Mature,Premium,Women,Adult,Grey,XL-XXL,Core Basic,Core,0,1,2025-11-23
SKU00227,Champion Kids Apparel Baby,External Brand,Champion,Tier 3,Kids Apparel,Buyout,Himaxx,256.05,41.93,1.0,0.3711,Fall,New,Entry,Men,Youth,Grey,XS-S,Performance,Seasonal,0,0,2024-09-17
SKU00228,Cole Haan Accessories Various,External Brand,Cole Haan,Tier 2,Accessories,Buyout,Himaxx,191.67,24.92,1.0,0.386,Summer,Growth,Entry,Unisex,Young Adult,White,M-L,Fashion,Seasonal,0,1,2025-03-27
SKU00229,Brand B Training Shoes Day,Himaxx Own,Brand B,Tier 2,Training Shoes,Own Brand,Himaxx,1506.55,250.67,1.0,0.436,Spring,Clearance,Premium,Women,Young Adult,Green,M-L,Clearance,Seasonal,1,0,2025-07-02
SKU00230,Salomon Yoga Apparel If,External Brand,Salomon,Tier 3,Yoga Apparel,Consignment,Brand Partner,718.6,12.49,0.3181,0.3455,Fall,Clearance,Mass,Unisex,Young Adult,Green,M-L,Performance,Seasonal,1,0,2024-10-30
SKU00231,Puma Basketball Shoes Either,External Brand,Puma,Tier 3,Basketball Shoes,Buyout,Himaxx,818.02,132.53,1.0,0.3142,Summer,Growth,Premium,Unisex,Youth,Red,XL-XXL,Fashion,Seasonal,0,1,2023-10-16
SKU00232,Reebok Underwear Sportswear Rise,External Brand,Reebok Underwear,Tier 2,Sportswear,Consignment,Brand Partner,585.82,24.12,0.3167,0.2297,Core,Mature,Mass,Women,Adult,Black,XS-S,Clearance,Seasonal,1,0,2023-05-14
SKU00233,Brand A Bags Social,Himaxx Own,Brand A,Tier 2,Bags,Own Brand,Himaxx,1530.79,205.77,1.0,0.3825,Core,Growth,Premium,Women,Young Adult,Multi,XS-S,Core Basic,Core,0,1,2025-12-05
SKU00234,New Balance Accessories Value,External Brand,New Balance,Tier 3,Accessories,Buyout,Himaxx,492.63,69.71,1.0,0.4726,Spring,Growth,Mass,Women,Adult,White,XS-S,Core Basic,Core,0,1,2023-09-01
SKU00235,Brand B Underwear Large,Himaxx Own,Brand B,Tier 2,Underwear,Own Brand,Himaxx,265.51,53.17,1.0,0.5171,Winter,Growth,Entry,Women,Adult,Blue,M-L,Core Basic,Core,0,1,2024-01-02
SKU00236,Adidas Kids Apparel Summer,External Brand,Adidas,Tier 1,Kids Apparel,Consignment,Brand Partner,615.35,7.67,0.2168,0.3198,Core,Mature,Mass,Unisex,Adult,White,XS-S,Performance,Seasonal,0,1,2026-03-21
SKU00237,Puma Yoga Apparel National,External Brand,Puma,Tier 3,Yoga Apparel,Consignment,Brand Partner,538.55,10.71,0.2305,0.3261,Spring,Growth,Mass,Men,Young Adult,Black,M-L,Core Basic,Core,0,1,2024-09-27
SKU00238,Puma Lifestyle Apparel Onto,External Brand,Puma,Tier 3,Lifestyle Apparel,Consignment,Brand Partner,196.03,9.08,0.2955,0.3313,Fall,Growth,Entry,Men,Young Adult,Black,XS-S,Fashion,Seasonal,0,1,2024-02-04
SKU00239,On Running Lifestyle Apparel Thus,External Brand,On Running,Tier 1,Lifestyle Apparel,Consignment,Brand Partner,475.62,19.8,0.2347,0.3293,Summer,Growth,Mass,Women,Young Adult,Black,XL-XXL,Core Basic,Core,0,1,2023-09-17
SKU00240,Columbia Bags Cell,External Brand,Columbia,Tier 3,Bags,Buyout,Himaxx,331.38,58.07,1.0,0.4038,Fall,Growth,Mass,Women,Youth,Blue,XS-S,Fashion,Seasonal,0,1,2025-10-01
SKU00241,Reebok Underwear Performance Apparel Region,External Brand,Reebok Underwear,Tier 2,Performance Apparel,Buyout,Himaxx,393.77,48.43,1.0,0.4708,Fall,New,Mass,Men,Adult,Blue,XS-S,Core Basic,Seasonal,0,0,2024-12-09
SKU00242,Skechers Basketball Shoes Operation,External Brand,Skechers,Tier 3,Basketball Shoes,Buyout,Himaxx,1353.45,160.05,1.0,0.4981,Winter,Clearance,Premium,Unisex,Adult,Green,XL-XXL,Performance,Seasonal,1,0,2025-02-18
SKU00243,Brand B Accessories Someone,Himaxx Own,Brand B,Tier 2,Accessories,Own Brand,Himaxx,481.97,97.42,1.0,0.4578,Fall,Mature,Mass,Unisex,Adult,Multi,M-L,Performance,Seasonal,0,1,2026-01-08
SKU00244,Reebok Underwear Underwear Position,External Brand,Reebok Underwear,Tier 2,Underwear,Consignment,Brand Partner,443.12,7.4,0.2234,0.3457,Core,Mature,Mass,Unisex,Adult,Grey,XS-S,Core Basic,Core,0,1,2025-10-16
SKU00245,Brand A Kids Apparel Wait,Himaxx Own,Brand A,Tier 2,Kids Apparel,Own Brand,Himaxx,234.46,30.48,1.0,0.5691,Fall,Mature,Entry,Men,Young Adult,Black,M-L,Fashion,Seasonal,0,1,2024-11-10
SKU00246,Reebok Underwear Accessories Then,External Brand,Reebok Underwear,Tier 2,Accessories,Buyout,Himaxx,255.99,44.23,1.0,0.2913,Fall,Growth,Entry,Kids,Young Adult,Black,M-L,Core Basic,Core,0,1,2026-01-25
SKU00247,Cole Haan Lifestyle Apparel Like,External Brand,Cole Haan,Tier 2,Lifestyle Apparel,Buyout,Himaxx,903.6,121.61,1.0,0.4903,Fall,Mature,Premium,Unisex,Adult,Green,M-L,Performance,Seasonal,0,1,2026-01-14
SKU00248,Adidas Kids Apparel Six,External Brand,Adidas,Tier 1,Kids Apparel,Buyout,Himaxx,228.42,30.6,1.0,0.3065,Winter,Clearance,Entry,Women,Senior,Multi,XS-S,Core Basic,Seasonal,1,0,2025-12-06
SKU00249,Brooks Brothers Running Shoes Listen,External Brand,Brooks Brothers,Tier 1,Running Shoes,Buyout,Himaxx,429.28,58.48,1.0,0.4133,Summer,New,Mass,Women,Adult,White,M-L,Core Basic,Seasonal,0,0,2024-02-15
SKU00250,Under Armour Running Shoes End,External Brand,Under Armour,Tier 3,Running Shoes,Buyout,Himaxx,425.19,62.34,1.0,0.4074,Summer,New,Mass,Kids,Adult,Grey,XS-S,Fashion,Seasonal,0,0,2025-11-12
SKU00251,Nike Bags Factor,External Brand,Nike,Tier 1,Bags,Consignment,Brand Partner,797.94,29.87,0.3106,0.323,Fall,Growth,Mass,Women,Adult,Black,XL-XXL,Fashion,Seasonal,0,1,2025-08-23
SKU00252,Asics Training Shoes Near,External Brand,Asics,Tier 3,Training Shoes,Consignment,Brand Partner,1210.67,42.18,0.2599,0.2503,Summer,Growth,Premium,Men,Young Adult,Blue,XS-S,Performance,Seasonal,0,1,2024-10-19
SKU00253,Asics Sportswear Edge,External Brand,Asics,Tier 3,Sportswear,Consignment,Brand Partner,892.57,43.17,0.3045,0.2664,Winter,Mature,Premium,Unisex,Young Adult,White,M-L,Core Basic,Core,0,1,2024-03-03
SKU00254,Fila Lifestyle Apparel Bank,External Brand,Fila,Tier 3,Lifestyle Apparel,Consignment,Brand Partner,386.27,10.62,0.1938,0.3001,Summer,Mature,Mass,Women,Youth,Blue,M-L,Clearance,Seasonal,1,0,2025-06-27
SKU00255,Skechers Outdoor Apparel Easy,External Brand,Skechers,Tier 3,Outdoor Apparel,Buyout,Himaxx,1539.23,180.19,1.0,0.3009,Fall,Growth,Premium,Men,Youth,Multi,M-L,Core Basic,Core,0,1,2024-02-29
SKU00256,Brand B Training Shoes Front,Himaxx Own,Brand B,Tier 2,Training Shoes,Own Brand,Himaxx,943.16,197.83,1.0,0.5282,Spring,Mature,Premium,Women,Senior,Black,One Size,Limited,Seasonal,0,1,2026-01-09
SKU00257,Brand B Yoga Apparel Be,Himaxx Own,Brand B,Tier 2,Yoga Apparel,Own Brand,Himaxx,295.68,47.87,1.0,0.4808,Summer,Mature,Entry,Kids,Adult,White,M-L,Core Basic,Core,0,1,2023-10-06
SKU00258,Under Armour Yoga Apparel During,External Brand,Under Armour,Tier 3,Yoga Apparel,Consignment,Brand Partner,953.7,23.82,0.3182,0.2936,Spring,Mature,Premium,Unisex,Adult,Green,M-L,Fashion,Seasonal,0,1,2024-06-30
SKU00259,Brand A Outdoor Apparel Claim,Himaxx Own,Brand A,Tier 2,Outdoor Apparel,Own Brand,Himaxx,1090.83,176.98,1.0,0.4862,Summer,Growth,Premium,Unisex,Young Adult,Black,XL-XXL,Core Basic,Core,0,1,2025-06-19
SKU00260,Brand A Running Shoes Attack,Himaxx Own,Brand A,Tier 2,Running Shoes,Own Brand,Himaxx,1127.07,224.78,1.0,0.3847,Summer,Mature,Premium,Kids,Adult,Blue,M-L,Core Basic,Core,0,1,2024-08-04
SKU00261,Patagonia Running Shoes Give,External Brand,Patagonia,Tier 3,Running Shoes,Buyout,Himaxx,1242.83,111.01,1.0,0.2683,Summer,Mature,Premium,Men,Young Adult,Blue,XS-S,Clearance,Seasonal,1,0,2024-12-22
SKU00262,Under Armour Bags Just,External Brand,Under Armour,Tier 3,Bags,Consignment,Brand Partner,612.46,29.62,0.3015,0.3405,Spring,Growth,Mass,Men,Adult,Multi,One Size,Core Basic,Core,0,1,2023-07-15
SKU00263,Champion Sportswear There,External Brand,Champion,Tier 3,Sportswear,Buyout,Himaxx,941.91,107.84,1.0,0.2726,Summer,Growth,Premium,Women,Young Adult,Grey,XS-S,Clearance,Seasonal,1,0,2024-08-10
SKU00264,Puma Performance Apparel West,External Brand,Puma,Tier 3,Performance Apparel,Buyout,Himaxx,451.72,38.61,1.0,0.2848,Fall,Growth,Mass,Women,Adult,Black,M-L,Performance,Seasonal,0,1,2025-08-27
SKU00265,New Balance Running Shoes Young,External Brand,New Balance,Tier 3,Running Shoes,Buyout,Himaxx,685.17,122.68,1.0,0.4991,Summer,Growth,Mass,Kids,Young Adult,Black,M-L,Core Basic,Core,0,1,2025-06-07
SKU00266,Nike Bags Tough,External Brand,Nike,Tier 1,Bags,Consignment,Brand Partner,674.53,26.07,0.3248,0.2407,Spring,Growth,Mass,Men,Adult,Black,M-L,Core Basic,Core,0,1,2025-12-27
SKU00267,Puma Basketball Shoes Parent,External Brand,Puma,Tier 3,Basketball Shoes,Buyout,Himaxx,623.08,33.57,1.0,0.3913,Winter,Clearance,Mass,Women,Young Adult,Grey,XS-S,Performance,Seasonal,1,0,2024-06-27
SKU00268,Under Armour Performance Apparel According,External Brand,Under Armour,Tier 3,Performance Apparel,Buyout,Himaxx,2103.74,367.5,1.0,0.413,Spring,Mature,Luxury,Unisex,Young Adult,Brown,M-L,Fashion,Seasonal,0,1,2026-03-05
SKU00269,Salomon Basketball Shoes Fire,External Brand,Salomon,Tier 3,Basketball Shoes,Buyout,Himaxx,909.54,149.79,1.0,0.3447,Fall,Growth,Premium,Unisex,Young Adult,Red,XS-S,Clearance,Seasonal,1,0,2025-08-10
SKU00270,The North Face Underwear Tonight,External Brand,The North Face,Tier 3,Underwear,Buyout,Himaxx,258.05,39.16,1.0,0.4874,Summer,Growth,Entry,Unisex,Adult,Grey,XL-XXL,Limited,Seasonal,0,1,2026-01-08
SKU00271,Asics Outdoor Apparel Thing,External Brand,Asics,Tier 3,Outdoor Apparel,Buyout,Himaxx,1899.16,215.23,1.0,0.2904,Core,Clearance,Luxury,Women,Youth,Green,M-L,Performance,Seasonal,1,0,2024-08-08
SKU00272,Brand A Lifestyle Apparel Small,Himaxx Own,Brand A,Tier 2,Lifestyle Apparel,Own Brand,Himaxx,588.64,88.51,1.0,0.3937,Spring,Mature,Mass,Men,Young Adult,Blue,M-L,Core Basic,Core,0,1,2025-07-20
SKU00273,The North Face Basketball Shoes Such,External Brand,The North Face,Tier 3,Basketball Shoes,Buyout,Himaxx,1347.05,180.52,1.0,0.4808,Summer,Growth,Premium,Women,Adult,Black,XS-S,Core Basic,Core,0,1,2025-02-26
SKU00274,Reebok Underwear Underwear Discussion,External Brand,Reebok Underwear,Tier 2,Underwear,Buyout,Himaxx,230.56,32.07,1.0,0.4054,Core,Growth,Entry,Unisex,Adult,White,M-L,Fashion,Seasonal,0,1,2024-10-23
SKU00275,Skechers Outdoor Apparel Explain,External Brand,Skechers,Tier 3,Outdoor Apparel,Buyout,Himaxx,1723.0,295.55,1.0,0.3796,Core,Mature,Luxury,Women,Adult,Red,M-L,Performance,Seasonal,0,1,2024-08-27
SKU00276,New Balance Lifestyle Apparel Air,External Brand,New Balance,Tier 3,Lifestyle Apparel,Consignment,Brand Partner,501.04,24.07,0.3308,0.3157,Fall,Mature,Mass,Women,Senior,Black,M-L,Fashion,Seasonal,0,1,2024-07-06
SKU00277,Cole Haan Underwear Relate,External Brand,Cole Haan,Tier 2,Underwear,Buyout,Himaxx,475.09,45.58,1.0,0.3773,Core,Growth,Mass,Men,Adult,Brown,XL-XXL,Performance,Seasonal,0,1,2025-05-20
SKU00278,Champion Running Shoes Interview,External Brand,Champion,Tier 3,Running Shoes,Buyout,Himaxx,896.9,94.64,1.0,0.2578,Fall,Growth,Premium,Unisex,Young Adult,White,M-L,Fashion,Seasonal,0,1,2025-07-08
SKU00279,Columbia Yoga Apparel Though,External Brand,Columbia,Tier 3,Yoga Apparel,Buyout,Himaxx,136.4,7.69,1.0,0.3627,Fall,Clearance,Entry,Men,Adult,White,XL-XXL,Fashion,Seasonal,1,0,2024-09-30
SKU00280,Salomon Running Shoes Care,External Brand,Salomon,Tier 3,Running Shoes,Buyout,Himaxx,924.4,116.43,1.0,0.4905,Summer,Mature,Premium,Unisex,Senior,White,XL-XXL,Fashion,Seasonal,0,1,2026-04-15
SKU00281,Hoka Underwear None,External Brand,Hoka,Tier 1,Underwear,Buyout,Himaxx,638.29,59.19,1.0,0.4249,Core,Mature,Mass,Women,Adult,Green,XS-S,Core Basic,Core,0,1,2023-06-06
SKU00282,Adidas Performance Apparel Indeed,External Brand,Adidas,Tier 1,Performance Apparel,Consignment,Brand Partner,1746.36,75.85,0.2683,0.2276,Fall,Mature,Luxury,Men,Adult,Black,XS-S,Core Basic,Core,0,1,2025-02-14
SKU00283,Cole Haan Lifestyle Apparel Recognize,External Brand,Cole Haan,Tier 2,Lifestyle Apparel,Buyout,Himaxx,1002.03,67.24,1.0,0.2654,Spring,Mature,Premium,Women,Young Adult,Blue,M-L,Fashion,Seasonal,0,1,2023-06-06
SKU00284,Adidas Underwear Question,External Brand,Adidas,Tier 1,Underwear,Consignment,Brand Partner,506.39,24.83,0.2109,0.2964,Fall,New,Mass,Men,Young Adult,Black,XS-S,Limited,Seasonal,0,0,2024-08-19
SKU00285,Hoka Lifestyle Apparel Trial,External Brand,Hoka,Tier 1,Lifestyle Apparel,Consignment,Brand Partner,428.26,4.84,0.3114,0.3045,Spring,Clearance,Mass,Men,Young Adult,White,XL-XXL,Fashion,Seasonal,1,0,2024-09-24
SKU00286,Brooks Brothers Accessories Apply,External Brand,Brooks Brothers,Tier 1,Accessories,Consignment,Brand Partner,384.77,14.9,0.3253,0.2248,Winter,Mature,Mass,Men,Young Adult,Green,M-L,Core Basic,Core,0,1,2024-02-16
SKU00287,Under Armour Yoga Apparel Generation,External Brand,Under Armour,Tier 3,Yoga Apparel,Consignment,Brand Partner,211.66,6.05,0.2274,0.3426,Fall,New,Entry,Kids,Adult,White,XL-XXL,Performance,Seasonal,0,0,2023-12-25
SKU00288,Lululemon Outdoor Apparel General,External Brand,Lululemon,Tier 1,Outdoor Apparel,Buyout,Himaxx,1885.16,339.0,1.0,0.3696,Fall,Mature,Luxury,Unisex,Adult,Black,XS-S,Fashion,Seasonal,0,1,2024-05-11
SKU00289,Brand A Lifestyle Apparel Until,Himaxx Own,Brand A,Tier 2,Lifestyle Apparel,Own Brand,Himaxx,948.01,135.23,1.0,0.5039,Summer,New,Premium,Men,Adult,Black,One Size,Core Basic,Seasonal,0,0,2024-06-26
SKU00290,Brand B Lifestyle Apparel Soldier,Himaxx Own,Brand B,Tier 2,Lifestyle Apparel,Own Brand,Himaxx,227.68,24.81,1.0,0.4975,Winter,New,Entry,Unisex,Young Adult,Grey,M-L,Fashion,Seasonal,0,0,2026-03-14
SKU00291,Brooks Brothers Kids Apparel Know,External Brand,Brooks Brothers,Tier 1,Kids Apparel,Consignment,Brand Partner,1295.85,13.59,0.2741,0.2014,Fall,Growth,Premium,Women,Senior,Blue,M-L,Performance,Seasonal,0,1,2024-02-08
SKU00292,New Balance Kids Apparel Beat,External Brand,New Balance,Tier 3,Kids Apparel,Buyout,Himaxx,854.02,103.26,1.0,0.4634,Core,Clearance,Premium,Women,Adult,Grey,M-L,Core Basic,Seasonal,1,0,2024-10-03
SKU00293,Under Armour Lifestyle Apparel So,External Brand,Under Armour,Tier 3,Lifestyle Apparel,Buyout,Himaxx,996.49,132.37,1.0,0.2754,Fall,Clearance,Premium,Kids,Youth,Grey,XL-XXL,Core Basic,Seasonal,1,0,2024-12-18
SKU00294,Nike Performance Apparel Hard,External Brand,Nike,Tier 1,Performance Apparel,Consignment,Brand Partner,1922.19,28.8,0.2198,0.2767,Spring,New,Luxury,Unisex,Senior,Red,XL-XXL,Fashion,Seasonal,0,0,2024-01-08
SKU00295,Cole Haan Underwear Authority,External Brand,Cole Haan,Tier 2,Underwear,Buyout,Himaxx,492.57,64.19,1.0,0.4229,Spring,New,Mass,Kids,Young Adult,Grey,XL-XXL,Core Basic,Seasonal,0,0,2025-09-09
SKU00296,On Running Performance Apparel Reach,External Brand,On Running,Tier 1,Performance Apparel,Buyout,Himaxx,1788.41,228.08,1.0,0.3972,Winter,New,Luxury,Men,Young Adult,White,XS-S,Fashion,Seasonal,0,0,2023-06-21
SKU00297,Puma Performance Apparel Allow,External Brand,Puma,Tier 3,Performance Apparel,Buyout,Himaxx,1746.19,296.2,1.0,0.2566,Fall,Growth,Luxury,Women,Young Adult,Black,M-L,Limited,Seasonal,0,1,2026-03-12
SKU00298,Brand A Underwear Decision,Himaxx Own,Brand A,Tier 2,Underwear,Own Brand,Himaxx,191.55,32.53,1.0,0.4003,Summer,Mature,Entry,Unisex,Adult,Blue,M-L,Fashion,Seasonal,0,1,2025-11-11
SKU00299,Puma Yoga Apparel Pretty,External Brand,Puma,Tier 3,Yoga Apparel,Buyout,Himaxx,1039.61,160.79,1.0,0.2549,Winter,Mature,Premium,Men,Young Adult,Blue,One Size,Fashion,Seasonal,0,1,2023-10-21
SKU00300,Brand A Kids Apparel Card,Himaxx Own,Brand A,Tier 2,Kids Apparel,Own Brand,Himaxx,563.4,106.54,1.0,0.3877,Spring,New,Mass,Men,Adult,Grey,XS-S,Core Basic,Seasonal,0,0,2024-10-07
SKU00301,Lululemon Outdoor Apparel Building,External Brand,Lululemon,Tier 1,Outdoor Apparel,Consignment,Brand Partner,1526.19,51.41,0.2117,0.2445,Summer,Growth,Premium,Men,Young Adult,Black,M-L,Clearance,Seasonal,1,0,2025-01-14
SKU00302,Cole Haan Training Shoes Discover,External Brand,Cole Haan,Tier 2,Training Shoes,Buyout,Himaxx,1136.57,81.0,1.0,0.3241,Summer,Mature,Premium,Men,Youth,White,XL-XXL,Clearance,Seasonal,1,0,2024-09-28
SKU00303,Adidas Lifestyle Apparel Establish,External Brand,Adidas,Tier 1,Lifestyle Apparel,Consignment,Brand Partner,701.55,7.58,0.3455,0.3232,Fall,Mature,Mass,Women,Adult,Grey,M-L,Core Basic,Core,0,1,2025-08-24
SKU00304,Hoka Outdoor Apparel Computer,External Brand,Hoka,Tier 1,Outdoor Apparel,Buyout,Himaxx,1140.82,128.59,1.0,0.4923,Spring,Growth,Premium,Men,Young Adult,Black,M-L,Clearance,Seasonal,1,0,2025-03-01
SKU00305,New Balance Training Shoes Small,External Brand,New Balance,Tier 3,Training Shoes,Buyout,Himaxx,1241.27,160.83,1.0,0.4136,Core,New,Premium,Women,Young Adult,Green,One Size,Fashion,Seasonal,0,0,2025-07-02
SKU00306,Salomon Lifestyle Apparel Star,External Brand,Salomon,Tier 3,Lifestyle Apparel,Buyout,Himaxx,1140.41,179.71,1.0,0.278,Winter,Growth,Premium,Men,Adult,Grey,XL-XXL,Clearance,Seasonal,1,0,2025-10-21
SKU00307,Adidas Running Shoes Foreign,External Brand,Adidas,Tier 1,Running Shoes,Consignment,Brand Partner,1021.59,45.2,0.1832,0.311,Summer,Mature,Premium,Women,Adult,Grey,XS-S,Fashion,Seasonal,0,1,2023-09-03
SKU00308,Champion Lifestyle Apparel Agree,External Brand,Champion,Tier 3,Lifestyle Apparel,Consignment,Brand Partner,505.04,15.47,0.2007,0.3292,Spring,Mature,Mass,Men,Young Adult,Grey,M-L,Performance,Seasonal,0,1,2026-02-18
SKU00309,New Balance Bags Parent,External Brand,New Balance,Tier 3,Bags,Buyout,Himaxx,1281.73,148.68,1.0,0.3895,Spring,Clearance,Premium,Unisex,Adult,Black,M-L,Performance,Seasonal,1,0,2025-05-18
SKU00310,Skechers Accessories How,External Brand,Skechers,Tier 3,Accessories,Buyout,Himaxx,400.9,58.78,1.0,0.4664,Winter,New,Mass,Men,Young Adult,Black,XS-S,Clearance,Seasonal,1,0,2024-07-15
SKU00311,Patagonia Training Shoes Senior,External Brand,Patagonia,Tier 3,Training Shoes,Buyout,Himaxx,1673.02,255.25,1.0,0.3209,Summer,Growth,Luxury,Men,Adult,Black,M-L,Core Basic,Core,0,1,2023-12-11
SKU00312,Reebok Underwear Lifestyle Apparel Person,External Brand,Reebok Underwear,Tier 2,Lifestyle Apparel,Consignment,Brand Partner,157.65,7.82,0.2266,0.2212,Winter,Mature,Entry,Unisex,Young Adult,Blue,XL-XXL,Core Basic,Core,0,1,2025-06-02
SKU00313,On Running Performance Apparel Product,External Brand,On Running,Tier 1,Performance Apparel,Consignment,Brand Partner,2051.69,50.41,0.2124,0.3243,Fall,New,Luxury,Unisex,Youth,Grey,XS-S,Performance,Seasonal,0,0,2024-01-28
SKU00314,Cole Haan Performance Apparel Same,External Brand,Cole Haan,Tier 2,Performance Apparel,Consignment,Brand Partner,1643.03,49.67,0.2894,0.3352,Core,Mature,Luxury,Unisex,Young Adult,Grey,XL-XXL,Core Basic,Core,0,1,2025-08-30
SKU00315,Under Armour Training Shoes To,External Brand,Under Armour,Tier 3,Training Shoes,Buyout,Himaxx,635.36,76.08,1.0,0.4058,Core,Growth,Mass,Kids,Senior,Blue,XL-XXL,Core Basic,Core,0,1,2025-05-26
SKU00316,Brand A Lifestyle Apparel Support,Himaxx Own,Brand A,Tier 2,Lifestyle Apparel,Own Brand,Himaxx,253.47,51.63,1.0,0.4259,Summer,Clearance,Entry,Unisex,Young Adult,White,M-L,Core Basic,Seasonal,1,0,2023-09-17
SKU00317,On Running Underwear Others,External Brand,On Running,Tier 1,Underwear,Consignment,Brand Partner,228.21,8.11,0.1986,0.3329,Fall,Clearance,Entry,Women,Adult,White,XS-S,Core Basic,Seasonal,1,0,2025-09-10
SKU00318,Asics Training Shoes Hand,External Brand,Asics,Tier 3,Training Shoes,Buyout,Himaxx,751.66,64.12,1.0,0.3351,Fall,Mature,Mass,Unisex,Young Adult,Black,XS-S,Core Basic,Core,0,1,2024-12-11
SKU00319,The North Face Yoga Apparel Recently,External Brand,The North Face,Tier 3,Yoga Apparel,Buyout,Himaxx,1292.92,89.67,1.0,0.3275,Spring,Clearance,Premium,Women,Adult,Green,XS-S,Core Basic,Seasonal,1,0,2024-06-16
SKU00320,Columbia Kids Apparel Move,External Brand,Columbia,Tier 3,Kids Apparel,Consignment,Brand Partner,254.62,4.13,0.3358,0.2966,Core,Mature,Entry,Women,Youth,Grey,M-L,Performance,Seasonal,0,1,2025-04-16
SKU00321,Skechers Sportswear Actually,External Brand,Skechers,Tier 3,Sportswear,Buyout,Himaxx,313.3,26.16,1.0,0.3203,Core,Growth,Mass,Unisex,Young Adult,Black,XS-S,Core Basic,Core,0,1,2025-11-23
SKU00322,Brand A Bags Test,Himaxx Own,Brand A,Tier 2,Bags,Own Brand,Himaxx,264.19,49.79,1.0,0.5992,Core,Mature,Entry,Women,Young Adult,Grey,XL-XXL,Performance,Seasonal,0,1,2024-10-25
SKU00323,The North Face Bags Lead,External Brand,The North Face,Tier 3,Bags,Consignment,Brand Partner,1395.34,51.27,0.2613,0.248,Summer,Growth,Premium,Women,Adult,Multi,M-L,Core Basic,Core,0,1,2026-03-25
SKU00324,Fila Outdoor Apparel Prove,External Brand,Fila,Tier 3,Outdoor Apparel,Buyout,Himaxx,471.89,45.65,1.0,0.3366,Spring,Growth,Mass,Unisex,Young Adult,Blue,One Size,Fashion,Seasonal,0,1,2026-01-08
SKU00325,Under Armour Lifestyle Apparel Machine,External Brand,Under Armour,Tier 3,Lifestyle Apparel,Buyout,Himaxx,721.74,89.99,1.0,0.3858,Summer,New,Mass,Men,Adult,Black,M-L,Performance,Seasonal,0,0,2025-06-20
SKU00326,New Balance Running Shoes Learn,External Brand,New Balance,Tier 3,Running Shoes,Buyout,Himaxx,810.4,65.56,1.0,0.3092,Winter,Clearance,Premium,Kids,Adult,Blue,XS-S,Core Basic,Seasonal,1,0,2023-11-16
SKU00327,Salomon Accessories Nearly,External Brand,Salomon,Tier 3,Accessories,Buyout,Himaxx,566.48,49.37,1.0,0.2591,Summer,Growth,Mass,Women,Adult,Brown,XS-S,Core Basic,Core,0,1,2026-03-30
SKU00328,Lululemon Running Shoes Expect,External Brand,Lululemon,Tier 1,Running Shoes,Consignment,Brand Partner,1600.36,42.58,0.1911,0.3482,Summer,Mature,Luxury,Kids,Adult,Grey,One Size,Fashion,Seasonal,0,1,2025-03-12
SKU00329,Columbia Bags Wide,External Brand,Columbia,Tier 3,Bags,Consignment,Brand Partner,996.5,38.24,0.2475,0.2895,Summer,Growth,Premium,Men,Young Adult,Black,XS-S,Fashion,Seasonal,0,1,2024-12-17
SKU00330,Adidas Kids Apparel Member,External Brand,Adidas,Tier 1,Kids Apparel,Buyout,Himaxx,490.08,64.92,1.0,0.3963,Summer,Clearance,Mass,Kids,Adult,White,XL-XXL,Core Basic,Seasonal,1,0,2024-09-28
SKU00331,Brooks Brothers Yoga Apparel That,External Brand,Brooks Brothers,Tier 1,Yoga Apparel,Buyout,Himaxx,449.85,35.28,1.0,0.2954,Fall,Clearance,Mass,Men,Young Adult,Green,XL-XXL,Fashion,Seasonal,1,0,2025-07-16
SKU00332,Under Armour Yoga Apparel Executive,External Brand,Under Armour,Tier 3,Yoga Apparel,Buyout,Himaxx,1082.29,130.81,1.0,0.3987,Spring,Mature,Premium,Women,Adult,Grey,XL-XXL,Fashion,Seasonal,0,1,2024-04-24
SKU00333,Brand B Accessories Else,Himaxx Own,Brand B,Tier 2,Accessories,Own Brand,Himaxx,108.55,17.38,1.0,0.4851,Fall,Growth,Entry,Women,Adult,White,M-L,Performance,Seasonal,0,1,2025-11-02
SKU00334,Champion Outdoor Apparel Before,External Brand,Champion,Tier 3,Outdoor Apparel,Buyout,Himaxx,1126.97,192.6,1.0,0.3984,Fall,Mature,Premium,Men,Adult,Red,M-L,Limited,Seasonal,0,1,2024-03-08
SKU00335,Adidas Sportswear Little,External Brand,Adidas,Tier 1,Sportswear,Consignment,Brand Partner,311.53,8.41,0.2529,0.2267,Spring,Clearance,Mass,Women,Young Adult,Black,M-L,Core Basic,Seasonal,1,0,2024-01-30
SKU00336,Cole Haan Running Shoes Majority,External Brand,Cole Haan,Tier 2,Running Shoes,Buyout,Himaxx,1446.26,83.6,1.0,0.4874,Summer,New,Premium,Women,Adult,Black,M-L,Fashion,Seasonal,0,0,2025-01-20
SKU00337,Brand A Outdoor Apparel Relate,Himaxx Own,Brand A,Tier 2,Outdoor Apparel,Own Brand,Himaxx,1849.38,210.52,1.0,0.4233,Summer,Mature,Luxury,Men,Young Adult,Blue,M-L,Core Basic,Core,0,1,2024-06-25
SKU00338,Brooks Brothers Basketball Shoes Air,External Brand,Brooks Brothers,Tier 1,Basketball Shoes,Buyout,Himaxx,1119.75,165.77,1.0,0.3469,Fall,Growth,Premium,Women,Young Adult,Blue,M-L,Core Basic,Core,0,1,2024-10-30
SKU00339,Brand A Training Shoes Garden,Himaxx Own,Brand A,Tier 2,Training Shoes,Own Brand,Himaxx,540.77,79.63,1.0,0.5999,Core,Mature,Mass,Men,Young Adult,Grey,M-L,Performance,Seasonal,0,1,2023-11-23
SKU00340,The North Face Running Shoes Difference,External Brand,The North Face,Tier 3,Running Shoes,Buyout,Himaxx,1554.42,201.89,1.0,0.3221,Summer,Mature,Premium,Men,Adult,Red,M-L,Limited,Seasonal,0,1,2024-05-30
SKU00341,Adidas Basketball Shoes Evening,External Brand,Adidas,Tier 1,Basketball Shoes,Consignment,Brand Partner,555.75,14.17,0.2351,0.34,Winter,Growth,Mass,Unisex,Adult,Blue,One Size,Fashion,Seasonal,0,1,2024-05-14
SKU00342,Champion Accessories Up,External Brand,Champion,Tier 3,Accessories,Buyout,Himaxx,626.87,71.55,1.0,0.304,Spring,Growth,Mass,Women,Adult,White,XL-XXL,Performance,Seasonal,0,1,2025-02-18
SKU00343,Cole Haan Outdoor Apparel Up,External Brand,Cole Haan,Tier 2,Outdoor Apparel,Buyout,Himaxx,606.47,69.86,1.0,0.4079,Summer,Growth,Mass,Men,Adult,Black,M-L,Clearance,Seasonal,1,0,2024-03-05
SKU00344,Lululemon Underwear Action,External Brand,Lululemon,Tier 1,Underwear,Consignment,Brand Partner,568.85,21.41,0.3061,0.2187,Core,Mature,Mass,Men,Senior,Black,M-L,Limited,Seasonal,0,1,2024-11-23
SKU00345,New Balance Running Shoes Cut,External Brand,New Balance,Tier 3,Running Shoes,Consignment,Brand Partner,605.37,17.83,0.2201,0.2214,Summer,New,Mass,Men,Young Adult,White,XS-S,Performance,Seasonal,0,0,2023-08-09
SKU00346,Salomon Kids Apparel Service,External Brand,Salomon,Tier 3,Kids Apparel,Buyout,Himaxx,1150.18,139.4,1.0,0.3663,Spring,Mature,Premium,Men,Adult,Brown,One Size,Core Basic,Core,0,1,2024-07-26
SKU00347,Skechers Kids Apparel One,External Brand,Skechers,Tier 3,Kids Apparel,Buyout,Himaxx,518.38,51.3,1.0,0.4798,Spring,Mature,Mass,Men,Youth,Brown,XL-XXL,Fashion,Seasonal,0,1,2025-08-15
SKU00348,Hoka Outdoor Apparel Rock,External Brand,Hoka,Tier 1,Outdoor Apparel,Consignment,Brand Partner,1241.3,42.96,0.2927,0.2171,Summer,Growth,Premium,Unisex,Young Adult,Black,M-L,Performance,Seasonal,0,1,2024-10-10
SKU00349,Brooks Brothers Lifestyle Apparel Seek,External Brand,Brooks Brothers,Tier 1,Lifestyle Apparel,Buyout,Himaxx,403.89,40.57,1.0,0.4316,Winter,Mature,Mass,Men,Young Adult,Grey,M-L,Performance,Seasonal,0,1,2024-10-26
SKU00350,Columbia Accessories Structure,External Brand,Columbia,Tier 3,Accessories,Consignment,Brand Partner,626.47,22.18,0.2539,0.2836,Core,Mature,Mass,Women,Adult,Black,XS-S,Limited,Seasonal,0,1,2023-05-26
SKU00351,Nike Kids Apparel Financial,External Brand,Nike,Tier 1,Kids Apparel,Consignment,Brand Partner,360.86,6.35,0.3097,0.3304,Fall,Clearance,Mass,Men,Young Adult,White,M-L,Core Basic,Seasonal,1,0,2024-01-05
SKU00352,Brand B Accessories Role,Himaxx Own,Brand B,Tier 2,Accessories,Own Brand,Himaxx,597.38,130.01,1.0,0.4064,Summer,New,Mass,Women,Adult,Black,XL-XXL,Core Basic,Seasonal,0,0,2024-01-29
SKU00353,On Running Bags Record,External Brand,On Running,Tier 1,Bags,Consignment,Brand Partner,276.68,4.55,0.2046,0.2313,Fall,New,Entry,Kids,Adult,Blue,M-L,Core Basic,Seasonal,0,0,2025-02-02
SKU00354,Patagonia Sportswear Material,External Brand,Patagonia,Tier 3,Sportswear,Buyout,Himaxx,658.72,117.54,1.0,0.3058,Summer,Mature,Mass,Women,Young Adult,White,XL-XXL,Core Basic,Core,0,1,2025-01-03
SKU00355,Hoka Yoga Apparel Guy,External Brand,Hoka,Tier 1,Yoga Apparel,Consignment,Brand Partner,1220.7,50.48,0.3394,0.2508,Fall,Growth,Premium,Men,Young Adult,Red,M-L,Fashion,Seasonal,0,1,2024-08-15
SKU00356,Brand B Running Shoes Skill,Himaxx Own,Brand B,Tier 2,Running Shoes,Own Brand,Himaxx,1295.19,258.2,1.0,0.5655,Fall,Mature,Premium,Women,Young Adult,Black,M-L,Limited,Seasonal,0,1,2024-12-30
SKU00357,The North Face Lifestyle Apparel He,External Brand,The North Face,Tier 3,Lifestyle Apparel,Buyout,Himaxx,725.69,47.5,1.0,0.403,Spring,Clearance,Mass,Unisex,Senior,Black,One Size,Performance,Seasonal,1,0,2025-06-15
SKU00358,Reebok Underwear Performance Apparel Experience,External Brand,Reebok Underwear,Tier 2,Performance Apparel,Buyout,Himaxx,1544.26,190.2,1.0,0.3886,Spring,Growth,Premium,Women,Youth,Grey,XS-S,Clearance,Seasonal,1,0,2024-04-07
SKU00359,Brand B Basketball Shoes During,Himaxx Own,Brand B,Tier 2,Basketball Shoes,Own Brand,Himaxx,626.74,98.61,1.0,0.5686,Summer,Growth,Mass,Women,Youth,Black,M-L,Limited,Seasonal,0,1,2023-09-17
SKU00360,Salomon Running Shoes Data,External Brand,Salomon,Tier 3,Running Shoes,Buyout,Himaxx,1607.25,262.78,1.0,0.474,Fall,Growth,Luxury,Women,Adult,White,M-L,Core Basic,Core,0,1,2024-04-17
SKU00361,The North Face Accessories Situation,External Brand,The North Face,Tier 3,Accessories,Buyout,Himaxx,101.24,14.07,1.0,0.3638,Summer,Growth,Entry,Men,Senior,Multi,XS-S,Fashion,Seasonal,0,1,2024-12-14
SKU00362,Brooks Brothers Outdoor Apparel Sound,External Brand,Brooks Brothers,Tier 1,Outdoor Apparel,Buyout,Himaxx,1791.56,202.77,1.0,0.4291,Winter,New,Luxury,Women,Adult,Black,XS-S,Core Basic,Seasonal,0,0,2025-06-01
SKU00363,Under Armour Accessories Dark,External Brand,Under Armour,Tier 3,Accessories,Buyout,Himaxx,415.99,49.29,1.0,0.2508,Spring,Mature,Mass,Unisex,Youth,Brown,XS-S,Fashion,Seasonal,0,1,2023-12-30
SKU00364,Brand A Outdoor Apparel Member,Himaxx Own,Brand A,Tier 2,Outdoor Apparel,Own Brand,Himaxx,1515.83,173.85,1.0,0.5187,Fall,Mature,Premium,Unisex,Senior,Grey,M-L,Performance,Seasonal,0,1,2024-03-05
SKU00365,On Running Performance Apparel Perform,External Brand,On Running,Tier 1,Performance Apparel,Consignment,Brand Partner,639.46,10.75,0.1889,0.1834,Summer,Growth,Mass,Kids,Youth,Black,M-L,Core Basic,Core,0,1,2026-04-11
SKU00366,Brand B Kids Apparel Network,Himaxx Own,Brand B,Tier 2,Kids Apparel,Own Brand,Himaxx,602.55,87.38,1.0,0.3595,Core,Growth,Mass,Men,Young Adult,Black,M-L,Core Basic,Core,0,1,2025-02-19
SKU00367,Adidas Yoga Apparel Black,External Brand,Adidas,Tier 1,Yoga Apparel,Consignment,Brand Partner,290.03,5.14,0.316,0.2201,Fall,New,Entry,Kids,Young Adult,White,XL-XXL,Performance,Seasonal,0,0,2025-11-04
SKU00368,Puma Sportswear Fine,External Brand,Puma,Tier 3,Sportswear,Buyout,Himaxx,789.85,86.35,1.0,0.3265,Spring,New,Mass,Men,Young Adult,Blue,M-L,Core Basic,Seasonal,0,0,2024-01-12
SKU00369,Adidas Bags Country,External Brand,Adidas,Tier 1,Bags,Consignment,Brand Partner,285.99,12.06,0.3289,0.3078,Core,Growth,Entry,Women,Young Adult,Grey,XS-S,Performance,Seasonal,0,1,2024-04-02
SKU00370,Hoka Sportswear Section,External Brand,Hoka,Tier 1,Sportswear,Buyout,Himaxx,560.11,63.17,1.0,0.4675,Spring,New,Mass,Kids,Young Adult,Multi,XL-XXL,Limited,Seasonal,0,0,2024-12-12
SKU00371,Brand A Sportswear Eye,Himaxx Own,Brand A,Tier 2,Sportswear,Own Brand,Himaxx,1014.07,188.98,1.0,0.3944,Summer,Mature,Premium,Unisex,Senior,White,One Size,Fashion,Seasonal,0,1,2023-06-26
SKU00372,Under Armour Kids Apparel Arm,External Brand,Under Armour,Tier 3,Kids Apparel,Consignment,Brand Partner,778.15,26.72,0.2562,0.2365,Spring,Growth,Mass,Unisex,Adult,Red,M-L,Clearance,Seasonal,1,0,2025-01-02
SKU00373,New Balance Outdoor Apparel Save,External Brand,New Balance,Tier 3,Outdoor Apparel,Buyout,Himaxx,1407.04,214.71,1.0,0.3339,Summer,Mature,Premium,Men,Adult,Multi,M-L,Core Basic,Core,0,1,2026-03-06
SKU00374,Asics Sportswear Pull,External Brand,Asics,Tier 3,Sportswear,Buyout,Himaxx,534.94,61.25,1.0,0.349,Fall,Mature,Mass,Men,Adult,White,M-L,Core Basic,Core,0,1,2025-12-13
SKU00375,Salomon Lifestyle Apparel Military,External Brand,Salomon,Tier 3,Lifestyle Apparel,Buyout,Himaxx,298.97,41.92,1.0,0.4803,Core,New,Entry,Women,Young Adult,Red,XL-XXL,Core Basic,Seasonal,0,0,2023-08-28
SKU00376,Puma Sportswear Actually,External Brand,Puma,Tier 3,Sportswear,Consignment,Brand Partner,942.22,40.68,0.2377,0.2271,Summer,Mature,Premium,Men,Adult,Blue,M-L,Core Basic,Core,0,1,2025-01-25
SKU00377,Reebok Underwear Kids Apparel Manager,External Brand,Reebok Underwear,Tier 2,Kids Apparel,Consignment,Brand Partner,367.42,14.74,0.2907,0.2918,Winter,Clearance,Mass,Kids,Senior,Blue,M-L,Fashion,Seasonal,1,0,2024-10-13
SKU00378,Cole Haan Sportswear Grow,External Brand,Cole Haan,Tier 2,Sportswear,Buyout,Himaxx,295.36,38.28,1.0,0.488,Winter,Clearance,Entry,Women,Adult,Green,M-L,Core Basic,Seasonal,1,0,2023-11-25
SKU00379,Brand B Kids Apparel Approach,Himaxx Own,Brand B,Tier 2,Kids Apparel,Own Brand,Himaxx,827.88,150.52,1.0,0.4139,Spring,Mature,Premium,Unisex,Young Adult,Green,XS-S,Performance,Seasonal,0,1,2024-02-08
SKU00380,Cole Haan Performance Apparel Training,External Brand,Cole Haan,Tier 2,Performance Apparel,Buyout,Himaxx,1857.21,124.75,1.0,0.3639,Spring,New,Luxury,Kids,Adult,White,One Size,Fashion,Seasonal,0,0,2024-10-12
SKU00381,Columbia Accessories Term,External Brand,Columbia,Tier 3,Accessories,Buyout,Himaxx,294.42,24.76,1.0,0.4205,Fall,Mature,Entry,Men,Young Adult,Black,M-L,Performance,Seasonal,0,1,2023-07-18
SKU00382,Fila Training Shoes Million,External Brand,Fila,Tier 3,Training Shoes,Buyout,Himaxx,1462.55,230.31,1.0,0.3328,Spring,Growth,Premium,Men,Adult,Grey,XS-S,Clearance,Seasonal,1,0,2023-07-28
SKU00383,Puma Running Shoes Professional,External Brand,Puma,Tier 3,Running Shoes,Buyout,Himaxx,1035.26,83.45,1.0,0.4831,Summer,Mature,Premium,Women,Senior,Green,One Size,Performance,Seasonal,0,1,2025-05-28
SKU00384,Fila Running Shoes Civil,External Brand,Fila,Tier 3,Running Shoes,Consignment,Brand Partner,954.01,13.05,0.2147,0.3211,Fall,Mature,Premium,Kids,Young Adult,Black,XL-XXL,Performance,Seasonal,0,1,2023-10-18
SKU00385,Reebok Underwear Outdoor Apparel Order,External Brand,Reebok Underwear,Tier 2,Outdoor Apparel,Buyout,Himaxx,1952.3,261.1,1.0,0.3614,Core,Growth,Luxury,Men,Adult,Red,XS-S,Clearance,Seasonal,1,0,2026-03-12
SKU00386,Lululemon Basketball Shoes Bed,External Brand,Lululemon,Tier 1,Basketball Shoes,Buyout,Himaxx,648.5,96.32,1.0,0.2777,Spring,New,Mass,Men,Adult,Black,XL-XXL,Performance,Seasonal,0,0,2026-04-30
SKU00387,Puma Performance Apparel By,External Brand,Puma,Tier 3,Performance Apparel,Buyout,Himaxx,1564.14,272.86,1.0,0.3019,Fall,New,Premium,Unisex,Young Adult,Black,M-L,Performance,Seasonal,0,0,2025-01-08
SKU00388,Brand B Kids Apparel Keep,Himaxx Own,Brand B,Tier 2,Kids Apparel,Own Brand,Himaxx,129.37,18.62,1.0,0.571,Spring,Growth,Entry,Kids,Adult,Black,M-L,Performance,Seasonal,0,1,2025-03-01
SKU00389,Skechers Lifestyle Apparel Street,External Brand,Skechers,Tier 3,Lifestyle Apparel,Buyout,Himaxx,507.4,36.81,1.0,0.4911,Winter,Clearance,Mass,Men,Youth,White,XS-S,Fashion,Seasonal,1,0,2025-03-15
SKU00390,Adidas Yoga Apparel Stand,External Brand,Adidas,Tier 1,Yoga Apparel,Buyout,Himaxx,553.15,66.38,1.0,0.4465,Winter,New,Mass,Women,Youth,Grey,M-L,Core Basic,Seasonal,0,0,2024-11-30
SKU00391,Adidas Basketball Shoes Little,External Brand,Adidas,Tier 1,Basketball Shoes,Consignment,Brand Partner,649.57,21.31,0.2224,0.2554,Core,New,Mass,Women,Adult,White,One Size,Core Basic,Seasonal,0,0,2026-01-26
SKU00392,Under Armour Training Shoes Finish,External Brand,Under Armour,Tier 3,Training Shoes,Consignment,Brand Partner,845.08,25.99,0.3227,0.2389,Core,Clearance,Premium,Unisex,Young Adult,Blue,M-L,Core Basic,Seasonal,1,0,2025-12-04
SKU00393,Brand B Accessories Laugh,Himaxx Own,Brand B,Tier 2,Accessories,Own Brand,Himaxx,458.06,76.07,1.0,0.4225,Fall,Mature,Mass,Kids,Adult,Blue,M-L,Core Basic,Core,0,1,2024-04-06
SKU00394,Nike Outdoor Apparel Pressure,External Brand,Nike,Tier 1,Outdoor Apparel,Consignment,Brand Partner,1623.18,35.89,0.294,0.2366,Summer,Clearance,Luxury,Men,Senior,White,XS-S,Core Basic,Seasonal,1,0,2023-07-12
SKU00395,Brand B Kids Apparel Sister,Himaxx Own,Brand B,Tier 2,Kids Apparel,Own Brand,Himaxx,903.85,111.44,1.0,0.5698,Summer,New,Premium,Men,Youth,Grey,XL-XXL,Core Basic,Seasonal,0,0,2023-08-24
SKU00396,Adidas Training Shoes Source,External Brand,Adidas,Tier 1,Training Shoes,Buyout,Himaxx,1504.9,225.47,1.0,0.3461,Core,Mature,Premium,Women,Adult,Red,One Size,Fashion,Seasonal,0,1,2023-12-21
SKU00397,Asics Underwear Development,External Brand,Asics,Tier 3,Underwear,Consignment,Brand Partner,355.04,11.85,0.2769,0.1816,Fall,Mature,Mass,Women,Adult,White,M-L,Fashion,Seasonal,0,1,2024-02-21
SKU00398,Lululemon Sportswear Beat,External Brand,Lululemon,Tier 1,Sportswear,Buyout,Himaxx,1194.18,162.0,1.0,0.2644,Spring,Mature,Premium,Women,Young Adult,Red,XS-S,Performance,Seasonal,0,1,2023-10-26
SKU00399,Asics Performance Apparel Consumer,External Brand,Asics,Tier 3,Performance Apparel,Consignment,Brand Partner,752.68,32.69,0.1917,0.283,Winter,Growth,Mass,Women,Young Adult,Blue,M-L,Core Basic,Core,0,1,2025-01-01
SKU00400,Hoka Sportswear Close,External Brand,Hoka,Tier 1,Sportswear,Buyout,Himaxx,198.0,24.18,1.0,0.2949,Winter,Growth,Entry,Women,Youth,Black,M-L,Core Basic,Core,0,1,2023-05-10
SKU00401,Reebok Underwear Yoga Apparel Little,External Brand,Reebok Underwear,Tier 2,Yoga Apparel,Buyout,Himaxx,586.99,92.98,1.0,0.3439,Spring,Mature,Mass,Women,Young Adult,Blue,XS-S,Fashion,Seasonal,0,1,2025-05-31
SKU00402,Puma Performance Apparel Many,External Brand,Puma,Tier 3,Performance Apparel,Buyout,Himaxx,1480.55,161.19,1.0,0.3007,Core,Growth,Premium,Kids,Adult,Black,XL-XXL,Fashion,Seasonal,0,1,2024-03-21
SKU00403,Nike Outdoor Apparel Each,External Brand,Nike,Tier 1,Outdoor Apparel,Consignment,Brand Partner,718.87,14.58,0.2917,0.3316,Fall,Mature,Mass,Unisex,Adult,Brown,M-L,Fashion,Seasonal,0,1,2024-03-18
SKU00404,Lululemon Accessories Fear,External Brand,Lululemon,Tier 1,Accessories,Consignment,Brand Partner,445.84,11.06,0.2434,0.3275,Core,Mature,Mass,Men,Adult,Grey,XS-S,Core Basic,Core,0,1,2025-06-15
SKU00405,Under Armour Performance Apparel Long,External Brand,Under Armour,Tier 3,Performance Apparel,Consignment,Brand Partner,1390.28,43.62,0.3074,0.3255,Winter,New,Premium,Men,Young Adult,Brown,XL-XXL,Core Basic,Seasonal,0,0,2023-07-24
SKU00406,Cole Haan Running Shoes East,External Brand,Cole Haan,Tier 2,Running Shoes,Buyout,Himaxx,1385.18,120.94,1.0,0.476,Spring,Mature,Premium,Unisex,Youth,Blue,XL-XXL,Fashion,Seasonal,0,1,2026-02-12
SKU00407,Brand B Performance Apparel Store,Himaxx Own,Brand B,Tier 2,Performance Apparel,Own Brand,Himaxx,507.29,101.03,1.0,0.5992,Winter,Growth,Mass,Men,Youth,Red,XS-S,Core Basic,Core,0,1,2025-09-20
SKU00408,Brand A Performance Apparel Perform,Himaxx Own,Brand A,Tier 2,Performance Apparel,Own Brand,Himaxx,2062.13,286.03,1.0,0.5766,Core,Mature,Luxury,Men,Young Adult,Brown,XL-XXL,Clearance,Seasonal,1,0,2025-04-30
SKU00409,Puma Yoga Apparel World,External Brand,Puma,Tier 3,Yoga Apparel,Consignment,Brand Partner,910.6,22.97,0.2889,0.3023,Core,Clearance,Premium,Unisex,Adult,Blue,XS-S,Core Basic,Seasonal,1,0,2023-12-10
SKU00410,Brand B Sportswear Building,Himaxx Own,Brand B,Tier 2,Sportswear,Own Brand,Himaxx,1260.87,183.95,1.0,0.5399,Core,New,Premium,Unisex,Youth,Blue,XS-S,Fashion,Seasonal,0,0,2024-12-24
SKU00411,New Balance Running Shoes Raise,External Brand,New Balance,Tier 3,Running Shoes,Buyout,Himaxx,1583.16,274.18,1.0,0.3675,Spring,Mature,Premium,Women,Young Adult,Blue,M-L,Performance,Seasonal,0,1,2023-10-18
SKU00412,Cole Haan Training Shoes Exactly,External Brand,Cole Haan,Tier 2,Training Shoes,Buyout,Himaxx,1084.13,57.87,1.0,0.427,Core,Growth,Premium,Women,Adult,Black,One Size,Clearance,Seasonal,1,0,2025-10-29
SKU00413,The North Face Training Shoes Away,External Brand,The North Face,Tier 3,Training Shoes,Buyout,Himaxx,1357.84,167.45,1.0,0.4529,Core,Clearance,Premium,Women,Adult,Blue,XS-S,Core Basic,Seasonal,1,0,2023-07-12
SKU00414,Cole Haan Training Shoes Structure,External Brand,Cole Haan,Tier 2,Training Shoes,Buyout,Himaxx,1578.44,135.2,1.0,0.3535,Winter,Mature,Premium,Women,Adult,Grey,M-L,Performance,Seasonal,0,1,2024-04-08
SKU00415,Brooks Brothers Kids Apparel Smile,External Brand,Brooks Brothers,Tier 1,Kids Apparel,Buyout,Himaxx,1012.29,88.54,1.0,0.4198,Core,Mature,Premium,Unisex,Adult,Green,M-L,Core Basic,Core,0,1,2025-10-26
SKU00416,Fila Outdoor Apparel Will,External Brand,Fila,Tier 3,Outdoor Apparel,Consignment,Brand Partner,1990.04,33.75,0.2069,0.2423,Fall,Mature,Luxury,Unisex,Young Adult,Grey,XL-XXL,Performance,Seasonal,0,1,2024-03-19
SKU00417,Asics Kids Apparel Capital,External Brand,Asics,Tier 3,Kids Apparel,Consignment,Brand Partner,771.88,34.7,0.2605,0.2671,Summer,New,Mass,Men,Young Adult,White,M-L,Fashion,Seasonal,0,0,2024-10-02
SKU00418,The North Face Training Shoes Fly,External Brand,The North Face,Tier 3,Training Shoes,Consignment,Brand Partner,684.32,28.34,0.3268,0.3491,Core,New,Mass,Men,Young Adult,Black,XL-XXL,Performance,Seasonal,0,0,2025-06-12
SKU00419,Lululemon Yoga Apparel Yes,External Brand,Lululemon,Tier 1,Yoga Apparel,Consignment,Brand Partner,832.92,29.85,0.2944,0.3049,Fall,New,Premium,Women,Adult,Red,XS-S,Core Basic,Seasonal,0,0,2024-03-01
SKU00420,Salomon Underwear Notice,External Brand,Salomon,Tier 3,Underwear,Buyout,Himaxx,191.98,24.53,1.0,0.4018,Summer,New,Entry,Men,Adult,White,M-L,Core Basic,Seasonal,0,0,2024-10-29
SKU00421,Cole Haan Bags Be,External Brand,Cole Haan,Tier 2,Bags,Buyout,Himaxx,257.84,16.56,1.0,0.4607,Core,Growth,Entry,Men,Senior,Blue,M-L,Limited,Seasonal,0,1,2025-02-20
SKU00422,Nike Bags Visit,External Brand,Nike,Tier 1,Bags,Consignment,Brand Partner,1376.09,17.13,0.1846,0.3217,Winter,Mature,Premium,Men,Adult,Grey,XL-XXL,Performance,Seasonal,0,1,2024-08-23
SKU00423,Salomon Underwear Future,External Brand,Salomon,Tier 3,Underwear,Buyout,Himaxx,675.7,89.8,1.0,0.3181,Summer,New,Mass,Men,Adult,Green,XL-XXL,Limited,Seasonal,0,0,2025-02-27
SKU00424,Asics Underwear Agree,External Brand,Asics,Tier 3,Underwear,Buyout,Himaxx,547.11,74.49,1.0,0.2923,Fall,Growth,Mass,Unisex,Adult,Brown,XS-S,Clearance,Seasonal,1,0,2023-08-16
SKU00425,New Balance Lifestyle Apparel Represent,External Brand,New Balance,Tier 3,Lifestyle Apparel,Buyout,Himaxx,442.01,45.96,1.0,0.3484,Summer,Mature,Mass,Women,Adult,Blue,M-L,Core Basic,Core,0,1,2025-11-08
SKU00426,Cole Haan Lifestyle Apparel Parent,External Brand,Cole Haan,Tier 2,Lifestyle Apparel,Buyout,Himaxx,195.76,16.28,1.0,0.413,Spring,Mature,Entry,Women,Young Adult,Grey,XS-S,Fashion,Seasonal,0,1,2025-02-08
SKU00427,Salomon Kids Apparel Against,External Brand,Salomon,Tier 3,Kids Apparel,Buyout,Himaxx,910.63,74.16,1.0,0.2889,Fall,Growth,Premium,Women,Young Adult,Blue,M-L,Performance,Seasonal,0,1,2026-05-06
SKU00428,Asics Sportswear Remember,External Brand,Asics,Tier 3,Sportswear,Consignment,Brand Partner,580.1,18.23,0.3447,0.3492,Winter,New,Mass,Men,Adult,White,XS-S,Performance,Seasonal,0,0,2025-10-23
SKU00429,Patagonia Training Shoes Part,External Brand,Patagonia,Tier 3,Training Shoes,Consignment,Brand Partner,836.51,20.62,0.2443,0.1873,Fall,Mature,Premium,Kids,Young Adult,Black,XL-XXL,Clearance,Seasonal,1,0,2023-06-21
SKU00430,Brand A Performance Apparel Something,Himaxx Own,Brand A,Tier 2,Performance Apparel,Own Brand,Himaxx,1051.56,208.12,1.0,0.5653,Fall,Mature,Premium,Unisex,Young Adult,Black,M-L,Core Basic,Core,0,1,2023-11-15
SKU00431,Nike Training Shoes Natural,External Brand,Nike,Tier 1,Training Shoes,Buyout,Himaxx,1509.39,250.14,1.0,0.44,Fall,Mature,Premium,Unisex,Youth,Blue,XS-S,Core Basic,Core,0,1,2025-04-20
SKU00432,Puma Yoga Apparel Whom,External Brand,Puma,Tier 3,Yoga Apparel,Consignment,Brand Partner,1239.06,56.66,0.3293,0.2026,Core,Clearance,Premium,Unisex,Adult,Black,XS-S,Clearance,Seasonal,1,0,2024-03-07
SKU00433,Puma Yoga Apparel Pay,External Brand,Puma,Tier 3,Yoga Apparel,Buyout,Himaxx,274.6,49.27,1.0,0.4692,Summer,New,Entry,Kids,Young Adult,Black,M-L,Fashion,Seasonal,0,0,2024-08-27
SKU00434,Nike Kids Apparel Teach,External Brand,Nike,Tier 1,Kids Apparel,Buyout,Himaxx,747.57,89.17,1.0,0.274,Winter,Growth,Mass,Men,Adult,Grey,M-L,Limited,Seasonal,0,1,2024-10-27
SKU00435,New Balance Outdoor Apparel Benefit,External Brand,New Balance,Tier 3,Outdoor Apparel,Buyout,Himaxx,567.34,91.24,1.0,0.4717,Spring,Mature,Mass,Women,Young Adult,Black,M-L,Core Basic,Core,0,1,2024-10-03
SKU00436,Brand A Outdoor Apparel Issue,Himaxx Own,Brand A,Tier 2,Outdoor Apparel,Own Brand,Himaxx,751.39,87.44,1.0,0.5796,Fall,Growth,Mass,Men,Youth,Black,XL-XXL,Fashion,Seasonal,0,1,2024-05-06
SKU00437,Salomon Accessories Religious,External Brand,Salomon,Tier 3,Accessories,Buyout,Himaxx,612.69,51.04,1.0,0.3932,Summer,Growth,Mass,Men,Youth,Green,M-L,Core Basic,Core,0,1,2023-08-30
SKU00438,Fila Running Shoes College,External Brand,Fila,Tier 3,Running Shoes,Buyout,Himaxx,550.42,77.44,1.0,0.4931,Winter,Mature,Mass,Women,Youth,Grey,M-L,Core Basic,Core,0,1,2024-05-03
SKU00439,On Running Bags Rule,External Brand,On Running,Tier 1,Bags,Buyout,Himaxx,1368.23,241.73,1.0,0.4949,Spring,Growth,Premium,Men,Young Adult,Blue,XS-S,Fashion,Seasonal,0,1,2024-10-31
SKU00440,New Balance Basketball Shoes Recognize,External Brand,New Balance,Tier 3,Basketball Shoes,Buyout,Himaxx,1390.47,129.57,1.0,0.4658,Core,Growth,Premium,Men,Youth,White,XL-XXL,Core Basic,Core,0,1,2026-03-07
SKU00441,Nike Basketball Shoes Teach,External Brand,Nike,Tier 1,Basketball Shoes,Consignment,Brand Partner,406.05,5.96,0.289,0.2289,Summer,Mature,Mass,Unisex,Young Adult,White,M-L,Clearance,Seasonal,1,0,2025-08-17
SKU00442,Under Armour Lifestyle Apparel Although,External Brand,Under Armour,Tier 3,Lifestyle Apparel,Buyout,Himaxx,350.49,31.4,1.0,0.41,Spring,New,Mass,Women,Adult,Red,M-L,Clearance,Seasonal,1,0,2024-09-17
SKU00443,Reebok Underwear Kids Apparel Forward,External Brand,Reebok Underwear,Tier 2,Kids Apparel,Consignment,Brand Partner,548.39,14.75,0.2567,0.1965,Core,Growth,Mass,Men,Youth,Multi,XL-XXL,Fashion,Seasonal,0,1,2024-02-08
SKU00444,Skechers Basketball Shoes Business,External Brand,Skechers,Tier 3,Basketball Shoes,Consignment,Brand Partner,1247.09,35.43,0.2988,0.2388,Fall,Mature,Premium,Kids,Young Adult,White,M-L,Fashion,Seasonal,0,1,2026-04-04
SKU00445,Brand B Underwear International,Himaxx Own,Brand B,Tier 2,Underwear,Own Brand,Himaxx,314.51,47.71,1.0,0.3592,Winter,Growth,Mass,Women,Adult,Blue,XS-S,Performance,Seasonal,0,1,2025-12-10
SKU00446,Reebok Underwear Training Shoes Thank,External Brand,Reebok Underwear,Tier 2,Training Shoes,Consignment,Brand Partner,1193.23,18.43,0.2626,0.2131,Summer,Clearance,Premium,Men,Young Adult,Green,XS-S,Fashion,Seasonal,1,0,2026-04-23
SKU00447,Brand B Running Shoes Really,Himaxx Own,Brand B,Tier 2,Running Shoes,Own Brand,Himaxx,1046.82,128.05,1.0,0.3868,Fall,Mature,Premium,Unisex,Young Adult,White,XS-S,Limited,Seasonal,0,1,2025-12-14
SKU00448,Nike Yoga Apparel Maintain,External Brand,Nike,Tier 1,Yoga Apparel,Consignment,Brand Partner,829.46,13.45,0.2983,0.2707,Winter,Growth,Premium,Men,Young Adult,Grey,XS-S,Fashion,Seasonal,0,1,2024-08-02
SKU00449,Puma Underwear Cup,External Brand,Puma,Tier 3,Underwear,Buyout,Himaxx,390.33,48.88,1.0,0.3584,Fall,Growth,Mass,Kids,Young Adult,Green,M-L,Fashion,Seasonal,0,1,2024-11-25
SKU00450,Adidas Accessories Prevent,External Brand,Adidas,Tier 1,Accessories,Buyout,Himaxx,601.9,86.68,1.0,0.2943,Fall,Mature,Mass,Men,Adult,Black,XS-S,Clearance,Seasonal,1,0,2025-08-13
SKU00451,Brand B Sportswear Process,Himaxx Own,Brand B,Tier 2,Sportswear,Own Brand,Himaxx,572.01,71.25,1.0,0.4573,Winter,Clearance,Mass,Women,Adult,Brown,M-L,Core Basic,Seasonal,1,0,2024-09-03
SKU00452,Patagonia Bags Approach,External Brand,Patagonia,Tier 3,Bags,Consignment,Brand Partner,392.76,14.99,0.3225,0.2571,Summer,New,Mass,Men,Adult,Black,XS-S,Fashion,Seasonal,0,0,2023-12-16
SKU00453,Under Armour Accessories Often,External Brand,Under Armour,Tier 3,Accessories,Buyout,Himaxx,120.23,12.15,1.0,0.4141,Fall,Mature,Entry,Unisex,Youth,Red,M-L,Fashion,Seasonal,0,1,2023-09-28
SKU00454,Adidas Performance Apparel Field,External Brand,Adidas,Tier 1,Performance Apparel,Consignment,Brand Partner,1308.33,30.59,0.3023,0.3314,Core,Clearance,Premium,Kids,Adult,Multi,XS-S,Performance,Seasonal,1,0,2024-08-29
SKU00455,Cole Haan Performance Apparel Say,External Brand,Cole Haan,Tier 2,Performance Apparel,Buyout,Himaxx,2229.3,211.7,1.0,0.3804,Winter,Growth,Luxury,Men,Adult,Black,XL-XXL,Limited,Seasonal,0,1,2024-10-19
SKU00456,Fila Running Shoes Air,External Brand,Fila,Tier 3,Running Shoes,Buyout,Himaxx,1498.73,95.53,1.0,0.423,Winter,Clearance,Premium,Women,Adult,Red,M-L,Performance,Seasonal,1,0,2026-04-07
SKU00457,New Balance Basketball Shoes Politics,External Brand,New Balance,Tier 3,Basketball Shoes,Consignment,Brand Partner,541.87,9.41,0.2784,0.3239,Summer,Mature,Mass,Women,Young Adult,Grey,One Size,Fashion,Seasonal,0,1,2025-09-29
SKU00458,The North Face Lifestyle Apparel Security,External Brand,The North Face,Tier 3,Lifestyle Apparel,Buyout,Himaxx,629.09,59.82,1.0,0.4285,Winter,Growth,Mass,Unisex,Adult,Brown,M-L,Core Basic,Core,0,1,2023-10-28
SKU00459,Salomon Performance Apparel Ok,External Brand,Salomon,Tier 3,Performance Apparel,Consignment,Brand Partner,1288.7,52.71,0.3097,0.3363,Core,Mature,Premium,Women,Young Adult,Grey,M-L,Clearance,Seasonal,1,0,2023-05-22
SKU00460,Patagonia Lifestyle Apparel Involve,External Brand,Patagonia,Tier 3,Lifestyle Apparel,Buyout,Himaxx,877.11,81.49,1.0,0.4673,Fall,Mature,Premium,Women,Young Adult,Black,M-L,Performance,Seasonal,0,1,2023-08-18
SKU00461,Brand A Outdoor Apparel Thought,Himaxx Own,Brand A,Tier 2,Outdoor Apparel,Own Brand,Himaxx,2245.66,301.18,1.0,0.4011,Spring,Mature,Luxury,Men,Adult,White,M-L,Performance,Seasonal,0,1,2026-01-31
SKU00462,Brand A Sportswear Main,Himaxx Own,Brand A,Tier 2,Sportswear,Own Brand,Himaxx,1010.14,207.37,1.0,0.4189,Winter,New,Premium,Men,Senior,Black,XS-S,Performance,Seasonal,0,0,2026-03-10
SKU00463,Skechers Basketball Shoes Raise,External Brand,Skechers,Tier 3,Basketball Shoes,Consignment,Brand Partner,1385.68,22.48,0.3183,0.2747,Spring,Mature,Premium,Men,Young Adult,Black,M-L,Core Basic,Core,0,1,2025-11-04
SKU00464,Reebok Underwear Accessories Moment,External Brand,Reebok Underwear,Tier 2,Accessories,Buyout,Himaxx,488.46,39.96,1.0,0.4396,Core,Growth,Mass,Women,Senior,Grey,XS-S,Fashion,Seasonal,0,1,2026-02-22
SKU00465,Under Armour Training Shoes Film,External Brand,Under Armour,Tier 3,Training Shoes,Consignment,Brand Partner,842.61,30.99,0.1936,0.3131,Core,Mature,Premium,Men,Youth,White,M-L,Core Basic,Core,0,1,2024-11-15
SKU00466,Champion Accessories Explain,External Brand,Champion,Tier 3,Accessories,Buyout,Himaxx,649.0,77.14,1.0,0.3767,Fall,Mature,Mass,Men,Adult,Grey,M-L,Clearance,Seasonal,1,0,2024-08-04
SKU00467,Cole Haan Kids Apparel Meeting,External Brand,Cole Haan,Tier 2,Kids Apparel,Buyout,Himaxx,308.15,28.4,1.0,0.4209,Core,Mature,Mass,Unisex,Young Adult,White,M-L,Core Basic,Core,0,1,2026-04-15
SKU00468,Brooks Brothers Performance Apparel Either,External Brand,Brooks Brothers,Tier 1,Performance Apparel,Buyout,Himaxx,1746.6,264.24,1.0,0.3062,Winter,Mature,Luxury,Unisex,Adult,White,M-L,Limited,Seasonal,0,1,2024-09-19
SKU00469,New Balance Lifestyle Apparel Check,External Brand,New Balance,Tier 3,Lifestyle Apparel,Consignment,Brand Partner,1142.5,39.17,0.2766,0.3486,Winter,Growth,Premium,Men,Youth,Green,M-L,Core Basic,Core,0,1,2024-07-01
SKU00470,Fila Bags Will,External Brand,Fila,Tier 3,Bags,Buyout,Himaxx,1414.9,251.01,1.0,0.4721,Winter,Mature,Premium,Men,Adult,Black,One Size,Core Basic,Core,0,1,2025-02-22
SKU00471,Brooks Brothers Outdoor Apparel Skin,External Brand,Brooks Brothers,Tier 1,Outdoor Apparel,Buyout,Himaxx,1994.76,247.74,1.0,0.368,Core,New,Luxury,Women,Adult,Brown,M-L,Performance,Seasonal,0,0,2025-12-25
SKU00472,Brand A Performance Apparel Treat,Himaxx Own,Brand A,Tier 2,Performance Apparel,Own Brand,Himaxx,380.47,40.18,1.0,0.4972,Winter,Clearance,Mass,Women,Adult,Black,XS-S,Performance,Seasonal,1,0,2023-07-23
SKU00473,Puma Running Shoes Spring,External Brand,Puma,Tier 3,Running Shoes,Consignment,Brand Partner,1245.61,27.6,0.2563,0.3447,Fall,Growth,Premium,Men,Young Adult,White,One Size,Core Basic,Core,0,1,2025-09-19
SKU00474,Nike Running Shoes Join,External Brand,Nike,Tier 1,Running Shoes,Consignment,Brand Partner,755.29,28.84,0.2563,0.1886,Fall,Clearance,Mass,Men,Young Adult,Blue,M-L,Performance,Seasonal,1,0,2024-05-14
SKU00475,Brand A Basketball Shoes Store,Himaxx Own,Brand A,Tier 2,Basketball Shoes,Own Brand,Himaxx,1598.89,209.55,1.0,0.5614,Summer,Mature,Premium,Men,Adult,Red,M-L,Limited,Seasonal,0,1,2024-11-13
SKU00476,New Balance Training Shoes Tend,External Brand,New Balance,Tier 3,Training Shoes,Buyout,Himaxx,606.91,100.39,1.0,0.2861,Core,Growth,Mass,Unisex,Young Adult,Grey,M-L,Core Basic,Core,0,1,2023-05-10
SKU00477,Brand B Accessories She,Himaxx Own,Brand B,Tier 2,Accessories,Own Brand,Himaxx,513.2,82.22,1.0,0.5041,Fall,Mature,Mass,Unisex,Adult,Grey,M-L,Performance,Seasonal,0,1,2024-03-29
SKU00478,Columbia Basketball Shoes People,External Brand,Columbia,Tier 3,Basketball Shoes,Buyout,Himaxx,1383.9,188.75,1.0,0.4552,Winter,Clearance,Premium,Women,Adult,Black,M-L,Core Basic,Seasonal,1,0,2025-02-01
SKU00479,Nike Running Shoes Receive,External Brand,Nike,Tier 1,Running Shoes,Buyout,Himaxx,1066.81,159.27,1.0,0.3587,Core,Growth,Premium,Unisex,Senior,White,M-L,Core Basic,Core,0,1,2024-10-25
SKU00480,Adidas Running Shoes Church,External Brand,Adidas,Tier 1,Running Shoes,Consignment,Brand Partner,547.71,8.98,0.198,0.3045,Summer,Growth,Mass,Unisex,Young Adult,Black,XS-S,Performance,Seasonal,0,1,2024-09-07
SKU00481,New Balance Yoga Apparel Member,External Brand,New Balance,Tier 3,Yoga Apparel,Buyout,Himaxx,1281.8,155.34,1.0,0.4629,Fall,New,Premium,Men,Young Adult,Green,M-L,Core Basic,Seasonal,0,0,2024-05-19
SKU00482,Columbia Accessories Old,External Brand,Columbia,Tier 3,Accessories,Consignment,Brand Partner,484.09,8.74,0.2951,0.299,Spring,Mature,Mass,Men,Adult,Grey,XL-XXL,Core Basic,Core,0,1,2025-08-20
SKU00483,Adidas Performance Apparel Huge,External Brand,Adidas,Tier 1,Performance Apparel,Buyout,Himaxx,1071.07,173.33,1.0,0.3015,Winter,New,Premium,Women,Adult,Black,XS-S,Core Basic,Seasonal,0,0,2024-09-17
SKU00484,Brand A Basketball Shoes Fund,Himaxx Own,Brand A,Tier 2,Basketball Shoes,Own Brand,Himaxx,1257.86,226.84,1.0,0.4813,Summer,Clearance,Premium,Women,Young Adult,Blue,One Size,Performance,Seasonal,1,0,2025-12-15
SKU00485,Columbia Yoga Apparel Save,External Brand,Columbia,Tier 3,Yoga Apparel,Consignment,Brand Partner,287.87,5.82,0.3171,0.3017,Summer,Clearance,Entry,Women,Young Adult,Green,M-L,Core Basic,Seasonal,1,0,2024-01-24
SKU00486,Lululemon Yoga Apparel Identify,External Brand,Lululemon,Tier 1,Yoga Apparel,Buyout,Himaxx,289.52,48.98,1.0,0.259,Fall,Growth,Entry,Women,Adult,Brown,M-L,Limited,Seasonal,0,1,2024-01-18
SKU00487,New Balance Outdoor Apparel Stand,External Brand,New Balance,Tier 3,Outdoor Apparel,Consignment,Brand Partner,2070.95,60.1,0.19,0.2567,Summer,Mature,Luxury,Unisex,Adult,Grey,M-L,Core Basic,Core,0,1,2024-07-30
SKU00488,Adidas Yoga Apparel Friend,External Brand,Adidas,Tier 1,Yoga Apparel,Consignment,Brand Partner,402.9,19.81,0.2579,0.2008,Winter,Mature,Mass,Women,Young Adult,Grey,M-L,Core Basic,Core,0,1,2025-07-31
SKU00489,Puma Accessories Season,External Brand,Puma,Tier 3,Accessories,Buyout,Himaxx,477.2,78.22,1.0,0.435,Core,Mature,Mass,Unisex,Adult,Grey,M-L,Fashion,Seasonal,0,1,2026-02-01
SKU00490,Columbia Running Shoes I,External Brand,Columbia,Tier 3,Running Shoes,Buyout,Himaxx,905.28,97.33,1.0,0.438,Spring,New,Premium,Women,Adult,Grey,XL-XXL,Performance,Seasonal,0,0,2024-07-03
SKU00491,Adidas Accessories Record,External Brand,Adidas,Tier 1,Accessories,Consignment,Brand Partner,457.1,10.64,0.2416,0.2818,Core,Mature,Mass,Men,Youth,Black,XS-S,Performance,Seasonal,0,1,2025-09-21
SKU00492,Lululemon Kids Apparel Reach,External Brand,Lululemon,Tier 1,Kids Apparel,Buyout,Himaxx,148.69,23.45,1.0,0.4775,Fall,Growth,Entry,Women,Youth,Green,XL-XXL,Fashion,Seasonal,0,1,2026-04-15
SKU00493,New Balance Performance Apparel Mission,External Brand,New Balance,Tier 3,Performance Apparel,Buyout,Himaxx,2118.74,236.72,1.0,0.4107,Spring,Mature,Luxury,Unisex,Young Adult,Green,M-L,Core Basic,Core,0,1,2026-03-29
SKU00494,Hoka Lifestyle Apparel Card,External Brand,Hoka,Tier 1,Lifestyle Apparel,Buyout,Himaxx,733.18,87.61,1.0,0.387,Fall,Growth,Mass,Women,Adult,White,M-L,Performance,Seasonal,0,1,2024-11-08
SKU00495,Nike Underwear Performance,External Brand,Nike,Tier 1,Underwear,Consignment,Brand Partner,370.82,14.96,0.2437,0.3239,Winter,Mature,Mass,Women,Adult,Blue,M-L,Fashion,Seasonal,0,1,2024-05-05
SKU00496,Cole Haan Performance Apparel Black,External Brand,Cole Haan,Tier 2,Performance Apparel,Buyout,Himaxx,615.2,67.52,1.0,0.3733,Spring,Growth,Mass,Women,Adult,Red,M-L,Clearance,Seasonal,1,0,2025-12-20
SKU00497,Columbia Lifestyle Apparel Less,External Brand,Columbia,Tier 3,Lifestyle Apparel,Buyout,Himaxx,463.38,41.97,1.0,0.3755,Winter,Growth,Mass,Men,Adult,Black,XS-S,Clearance,Seasonal,1,0,2023-08-25
SKU00498,Brooks Brothers Performance Apparel Whether,External Brand,Brooks Brothers,Tier 1,Performance Apparel,Buyout,Himaxx,365.8,49.69,1.0,0.2537,Core,Mature,Mass,Unisex,Adult,Red,M-L,Performance,Seasonal,0,1,2024-09-19
SKU00499,New Balance Kids Apparel Seven,External Brand,New Balance,Tier 3,Kids Apparel,Buyout,Himaxx,318.92,45.8,1.0,0.4958,Core,New,Mass,Unisex,Adult,Multi,XL-XXL,Core Basic,Seasonal,0,0,2023-10-12
SKU00500,Hoka Kids Apparel Truth,External Brand,Hoka,Tier 1,Kids Apparel,Consignment,Brand Partner,617.52,29.73,0.2431,0.3493,Spring,Growth,Mass,Unisex,Young Adult,Black,M-L,Core Basic,Core,0,1,2025-04-23
