snapshot_month,sku,brand,category,business_mode,gross_profit,sales_revenue,inventory_value,sold_units,ending_inventory_units,sell_through_rate,inventory_age_days,gmroi,weeks_of_supply,gross_margin_pct,quadrant_label,recommended_action,action_priority
2026-01-01,SKU00001,Reebok Underwear,Basketball Shoes,Buyout,1480.85,2392.87,244186.0,31,8300,0.0035250000000000004,288.7236842105263,0.006457894736842105,821.7675,0.6188593613526853,High Margin + Low Sell-through,Targeted Marketing / Control Inventory,Medium
2026-01-01,SKU00002,Hoka,Bags,Consignment,853.59,999.82,189096.18,10,8218,0.0016828947368421054,132.30263157894737,0.006685526315789473,953.0763157894737,0.853743673861295,High Margin + Low Sell-through,Targeted Marketing / Control Inventory,Medium
2026-01-01,SKU00003,Fila,Bags,Buyout,3523.31,7675.76,1061955.6,31,7928,0.005211842105263158,139.30263157894737,0.004593421052631579,818.6930263157894,0.4590177389600508,Low Margin + Low Sell-through,Clearance / Eliminate,High
2026-01-01,SKU00004,Puma,Accessories,Consignment,334.39,414.79,195510.48,19,7909,0.002930263157894737,126.89473684210526,0.002313157894736842,887.6315789473684,0.806166976060175,High Margin + Low Sell-through,Targeted Marketing / Control Inventory,Medium
2026-01-01,SKU00005,Nike,Performance Apparel,Buyout,1026.89,4017.41,2187316.17,12,8777,0.002125,131.10526315789474,0.0008197368421052632,929.2236842105264,0.25560995765928796,Low Margin + Low Sell-through,Clearance / Eliminate,High
2026-01-01,SKU00006,Asics,Sportswear,Consignment,298.15,353.71,24093.93,58,8337,0.007307894736842105,128.82894736842104,0.014375,743.5781578947368,0.8429221678776398,High Margin + High Sell-through,Main Push / Monitor Inventory,Low
2026-01-01,SKU00007,On Running,Outdoor Apparel,Buyout,9331.77,14507.29,748602.0,56,8100,0.007863157894736843,129.64473684210526,0.016269736842105264,778.9227631578947,0.6432469468798101,High Margin + High Sell-through,Main Push / Monitor Inventory,Low
2026-01-01,SKU00008,Brooks Brothers,Yoga Apparel,Consignment,1575.02,1901.7,123629.94,111,8253,0.014836842105263157,137.27631578947367,0.015871052631578945,537.109605263158,0.8282168586001998,High Margin + High Sell-through,Main Push / Monitor Inventory,Low
2026-01-01,SKU00009,Reebok Underwear,Accessories,Consignment,1123.09,1375.46,178693.35,49,8781,0.006111842105263158,132.71052631578948,0.00775,787.6902631578947,0.8165195643639218,High Margin + Low Sell-through,Targeted Marketing / Control Inventory,Medium
2026-01-01,SKU00010,Fila,Kids Apparel,Consignment,436.35,528.49,162705.51,19,8019,0.0023763157894736843,140.93421052631578,0.0031973684210526315,882.9956578947368,0.8256542224072357,High Margin + Low Sell-through,Targeted Marketing / Control Inventory,Medium
2026-01-01,SKU00011,Champion,Kids Apparel,Buyout,1388.16,9711.36,1490505.6,51,9133,0.005753947368421053,136.9078947368421,0.001036842105263158,770.5746052631579,0.14294187425860025,Low Margin + Low Sell-through,Clearance / Eliminate,High
2026-01-01,SKU00012,Under Armour,Yoga Apparel,Buyout,1572.04,4953.27,446211.5,61,8050,0.009346052631578948,144.14473684210526,0.005296052631578947,713.6902631578947,0.31737417907765975,Low Margin + High Sell-through,Traffic Driver / Control Discount,Medium
2026-01-01,SKU00013,Reebok Underwear,Outdoor Apparel,Consignment,3547.95,4270.88,933037.86,70,8549,0.008722368421052631,307.2105263157895,0.004663157894736842,706.9272368421052,0.8307304349454913,High Margin + High Sell-through,Main Push / Monitor Inventory,Low
2026-01-01,SKU00014,On Running,Underwear,Consignment,245.03,300.52,51429.0,50,7900,0.007638157894736842,288.5131578947368,0.006461842105263158,758.5684210526315,0.815353387461733,High Margin + High Sell-through,Main Push / Monitor Inventory,Low
2026-01-01,SKU00015,Brand B,Sportswear,Own Brand,35581.98,70639.1,1410816.4,226,9095,0.02696184210526316,140.01315789473685,0.03082763157894737,327.3013157894737,0.5037150813076611,Low Margin + High Sell-through,Traffic Driver / Control Discount,Medium
2026-01-01,SKU00016,Cole Haan,Underwear,Buyout,898.38,1589.99,308187.43,23,10249,0.0024657894736842107,199.53947368421052,0.003471052631578947,896.4605263157895,0.5650224215246636,High Margin + Low Sell-through,Targeted Marketing / Control Inventory,Medium
2026-01-01,SKU00017,Lululemon,Sportswear,Consignment,365.26,450.36,116314.8,21,8540,0.003094736842105263,121.23684210526316,0.004703947368421052,871.2675,0.8110400568434141,High Margin + Low Sell-through,Targeted Marketing / Control Inventory,Medium
2026-01-01,SKU00018,Adidas,Training Shoes,Consignment,1056.61,1275.51,261929.85,21,8463,0.002876315789473684,125.30263157894737,0.005363157894736841,879.4561842105263,0.8283823725411795,High Margin + Low Sell-through,Targeted Marketing / Control Inventory,Medium
2026-01-01,SKU00019,Brand A,Bags,Own Brand,518.91,2726.85,492107.77,42,9361,0.004573684210526316,143.93421052631578,0.0011592105263157895,820.2257894736842,0.1902964959568733,Low Margin + Low Sell-through,Clearance / Eliminate,High
2026-01-01,SKU00020,Salomon,Kids Apparel,Consignment,915.08,1090.05,108636.72,59,8376,0.008938157894736842,143.05263157894737,0.012069736842105263,738.3772368421053,0.8394844273198477,High Margin + High Sell-through,Main Push / Monitor Inventory,Low
2026-01-01,SKU00021,The North Face,Outdoor Apparel,Buyout,4925.33,12874.31,799224.66,79,7943,0.010563157894736842,297.82894736842104,0.007401315789473684,661.8809210526315,0.38257040571494705,Low Margin + High Sell-through,Traffic Driver / Control Discount,Medium
2026-01-01,SKU00022,Reebok Underwear,Outdoor Apparel,Buyout,3280.12,23650.36,2316266.04,72,8187,0.009551315789473684,139.51315789473685,0.001638157894736842,682.8736842105263,0.13869218058414332,Low Margin + High Sell-through,Traffic Driver / Control Discount,Medium
2026-01-01,SKU00023,Brand A,Outdoor Apparel,Own Brand,11504.07,27643.19,2259951.48,68,9522,0.010419736842105263,137.93421052631578,0.008253947368421052,691.8963157894738,0.4161628958162933,Low Margin + High Sell-through,Traffic Driver / Control Discount,Medium
2026-01-01,SKU00024,Nike,Lifestyle Apparel,Consignment,1487.15,1822.4,169206.1,68,8194,0.008764473684210527,305.7894736842105,0.010703947368421052,703.8390789473684,0.8160392888498683,High Margin + High Sell-through,Main Push / Monitor Inventory,Low
2026-01-01,SKU00025,Under Armour,Performance Apparel,Consignment,4485.86,5389.76,391282.65,53,8783,0.008301315789473684,138.97368421052633,0.01701184210526316,735.27,0.8322930891171405,High Margin + High Sell-through,Main Push / Monitor Inventory,Low
2026-01-01,SKU00026,Brand A,Performance Apparel,Own Brand,-5839.17,9300.99,2131398.08,63,8869,0.008226315789473684,286.32894736842104,-0.0035736842105263157,719.9482894736842,-0.6278009115158709,Low Margin + High Sell-through,Traffic Driver / Control Discount,Medium
2026-01-01,SKU00027,Brand A,Performance Apparel,Own Brand,-5043.36,9999.84,3367796.4,40,8955,0.006026315789473684,310.61842105263156,-0.0021657894736842103,808.7103947368421,-0.504344069505112,Low Margin + Low Sell-through,Clearance / Eliminate,High
2026-01-01,SKU00028,Asics,Outdoor Apparel,Buyout,888.28,5047.37,1406314.91,23,7777,0.00345921052631579,139.23684210526315,0.000763157894736842,886.6490789473685,0.17598868321521902,Low Margin + Low Sell-through,Clearance / Eliminate,High
2026-01-01,SKU00029,Adidas,Bags,Consignment,1756.98,2176.39,107392.98,87,8142,0.01210921052631579,328.10526315789474,0.02137763157894737,606.1030263157895,0.8072909726657447,High Margin + High Sell-through,Main Push / Monitor Inventory,Low
2026-01-01,SKU00030,Cole Haan,Basketball Shoes,Consignment,171.48,215.84000000000003,529267.8,4,9690,0.0006407894736842106,198.98684210526315,0.0006052631578947369,971.7236842105264,0.7944773906597478,High Margin + Low Sell-through,Targeted Marketing / Control Inventory,Medium
2026-01-01,SKU00031,Brand B,Running Shoes,Own Brand,1548.23,9723.11,1005510.24,72,8856,0.010535526315789473,124.67105263157895,0.0021460526315789474,685.9786842105262,0.15923197413173357,Low Margin + High Sell-through,Traffic Driver / Control Discount,Medium
2026-01-01,SKU00032,Cole Haan,Bags,Consignment,3022.42,3696.1800000000003,324853.92,115,10392,0.013405263157894736,208.30263157894737,0.012997368421052632,606.411447368421,0.8177145052459566,High Margin + High Sell-through,Main Push / Monitor Inventory,Low
2026-01-01,SKU00033,Lululemon,Outdoor Apparel,Consignment,1101.73,1341.65,103602.9,68,8423,0.009392105263157894,125.63157894736842,0.013586842105263158,695.5956578947367,0.821175418328178,High Margin + High Sell-through,Main Push / Monitor Inventory,Low
2026-01-01,SKU00034,Lululemon,Yoga Apparel,Consignment,119.47,145.52,92095.19,4,7681,0.0007184210526315789,136.1184210526316,0.0020223684210526316,964.2105263157895,0.8209868059373281,High Margin + Low Sell-through,Targeted Marketing / Control Inventory,Medium
2026-01-01,SKU00035,Reebok Underwear,Performance Apparel,Buyout,394.77,3038.77,939360.32,25,8882,0.0034486842105263156,127.17105263157895,0.0003881578947368421,844.4911842105263,0.1299111153525933,Low Margin + Low Sell-through,Clearance / Eliminate,High
2026-01-01,SKU00036,Brand A,Performance Apparel,Own Brand,12370.57,26079.02,2421481.3,53,9362,0.006552631578947368,125.65789473684211,0.006723684210526316,753.656052631579,0.474349496261746,Low Margin + High Sell-through,Traffic Driver / Control Discount,Medium
2026-01-01,SKU00037,Reebok Underwear,Yoga Apparel,Buyout,3535.94,7332.41,713383.2,43,8080,0.007035526315789473,143.03947368421052,0.007965789473684209,859.0736842105263,0.4822343540527603,Low Margin + High Sell-through,Traffic Driver / Control Discount,Medium
2026-01-01,SKU00038,Lululemon,Training Shoes,Consignment,9368.33,11315.85,107098.44,117,8341,0.014518421052631578,124.82894736842105,0.10285131578947368,576.8431578947369,0.8278945019596406,High Margin + High Sell-through,Main Push / Monitor Inventory,Low
2026-01-01,SKU00039,Brand B,Yoga Apparel,Own Brand,2095.85,3835.2200000000003,425440.5,37,9050,0.0043,138.44736842105263,0.005896052631578948,823.6667105263158,0.5464745177590855,High Margin + Low Sell-through,Targeted Marketing / Control Inventory,Medium
2026-01-01,SKU00040,Adidas,Accessories,Consignment,1910.52,2319.9900000000002,60000.78,110,7833,0.015507894736842106,135.0921052631579,0.041036842105263156,578.0078947368421,0.8235035495842653,High Margin + High Sell-through,Main Push / Monitor Inventory,Low
2026-01-01,SKU00041,Adidas,Yoga Apparel,Consignment,3741.6,4496.24,408398.6,48,8473,0.005485526315789474,147.28947368421052,0.009986842105263159,758.3452631578947,0.832161984235717,High Margin + Low Sell-through,Targeted Marketing / Control Inventory,Medium
2026-01-01,SKU00042,Cole Haan,Performance Apparel,Consignment,1241.63,1511.12,624897.6,30,9872,0.003647368421052632,222.56578947368422,0.0024671052631578946,840.7411842105263,0.8216620784583621,High Margin + Low Sell-through,Targeted Marketing / Control Inventory,Medium
2026-01-01,SKU00043,Brand A,Running Shoes,Own Brand,2283.1,5829.01,1203376.79,27,9163,0.004082894736842106,124.82894736842105,0.003056578947368421,860.8332894736842,0.39167886141900593,Low Margin + Low Sell-through,Clearance / Eliminate,High
2026-01-01,SKU00044,On Running,Sportswear,Buyout,4869.57,9591.87,716542.2,53,8042,0.006952631578947368,130.57894736842104,0.008456578947368421,748.2473684210527,0.5076768138016883,Low Margin + High Sell-through,Traffic Driver / Control Discount,Medium
2026-01-01,SKU00045,On Running,Kids Apparel,Consignment,1214.53,1480.42,324481.12,57,8732,0.006692105263157894,297.2763157894737,0.004428947368421053,756.4964473684211,0.8203955634211912,High Margin + High Sell-through,Main Push / Monitor Inventory,Low
2026-01-01,SKU00046,Nike,Performance Apparel,Consignment,166.32999999999998,199.8,123601.28,10,7964,0.0012723684210526314,136.52631578947367,0.001513157894736842,936.8201315789474,0.8324824824824824,High Margin + Low Sell-through,Targeted Marketing / Control Inventory,Medium
2026-01-01,SKU00047,On Running,Running Shoes,Consignment,1214.7,1469.55,368740.4,14,8335,0.0019289473684210526,136.53947368421052,0.00413421052631579,917.5921052631579,0.8265795651730122,High Margin + Low Sell-through,Targeted Marketing / Control Inventory,Medium
2026-01-01,SKU00048,Adidas,Sportswear,Consignment,1771.59,2147.49,229309.97,89,8471,0.01229078947368421,293.5657894736842,0.010369736842105263,611.3193421052631,0.8249584398530377,High Margin + High Sell-through,Main Push / Monitor Inventory,Low
2026-01-01,SKU00049,Asics,Bags,Buyout,1023.64,4202.93,1161132.0,23,8400,0.0034421052631578948,134.32894736842104,0.0014842105263157895,886.4473684210526,0.2435539016828736,Low Margin + Low Sell-through,Clearance / Eliminate,High
2026-01-01,SKU00050,Lululemon,Performance Apparel,Consignment,3253.99,3940.1,80245.9,99,8555,0.012906578947368422,140.4078947368421,0.05402368421052632,605.3680263157895,0.8258648257658435,High Margin + High Sell-through,Main Push / Monitor Inventory,Low
2026-01-01,SKU00051,Salomon,Sportswear,Buyout,26.11,271.47,254898.37,8,8311,0.0011644736842105262,148.30263157894737,0.00019342105263157896,948.9693421052631,0.09618005672818358,Low Margin + Low Sell-through,Clearance / Eliminate,High
2026-01-01,SKU00052,Brand B,Kids Apparel,Own Brand,701.3,3635.0,477179.64,55,8946,0.006350000000000001,139.35526315789474,0.0017513157894736842,775.5631578947368,0.19292984869325996,Low Margin + Low Sell-through,Clearance / Eliminate,High
2026-01-01,SKU00053,Nike,Basketball Shoes,Consignment,3733.92,4605.39,248369.5,94,7925,0.01274342105263158,125.98684210526316,0.018728947368421053,623.1160526315789,0.8107717261730276,High Margin + High Sell-through,Main Push / Monitor Inventory,Low
2026-01-01,SKU00054,Adidas,Performance Apparel,Consignment,931.24,1113.97,569354.7,24,8405,0.0026342105263157897,280.82894736842104,0.001689473684210526,893.1973684210526,0.8359650618957423,High Margin + Low Sell-through,Targeted Marketing / Control Inventory,Medium
2026-01-01,SKU00055,Adidas,Underwear,Consignment,389.53,462.32,62745.0,14,8366,0.0019973684210526314,137.30263157894737,0.007915789473684211,929.5,0.8425549403010901,High Margin + Low Sell-through,Targeted Marketing / Control Inventory,Medium
2026-01-01,SKU00056,New Balance,Underwear,Buyout,490.16,1671.41,149512.5,63,7974,0.008810526315789474,130.8684210526316,0.004702631578947368,717.2819736842106,0.2932613781178765,Low Margin + High Sell-through,Traffic Driver / Control Discount,Medium
2026-01-01,SKU00057,Brand A,Accessories,Own Brand,4635.88,9212.92,322505.28,117,8244,0.01644736842105263,142.17105263157896,0.017578947368421055,555.6977631578948,0.5031933415247283,Low Margin + High Sell-through,Traffic Driver / Control Discount,Medium
2026-01-01,SKU00058,Skechers,Basketball Shoes,Consignment,1469.66,1768.46,294030.6,29,7845,0.0031986842105263154,127.84210526315789,0.004889473684210526,848.3421052631579,0.8310394354410052,High Margin + Low Sell-through,Targeted Marketing / Control Inventory,Medium
2026-01-01,SKU00059,Columbia,Outdoor Apparel,Buyout,3844.07,6998.69,900915.96,29,8282,0.003990789473684211,133.85526315789474,0.005672368421052632,852.8701315789473,0.549255646413829,High Margin + Low Sell-through,Targeted Marketing / Control Inventory,Medium
2026-01-01,SKU00060,Brand A,Outdoor Apparel,Own Brand,440.17,1484.71,721926.36,14,9676,0.0016723684210526314,123.36842105263158,0.0007763157894736842,912.3157894736842,0.2964686706494871,Low Margin + Low Sell-through,Clearance / Eliminate,High
2026-01-01,SKU00061,Brooks Brothers,Kids Apparel,Consignment,1214.01,1476.49,206405.68,35,8629,0.004427631578947369,136.18421052631578,0.007102631578947369,820.0701315789474,0.8222270384492952,High Margin + Low Sell-through,Targeted Marketing / Control Inventory,Medium
2026-01-01,SKU00062,Salomon,Training Shoes,Consignment,214.18,264.18,314413.68,8,8652,0.000793421052631579,127.92105263157895,0.0006223684210526316,963.0569736842106,0.8107351048527519,High Margin + Low Sell-through,Targeted Marketing / Control Inventory,Medium
2026-01-01,SKU00063,Puma,Kids Apparel,Buyout,3179.99,6956.45,287111.22000000003,113,8591,0.012996052631578948,139.75,0.011643421052631579,594.2393421052632,0.45712827663535277,Low Margin + High Sell-through,Traffic Driver / Control Discount,Medium
2026-01-01,SKU00064,Reebok Underwear,Training Shoes,Buyout,4523.82,10989.14,1309907.86,38,7699,0.005419736842105263,149.78947368421052,0.004571052631578947,813.0075,0.4116627870788797,Low Margin + Low Sell-through,Clearance / Eliminate,High
2026-01-01,SKU00065,Asics,Sportswear,Buyout,1318.1,2620.44,410888.27,26,8203,0.0037355263157894734,146.6315789473684,0.003888157894736842,871.0482894736842,0.5030071285738272,Low Margin + Low Sell-through,Clearance / Eliminate,High
2026-01-01,SKU00066,Hoka,Yoga Apparel,Buyout,3246.41,5198.57,748792.8,21,8055,0.0032223684210526318,132.9078947368421,0.0064263157894736845,897.3421052631579,0.6244813477552481,High Margin + Low Sell-through,Targeted Marketing / Control Inventory,Medium
2026-01-01,SKU00067,Cole Haan,Performance Apparel,Buyout,-1497.91,18228.59,2805897.36,75,10668,0.007825,297.36842105263156,-0.0006342105263157895,685.9543421052631,-0.08217366236225622,Low Margin + High Sell-through,Traffic Driver / Control Discount,Medium
2026-01-01,SKU00068,Brand B,Yoga Apparel,Own Brand,6340.19,11603.07,861326.7,56,9165,0.007397368421052632,129.98684210526315,0.009253947368421053,778.7736842105263,0.5464234896454128,High Margin + High Sell-through,Main Push / Monitor Inventory,Low
2026-01-01,SKU00069,Under Armour,Bags,Consignment,771.35,956.86,73129.14,42,8226,0.005763157894736842,296.75,0.01286842105263158,789.6122368421053,0.8061262880672199,High Margin + Low Sell-through,Targeted Marketing / Control Inventory,Medium
2026-01-01,SKU00070,Columbia,Bags,Consignment,670.76,820.75,440265.58,17,7927,0.002761842105263158,146.8684210526316,0.0021144736842105263,889.7894736842105,0.8172525129454767,High Margin + Low Sell-through,Targeted Marketing / Control Inventory,Medium
2026-01-01,SKU00071,Cole Haan,Kids Apparel,Buyout,9718.9,16707.7,684230.4,104,10182,0.01134078947368421,217.97368421052633,0.017257894736842107,619.083947368421,0.5817018500451887,High Margin + High Sell-through,Main Push / Monitor Inventory,Low
2026-01-01,SKU00072,Brand B,Training Shoes,Own Brand,-260.54,4163.92,1080883.6199999999,37,9039,0.0048328947368421055,287.9736842105263,-0.00029736842105263157,808.75,-0.06257084670214606,Low Margin + Low Sell-through,Clearance / Eliminate,High
2026-01-01,SKU00073,The North Face,Basketball Shoes,Consignment,287.45000000000005,345.02,266944.69,6,8191,0.000475,149.05263157894737,0.00075,970.9736842105264,0.8331401078198367,High Margin + Low Sell-through,Targeted Marketing / Control Inventory,Medium
2026-01-01,SKU00074,Champion,Outdoor Apparel,Buyout,7027.4,13406.2,1244025.47,40,7801,0.007423684210526316,134.77631578947367,0.008856578947368422,775.0701315789474,0.5241903000104429,High Margin + High Sell-through,Main Push / Monitor Inventory,Low
2026-01-01,SKU00075,Skechers,Training Shoes,Consignment,427.58,528.53,227735.4,18,8466,0.0026026315789473686,134.05263157894737,0.0024605263157894738,895.6973684210526,0.8089985431290561,High Margin + Low Sell-through,Targeted Marketing / Control Inventory,Medium
2026-01-01,SKU00076,Asics,Yoga Apparel,Buyout,4706.9,15816.18,791635.39,112,7981,0.014482894736842106,141.25,0.007273684210526315,581.3388157894736,0.29760030550992717,Low Margin + High Sell-through,Traffic Driver / Control Discount,Medium
2026-01-01,SKU00077,Lululemon,Kids Apparel,Buyout,1291.79,6888.03,1871942.28,26,8697,0.003503947368421053,123.02631578947368,0.0008526315789473684,873.3947368421053,0.18754128538929127,Low Margin + Low Sell-through,Clearance / Eliminate,High
2026-01-01,SKU00078,Champion,Accessories,Buyout,502.38,3656.94,823848.96,31,8096,0.0034315789473684214,129.42105263157896,0.000556578947368421,860.0605263157895,0.1373771513888661,Low Margin + Low Sell-through,Clearance / Eliminate,High
2026-01-01,SKU00079,Cole Haan,Performance Apparel,Buyout,5666.43,15608.82,1576765.26,61,9674,0.0072539473684210525,196.5,0.004389473684210526,725.7236842105264,0.36302744217692307,Low Margin + High Sell-through,Traffic Driver / Control Discount,Medium
2026-01-01,SKU00080,Nike,Sportswear,Consignment,5457.81,6611.21,408298.88,95,7864,0.012499999999999999,135.3684210526316,0.016092105263157897,588.9606578947369,0.8255387440423161,High Margin + High Sell-through,Main Push / Monitor Inventory,Low
2026-01-01,SKU00081,Reebok Underwear,Training Shoes,Consignment,4915.36,5976.93,244640.5,129,8021,0.017585526315789475,139.05263157894737,0.026428947368421052,552.5130263157895,0.8223887514158605,High Margin + High Sell-through,Main Push / Monitor Inventory,Low
2026-01-01,SKU00082,Brand B,Basketball Shoes,Own Brand,7085.25,12466.01,1749707.85,28,9105,0.003711842105263158,141.47368421052633,0.005323684210526316,867.543947368421,0.5683654994661483,High Margin + Low Sell-through,Targeted Marketing / Control Inventory,Medium
2026-01-01,SKU00083,Adidas,Underwear,Consignment,2867.13,3459.0099999999998,216928.41,100,8497,0.012382894736842107,131.92105263157896,0.015963157894736842,587.7872368421052,0.8288874562374784,High Margin + High Sell-through,Main Push / Monitor Inventory,Low
2026-01-01,SKU00084,Cole Haan,Kids Apparel,Buyout,3072.26,7562.36,316369.12,135,9512,0.014861842105263158,313.0657894736842,0.011838157894736842,483.69736842105266,0.40625677698496243,Low Margin + High Sell-through,Traffic Driver / Control Discount,Medium
2026-01-01,SKU00085,Brooks Brothers,Accessories,Buyout,1104.62,2893.52,492663.06,30,8262,0.0036263157894736845,131.76315789473685,0.0024749999999999998,837.9297368421053,0.38175647654068395,Low Margin + Low Sell-through,Clearance / Eliminate,High
2026-01-01,SKU00086,Brooks Brothers,Accessories,Buyout,989.76,1729.17,268757.93,21,7633,0.003263157894736842,133.4078947368421,0.004764473684210527,898.4035526315789,0.5723902218983674,High Margin + Low Sell-through,Targeted Marketing / Control Inventory,Medium
2026-01-01,SKU00087,The North Face,Underwear,Consignment,2546.52,3099.88,166851.81,81,8167,0.010060526315789473,139.89473684210526,0.017976315789473684,679.0361842105264,0.8214898641237725,High Margin + High Sell-through,Main Push / Monitor Inventory,Low
2026-01-01,SKU00088,The North Face,Performance Apparel,Buyout,1770.5,3367.55,488933.9,27,8266,0.003247368421052632,148.0921052631579,0.0040855263157894735,849.1578947368421,0.5257531439770753,High Margin + Low Sell-through,Targeted Marketing / Control Inventory,Medium
2026-01-01,SKU00089,Puma,Training Shoes,Buyout,4123.5599999999995,16719.96,1470104.85,72,8403,0.01059078947368421,127.67105263157895,0.004297368421052631,697.3710526315789,0.246624991925818,Low Margin + High Sell-through,Traffic Driver / Control Discount,Medium
2026-01-01,SKU00090,Cole Haan,Sportswear,Buyout,2025.06,3907.71,336480.9,55,9830,0.006573684210526316,210.81578947368422,0.007807894736842106,815.7702631578948,0.5182216694688193,High Margin + High Sell-through,Main Push / Monitor Inventory,Low
2026-01-01,SKU00091,Brand B,Outdoor Apparel,Own Brand,-836.5699999999999,13404.58,1580767.65,77,8547,0.010905263157894737,288.8157894736842,-0.0007605263157894736,672.0396052631579,-0.062409266086665895,Low Margin + High Sell-through,Traffic Driver / Control Discount,Medium
2026-01-01,SKU00092,Skechers,Accessories,Buyout,1440.94,3725.61,414157.2,47,8520,0.006718421052631579,130.81578947368422,0.0046421052631578945,789.8402631578947,0.3867661939923932,Low Margin + High Sell-through,Traffic Driver / Control Discount,Medium
2026-01-01,SKU00093,Columbia,Running Shoes,Consignment,3384.5099999999998,4064.33,214638.45,61,8467,0.006997368421052632,139.3421052631579,0.01715526315789474,722.6148684210526,0.8327350387394724,High Margin + High Sell-through,Main Push / Monitor Inventory,Low
2026-01-01,SKU00094,Cole Haan,Training Shoes,Buyout,2964.01,4563.94,589491.45,29,10685,0.0033171052631578947,208.32894736842104,0.006617105263157895,873.2842105263159,0.6494410531251508,High Margin + Low Sell-through,Targeted Marketing / Control Inventory,Medium
2026-01-01,SKU00095,Puma,Lifestyle Apparel,Consignment,2610.05,3159.7,386880.56,69,8228,0.009563157894736843,137.0,0.00899078947368421,723.2263157894737,0.8260436117352914,High Margin + High Sell-through,Main Push / Monitor Inventory,Low
2026-01-01,SKU00096,Reebok Underwear,Sportswear,Buyout,4335.77,20058.59,1155279.42,113,8303,0.013653947368421054,129.21052631578948,0.004321052631578948,565.7590789473685,0.21615527312737337,Low Margin + High Sell-through,Traffic Driver / Control Discount,Medium
2026-01-01,SKU00097,Nike,Lifestyle Apparel,Consignment,2978.36,3645.18,207743.16,117,7881,0.015351315789473685,140.85526315789474,0.017128947368421053,526.5142105263158,0.8170680185889312,High Margin + High Sell-through,Main Push / Monitor Inventory,Low
2026-01-01,SKU00098,Reebok Underwear,Bags,Consignment,3767.92,4511.75,164438.45,52,8041,0.007655263157894737,129.42105263157896,0.030693421052631578,728.5131578947369,0.8351349254723777,High Margin + High Sell-through,Main Push / Monitor Inventory,Low
2026-01-01,SKU00099,Adidas,Bags,Buyout,3103.0299999999997,5974.03,841968.6,30,8798,0.0044815789473684215,139.3815789473684,0.00545,855.3069736842106,0.5194198890865964,High Margin + Low Sell-through,Targeted Marketing / Control Inventory,Medium
2026-01-01,SKU00100,Brand B,Underwear,Own Brand,-824.6800000000001,7036.61,303804.03,237,9159,0.0279,302.9605263157895,-0.0036631578947368417,328.2042105263158,-0.11719848051831779,Low Margin + High Sell-through,Traffic Driver / Control Discount,Medium
2026-01-01,SKU00101,Brand B,Underwear,Own Brand,1338.83,3072.23,195382.0,81,9130,0.011451315789473684,133.69736842105263,0.010456578947368421,671.5701315789474,0.43578443020216584,Low Margin + High Sell-through,Traffic Driver / Control Discount,Medium
2026-01-01,SKU00102,Lululemon,Outdoor Apparel,Consignment,17592.31,21421.43,270261.25,159,8375,0.021097368421052632,128.22368421052633,0.083775,471.18,0.8212481613038906,High Margin + High Sell-through,Main Push / Monitor Inventory,Low
2026-01-01,SKU00103,Puma,Basketball Shoes,Buyout,8482.460000000001,14130.41,718813.7,63,8018,0.007801315789473684,126.44736842105263,0.013706578947368422,736.4905263157895,0.6002982220614972,High Margin + High Sell-through,Main Push / Monitor Inventory,Low
2026-01-01,SKU00104,The North Face,Outdoor Apparel,Consignment,219.26,276.86,284292.92,5,7988,0.0008776315789473686,132.57894736842104,0.0013236842105263157,972.7061842105263,0.7919526114281585,High Margin + Low Sell-through,Targeted Marketing / Control Inventory,Medium
2026-01-01,SKU00105,Nike,Performance Apparel,Buyout,13149.36,34051.92,944721.0599999999,168,7593,0.02383947368421053,127.59210526315789,0.018623684210526317,447.7940789473684,0.38615619912181165,Low Margin + High Sell-through,Traffic Driver / Control Discount,Medium
2026-01-01,SKU00106,Skechers,Training Shoes,Buyout,5072.97,12808.83,603240.8,99,7720,0.014560526315789473,300.2763157894737,0.011380263157894737,581.6343421052632,0.39605256686207874,Low Margin + High Sell-through,Traffic Driver / Control Discount,Medium
2026-01-01,SKU00107,New Balance,Kids Apparel,Buyout,1161.76,4611.6,451631.64,58,7593,0.008280263157894737,286.42105263157896,0.003126315789473684,722.8018421052632,0.25192124208517647,Low Margin + High Sell-through,Traffic Driver / Control Discount,Medium
2026-01-01,SKU00108,Brand A,Lifestyle Apparel,Own Brand,170.19,1363.33,823358.38,13,8971,0.0014618421052631579,298.5131578947368,0.00018289473684210525,929.171052631579,0.12483404604901235,Low Margin + Low Sell-through,Clearance / Eliminate,High
2026-01-01,SKU00109,Brooks Brothers,Sportswear,Buyout,5103.09,10613.52,536552.61,81,7887,0.013353947368421052,140.05263157894737,0.01428157894736842,660.3755263157894,0.48081032494403364,Low Margin + High Sell-through,Traffic Driver / Control Discount,Medium
2026-01-01,SKU00110,Nike,Underwear,Consignment,1096.18,1342.65,30361.32,71,8228,0.009355263157894738,141.6315789473684,0.045164473684210525,677.1886842105263,0.8164301940192902,High Margin + High Sell-through,Main Push / Monitor Inventory,Low
2026-01-01,SKU00111,Puma,Training Shoes,Buyout,11162.51,19115.56,412173.23,155,8033,0.02252763157894737,129.73684210526315,0.034881578947368416,425.8571052631579,0.5839488877124186,High Margin + High Sell-through,Main Push / Monitor Inventory,Low
2026-01-01,SKU00112,Nike,Sportswear,Consignment,3097.26,3801.2400000000002,114081.24,151,8463,0.018946052631578947,140.8421052631579,0.03306315789473684,461.6036842105263,0.81480253811914,High Margin + High Sell-through,Main Push / Monitor Inventory,Low
2026-01-01,SKU00113,Patagonia,Kids Apparel,Buyout,4028.49,26991.99,1312321.5,135,7715,0.02200394736842105,131.78947368421052,0.0045105263157894735,512.3140789473684,0.14924761012433688,Low Margin + High Sell-through,Traffic Driver / Control Discount,Medium
2026-01-01,SKU00114,Adidas,Performance Apparel,Buyout,3415.94,5278.94,337122.0,46,8324,0.0050671052631578945,141.01315789473685,0.01008421052631579,791.3026315789474,0.6470882411999379,High Margin + Low Sell-through,Targeted Marketing / Control Inventory,Medium
2026-01-01,SKU00115,Champion,Lifestyle Apparel,Buyout,1630.65,4429.29,465758.28,52,8654,0.007322368421052631,139.0921052631579,0.004538157894736842,742.6428947368421,0.3681515547638561,Low Margin + High Sell-through,Traffic Driver / Control Discount,Medium
2026-01-01,SKU00116,Columbia,Yoga Apparel,Buyout,1266.68,3905.12,361759.44,63,8638,0.007925,138.81578947368422,0.0042210526315789474,696.4825,0.32436391199246123,Low Margin + High Sell-through,Traffic Driver / Control Discount,Medium
2026-01-01,SKU00117,Cole Haan,Training Shoes,Buyout,1208.89,3370.95,601497.81,34,9459,0.0043092105263157895,216.52631578947367,0.002636842105263158,806.2105263157895,0.35861997359794723,Low Margin + Low Sell-through,Clearance / Eliminate,High
2026-01-01,SKU00118,Hoka,Basketball Shoes,Consignment,2891.37,3488.66,305753.18,40,7862,0.005206578947368421,146.02631578947367,0.011017105263157896,814.603552631579,0.8287909971163714,High Margin + Low Sell-through,Targeted Marketing / Control Inventory,Medium
2026-01-01,SKU00119,Columbia,Yoga Apparel,Buyout,1920.4299999999998,12781.43,1720599.6199999999,50,7921,0.009148684210526316,130.28947368421052,0.002364473684210526,749.7921052631579,0.1502515759191264,Low Margin + High Sell-through,Traffic Driver / Control Discount,Medium
2026-01-01,SKU00120,Skechers,Outdoor Apparel,Buyout,3655.37,24790.77,1537120.0,110,8000,0.01607236842105263,134.8684210526316,0.0025789473684210526,562.0447368421053,0.14744882873746962,Low Margin + High Sell-through,Traffic Driver / Control Discount,Medium
2026-01-01,SKU00121,Brooks Brothers,Yoga Apparel,Consignment,3912.35,4787.349999999999,136244.69,146,8773,0.01855,311.85526315789474,0.036207894736842106,499.95434210526315,0.8172266493989369,High Margin + High Sell-through,Main Push / Monitor Inventory,Low
2026-01-01,SKU00122,Champion,Basketball Shoes,Buyout,8445.14,20542.49,1162597.05,87,8361,0.01105921052631579,139.6578947368421,0.00874736842105263,628.3659210526315,0.41110595648336684,Low Margin + High Sell-through,Traffic Driver / Control Discount,Medium
2026-01-01,SKU00123,Brand A,Lifestyle Apparel,Own Brand,500.88,1554.74,316594.08,29,8712,0.0033986842105263155,137.31578947368422,0.0017828947368421055,890.3223684210526,0.3221631912731389,Low Margin + Low Sell-through,Clearance / Eliminate,High
2026-01-01,SKU00124,Patagonia,Running Shoes,Consignment,11181.41,13398.99,388088.82,174,7938,0.022786842105263157,116.35526315789474,0.03527368421052632,418.92092105263157,0.8344964807048889,High Margin + High Sell-through,Main Push / Monitor Inventory,Low
2026-01-01,SKU00125,Columbia,Running Shoes,Buyout,14914.41,26890.23,936344.75,102,7975,0.014018421052631581,131.89473684210526,0.019696052631578947,590.6657894736842,0.5546404772290903,High Margin + High Sell-through,Main Push / Monitor Inventory,Low
2026-01-01,SKU00126,Hoka,Basketball Shoes,Consignment,1823.93,2217.61,41785.92,69,7914,0.009581578947368422,131.82894736842104,0.05452763157894737,687.6890789473684,0.8224755479998738,High Margin + High Sell-through,Main Push / Monitor Inventory,Low
2026-01-01,SKU00127,Skechers,Kids Apparel,Buyout,-651.47,11378.21,994993.34,104,8602,0.01286578947368421,304.5263157894737,-0.0005565789473684211,618.0022368421053,-0.057255930414362194,Low Margin + High Sell-through,Traffic Driver / Control Discount,Medium
2026-01-01,SKU00128,Reebok Underwear,Kids Apparel,Consignment,110.76,137.8,37341.65,17,8545,0.0023894736842105264,133.69736842105263,0.004435526315789474,925.6236842105262,0.8037735849056603,High Margin + Low Sell-through,Targeted Marketing / Control Inventory,Medium
2026-01-01,SKU00129,Hoka,Training Shoes,Buyout,1630.58,4218.9800000000005,742353.12,30,8604,0.004530263157894737,134.6184210526316,0.003586842105263158,841.8184210526315,0.3864867811651157,Low Margin + Low Sell-through,Clearance / Eliminate,High
2026-01-01,SKU00130,Reebok Underwear,Performance Apparel,Consignment,1037.6200000000001,1254.75,159806.25,124,8523,0.016851315789473683,286.42105263157896,0.008734210526315789,544.5886842105263,0.8269535764096434,High Margin + High Sell-through,Main Push / Monitor Inventory,Low
2026-01-01,SKU00131,Cole Haan,Lifestyle Apparel,Buyout,789.08,2554.3599999999997,1590838.24,11,9913,0.0013973684210526315,202.5,0.0007342105263157895,947.8157894736842,0.30891495325639307,Low Margin + Low Sell-through,Clearance / Eliminate,High
2026-01-01,SKU00132,Columbia,Running Shoes,Buyout,627.38,1622.24,955065.6,9,8640,0.0015776315789473685,130.28947368421052,0.0009328947368421053,927.8947368421053,0.38673685767827204,Low Margin + Low Sell-through,Clearance / Eliminate,High
2026-01-01,SKU00133,Brooks Brothers,Performance Apparel,Buyout,9190.58,14377.28,406393.2,102,7992,0.013951315789473685,126.97368421052632,0.03072763157894737,643.3493421052632,0.6392433061051882,High Margin + High Sell-through,Main Push / Monitor Inventory,Low
2026-01-01,SKU00134,Reebok Underwear,Lifestyle Apparel,Buyout,2532.61,5855.16,525325.36,55,8696,0.006805263157894737,305.9342105263158,0.005801315789473685,720.359605263158,0.4325432609868902,Low Margin + High Sell-through,Traffic Driver / Control Discount,Medium
2026-01-01,SKU00135,Brand A,Sportswear,Own Brand,576.81,1314.69,499942.08,13,8808,0.0016407894736842107,141.23684210526315,0.0014605263157894735,924.1578947368421,0.43874221299317706,Low Margin + Low Sell-through,Clearance / Eliminate,High
2026-01-01,SKU00136,Patagonia,Sportswear,Buyout,852.25,6279.49,1038670.36,42,8038,0.00640921052631579,147.10526315789474,0.0010947368421052631,819.796052631579,0.13571962054243258,Low Margin + High Sell-through,Traffic Driver / Control Discount,Medium
2026-01-01,SKU00137,Nike,Running Shoes,Buyout,9203.75,24118.72,1791476.96,71,8528,0.0106,127.35526315789474,0.008197368421052632,683.4077631578947,0.38160192580700797,Low Margin + High Sell-through,Traffic Driver / Control Discount,Medium
2026-01-01,SKU00138,Columbia,Bags,Consignment,1153.73,1420.03,110984.37,64,8301,0.008160526315789474,133.96052631578948,0.012219736842105262,702.8360526315789,0.8124687506601973,High Margin + High Sell-through,Main Push / Monitor Inventory,Low
2026-01-01,SKU00139,Reebok Underwear,Basketball Shoes,Consignment,3918.41,4752.01,327692.0,90,7900,0.013338157894736843,137.69736842105263,0.016381578947368424,644.6552631578948,0.8245794937300216,High Margin + High Sell-through,Main Push / Monitor Inventory,Low
2026-01-01,SKU00140,Under Armour,Running Shoes,Consignment,2067.75,2518.99,208794.56,35,7576,0.004755263157894737,135.26315789473685,0.011482894736842105,819.3902631578948,0.8208647116503044,High Margin + Low Sell-through,Targeted Marketing / Control Inventory,Medium
2026-01-01,SKU00141,Under Armour,Training Shoes,Consignment,3295.05,3962.17,124906.32,58,8316,0.007871052631578947,140.8815789473684,0.03312894736842105,703.4122368421052,0.8316276181991182,High Margin + High Sell-through,Main Push / Monitor Inventory,Low
2026-01-01,SKU00142,Brand B,Basketball Shoes,Own Brand,-4433.28,7549.22,875776.96,125,9136,0.016919736842105265,298.61842105263156,-0.00695657894736842,557.9225,-0.5872500735175289,Low Margin + High Sell-through,Traffic Driver / Control Discount,Medium
2026-01-01,SKU00143,Brooks Brothers,Kids Apparel,Consignment,1598.27,1937.17,185156.4,71,8580,0.010464473684210527,140.07894736842104,0.012225,678.3323684210527,0.8250540737261056,High Margin + High Sell-through,Main Push / Monitor Inventory,Low
2026-01-01,SKU00144,New Balance,Outdoor Apparel,Buyout,1924.64,4368.8,591715.86,32,7747,0.004427631578947368,138.0921052631579,0.00419078947368421,851.2386842105263,0.44054202527009706,Low Margin + Low Sell-through,Clearance / Eliminate,High
2026-01-01,SKU00145,Brand A,Running Shoes,Own Brand,15154.92,48125.16,2226263.94,128,8643,0.016886842105263155,134.10526315789474,0.008830263157894737,541.2126315789474,0.31490638160995205,Low Margin + High Sell-through,Traffic Driver / Control Discount,Medium
2026-01-01,SKU00146,Fila,Outdoor Apparel,Buyout,3396.83,7588.15,1205752.95,28,8055,0.0038776315789473687,136.5921052631579,0.0033855263157894742,876.2894736842105,0.44764929528277647,Low Margin + Low Sell-through,Clearance / Eliminate,High
2026-01-01,SKU00147,Asics,Underwear,Buyout,773.65,1875.25,309219.12,30,8421,0.004289473684210526,288.63157894736844,0.0034434210526315787,840.9868421052631,0.41255832555659244,Low Margin + Low Sell-through,Clearance / Eliminate,High
2026-01-01,SKU00148,Brooks Brothers,Training Shoes,Buyout,15548.3,24912.58,783312.06,94,7863,0.013550000000000001,136.0,0.025392105263157893,606.0178947368421,0.624114403245268,High Margin + High Sell-through,Main Push / Monitor Inventory,Low
2026-01-01,SKU00149,Cole Haan,Sportswear,Buyout,8326.74,15238.74,593740.8,120,10308,0.01465,314.69736842105266,0.021285526315789473,557.19,0.5464191921379327,High Margin + High Sell-through,Main Push / Monitor Inventory,Low
2026-01-01,SKU00150,Columbia,Lifestyle Apparel,Buyout,1485.58,5398.06,854773.92,38,8302,0.004728947368421052,140.98684210526315,0.001886842105263158,824.5631578947368,0.2752062778109172,Low Margin + Low Sell-through,Clearance / Eliminate,High
2026-01-01,SKU00151,Champion,Performance Apparel,Consignment,1120.56,1377.3,246150.5,32,7765,0.004577631578947368,130.01315789473685,0.005564473684210526,870.0342105263159,0.813591810063167,High Margin + Low Sell-through,Targeted Marketing / Control Inventory,Medium
2026-01-01,SKU00152,Brand A,Performance Apparel,Own Brand,7108.14,14259.48,1487989.53,42,8739,0.004846052631578948,136.8684210526316,0.005026315789473684,760.7377631578947,0.4984852182548032,Low Margin + Low Sell-through,Clearance / Eliminate,High
2026-01-01,SKU00153,Brand B,Sportswear,Own Brand,13027.49,31952.71,1689673.04,103,9196,0.012042105263157896,136.52631578947367,0.009126315789473684,630.9806578947369,0.40771158377489736,Low Margin + High Sell-through,Traffic Driver / Control Discount,Medium
2026-01-01,SKU00154,Brand A,Underwear,Own Brand,2700.0299999999997,7379.33,588245.7,73,9177,0.007917105263157895,145.35526315789474,0.005119736842105263,691.021052631579,0.36589094131852073,Low Margin + High Sell-through,Traffic Driver / Control Discount,Medium
2026-01-01,SKU00155,Brand A,Outdoor Apparel,Own Brand,3108.47,14417.39,3877344.0,28,9600,0.0032223684210526318,130.94736842105263,0.0009671052631578947,846.2411842105263,0.21560559851679117,Low Margin + Low Sell-through,Clearance / Eliminate,High
2026-01-01,SKU00156,The North Face,Lifestyle Apparel,Buyout,8156.59,15698.89,617819.8,93,7618,0.012325,136.97368421052633,0.015221052631578948,604.415,0.519564759037104,High Margin + High Sell-through,Main Push / Monitor Inventory,Low
2026-01-01,SKU00157,Brand A,Accessories,Own Brand,1561.23,5262.51,715580.8,48,9280,0.007026315789473684,140.23684210526315,0.003788157894736842,754.1588157894737,0.29667022010409483,Low Margin + High Sell-through,Traffic Driver / Control Discount,Medium
2026-01-01,SKU00158,Cole Haan,Bags,Buyout,2779.29,5474.33,865950.04,32,10282,0.0033394736842105267,298.7894736842105,0.0038736842105263156,871.3727631578947,0.5076950055988587,High Margin + Low Sell-through,Targeted Marketing / Control Inventory,Medium
2026-01-01,SKU00159,Lululemon,Training Shoes,Consignment,2863.3,3445.54,565269.78,52,8171,0.008071052631578946,306.8421052631579,0.007423684210526316,751.890394736842,0.8310163283549169,High Margin + High Sell-through,Main Push / Monitor Inventory,Low
2026-01-01,SKU00160,Champion,Bags,Consignment,1469.8799999999999,1796.54,130131.3,57,7930,0.00955921052631579,296.7631578947368,0.01643421052631579,725.8157894736842,0.8181727097643247,High Margin + High Sell-through,Main Push / Monitor Inventory,Low
2026-01-01,SKU00161,New Balance,Outdoor Apparel,Consignment,842.05,1018.14,81877.44,65,8304,0.00913421052631579,149.0,0.013330263157894739,709.171052631579,0.8270473608737502,High Margin + High Sell-through,Main Push / Monitor Inventory,Low
2026-01-01,SKU00162,Champion,Underwear,Buyout,1643.32,4073.44,248535.0,77,7875,0.010232894736842104,135.42105263157896,0.008192105263157895,734.9801315789473,0.403423150948584,Low Margin + High Sell-through,Traffic Driver / Control Discount,Medium
2026-01-01,SKU00163,Adidas,Outdoor Apparel,Consignment,2873.92,3459.14,613989.12,40,8128,0.004839473684210526,131.73684210526315,0.005026315789473684,822.5315789473684,0.8308192209624358,High Margin + Low Sell-through,Targeted Marketing / Control Inventory,Medium
2026-01-01,SKU00164,Adidas,Underwear,Buyout,3574.21,9797.57,740762.88,68,8094,0.009389473684210526,144.78947368421052,0.00613421052631579,670.7447368421052,0.36480576306165713,Low Margin + High Sell-through,Traffic Driver / Control Discount,Medium
2026-01-01,SKU00165,Brand B,Underwear,Own Brand,-4049.57,5222.35,1039227.7,84,9415,0.011886842105263157,306.5921052631579,-0.006097368421052632,661.7753947368421,-0.7754306011661417,Low Margin + High Sell-through,Traffic Driver / Control Discount,Medium
2026-01-01,SKU00166,Brooks Brothers,Underwear,Buyout,625.24,1031.99,137448.96,25,8448,0.003932894736842105,141.72368421052633,0.00715,902.7398684210526,0.6058585839010068,High Margin + Low Sell-through,Targeted Marketing / Control Inventory,Medium
2026-01-01,SKU00167,Brand B,Yoga Apparel,Own Brand,3807.03,16972.14,1945301.73,63,9309,0.006414473684210526,129.47368421052633,0.0021657894736842103,734.3956578947368,0.224310546578098,Low Margin + High Sell-through,Traffic Driver / Control Discount,Medium
2026-01-01,SKU00168,Cole Haan,Sportswear,Buyout,185.19,307.09,121375.83,10,9957,0.001119736842105263,199.92105263157896,0.0019789473684210528,949.5701315789474,0.6030479663942168,High Margin + Low Sell-through,Targeted Marketing / Control Inventory,Medium
2026-01-01,SKU00169,Brand A,Basketball Shoes,Own Brand,7409.35,20966.95,700024.08,180,9294,0.022063157894736844,124.76315789473684,0.013865789473684212,439.56144736842106,0.35338234697941284,Low Margin + High Sell-through,Traffic Driver / Control Discount,Medium
2026-01-01,SKU00170,Nike,Lifestyle Apparel,Buyout,6583.97,11449.25,811285.44,48,8004,0.006467105263157895,135.82894736842104,0.00971842105263158,745.9456578947369,0.5750568814551171,High Margin + High Sell-through,Main Push / Monitor Inventory,Low
2026-01-01,SKU00171,Brooks Brothers,Sportswear,Consignment,1605.07,1958.46,44231.11,74,8393,0.010389473684210527,140.6184210526316,0.050119736842105266,719.3667105263158,0.8195572031085648,High Margin + High Sell-through,Main Push / Monitor Inventory,Low
2026-01-01,SKU00172,Nike,Running Shoes,Consignment,2267.58,2741.57,325032.4,43,8540,0.005535526315789474,139.57894736842104,0.008819736842105264,816.2342105263158,0.8271100136053429,High Margin + Low Sell-through,Targeted Marketing / Control Inventory,Medium
2026-01-01,SKU00173,Champion,Bags,Buyout,2351.21,4231.54,274560.05,59,8615,0.008301315789473684,137.3421052631579,0.010848684210526316,709.1455263157894,0.5556393180733256,High Margin + High Sell-through,Main Push / Monitor Inventory,Low
2026-01-01,SKU00174,Nike,Yoga Apparel,Consignment,817.84,1019.34,81594.48,64,8184,0.00849078947368421,112.85526315789474,0.012465789473684211,708.1086842105263,0.8023230717915514,High Margin + High Sell-through,Main Push / Monitor Inventory,Low
2026-01-01,SKU00175,Under Armour,Sportswear,Consignment,439.99,537.89,34396.32,38,8472,0.0050157894736842104,134.64473684210526,0.016123684210526318,841.2569736842105,0.8179925263529718,High Margin + Low Sell-through,Targeted Marketing / Control Inventory,Medium
2026-01-01,SKU00176,Salomon,Underwear,Buyout,715.75,5916.55,966994.2,44,8181,0.005968421052631579,140.1184210526316,0.001106578947368421,785.76,0.1209742163929993,Low Margin + Low Sell-through,Clearance / Eliminate,High
2026-01-01,SKU00177,Brooks Brothers,Lifestyle Apparel,Buyout,1056.91,2020.18,661241.07,11,7551,0.002738157894736842,129.53947368421052,0.003467105263157895,935.0947368421052,0.5231761526200636,High Margin + Low Sell-through,Targeted Marketing / Control Inventory,Medium
2026-01-01,SKU00178,Puma,Training Shoes,Buyout,12659.62,41625.4,1253134.08,179,7744,0.024164473684210527,133.67105263157896,0.012390789473684211,405.8459210526316,0.3041320924243371,Low Margin + High Sell-through,Traffic Driver / Control Discount,Medium
2026-01-01,SKU00179,Brooks Brothers,Kids Apparel,Buyout,1344.66,2070.84,148010.38,39,7949,0.005172368421052631,137.30263157894737,0.010444736842105264,809.5263157894736,0.6493307063800197,High Margin + Low Sell-through,Targeted Marketing / Control Inventory,Medium
2026-01-01,SKU00180,Skechers,Underwear,Consignment,1214.22,1462.03,202143.81,38,7887,0.00433421052631579,138.71052631578948,0.005909210526315789,818.5921052631579,0.8305027940603135,High Margin + Low Sell-through,Targeted Marketing / Control Inventory,Medium
2026-01-01,SKU00181,Brand A,Training Shoes,Own Brand,24621.68,74023.76,2584239.84,174,9102,0.02035,132.05263157894737,0.011789473684210527,442.7621052631579,0.332618607863205,Low Margin + High Sell-through,Traffic Driver / Control Discount,Medium
2026-01-01,SKU00182,The North Face,Basketball Shoes,Buyout,3495.07,20169.63,2082756.76,64,7994,0.009548684210526315,124.28947368421052,0.002455263157894737,720.8614473684211,0.1732837935053841,Low Margin + High Sell-through,Traffic Driver / Control Discount,Medium
2026-01-01,SKU00183,Adidas,Bags,Consignment,2589.12,3135.07,133118.3,88,7762,0.012260526315789473,142.17105263157896,0.024081578947368423,623.7975,0.825857157894401,High Margin + High Sell-through,Main Push / Monitor Inventory,Low
2026-01-01,SKU00184,The North Face,Kids Apparel,Buyout,893.73,3801.25,1753026.88,14,8441,0.001756578947368421,133.4078947368421,0.0006776315789473684,915.1667105263158,0.2351147648799737,Low Margin + Low Sell-through,Clearance / Eliminate,High
2026-01-01,SKU00185,Adidas,Outdoor Apparel,Buyout,763.48,6534.63,865567.57,55,8249,0.008193421052631579,316.1842105263158,0.0011223684210526317,735.8097368421053,0.11683599530501344,Low Margin + High Sell-through,Traffic Driver / Control Discount,Medium
2026-01-01,SKU00186,New Balance,Sportswear,Consignment,239.52,278.59,126263.69,10,8183,0.0010355263157894737,142.94736842105263,0.0017210526315789474,952.1534210526316,0.8597580674108907,High Margin + Low Sell-through,Targeted Marketing / Control Inventory,Medium
2026-01-01,SKU00187,New Balance,Sportswear,Consignment,1037.38,1262.94,80890.7,21,8305,0.003473684210526316,134.5,0.018392105263157894,896.5751315789474,0.821400858314726,High Margin + Low Sell-through,Targeted Marketing / Control Inventory,Medium
2026-01-01,SKU00188,Brand B,Basketball Shoes,Own Brand,311.72,41979.32,1489135.92,260,9292,0.03079210526315789,306.10526315789474,0.00017500000000000003,291.0005263157895,0.007425560966685502,Low Margin + High Sell-through,Traffic Driver / Control Discount,Medium
2026-01-01,SKU00189,Salomon,Basketball Shoes,Buyout,1478.55,3620.54,787693.54,23,8458,0.0031013157894736847,132.80263157894737,0.002268421052631579,861.0526315789474,0.40837830820816784,Low Margin + Low Sell-through,Clearance / Eliminate,High
2026-01-01,SKU00190,Reebok Underwear,Running Shoes,Buyout,3596.85,18197.19,2157829.56,58,8572,0.007925000000000001,129.96052631578948,0.0021486842105263157,733.3332894736842,0.19765963865849617,Low Margin + High Sell-through,Traffic Driver / Control Discount,Medium
2026-01-01,SKU00191,Under Armour,Basketball Shoes,Consignment,1360.6200000000001,1695.25,252972.94,25,7898,0.0036539473684210526,149.53947368421052,0.007413157894736842,892.761447368421,0.8026072850612005,High Margin + Low Sell-through,Targeted Marketing / Control Inventory,Medium
2026-01-01,SKU00192,Brand B,Training Shoes,Own Brand,2465.54,5374.49,619944.6,43,9164,0.005047368421052631,130.52631578947367,0.004930263157894737,831.1803947368421,0.45874864405738963,Low Margin + Low Sell-through,Clearance / Eliminate,High
2026-01-01,SKU00193,Salomon,Running Shoes,Buyout,7286.59,60911.229999999996,1791364.48,249,8318,0.03368552631578947,139.46052631578948,0.00534078947368421,343.6018421052632,0.11962638088247439,Low Margin + High Sell-through,Traffic Driver / Control Discount,Medium
2026-01-01,SKU00194,Puma,Kids Apparel,Buyout,2346.96,5189.52,389532.24,56,7674,0.008971052631578947,138.6315789473684,0.008725,762.5411842105262,0.4522499190676594,Low Margin + High Sell-through,Traffic Driver / Control Discount,Medium
2026-01-01,SKU00195,Brooks Brothers,Bags,Buyout,2746.21,4593.01,1013031.36,15,8228,0.0016697368421052633,142.81578947368422,0.0029078947368421054,914.5877631578948,0.5979107382740294,High Margin + Low Sell-through,Targeted Marketing / Control Inventory,Medium
2026-01-01,SKU00196,Asics,Accessories,Consignment,542.28,652.76,38630.08,80,7916,0.010878947368421052,132.19736842105263,0.017588157894736844,661.1071052631579,0.8307494331760524,High Margin + High Sell-through,Main Push / Monitor Inventory,Low
2026-01-01,SKU00197,Adidas,Sportswear,Consignment,1432.26,1743.73,76239.0,104,7740,0.013521052631578948,141.5921052631579,0.022028947368421054,602.9044736842105,0.82137716274882,High Margin + High Sell-through,Main Push / Monitor Inventory,Low
2026-01-01,SKU00198,Adidas,Running Shoes,Consignment,4615.96,5681.72,353065.44,105,8083,0.015580263157894736,294.89473684210526,0.019069736842105264,606.5836842105264,0.812422998669417,High Margin + High Sell-through,Main Push / Monitor Inventory,Low
2026-01-01,SKU00199,Patagonia,Accessories,Buyout,1443.32,2625.97,284444.22,35,8418,0.004628947368421053,123.64473684210526,0.006856578947368421,809.8332894736842,0.5496330879636858,High Margin + Low Sell-through,Targeted Marketing / Control Inventory,Medium
2026-01-01,SKU00200,Nike,Basketball Shoes,Buyout,5504.31,11727.34,1429615.0,37,8500,0.0047526315789473686,136.69736842105263,0.004838157894736842,785.5307894736842,0.4693570750059263,Low Margin + Low Sell-through,Clearance / Eliminate,High
2026-01-01,SKU00201,Brooks Brothers,Underwear,Buyout,341.06,561.86,76396.8,24,8304,0.003935526315789474,139.73684210526315,0.007282894736842105,878.5877631578948,0.6070195422347204,High Margin + Low Sell-through,Targeted Marketing / Control Inventory,Medium
2026-01-01,SKU00202,Reebok Underwear,Outdoor Apparel,Buyout,1399.19,2877.59,725894.4,16,7856,0.0019776315789473684,129.14473684210526,0.002125,905.4298684210526,0.4862367467220834,Low Margin + Low Sell-through,Clearance / Eliminate,High
2026-01-01,SKU00203,Under Armour,Outdoor Apparel,Buyout,3725.79,11333.53,1185875.88,49,7638,0.006534210526315789,123.5,0.0035328947368421055,759.7394736842105,0.3287404718565178,Low Margin + High Sell-through,Traffic Driver / Control Discount,Medium
2026-01-01,SKU00204,Skechers,Accessories,Buyout,2076.71,3921.52,522497.8,31,8780,0.003992105263157895,129.35526315789474,0.005130263157894737,831.9078947368421,0.5295676166384463,High Margin + Low Sell-through,Targeted Marketing / Control Inventory,Medium
2026-01-01,SKU00205,On Running,Sportswear,Consignment,165.93,203.47,20443.59,19,8413,0.002411842105263158,141.03947368421052,0.009627631578947369,893.2894736842105,0.8155010566668305,High Margin + Low Sell-through,Targeted Marketing / Control Inventory,Medium
2026-01-01,SKU00206,Skechers,Running Shoes,Buyout,5929.4,11679.98,733198.95,66,8415,0.008427631578947369,315.60526315789474,0.010030263157894737,729.1456578947368,0.5076549788612652,Low Margin + High Sell-through,Traffic Driver / Control Discount,Medium
2026-01-01,SKU00207,Patagonia,Sportswear,Buyout,1115.69,1956.49,178733.06,40,8503,0.004619736842105263,135.07894736842104,0.006910526315789474,811.7223684210527,0.5702508062908577,High Margin + Low Sell-through,Targeted Marketing / Control Inventory,Medium
2026-01-01,SKU00208,Adidas,Training Shoes,Consignment,3598.12,4324.96,317395.82,40,8011,0.006323684210526316,124.07894736842105,0.016569736842105266,801.9843421052632,0.8319429543857053,High Margin + Low Sell-through,Targeted Marketing / Control Inventory,Medium
2026-01-01,SKU00209,Skechers,Yoga Apparel,Consignment,2280.0299999999997,2754.41,96437.0,53,7970,0.007230263157894737,124.10526315789474,0.029089473684210526,756.8167105263158,0.827774369102639,High Margin + High Sell-through,Main Push / Monitor Inventory,Low
2026-01-01,SKU00210,Asics,Yoga Apparel,Consignment,293.33,363.54,49266.65,29,8845,0.004059210526315789,124.72368421052632,0.008105263157894737,873.4298684210526,0.8068713209000384,High Margin + Low Sell-through,Targeted Marketing / Control Inventory,Medium
2026-01-01,SKU00211,Cole Haan,Lifestyle Apparel,Buyout,7043.77,10467.04,644220.66,53,9974,0.005944736842105263,205.18421052631578,0.013601315789473685,768.4515789473684,0.6729476528225745,High Margin + Low Sell-through,Targeted Marketing / Control Inventory,Medium
2026-01-01,SKU00212,Lululemon,Basketball Shoes,Buyout,1870.18,4545.64,653835.21,34,8309,0.004917105263157895,144.10526315789474,0.004006578947368421,832.0175,0.41142281394919084,Low Margin + Low Sell-through,Clearance / Eliminate,High
2026-01-01,SKU00213,Adidas,Lifestyle Apparel,Consignment,3942.01,4776.3,193537.56,98,8422,0.011625,132.92105263157896,0.022626315789473685,619.1605263157894,0.8253271360676675,High Margin + High Sell-through,Main Push / Monitor Inventory,Low
2026-01-01,SKU00214,Skechers,Bags,Consignment,1362.69,1668.67,250021.2,40,8184,0.0062578947368421055,132.80263157894737,0.007907894736842105,790.5569736842106,0.8166324078457694,High Margin + Low Sell-through,Targeted Marketing / Control Inventory,Medium
2026-01-01,SKU00215,Brand A,Underwear,Own Brand,1886.93,8050.58,1298886.51,45,9483,0.004760526315789474,127.6842105263158,0.001638157894736842,825.578947368421,0.2343843549160433,Low Margin + Low Sell-through,Clearance / Eliminate,High
2026-01-01,SKU00216,Columbia,Training Shoes,Buyout,5787.25,9497.05,559767.6,54,8148,0.007251315789473685,307.0657894736842,0.012484210526315789,754.5035526315789,0.609373437014652,High Margin + High Sell-through,Main Push / Monitor Inventory,Low
2026-01-01,SKU00217,Nike,Underwear,Consignment,2502.67,3046.92,221153.26,169,8089,0.022475,292.63157894736844,0.014425,397.428947368421,0.8213769970987095,High Margin + High Sell-through,Main Push / Monitor Inventory,Low
2026-01-01,SKU00218,Nike,Yoga Apparel,Consignment,659.64,795.53,87717.0,13,8354,0.0017407894736842105,137.8421052631579,0.009742105263157894,917.1973684210526,0.829183060349704,High Margin + Low Sell-through,Targeted Marketing / Control Inventory,Medium
2026-01-01,SKU00219,Adidas,Lifestyle Apparel,Buyout,4339.43,9520.130000000001,1305092.34,35,8817,0.004414473684210526,140.48684210526315,0.0040710526315789475,806.0176315789473,0.45581625460996855,Low Margin + Low Sell-through,Clearance / Eliminate,High
2026-01-01,SKU00220,Nike,Accessories,Consignment,344.47,419.23,46165.6,36,8878,0.004751315789473684,141.9078947368421,0.009907894736842105,809.1930263157894,0.8216730672900318,High Margin + Low Sell-through,Targeted Marketing / Control Inventory,Medium
2026-01-01,SKU00221,On Running,Accessories,Consignment,1014.21,1231.68,273764.34,42,8311,0.006078947368421053,123.55263157894737,0.005148684210526316,799.9911842105263,0.8234362821512081,High Margin + Low Sell-through,Targeted Marketing / Control Inventory,Medium
2026-01-01,SKU00222,Reebok Underwear,Training Shoes,Consignment,549.67,653.52,327387.84,18,8508,0.0016947368421052632,127.17105263157895,0.0014539473684210527,918.4736842105264,0.8410913208471049,High Margin + Low Sell-through,Targeted Marketing / Control Inventory,Medium
2026-01-01,SKU00223,Brand A,Basketball Shoes,Own Brand,3508.1,15218.26,1868397.85,56,8935,0.006602631578947369,133.47368421052633,0.0022276315789473687,757.2850000000001,0.23051912636530061,Low Margin + High Sell-through,Traffic Driver / Control Discount,Medium
2026-01-01,SKU00224,Under Armour,Accessories,Buyout,71.14,461.12,83677.06,37,7939,0.004955263157894737,306.67105263157896,0.0011684210526315788,829.3298684210527,0.1542765440666204,Low Margin + Low Sell-through,Clearance / Eliminate,High
2026-01-01,SKU00225,Champion,Performance Apparel,Buyout,5524.62,17036.22,1775392.8,53,8174,0.007506578947368421,121.28947368421052,0.0040013157894736836,726.9676315789474,0.3242867255764483,Low Margin + High Sell-through,Traffic Driver / Control Discount,Medium
2026-01-01,SKU00226,Brand B,Basketball Shoes,Own Brand,18766.96,59048.36,2454130.5,146,8895,0.016507894736842103,152.6184210526316,0.008609210526315789,473.4036842105263,0.31782356021403474,Low Margin + High Sell-through,Traffic Driver / Control Discount,Medium
2026-01-01,SKU00227,Champion,Kids Apparel,Buyout,454.46000000000004,2802.54,351583.05,56,8385,0.0074631578947368426,141.96052631578948,0.001543421052631579,719.9148684210526,0.16216004053465785,Low Margin + High Sell-through,Traffic Driver / Control Discount,Medium
2026-01-01,SKU00228,Cole Haan,Accessories,Buyout,180.56,1252.1200000000001,247306.08,43,9924,0.004751315789473684,199.06578947368422,0.0007473684210526317,790.188552631579,0.14420343098105612,Low Margin + Low Sell-through,Clearance / Eliminate,High
2026-01-01,SKU00229,Brand B,Training Shoes,Own Brand,-5863.71,18701.95,2301401.27,98,9181,0.012107894736842106,293.4078947368421,-0.0034157894736842106,574.9840789473684,-0.31353468488580066,Low Margin + High Sell-through,Traffic Driver / Control Discount,Medium
2026-01-01,SKU00230,Salomon,Yoga Apparel,Consignment,1559.5,1897.2,102630.33,62,8217,0.00839342105263158,306.5263157894737,0.01962763157894737,715.286052631579,0.8220008433480919,High Margin + High Sell-through,Main Push / Monitor Inventory,Low
2026-01-01,SKU00231,Puma,Basketball Shoes,Buyout,1718.58,8875.2,1068059.27,54,8059,0.009023684210526316,129.1315789473684,0.0029092105263157897,784.9588157894738,0.19363845321795561,Low Margin + High Sell-through,Traffic Driver / Control Discount,Medium
2026-01-01,SKU00232,Reebok Underwear,Sportswear,Consignment,3015.89,3662.08,210736.44,104,8737,0.012014473684210526,132.6184210526316,0.01600921052631579,595.2267105263159,0.823545635267389,High Margin + High Sell-through,Main Push / Monitor Inventory,Low
2026-01-01,SKU00233,Brand A,Bags,Own Brand,10194.14,21511.49,1869626.22,55,9086,0.007830263157894736,138.3684210526316,0.007777631578947369,771.0484210526316,0.47389278938836865,Low Margin + High Sell-through,Traffic Driver / Control Discount,Medium
2026-01-01,SKU00234,New Balance,Accessories,Buyout,297.51,1064.32,581451.11,11,8341,0.0012289473684210525,138.72368421052633,0.0005131578947368421,934.328947368421,0.27953059230306676,Low Margin + Low Sell-through,Clearance / Eliminate,High
2026-01-01,SKU00235,Brand B,Underwear,Own Brand,504.9,2312.6800000000003,485016.74,34,9122,0.00394078947368421,143.55263157894737,0.0012578947368421054,836.6535526315789,0.2183181417230226,Low Margin + Low Sell-through,Clearance / Eliminate,High
2026-01-01,SKU00236,Adidas,Kids Apparel,Consignment,566.08,696.17,64474.02,23,8406,0.0032236842105263157,138.17105263157896,0.011525,879.6377631578947,0.8131347228406856,High Margin + Low Sell-through,Targeted Marketing / Control Inventory,Medium
2026-01-01,SKU00237,Puma,Yoga Apparel,Consignment,3114.63,3782.92,83891.43,148,7833,0.020457894736842105,137.93421052631578,0.04497368421052632,442.46539473684214,0.8233401710847705,High Margin + High Sell-through,Main Push / Monitor Inventory,Low
2026-01-01,SKU00238,Puma,Lifestyle Apparel,Consignment,889.37,1063.22,71105.48,93,7831,0.014210526315789474,131.1315789473684,0.016840789473684212,629.2967105263158,0.8364872745057467,High Margin + High Sell-through,Main Push / Monitor Inventory,Low
2026-01-01,SKU00239,On Running,Lifestyle Apparel,Consignment,785.41,964.69,158103.0,36,7985,0.004777631578947368,137.97368421052633,0.00579078947368421,812.5718421052632,0.8141579160144709,High Margin + Low Sell-through,Targeted Marketing / Control Inventory,Medium
2026-01-01,SKU00240,Columbia,Bags,Buyout,177.57,1222.83,506486.54,18,8722,0.0019657894736842107,138.1184210526316,0.00040526315789473684,903.4078947368421,0.14521233532052696,Low Margin + Low Sell-through,Clearance / Eliminate,High
2026-01-01,SKU00241,Reebok Underwear,Performance Apparel,Buyout,2192.44,6066.84,402937.6,80,8320,0.010581578947368421,123.82894736842105,0.007486842105263157,656.5481578947368,0.3613808836231053,Low Margin + High Sell-through,Traffic Driver / Control Discount,Medium
2026-01-01,SKU00242,Skechers,Basketball Shoes,Buyout,848.5400000000001,14292.74,1358984.55,84,8491,0.008867105263157893,295.69736842105266,0.0005828947368421053,684.5473684210526,0.05936860252128004,Low Margin + High Sell-through,Traffic Driver / Control Discount,Medium
2026-01-01,SKU00243,Brand B,Accessories,Own Brand,1295.9,7043.68,900745.32,59,9246,0.006928947368421052,138.02631578947367,0.0017118421052631579,736.1271052631579,0.1839805329032551,Low Margin + High Sell-through,Traffic Driver / Control Discount,Medium
2026-01-01,SKU00244,Reebok Underwear,Underwear,Consignment,881.07,1083.37,59362.8,57,8022,0.010003947368421051,131.25,0.023136842105263157,736.8394736842106,0.8132678586263236,High Margin + High Sell-through,Main Push / Monitor Inventory,Low
2026-01-01,SKU00245,Brand A,Kids Apparel,Own Brand,1072.3,2230.54,297119.04,38,9748,0.003919736842105263,151.82894736842104,0.004092105263157894,808.0263157894736,0.48073560662440484,Low Margin + Low Sell-through,Clearance / Eliminate,High
2026-01-01,SKU00246,Reebok Underwear,Accessories,Buyout,384.29,2993.86,369408.96,59,8352,0.00791842105263158,121.07894736842105,0.0012697368421052632,714.618552631579,0.1283593755219015,Low Margin + High Sell-through,Traffic Driver / Control Discount,Medium
2026-01-01,SKU00247,Cole Haan,Lifestyle Apparel,Buyout,352.76,2176.91,1227774.56,15,10096,0.0015842105263157895,212.78947368421052,0.00030526315789473684,916.9298684210526,0.1620462031044003,Low Margin + Low Sell-through,Clearance / Eliminate,High
2026-01-01,SKU00248,Adidas,Kids Apparel,Buyout,16.410000000000004,1730.01,253276.2,56,8277,0.006793421052631579,308.9078947368421,-5.263157894736839e-06,737.7560526315789,0.009485494303501138,Low Margin + High Sell-through,Traffic Driver / Control Discount,Medium
2026-01-01,SKU00249,Brooks Brothers,Running Shoes,Buyout,2059.12,4807.68,491465.92,47,8404,0.005990789473684211,140.77631578947367,0.005061842105263158,778.2578947368421,0.42829805644302443,Low Margin + Low Sell-through,Clearance / Eliminate,High
2026-01-01,SKU00250,Under Armour,Running Shoes,Buyout,1882.26,7866.9,502522.74,96,8061,0.013378947368421051,142.27631578947367,0.005310526315789474,526.1009210526315,0.2392632421919689,Low Margin + High Sell-through,Traffic Driver / Control Discount,Medium
2026-01-01,SKU00251,Nike,Bags,Consignment,5356.75,6514.38,259988.48,114,8704,0.014326315789473684,151.60526315789474,0.02614605263157895,547.5323684210526,0.8222962123793822,High Margin + High Sell-through,Main Push / Monitor Inventory,Low
2026-01-01,SKU00252,Asics,Training Shoes,Consignment,8091.23,9769.55,343345.2,156,8140,0.021057894736842105,135.77631578947367,0.03023815789473684,443.34039473684214,0.828209078207287,High Margin + High Sell-through,Main Push / Monitor Inventory,Low
2026-01-01,SKU00253,Asics,Sportswear,Consignment,9197.28,11154.3,360080.97,206,8341,0.025198684210526318,143.30263157894737,0.030444736842105264,351.98355263157896,0.8245501734757,High Margin + High Sell-through,Main Push / Monitor Inventory,Low
2026-01-01,SKU00254,Fila,Lifestyle Apparel,Consignment,1702.25,2044.27,78343.74,134,7377,0.019264473684210526,134.07894736842104,0.026267105263157894,524.2530263157895,0.8326933330724415,High Margin + High Sell-through,Main Push / Monitor Inventory,Low
2026-01-01,SKU00255,Skechers,Outdoor Apparel,Buyout,13824.88,34907.11,1457917.29,117,8091,0.017530263157894736,153.1578947368421,0.013946052631578948,575.4497368421053,0.3960476819765371,Low Margin + High Sell-through,Traffic Driver / Control Discount,Medium
2026-01-01,SKU00256,Brand B,Training Shoes,Own Brand,810.66,7536.88,1880571.98,34,9506,0.003976315789473685,139.14473684210526,0.000813157894736842,837.7148684210526,0.107559096071584,Low Margin + Low Sell-through,Clearance / Eliminate,High
2026-01-01,SKU00257,Brand B,Yoga Apparel,Own Brand,243.91,674.74,447488.76,9,9348,0.0011631578947368423,144.48684210526315,0.000743421052631579,953.0219736842105,0.36148738773453476,Low Margin + Low Sell-through,Clearance / Eliminate,High
2026-01-01,SKU00258,Under Armour,Yoga Apparel,Consignment,4918.19,5907.49,194871.42,107,8181,0.014810526315789474,120.8157894736842,0.03326447368421053,558.0969736842105,0.8325346297666183,High Margin + High Sell-through,Main Push / Monitor Inventory,Low
2026-01-01,SKU00259,Brand A,Outdoor Apparel,Own Brand,4373.5,11452.7,1651754.34,40,9333,0.004561842105263158,125.11842105263158,0.0028907894736842107,815.6789473684211,0.38187501637168525,Low Margin + Low Sell-through,Clearance / Eliminate,High
2026-01-01,SKU00260,Brand A,Running Shoes,Own Brand,18774.62,96098.94,2095848.72,344,9324,0.04084736842105263,118.0,0.011505263157894735,247.89934210526314,0.19536760759275804,Low Margin + High Sell-through,Traffic Driver / Control Discount,Medium
2026-01-01,SKU00261,Patagonia,Running Shoes,Buyout,2400.05,4287.22,915832.5,17,8250,0.0023921052631578946,134.71052631578948,0.0032421052631578947,931.3728947368421,0.559814985001936,High Margin + Low Sell-through,Targeted Marketing / Control Inventory,Medium
2026-01-01,SKU00262,Under Armour,Bags,Consignment,2923.37,3549.43,250733.3,93,8465,0.011675,131.0921052631579,0.01396842105263158,624.2826315789474,0.8236167497316471,High Margin + High Sell-through,Main Push / Monitor Inventory,Low
2026-01-01,SKU00263,Champion,Sportswear,Buyout,6069.72,13834.2,862935.68,72,8002,0.009301315789473684,125.75,0.008330263157894736,687.7865789473684,0.4387474519668647,Low Margin + High Sell-through,Traffic Driver / Control Discount,Medium
2026-01-01,SKU00264,Puma,Performance Apparel,Buyout,1279.61,2129.03,315907.02,22,8182,0.0030052631578947366,135.10526315789474,0.0048289473684210524,875.6052631578947,0.601029576849551,High Margin + Low Sell-through,Targeted Marketing / Control Inventory,Medium
2026-01-01,SKU00265,New Balance,Running Shoes,Buyout,710.35,8929.91,988064.72,67,8054,0.00849078947368421,127.48684210526316,0.000725,755.5990789473684,0.07954727427264105,Low Margin + High Sell-through,Traffic Driver / Control Discount,Medium
2026-01-01,SKU00266,Nike,Bags,Consignment,2237.04,2702.19,203241.72,53,7796,0.007753947368421053,137.73684210526315,0.013681578947368421,775.4226315789474,0.8278618453920709,High Margin + High Sell-through,Main Push / Monitor Inventory,Low
2026-01-01,SKU00267,Puma,Basketball Shoes,Buyout,2779.85,4760.48,267586.47,59,7971,0.007461842105263158,296.38157894736844,0.01156578947368421,759.8798684210527,0.5839432158101704,High Margin + High Sell-through,Main Push / Monitor Inventory,Low
2026-01-01,SKU00268,Under Armour,Performance Apparel,Buyout,3668.39,23513.39,3063480.0,54,8336,0.0069723684210526325,139.85526315789474,0.001282894736842105,774.5122368421053,0.1560128080213019,Low Margin + High Sell-through,Traffic Driver / Control Discount,Medium
2026-01-01,SKU00269,Salomon,Basketball Shoes,Buyout,895.26,5538.75,1245204.27,31,8313,0.004581578947368421,133.43421052631578,0.0010671052631578948,850.2675,0.16163574813811782,Low Margin + Low Sell-through,Clearance / Eliminate,High
2026-01-01,SKU00270,The North Face,Underwear,Buyout,424.90999999999997,1795.51,313906.56,35,8016,0.004586842105263158,137.93421052631578,0.0017460526315789475,839.5964473684211,0.23665142494333086,Low Margin + Low Sell-through,Clearance / Eliminate,High
2026-01-01,SKU00271,Asics,Outdoor Apparel,Buyout,1599.07,10638.73,1810945.22,42,8414,0.005407894736842105,304.2236842105263,0.0011526315789473684,828.9736842105264,0.15030647455100374,Low Margin + Low Sell-through,Clearance / Eliminate,High
2026-01-01,SKU00272,Brand A,Lifestyle Apparel,Own Brand,507.52,1658.15,812079.25,13,9175,0.001881578947368421,132.78947368421052,0.0008276315789473683,948.8868421052631,0.30607604860838883,Low Margin + Low Sell-through,Clearance / Eliminate,High
2026-01-01,SKU00273,The North Face,Basketball Shoes,Buyout,4996.63,13481.07,1493983.52,47,8276,0.006511842105263158,124.02631578947368,0.004225,775.1123684210527,0.37064046103165404,Low Margin + High Sell-through,Traffic Driver / Control Discount,Medium
2026-01-01,SKU00274,Reebok Underwear,Underwear,Buyout,1720.08,5632.62,265860.3,122,8290,0.014857894736842105,138.78947368421052,0.0071552631578947375,546.8222368421052,0.30537831417706146,Low Margin + High Sell-through,Traffic Driver / Control Discount,Medium
2026-01-01,SKU00275,Skechers,Outdoor Apparel,Buyout,2195.74,10471.14,2530203.55,28,8561,0.004211842105263158,126.61842105263158,0.0013644736842105263,864.0578947368421,0.20969445542701176,Low Margin + Low Sell-through,Clearance / Eliminate,High
2026-01-01,SKU00276,New Balance,Lifestyle Apparel,Consignment,4023.32,4901.74,205389.31,152,8533,0.01921315789473684,131.25,0.02454473684210526,453.8,0.8207942485729558,High Margin + High Sell-through,Main Push / Monitor Inventory,Low
2026-01-01,SKU00277,Cole Haan,Underwear,Buyout,6478.85,17190.15,464642.52,235,10194,0.024769736842105265,228.0,0.01678421052631579,338.57947368421054,0.3768931626541944,Low Margin + High Sell-through,Traffic Driver / Control Discount,Medium
2026-01-01,SKU00278,Champion,Running Shoes,Buyout,2128.9,5062.74,797625.92,31,8428,0.004289473684210526,127.88157894736842,0.0036144736842105263,845.8682894736842,0.4205035218083489,Low Margin + Low Sell-through,Clearance / Eliminate,High
2026-01-01,SKU00279,Columbia,Yoga Apparel,Buyout,504.09,896.28,61312.37,51,7973,0.007223684210526315,299.44736842105266,0.01050263157894737,750.109605263158,0.5624246887133485,High Margin + High Sell-through,Main Push / Monitor Inventory,Low
2026-01-01,SKU00280,Salomon,Running Shoes,Buyout,2628.14,7052.48,899305.32,38,7724,0.005480263157894736,130.3684210526316,0.003988157894736842,786.5569736842106,0.3726547257135079,Low Margin + Low Sell-through,Clearance / Eliminate,High
2026-01-01,SKU00281,Hoka,Underwear,Buyout,1730.96,2678.0,522470.13,16,8827,0.0027407894736842103,128.85526315789474,0.005489473684210527,934.7684210526315,0.6463629574309186,High Margin + Low Sell-through,Targeted Marketing / Control Inventory,Medium
2026-01-01,SKU00282,Adidas,Performance Apparel,Consignment,5184.86,6263.67,638732.85,56,8421,0.007274999999999999,135.89473684210526,0.009747368421052631,800.374605263158,0.8277671077818595,High Margin + High Sell-through,Main Push / Monitor Inventory,Low
2026-01-01,SKU00283,Cole Haan,Lifestyle Apparel,Buyout,3938.5,6829.82,661170.92,43,9833,0.004515789473684211,212.82894736842104,0.0068697368421052635,798.028947368421,0.5766623424921887,High Margin + Low Sell-through,Targeted Marketing / Control Inventory,Medium
2026-01-01,SKU00284,Adidas,Underwear,Consignment,874.86,1049.26,217982.57,44,8779,0.0060526315789473685,148.56578947368422,0.005407894736842105,806.2719736842105,0.8337876217524732,High Margin + Low Sell-through,Targeted Marketing / Control Inventory,Medium
2026-01-01,SKU00285,Hoka,Lifestyle Apparel,Consignment,789.89,966.78,36633.96,57,7569,0.008467105263157894,284.89473684210526,0.02654342105263158,688.9526315789474,0.8170317962721612,High Margin + High Sell-through,Main Push / Monitor Inventory,Low
2026-01-01,SKU00286,Brooks Brothers,Accessories,Consignment,381.84000000000003,477.4,124206.4,17,8336,0.001942105263157895,132.10526315789474,0.0032802631578947366,922.3210526315788,0.7998324256388774,High Margin + Low Sell-through,Targeted Marketing / Control Inventory,Medium
2026-01-01,SKU00287,Under Armour,Yoga Apparel,Consignment,644.42,781.74,48732.75,87,8055,0.012226315789473684,129.78947368421052,0.016539473684210524,610.5490789473685,0.8243405735922429,High Margin + High Sell-through,Main Push / Monitor Inventory,Low
2026-01-01,SKU00288,Lululemon,Outdoor Apparel,Buyout,2402.6800000000003,12233.68,2570298.0,29,7582,0.004363157894736842,139.32894736842104,0.0013302631578947367,833.4868421052631,0.1963987941486127,Low Margin + Low Sell-through,Clearance / Eliminate,High
2026-01-01,SKU00289,Brand A,Lifestyle Apparel,Own Brand,1404.6000000000001,3703.51,1234379.44,17,9128,0.0020355263157894737,155.0,0.0013657894736842106,916.2851315789474,0.3792618353939911,Low Margin + Low Sell-through,Clearance / Eliminate,High
2026-01-01,SKU00290,Brand B,Lifestyle Apparel,Own Brand,1619.43,2810.31,232841.85,48,9385,0.006039473684210527,129.06578947368422,0.009003947368421052,769.5492105263157,0.5762460369140772,High Margin + Low Sell-through,Targeted Marketing / Control Inventory,Medium
2026-01-01,SKU00291,Brooks Brothers,Kids Apparel,Consignment,4120.1,5107.92,108393.84,67,7976,0.008810526315789474,137.1184210526316,0.04270526315789474,696.9294736842105,0.8066101270184342,High Margin + High Sell-through,Main Push / Monitor Inventory,Low
2026-01-01,SKU00292,New Balance,Kids Apparel,Buyout,1341.03,18275.67,830003.88,164,8038,0.024039473684210527,292.0131578947368,0.002263157894736842,424.7167105263158,0.07337788436757722,Low Margin + High Sell-through,Traffic Driver / Control Discount,Medium
2026-01-01,SKU00293,Under Armour,Lifestyle Apparel,Buyout,-1015.03,19105.21,1092317.24,152,8252,0.020276315789473684,301.05263157894734,-0.0010421052631578945,464.3072368421052,-0.053128439833951054,Low Margin + High Sell-through,Traffic Driver / Control Discount,Medium
2026-01-01,SKU00294,Nike,Performance Apparel,Consignment,2928.37,3507.42,251366.4,36,8728,0.004698684210526316,133.39473684210526,0.014760526315789472,841.1052631578947,0.8349071397209344,High Margin + Low Sell-through,Targeted Marketing / Control Inventory,Medium
2026-01-01,SKU00295,Cole Haan,Underwear,Buyout,378.61,3010.4,666613.15,41,10385,0.004568421052631579,216.80263157894737,0.0006815789473684211,809.2421052631579,0.12576733988838693,Low Margin + Low Sell-through,Clearance / Eliminate,High
2026-01-01,SKU00296,On Running,Performance Apparel,Buyout,2285.4,4794.28,1988173.36,11,8717,0.0015578947368421053,127.03947368421052,0.001394736842105263,926.3157894736842,0.4766930592289145,Low Margin + Low Sell-through,Clearance / Eliminate,High
2026-01-01,SKU00297,Puma,Performance Apparel,Buyout,4090.91,23343.91,2279851.4,65,7697,0.009017105263157896,127.64473684210526,0.002182894736842105,695.6105263157895,0.1752452781046534,Low Margin + High Sell-through,Traffic Driver / Control Discount,Medium
2026-01-01,SKU00298,Brand A,Underwear,Own Brand,544.61,1683.1599999999999,315573.53,35,9701,0.004439473684210526,126.57894736842105,0.002488157894736842,820.3421052631579,0.32356401055158157,Low Margin + Low Sell-through,Clearance / Eliminate,High
2026-01-01,SKU00299,Puma,Yoga Apparel,Buyout,1465.13,7092.78,1302559.79,35,8101,0.00443421052631579,149.19736842105263,0.0012407894736842105,799.6,0.20656639568688162,Low Margin + Low Sell-through,Clearance / Eliminate,High
2026-01-01,SKU00300,Brand A,Kids Apparel,Own Brand,5491.04,19554.32,989756.6,132,9290,0.016010526315789475,134.22368421052633,0.00710921052631579,555.8357894736841,0.280809560240397,Low Margin + High Sell-through,Traffic Driver / Control Discount,Medium
2026-01-01,SKU00301,Lululemon,Outdoor Apparel,Consignment,1257.42,1510.35,428039.66,21,8326,0.002676315789473684,145.1578947368421,0.0034118421052631584,880.9078947368421,0.8325355050153939,High Margin + Low Sell-through,Targeted Marketing / Control Inventory,Medium
2026-01-01,SKU00302,Cole Haan,Training Shoes,Buyout,13767.16,25269.16,795744.0,142,9824,0.015190789473684211,216.19736842105263,0.021088157894736843,535.8323684210527,0.5448206430288938,High Margin + High Sell-through,Main Push / Monitor Inventory,Low
2026-01-01,SKU00303,Adidas,Lifestyle Apparel,Consignment,3750.04,4593.69,61163.020000000004,80,8069,0.010867105263157895,138.23684210526315,0.07633026315789473,698.7530263157895,0.8163459005723068,High Margin + High Sell-through,Main Push / Monitor Inventory,Low
2026-01-01,SKU00304,Hoka,Outdoor Apparel,Buyout,15934.93,30079.829999999998,1058038.52,110,8228,0.016901315789473684,133.26315789473685,0.022794736842105263,540.8411842105263,0.5297546561932033,High Margin + High Sell-through,Main Push / Monitor Inventory,Low
2026-01-01,SKU00305,New Balance,Training Shoes,Buyout,8481.67,26655.46,1366411.68,113,8496,0.014475000000000002,131.1578947368421,0.007648684210526316,561.3086842105263,0.318196347014833,Low Margin + High Sell-through,Traffic Driver / Control Discount,Medium
2026-01-01,SKU00306,Salomon,Lifestyle Apparel,Buyout,2500.7799999999997,14721.06,1456010.42,68,8102,0.00974342105263158,126.94736842105263,0.0022592105263157893,665.5096052631579,0.16987771261036907,Low Margin + High Sell-through,Traffic Driver / Control Discount,Medium
2026-01-01,SKU00307,Adidas,Running Shoes,Consignment,1224.71,1464.53,375521.6,33,8308,0.004339473684210526,134.73684210526315,0.003831578947368421,827.3246052631579,0.8362478064635072,High Margin + Low Sell-through,Targeted Marketing / Control Inventory,Medium
2026-01-01,SKU00308,Champion,Lifestyle Apparel,Consignment,251.12,296.77,131479.53,15,8499,0.0018118421052631577,141.72368421052633,0.0021381578947368422,917.2411842105263,0.8461771742426796,High Margin + Low Sell-through,Targeted Marketing / Control Inventory,Medium
2026-01-01,SKU00309,New Balance,Bags,Buyout,1302.33,8736.33,1236720.24,50,8318,0.0055763157894736844,305.67105263157896,0.0011368421052631579,790.1359210526316,0.1490706051625797,Low Margin + Low Sell-through,Clearance / Eliminate,High
2026-01-01,SKU00310,Skechers,Accessories,Buyout,533.4300000000001,2296.83,482583.8,30,8210,0.004298684210526316,140.25,0.0018473684210526316,871.8710526315789,0.2322461827823566,Low Margin + Low Sell-through,Clearance / Eliminate,High
2026-01-01,SKU00311,Patagonia,Training Shoes,Buyout,268.07,1289.0700000000002,2228843.0,4,8732,0.0008486842105263158,135.05263157894737,0.0004092105263157895,972.4868421052631,0.20795612340679712,Low Margin + Low Sell-through,Clearance / Eliminate,High
2026-01-01,SKU00312,Reebok Underwear,Lifestyle Apparel,Consignment,466.95,566.63,58728.200000000004,76,7510,0.009788157894736842,125.8157894736842,0.008968421052631579,664.5692105263158,0.8240827347651907,High Margin + High Sell-through,Main Push / Monitor Inventory,Low
2026-01-01,SKU00313,On Running,Performance Apparel,Consignment,3896.1,4795.63,444061.69,48,8809,0.006701315789473684,133.4078947368421,0.012434210526315789,775.3543421052632,0.8124271472152772,High Margin + High Sell-through,Main Push / Monitor Inventory,Low
2026-01-01,SKU00314,Cole Haan,Performance Apparel,Consignment,2540.78,3051.85,517412.39,39,10417,0.004376315789473684,225.8815789473684,0.006080263157894737,831.8157894736842,0.8325376411029376,High Margin + Low Sell-through,Targeted Marketing / Control Inventory,Medium
2026-01-01,SKU00315,Under Armour,Training Shoes,Buyout,8797.19,22491.59,600195.12,180,7889,0.025103947368421052,132.77631578947367,0.018682894736842103,403.23697368421057,0.3911324188285488,Low Margin + High Sell-through,Traffic Driver / Control Discount,Medium
2026-01-01,SKU00316,Brand A,Lifestyle Apparel,Own Brand,-6285.22,11165.72,471846.57,338,9139,0.04130394736842105,310.4736842105263,-0.01681184210526316,178.85342105263157,-0.5629032431406126,Low Margin + High Sell-through,Traffic Driver / Control Discount,Medium
2026-01-01,SKU00317,On Running,Underwear,Consignment,91.7,114.56,65861.31,18,8121,0.0029592105263157894,310.2368421052632,0.002027631578947368,904.8421052631579,0.8004539106145252,High Margin + Low Sell-through,Targeted Marketing / Control Inventory,Medium
2026-01-01,SKU00318,Asics,Training Shoes,Buyout,3998.81,6948.33,517191.92,46,8066,0.006446052631578947,144.26315789473685,0.010111842105263157,781.1492105263158,0.5755066325289674,High Margin + High Sell-through,Main Push / Monitor Inventory,Low
2026-01-01,SKU00319,The North Face,Yoga Apparel,Buyout,3025.0299999999997,6791.17,743991.99,42,8297,0.006135526315789473,298.86842105263156,0.005146052631578947,774.5702631578947,0.4454357643822787,Low Margin + Low Sell-through,Clearance / Eliminate,High
2026-01-01,SKU00320,Columbia,Kids Apparel,Consignment,389.27,476.32,35270.2,26,8540,0.004055263157894737,139.07894736842104,0.01823815789473684,860.3763157894737,0.8172447094390326,High Margin + Low Sell-through,Targeted Marketing / Control Inventory,Medium
2026-01-01,SKU00321,Skechers,Sportswear,Buyout,4770.49,8197.45,213439.44,131,8159,0.01810657894736842,148.07894736842104,0.027797368421052633,517.0198684210527,0.5819480448188156,High Margin + High Sell-through,Main Push / Monitor Inventory,Low
2026-01-01,SKU00322,Brand A,Bags,Own Brand,158.97,756.45,484207.75,12,9725,0.0012868421052631578,131.6578947368421,0.00043026315789473685,941.6052631578947,0.21015268689272257,Low Margin + Low Sell-through,Clearance / Eliminate,High
2026-01-01,SKU00323,The North Face,Bags,Consignment,9953.63,12152.17,409288.41,169,7983,0.025582894736842103,135.07894736842104,0.03512763157894736,476.6152631578948,0.8190825177725459,High Margin + High Sell-through,Main Push / Monitor Inventory,Low
2026-01-01,SKU00324,Fila,Outdoor Apparel,Buyout,2662.24,4899.09,381223.15,49,8351,0.006551315789473685,140.5921052631579,0.0091,789.7631578947369,0.543415205681055,High Margin + High Sell-through,Main Push / Monitor Inventory,Low
2026-01-01,SKU00325,Under Armour,Lifestyle Apparel,Buyout,6515.96,18574.62,760055.54,134,8446,0.01753421052631579,125.11842105263158,0.011094736842105263,486.7321052631579,0.3507991011390812,Low Margin + High Sell-through,Traffic Driver / Control Discount,Medium
2026-01-01,SKU00326,New Balance,Running Shoes,Buyout,2420.25,6943.89,488159.76,69,7446,0.01114078947368421,298.7631578947368,0.0072105263157894745,731.0551315789475,0.34854382773920667,Low Margin + High Sell-through,Traffic Driver / Control Discount,Medium
2026-01-01,SKU00327,Salomon,Accessories,Buyout,2064.06,3495.79,382765.61,29,7753,0.004128947368421052,129.81578947368422,0.006563157894736842,842.8069736842106,0.5904416455221853,High Margin + Low Sell-through,Targeted Marketing / Control Inventory,Medium
2026-01-01,SKU00328,Lululemon,Running Shoes,Consignment,6254.39,7649.59,361674.52,110,8494,0.014076315789473685,137.82894736842104,0.02154342105263158,570.4252631578947,0.817611139943448,High Margin + High Sell-through,Main Push / Monitor Inventory,Low
2026-01-01,SKU00329,Columbia,Bags,Consignment,6296.58,7584.9400000000005,292077.12,155,7638,0.021948684210526315,127.84210526315789,0.026964473684210528,388.65223684210525,0.8301423610470221,High Margin + High Sell-through,Main Push / Monitor Inventory,Low
2026-01-01,SKU00330,Adidas,Kids Apparel,Buyout,-84.87,10042.65,577723.08,156,8899,0.020022368421052632,306.07894736842104,6.973684210526316e-05,444.37302631578945,-0.00845095666980329,Low Margin + High Sell-through,Traffic Driver / Control Discount,Medium
2026-01-01,SKU00331,Brooks Brothers,Yoga Apparel,Buyout,261.06,790.26,306089.28,15,8676,0.001836842105263158,295.44736842105266,0.0010039473684210526,915.3377631578948,0.33034697441348415,Low Margin + Low Sell-through,Clearance / Eliminate,High
2026-01-01,SKU00332,Under Armour,Yoga Apparel,Buyout,8826.97,22169.59,979505.28,102,7488,0.015105263157894736,143.57894736842104,0.01234078947368421,586.813947368421,0.39815666415120887,Low Margin + High Sell-through,Traffic Driver / Control Discount,Medium
2026-01-01,SKU00333,Brand B,Accessories,Own Brand,588.31,1422.55,152161.9,48,8755,0.005573684210526316,134.51315789473685,0.004418421052631578,796.8618421052631,0.4135601560577835,Low Margin + Low Sell-through,Clearance / Eliminate,High
2026-01-01,SKU00334,Champion,Outdoor Apparel,Buyout,1371.3400000000001,11001.34,1688139.0,50,8765,0.0061223684210526316,135.23684210526315,0.0010039473684210528,797.9413157894737,0.12465208783657265,Low Margin + Low Sell-through,Clearance / Eliminate,High
2026-01-01,SKU00335,Adidas,Sportswear,Consignment,347.24,414.96,69996.43,39,8323,0.00465,289.4342105263158,0.005621052631578948,840.4648684210526,0.8368035473298632,High Margin + Low Sell-through,Targeted Marketing / Control Inventory,Medium
2026-01-01,SKU00336,Cole Haan,Running Shoes,Buyout,8112.639999999999,12459.84,835832.8,52,9998,0.005536842105263158,190.8421052631579,0.011160526315789473,774.2736842105263,0.6511030639237743,High Margin + Low Sell-through,Targeted Marketing / Control Inventory,Medium
2026-01-01,SKU00337,Brand A,Outdoor Apparel,Own Brand,13974.73,25132.29,1792998.84,53,8517,0.006817105263157895,135.01315789473685,0.010130263157894738,795.0921052631579,0.5560468226333534,High Margin + High Sell-through,Main Push / Monitor Inventory,Low
2026-01-01,SKU00338,Brooks Brothers,Basketball Shoes,Buyout,1471.94,4124.26,1333951.19,16,8047,0.0021302631578947366,139.25,0.001325,891.828947368421,0.3568979647257932,Low Margin + Low Sell-through,Clearance / Eliminate,High
2026-01-01,SKU00339,Brand A,Training Shoes,Own Brand,9501.39,23197.75,731799.7,172,9190,0.020753947368421052,130.3684210526316,0.01668421052631579,426.9843421052632,0.40958239484432757,Low Margin + High Sell-through,Traffic Driver / Control Discount,Medium
2026-01-01,SKU00340,The North Face,Running Shoes,Buyout,10877.17,32277.51,1726563.28,106,8552,0.012538157894736841,131.1315789473684,0.0068842105263157895,582.8356578947369,0.3369891295827962,Low Margin + High Sell-through,Traffic Driver / Control Discount,Medium
2026-01-01,SKU00341,Adidas,Basketball Shoes,Consignment,2054.68,2477.48,119566.46,83,8438,0.011388157894736841,150.9078947368421,0.02350657894736842,701.8748684210526,0.8293427192146858,High Margin + High Sell-through,Main Push / Monitor Inventory,Low
2026-01-01,SKU00342,Champion,Accessories,Buyout,2447.2400000000002,5595.44,581916.15,44,8133,0.005411842105263158,142.05263157894737,0.004557894736842105,808.085,0.4373632815292453,Low Margin + Low Sell-through,Clearance / Eliminate,High
2026-01-01,SKU00343,Cole Haan,Outdoor Apparel,Buyout,956.15,3051.9500000000003,697901.4,30,9990,0.003217105263157895,214.23684210526315,0.0016052631578947368,867.6447368421053,0.3132915021543603,Low Margin + Low Sell-through,Clearance / Eliminate,High
2026-01-01,SKU00344,Lululemon,Underwear,Consignment,1877.52,2293.29,179736.95,55,8395,0.006672368421052632,137.77631578947367,0.011889473684210526,740.9667105263158,0.8187015161623693,High Margin + High Sell-through,Main Push / Monitor Inventory,Low
2026-01-01,SKU00345,New Balance,Running Shoes,Consignment,1262.75,1544.1299999999999,146473.45,58,8215,0.00939078947368421,138.25,0.012953947368421053,693.4780263157895,0.817774410185671,High Margin + High Sell-through,Main Push / Monitor Inventory,Low
2026-01-01,SKU00346,Salomon,Kids Apparel,Buyout,10926.380000000001,29466.58,1185736.4,133,8506,0.016101315789473686,131.85526315789474,0.010571052631578948,531.6793421052631,0.3708058417366386,Low Margin + High Sell-through,Traffic Driver / Control Discount,Medium
2026-01-01,SKU00347,Skechers,Kids Apparel,Buyout,1399.77,2528.37,408348.0,22,7960,0.0029789473684210524,127.32894736842105,0.0038776315789473687,871.171052631579,0.5536254582992205,High Margin + Low Sell-through,Targeted Marketing / Control Inventory,Medium
2026-01-01,SKU00348,Hoka,Outdoor Apparel,Consignment,2469.96,2964.5699999999997,349007.04,35,8124,0.004668421052631579,135.23684210526315,0.00865921052631579,849.7018421052632,0.8331596150537853,High Margin + Low Sell-through,Targeted Marketing / Control Inventory,Medium
2026-01-01,SKU00349,Brooks Brothers,Lifestyle Apparel,Buyout,4395.11,7640.71,328982.13,80,8109,0.011527631578947367,136.8421052631579,0.017528947368421054,615.6140789473684,0.5752227214486612,High Margin + High Sell-through,Main Push / Monitor Inventory,Low
2026-01-01,SKU00350,Columbia,Accessories,Consignment,2357.41,2854.62,174512.24,93,7868,0.014335526315789472,138.60526315789474,0.01917105263157895,604.8719736842105,0.8258227014453763,High Margin + High Sell-through,Main Push / Monitor Inventory,Low
2026-01-01,SKU00351,Nike,Kids Apparel,Consignment,2914.17,3546.73,50749.2,251,7992,0.03368552631578947,305.2236842105263,0.07263026315789474,283.8152631578947,0.821649801366329,High Margin + High Sell-through,Main Push / Monitor Inventory,Low
2026-01-01,SKU00352,Brand B,Accessories,Own Brand,502.34,2712.51,1198562.19,17,9219,0.001836842105263158,138.10526315789474,0.0005131578947368421,930.6052631578947,0.18519378730400993,Low Margin + Low Sell-through,Clearance / Eliminate,High
2026-01-01,SKU00353,On Running,Bags,Consignment,1256.6399999999999,1510.91,37241.75,118,8185,0.016392105263157895,133.82894736842104,0.043130263157894734,545.255394736842,0.8317106909081281,High Margin + High Sell-through,Main Push / Monitor Inventory,Low
2026-01-01,SKU00354,Patagonia,Sportswear,Buyout,977.32,6266.62,980048.52,45,8338,0.006227631578947368,138.07894736842104,0.0013671052631578948,794.9007894736842,0.15595648052698266,Low Margin + Low Sell-through,Clearance / Eliminate,High
2026-01-01,SKU00355,Hoka,Yoga Apparel,Consignment,3114.62,3801.43,405859.2,39,8040,0.004753947368421053,140.26315789473685,0.008642105263157895,811.3447368421052,0.8193285158479835,High Margin + Low Sell-through,Targeted Marketing / Control Inventory,Medium
2026-01-01,SKU00356,Brand B,Running Shoes,Own Brand,7301.09,34670.29,2309857.2,106,8946,0.012785526315789475,139.1184210526316,0.003822368421052631,594.4653947368421,0.21058635506077394,Low Margin + High Sell-through,Traffic Driver / Control Discount,Medium
2026-01-01,SKU00357,The North Face,Lifestyle Apparel,Buyout,2438.2,5003.2,384940.0,54,8104,0.0065578947368421054,300.80263157894734,0.007173684210526316,723.6402631578948,0.48732811000959386,Low Margin + High Sell-through,Traffic Driver / Control Discount,Medium
2026-01-01,SKU00358,Reebok Underwear,Performance Apparel,Buyout,6393.58,16093.78,1624878.6,51,8543,0.006431578947368421,144.94736842105263,0.004621052631578948,777.2103947368421,0.39727024974866065,Low Margin + High Sell-through,Traffic Driver / Control Discount,Medium
2026-01-01,SKU00359,Brand B,Basketball Shoes,Own Brand,637.6700000000001,1525.16,865993.02,9,8782,0.0012894736842105263,140.0921052631579,0.0009763157894736842,938.8026315789474,0.4181003960240237,Low Margin + Low Sell-through,Clearance / Eliminate,High
2026-01-01,SKU00360,Salomon,Running Shoes,Buyout,4312.6,29276.7,2069655.28,95,7876,0.012306578947368422,145.75,0.0027144736842105266,618.856447368421,0.1473048533475426,Low Margin + High Sell-through,Traffic Driver / Control Discount,Medium
2026-01-01,SKU00361,The North Face,Accessories,Buyout,122.11,417.58,110210.31,21,7833,0.0029,134.3815789473684,0.0012802631578947368,899.1272368421053,0.2924230087647876,Low Margin + Low Sell-through,Clearance / Eliminate,High
2026-01-01,SKU00362,Brooks Brothers,Outdoor Apparel,Buyout,4837.98,9096.15,1665755.55,21,8215,0.0025776315789473687,140.26315789473685,0.0032947368421052635,909.1428947368421,0.5318711762668821,High Margin + Low Sell-through,Targeted Marketing / Control Inventory,Medium
2026-01-01,SKU00363,Under Armour,Accessories,Buyout,970.2,2744.64,417683.46,36,8474,0.004281578947368421,135.07894736842104,0.0028973684210526316,850.859605263158,0.353488982161595,Low Margin + Low Sell-through,Clearance / Eliminate,High
2026-01-01,SKU00364,Brand A,Outdoor Apparel,Own Brand,24406.39,43877.59,1575428.7,112,9062,0.013157894736842105,131.32894736842104,0.01864342105263158,557.7309210526316,0.5562381616674936,High Margin + High Sell-through,Main Push / Monitor Inventory,Low
2026-01-01,SKU00365,On Running,Performance Apparel,Consignment,932.49,1105.53,93804.5,38,8726,0.004855263157894737,128.78947368421052,0.012746052631578948,800.9605263157895,0.8434777889338145,High Margin + Low Sell-through,Targeted Marketing / Control Inventory,Medium
2026-01-01,SKU00366,Brand B,Kids Apparel,Own Brand,3702.17,8682.83,797604.64,57,9128,0.00795657894736842,124.72368421052632,0.007069736842105263,764.585,0.42637826607223683,Low Margin + High Sell-through,Traffic Driver / Control Discount,Medium
2026-01-01,SKU00367,Adidas,Yoga Apparel,Consignment,1403.16,1733.19,44116.62,81,8583,0.009865789473684211,137.03947368421052,0.03826578947368421,662.9318421052632,0.8095823308465893,High Margin + High Sell-through,Main Push / Monitor Inventory,Low
2026-01-01,SKU00368,Puma,Sportswear,Buyout,3710.3,8632.25,708242.7,57,8202,0.006755263157894736,132.1315789473684,0.005757894736842105,767.3825,0.4298184135074865,Low Margin + High Sell-through,Traffic Driver / Control Discount,Medium
2026-01-01,SKU00369,Adidas,Bags,Consignment,604.82,734.83,103595.4,34,8590,0.004476315789473684,147.71052631578948,0.0070631578947368415,853.7473684210527,0.8230747247662725,High Margin + Low Sell-through,Targeted Marketing / Control Inventory,Medium
2026-01-01,SKU00370,Hoka,Sportswear,Buyout,905.73,1600.6000000000001,505739.02,11,8006,0.0019328947368421052,130.56578947368422,0.002611842105263158,926.4342105263158,0.565869049106585,High Margin + Low Sell-through,Targeted Marketing / Control Inventory,Medium
2026-01-01,SKU00371,Brand A,Sportswear,Own Brand,7171.24,26636.18,1672473.0,103,8850,0.013767105263157895,124.26315789473684,0.005503947368421053,589.1052631578947,0.2692292963931014,Low Margin + High Sell-through,Traffic Driver / Control Discount,Medium
2026-01-01,SKU00372,Under Armour,Kids Apparel,Consignment,1785.89,2209.31,209725.28,57,7849,0.008823684210526315,146.30263157894737,0.011689473684210526,705.3990789473685,0.8083474025827069,High Margin + High Sell-through,Main Push / Monitor Inventory,Low
2026-01-01,SKU00373,New Balance,Outdoor Apparel,Buyout,250.12,894.25,1752033.6,3,8160,0.00030000000000000003,143.17105263157896,9.473684210526316e-05,981.8421052631579,0.2796980710092256,Low Margin + Low Sell-through,Clearance / Eliminate,High
2026-01-01,SKU00374,Asics,Sportswear,Buyout,5215.49,13116.74,532997.5,129,8702,0.018273684210526317,131.55263157894737,0.014530263157894737,525.1640789473685,0.39762090275480033,Low Margin + High Sell-through,Traffic Driver / Control Discount,Medium
2026-01-01,SKU00375,Salomon,Lifestyle Apparel,Buyout,59.93000000000001,143.77,334773.12,2,7986,0.00020131578947368421,128.96052631578948,0.00015526315789473683,986.5,0.4168463518119218,Low Margin + Low Sell-through,Clearance / Eliminate,High
2026-01-01,SKU00376,Puma,Sportswear,Consignment,1189.56,1405.72,356072.04,33,8753,0.0038250000000000003,130.94736842105263,0.003768421052631579,861.8026315789474,0.8462282673647668,High Margin + Low Sell-through,Targeted Marketing / Control Inventory,Medium
2026-01-01,SKU00377,Reebok Underwear,Kids Apparel,Consignment,394.31,478.66999999999996,120322.62,34,8163,0.004784210526315789,292.19736842105266,0.004360526315789474,809.9605263157895,0.8237616729688513,High Margin + Low Sell-through,Targeted Marketing / Control Inventory,Medium
2026-01-01,SKU00378,Cole Haan,Sportswear,Buyout,-181.05,1924.35,388465.44,55,10148,0.0059315789473684205,300.0,-0.00048421052631578945,792.8893421052632,-0.0940837165796243,Low Margin + Low Sell-through,Clearance / Eliminate,High
2026-01-01,SKU00379,Brand B,Kids Apparel,Own Brand,1828.65,7247.37,1285139.76,36,8538,0.004338157894736842,127.65789473684211,0.001792105263157895,846.221052631579,0.25231911714180455,Low Margin + Low Sell-through,Clearance / Eliminate,High
2026-01-01,SKU00380,Cole Haan,Performance Apparel,Buyout,4273.14,7890.89,1235648.75,29,9905,0.002305263157894737,200.03947368421052,0.002836842105263158,886.642105263158,0.5415282686743828,High Margin + Low Sell-through,Targeted Marketing / Control Inventory,Medium
2026-01-01,SKU00381,Columbia,Accessories,Buyout,2363.86,3998.02,196842.0,66,7950,0.008548684210526314,143.48684210526315,0.014535526315789474,690.6513157894736,0.5912576725479113,High Margin + High Sell-through,Main Push / Monitor Inventory,Low
2026-01-01,SKU00382,Fila,Training Shoes,Buyout,5039.37,26688.51,1989187.47,94,8637,0.013113157894736842,125.5,0.0035473684210526315,596.5176315789473,0.18882170641972895,Low Margin + High Sell-through,Traffic Driver / Control Discount,Medium
2026-01-01,SKU00383,Puma,Running Shoes,Buyout,7261.29,12435.19,726432.25,62,8705,0.008142105263157895,134.27631578947367,0.014882894736842105,747.1977631578948,0.5839307642263608,High Margin + High Sell-through,Main Push / Monitor Inventory,Low
2026-01-01,SKU00384,Fila,Running Shoes,Consignment,2158.52,2620.9,104112.9,68,7978,0.009077631578947368,126.73684210526316,0.02553421052631579,721.6588157894737,0.8235796863672784,High Margin + High Sell-through,Main Push / Monitor Inventory,Low
2026-01-01,SKU00385,Reebok Underwear,Outdoor Apparel,Buyout,4309.55,11881.45,2101593.9,29,8049,0.004330263157894737,136.1578947368421,0.0026289473684210527,871.1368421052631,0.36271246354611597,Low Margin + Low Sell-through,Clearance / Eliminate,High
2026-01-01,SKU00386,Lululemon,Basketball Shoes,Buyout,3054.56,8448.48,735306.88,56,7634,0.007586842105263158,140.4078947368421,0.005207894736842105,753.2310526315789,0.3615514270022537,Low Margin + High Sell-through,Traffic Driver / Control Discount,Medium
2026-01-01,SKU00387,Puma,Performance Apparel,Buyout,2045.58,19235.76,2299664.08,63,8428,0.00848157894736842,138.10526315789474,0.0013013157894736843,722.1999999999999,0.10634256197831539,Low Margin + High Sell-through,Traffic Driver / Control Discount,Medium
2026-01-01,SKU00388,Brand B,Kids Apparel,Own Brand,1717.95,3877.87,176666.56,116,9488,0.015282894736842105,140.47368421052633,0.013928947368421053,514.7442105263158,0.44301381944211643,Low Margin + High Sell-through,Traffic Driver / Control Discount,Medium
2026-01-01,SKU00389,Skechers,Lifestyle Apparel,Buyout,837.84,1758.0900000000001,304934.04,25,8284,0.0026407894736842105,299.3157894736842,0.0026328947368421053,872.3684210526316,0.47656263331228776,Low Margin + Low Sell-through,Clearance / Eliminate,High
2026-01-01,SKU00390,Adidas,Yoga Apparel,Buyout,2225.95,4615.63,564761.04,36,8508,0.004575,121.73684210526316,0.005398684210526316,830.7359210526316,0.4822635263225171,Low Margin + Low Sell-through,Clearance / Eliminate,High
2026-01-01,SKU00391,Adidas,Basketball Shoes,Consignment,114.33999999999999,140.57999999999998,172738.86,4,8106,0.00048421052631578945,151.71052631578948,0.0007539473684210525,975.3552631578947,0.8133447147531655,High Margin + Low Sell-through,Targeted Marketing / Control Inventory,Medium
2026-01-01,SKU00392,Under Armour,Training Shoes,Consignment,5250.2,6337.39,209271.48,174,8052,0.023630263157894738,299.6578947368421,0.03245789473684211,421.34276315789475,0.8284483044281635,High Margin + High Sell-through,Main Push / Monitor Inventory,Low
2026-01-01,SKU00393,Brand B,Accessories,Own Brand,7471.11,21924.41,762221.4,190,10020,0.020460526315789474,144.92105263157896,0.011614473684210525,408.11276315789473,0.3407667526743023,Low Margin + High Sell-through,Traffic Driver / Control Discount,Medium
2026-01-01,SKU00394,Nike,Outdoor Apparel,Consignment,3395.79,4048.15,293221.3,63,8170,0.007711842105263158,312.4868421052632,0.013394736842105263,733.6931578947368,0.8388498449909217,High Margin + High Sell-through,Main Push / Monitor Inventory,Low
2026-01-01,SKU00395,Brand B,Kids Apparel,Own Brand,11252.75,22173.87,1032937.36,98,9269,0.011103947368421052,134.18421052631578,0.012432894736842105,622.3381578947368,0.5074779458885617,Low Margin + High Sell-through,Traffic Driver / Control Discount,Medium
2026-01-01,SKU00396,Adidas,Training Shoes,Buyout,14564.91,42974.13,1868695.36,126,8288,0.017915789473684208,137.42105263157896,0.010610526315789473,521.8477631578947,0.3389227425895533,Low Margin + High Sell-through,Traffic Driver / Control Discount,Medium
2026-01-01,SKU00397,Asics,Underwear,Consignment,132.24,159.58,98402.4,9,8304,0.0012618421052631578,120.39473684210526,0.0016644736842105264,940.0526315789474,0.8286752725905502,High Margin + Low Sell-through,Targeted Marketing / Control Inventory,Medium
2026-01-01,SKU00398,Lululemon,Sportswear,Buyout,2483.69,6209.69,1361772.0,23,8406,0.003480263157894737,140.96052631578948,0.0026105263157894737,864.2236842105264,0.39997004681393117,Low Margin + Low Sell-through,Clearance / Eliminate,High
2026-01-01,SKU00399,Asics,Performance Apparel,Consignment,3827.51,4652.04,277047.75,147,8475,0.018717105263157896,131.56578947368422,0.016735526315789475,505.19750000000005,0.8227594775625318,High Margin + High Sell-through,Main Push / Monitor Inventory,Low
2026-01-01,SKU00400,Hoka,Sportswear,Buyout,954.91,2043.01,205094.76,45,8482,0.006042105263157895,125.19736842105263,0.0060157894736842105,772.5306578947369,0.4674034879907587,Low Margin + Low Sell-through,Clearance / Eliminate,High
2026-01-01,SKU00401,Reebok Underwear,Yoga Apparel,Buyout,601.09,2832.61,755462.5,24,8125,0.0029605263157894738,124.4342105263158,0.0009513157894736842,878.3026315789474,0.21220358609197879,Low Margin + Low Sell-through,Clearance / Eliminate,High
2026-01-01,SKU00402,Puma,Performance Apparel,Buyout,6431.469999999999,14813.35,1325142.99,52,8221,0.008144736842105264,118.67105263157895,0.007021052631578947,717.8815789473684,0.4341671532772802,Low Margin + High Sell-through,Traffic Driver / Control Discount,Medium
2026-01-01,SKU00403,Nike,Outdoor Apparel,Consignment,1485.8500000000001,1800.05,116771.22,36,8009,0.006514473684210527,127.92105263157895,0.02025263157894737,815.8456578947367,0.8254492930751924,High Margin + High Sell-through,Main Push / Monitor Inventory,Low
2026-01-01,SKU00404,Lululemon,Accessories,Consignment,2803.43,3340.7,86389.66,131,7811,0.018513157894736842,137.39473684210526,0.04263552631578947,580.2110526315789,0.8391744245218068,High Margin + High Sell-through,Main Push / Monitor Inventory,Low
2026-01-01,SKU00405,Under Armour,Performance Apparel,Consignment,3972.16,4985.31,345950.22,57,7931,0.008139473684210526,138.1578947368421,0.014364473684210524,725.7798684210526,0.7967729188355387,High Margin + High Sell-through,Main Push / Monitor Inventory,Low
2026-01-01,SKU00406,Cole Haan,Running Shoes,Buyout,2735.05,6484.1900000000005,1209520.94,31,10001,0.0035644736842105266,213.26315789473685,0.002478947368421053,859.0877631578948,0.42180287746040757,Low Margin + Low Sell-through,Clearance / Eliminate,High
2026-01-01,SKU00407,Brand B,Performance Apparel,Own Brand,1042.77,4679.85,915533.86,36,9062,0.0046644736842105265,133.23684210526315,0.0015828947368421052,839.561447368421,0.22282124427064967,Low Margin + Low Sell-through,Clearance / Eliminate,High
2026-01-01,SKU00408,Brand A,Performance Apparel,Own Brand,17840.2,40436.57,2713566.61,79,9487,0.008735526315789475,137.98684210526315,0.007668421052631579,674.3839473684211,0.44118974482751633,Low Margin + High Sell-through,Traffic Driver / Control Discount,Medium
2026-01-01,SKU00409,Puma,Yoga Apparel,Consignment,906.82,1081.28,189502.5,33,8250,0.005130263157894738,313.75,0.006947368421052632,829.8902631578948,0.8386541876294762,High Margin + Low Sell-through,Targeted Marketing / Control Inventory,Medium
2026-01-01,SKU00410,Brand B,Sportswear,Own Brand,3411.45,7826.25,1687557.3,24,9174,0.002656578947368421,142.6184210526316,0.002281578947368421,876.25,0.435898418782942,Low Margin + Low Sell-through,Clearance / Eliminate,High
2026-01-01,SKU00411,New Balance,Running Shoes,Buyout,4108.13,30155.23,2277887.44,95,8308,0.014585526315789474,131.82894736842104,0.0029026315789473685,600.6817105263158,0.1362327529917696,Low Margin + High Sell-through,Traffic Driver / Control Discount,Medium
2026-01-01,SKU00412,Cole Haan,Training Shoes,Buyout,22031.02,32736.97,573781.05,185,9915,0.020435526315789473,214.97368421052633,0.0488328947368421,444.84657894736836,0.6729706506130531,High Margin + High Sell-through,Main Push / Monitor Inventory,Low
2026-01-01,SKU00413,The North Face,Training Shoes,Buyout,171.36999999999998,14069.72,1292546.55,83,7719,0.011898684210526317,313.0921052631579,0.0004421052631578947,664.1561842105264,0.012180057598871903,Low Margin + High Sell-through,Traffic Driver / Control Discount,Medium
2026-01-01,SKU00414,Cole Haan,Training Shoes,Buyout,4152.49,9154.89,1302246.4,37,9632,0.0040815789473684205,209.93421052631578,0.00394078947368421,843.3334210526315,0.453581637791388,Low Margin + Low Sell-through,Clearance / Eliminate,High
2026-01-01,SKU00415,Brooks Brothers,Kids Apparel,Buyout,3992.42,6560.08,730986.24,29,8256,0.0038500000000000006,120.6842105263158,0.0067921052631578945,858.8202631578947,0.6085931878879526,High Margin + Low Sell-through,Targeted Marketing / Control Inventory,Medium
2026-01-01,SKU00416,Fila,Outdoor Apparel,Consignment,5335.81,6556.5199999999995,279213.75,79,8273,0.009932894736842106,133.55263157894737,0.02274342105263158,668.0126315789473,0.8138173909329951,High Margin + High Sell-through,Main Push / Monitor Inventory,Low
2026-01-01,SKU00417,Asics,Kids Apparel,Consignment,1974.28,2399.42,292555.7,62,8431,0.008848684210526316,131.78947368421052,0.009057894736842105,715.0350000000001,0.822815513749156,High Margin + High Sell-through,Main Push / Monitor Inventory,Low
2026-01-01,SKU00418,The North Face,Training Shoes,Consignment,1474.32,1822.74,231396.1,41,8165,0.004965789473684211,144.97368421052633,0.0070078947368421044,770.4911842105263,0.8088482175186806,High Margin + Low Sell-through,Targeted Marketing / Control Inventory,Medium
2026-01-01,SKU00419,Lululemon,Yoga Apparel,Consignment,1825.84,2188.1,240292.5,37,8050,0.006157894736842105,132.98684210526315,0.011307894736842105,782.8684210526316,0.8344408390841369,High Margin + Low Sell-through,Targeted Marketing / Control Inventory,Medium
2026-01-01,SKU00420,Salomon,Underwear,Buyout,445.19,1156.56,182748.5,29,7450,0.004347368421052631,152.77631578947367,0.0030460526315789476,823.9518421052632,0.3849259874109428,Low Margin + Low Sell-through,Clearance / Eliminate,High
2026-01-01,SKU00421,Cole Haan,Bags,Buyout,734.04,1230.84,160135.2,30,9670,0.003081578947368421,206.17105263157896,0.005364473684210527,865.2851315789474,0.5963732085405089,High Margin + Low Sell-through,Targeted Marketing / Control Inventory,Medium
2026-01-01,SKU00422,Nike,Bags,Consignment,1658.31,2004.0800000000002,140294.7,35,8190,0.006240789473684211,123.73684210526316,0.02017236842105263,862.3859210526316,0.8274669673865314,High Margin + Low Sell-through,Targeted Marketing / Control Inventory,Medium
2026-01-01,SKU00423,Salomon,Underwear,Buyout,40.04,219.64,722979.8,2,8051,0.00019078947368421053,140.6184210526316,4.473684210526315e-05,987.2368421052631,0.1822983063194318,Low Margin + Low Sell-through,Clearance / Eliminate,High
2026-01-01,SKU00424,Asics,Underwear,Buyout,3402.71,11820.08,613574.13,113,8237,0.01606184210526316,139.60526315789474,0.007484210526315789,593.8711842105263,0.2878753781700293,Low Margin + High Sell-through,Traffic Driver / Control Discount,Medium
2026-01-01,SKU00425,New Balance,Lifestyle Apparel,Buyout,105.69999999999999,197.62,375447.24,2,8169,0.00037894736842105265,136.06578947368422,0.00048421052631578945,981.0263157894736,0.5348648922173869,High Margin + Low Sell-through,Targeted Marketing / Control Inventory,Medium
2026-01-01,SKU00426,Cole Haan,Lifestyle Apparel,Buyout,977.1,2035.3,167570.04,65,10293,0.007377631578947368,195.9078947368421,0.0077592105263157895,731.3571052631579,0.4800766471773203,Low Margin + High Sell-through,Traffic Driver / Control Discount,Medium
2026-01-01,SKU00427,Salomon,Kids Apparel,Buyout,376.7,673.34,624353.04,4,8419,0.0006592105263157895,146.44736842105263,0.0007776315789473684,966.8421052631579,0.5594499064365699,High Margin + Low Sell-through,Targeted Marketing / Control Inventory,Medium
2026-01-01,SKU00428,Asics,Sportswear,Consignment,3573.7,4365.91,147590.08,107,8096,0.012685526315789473,142.85526315789474,0.0265828947368421,623.3990789473685,0.8185464198758106,High Margin + High Sell-through,Main Push / Monitor Inventory,Low
2026-01-01,SKU00429,Patagonia,Training Shoes,Consignment,2720.38,3301.41,160897.86,86,7803,0.012897368421052631,125.61842105263158,0.02250657894736842,612.9868421052631,0.8240055006800125,High Margin + High Sell-through,Main Push / Monitor Inventory,Low
2026-01-01,SKU00430,Brand A,Performance Apparel,Own Brand,3669.18,14075.18,1944673.28,50,9344,0.006059210526315789,131.6315789473684,0.0026157894736842107,777.0771052631579,0.2606844104302751,Low Margin + Low Sell-through,Clearance / Eliminate,High
2026-01-01,SKU00431,Nike,Training Shoes,Buyout,3526.16,14282.18,1971103.2,43,7880,0.005367105263157894,137.26315789473685,0.0020381578947368424,783.0710526315789,0.24689228115035658,Low Margin + Low Sell-through,Clearance / Eliminate,High
2026-01-01,SKU00432,Puma,Yoga Apparel,Consignment,1498.57,1807.6,461099.08,35,8138,0.005093421052631579,293.92105263157896,0.004405263157894737,846.3201315789474,0.8290385040938261,High Margin + Low Sell-through,Targeted Marketing / Control Inventory,Medium
2026-01-01,SKU00433,Puma,Yoga Apparel,Buyout,532.53,5065.37,410123.48,92,8324,0.012376315789473685,127.34210526315789,0.001643421052631579,584.6753947368421,0.10513151063002307,Low Margin + High Sell-through,Traffic Driver / Control Discount,Medium
2026-01-01,SKU00434,Nike,Kids Apparel,Buyout,771.27,1484.6299999999999,745461.2,8,8360,0.0011276315789473684,134.42105263157896,0.0014078947368421052,943.8421052631579,0.5195031758754707,High Margin + Low Sell-through,Targeted Marketing / Control Inventory,Medium
2026-01-01,SKU00435,New Balance,Outdoor Apparel,Buyout,488.19,2860.4300000000003,781835.56,26,8569,0.003580263157894737,147.4078947368421,0.0008118421052631579,892.0877631578948,0.17067014399932876,Low Margin + Low Sell-through,Clearance / Eliminate,High
2026-01-01,SKU00436,Brand A,Outdoor Apparel,Own Brand,4165.43,7663.03,790545.04,40,9041,0.004622368421052632,127.67105263157895,0.006486842105263158,825.546447368421,0.5435748000464569,High Margin + Low Sell-through,Targeted Marketing / Control Inventory,Medium
2026-01-01,SKU00437,Salomon,Accessories,Buyout,1916.32,3396.48,394692.32,29,7733,0.004127631578947368,118.85526315789474,0.0059315789473684205,824.9561842105263,0.5642076502732241,High Margin + Low Sell-through,Targeted Marketing / Control Inventory,Medium
2026-01-01,SKU00438,Fila,Running Shoes,Buyout,3677.2,12195.6,641977.6,110,8290,0.01351842105263158,131.89473684210526,0.006793421052631579,567.2280263157895,0.3015185804716455,Low Margin + High Sell-through,Traffic Driver / Control Discount,Medium
2026-01-01,SKU00439,On Running,Bags,Buyout,2830.2400000000002,12257.710000000001,2093865.26,39,8662,0.004399999999999999,130.92105263157896,0.0014394736842105263,807.811447368421,0.2308946777171266,Low Margin + Low Sell-through,Clearance / Eliminate,High
2026-01-01,SKU00440,New Balance,Basketball Shoes,Buyout,2699.57,5679.679999999999,1049776.14,23,8102,0.003935526315789474,133.68421052631578,0.0038578947368421053,863.4253947368421,0.47530318609499134,Low Margin + Low Sell-through,Clearance / Eliminate,High
2026-01-01,SKU00441,Nike,Basketball Shoes,Consignment,1360.21,1648.76,47393.92,57,7952,0.0071657894736842104,127.36842105263158,0.034944736842105265,786.2856578947368,0.8249896892209904,High Margin + High Sell-through,Main Push / Monitor Inventory,Low
2026-01-01,SKU00442,Under Armour,Lifestyle Apparel,Buyout,2157.42,3978.62,268375.8,58,8547,0.007585526315789474,130.5921052631579,0.009747368421052631,719.7877631578948,0.5422533441243447,High Margin + High Sell-through,Main Push / Monitor Inventory,Low
2026-01-01,SKU00443,Reebok Underwear,Kids Apparel,Consignment,1903.5,2322.51,115876.0,87,7856,0.014203947368421052,124.34210526315789,0.023973684210526317,639.4548684210527,0.8195874291176356,High Margin + High Sell-through,Main Push / Monitor Inventory,Low
2026-01-01,SKU00444,Skechers,Basketball Shoes,Consignment,3385.98,4082.28,278550.66,58,7862,0.008360526315789473,123.73684210526316,0.014859210526315789,662.9825,0.8294335518386784,High Margin + High Sell-through,Main Push / Monitor Inventory,Low
2026-01-01,SKU00445,Brand B,Underwear,Own Brand,1658.12,3948.2,451098.05,48,9455,0.006226315789473684,141.67105263157896,0.0052210526315789475,798.9556578947368,0.41996859328301506,Low Margin + Low Sell-through,Clearance / Eliminate,High
2026-01-01,SKU00446,Reebok Underwear,Training Shoes,Consignment,1182.78,1464.56,145412.7,35,7890,0.005493421052631579,301.44736842105266,0.01199078947368421,829.9938157894736,0.8076009176817611,High Margin + Low Sell-through,Targeted Marketing / Control Inventory,Medium
2026-01-01,SKU00447,Brand B,Running Shoes,Own Brand,12433.02,24341.67,1208663.95,93,9439,0.011348684210526316,135.69736842105263,0.013705263157894738,655.8194736842105,0.5107710358410085,High Margin + High Sell-through,Main Push / Monitor Inventory,Low
2026-01-01,SKU00448,Nike,Yoga Apparel,Consignment,1478.15,1815.59,109778.9,30,8162,0.0038684210526315787,127.23684210526316,0.01629078947368421,848.4780263157895,0.8141430609333606,High Margin + Low Sell-through,Targeted Marketing / Control Inventory,Medium
2026-01-01,SKU00449,Puma,Underwear,Buyout,1617.99,4404.15,373443.2,57,7640,0.007630263157894736,129.6184210526316,0.005197368421052632,735.5893421052632,0.36737849528285826,Low Margin + High Sell-through,Traffic Driver / Control Discount,Medium
2026-01-01,SKU00450,Adidas,Accessories,Buyout,6885.64,17807.32,710776.0,126,8200,0.014673684210526316,148.67105263157896,0.010881578947368421,579.374605263158,0.38667469332836163,Low Margin + High Sell-through,Traffic Driver / Control Discount,Medium
2026-01-01,SKU00451,Brand B,Sportswear,Own Brand,546.78,7244.28,613890.0,94,8616,0.011518421052631579,294.38157894736844,0.0011131578947368422,639.1030263157895,0.07547748016366015,Low Margin + High Sell-through,Traffic Driver / Control Discount,Medium
2026-01-01,SKU00452,Patagonia,Bags,Consignment,936.08,1125.26,121868.7,44,8130,0.005911842105263157,131.39473684210526,0.009681578947368421,826.4913157894737,0.8318788546646998,High Margin + Low Sell-through,Targeted Marketing / Control Inventory,Medium
2026-01-01,SKU00453,Under Armour,Accessories,Buyout,607.15,1105.3,97734.6,41,8044,0.004622368421052632,143.05263157894737,0.006085526315789474,809.1507894736842,0.5493078802135167,High Margin + Low Sell-through,Targeted Marketing / Control Inventory,Medium
2026-01-01,SKU00454,Adidas,Performance Apparel,Consignment,3118.57,3800.17,251725.11,78,8229,0.010439473684210526,315.6578947368421,0.01553684210526316,674.390394736842,0.8206396029651305,High Margin + High Sell-through,Main Push / Monitor Inventory,Low
2026-01-01,SKU00455,Cole Haan,Performance Apparel,Buyout,11062.52,27363.420000000002,2067885.6,77,9768,0.008297368421052631,213.07894736842104,0.0066276315789473685,661.4517105263158,0.404281336178007,Low Margin + High Sell-through,Traffic Driver / Control Discount,Medium
2026-01-01,SKU00456,Fila,Running Shoes,Buyout,10306.17,19477.05,775608.07,96,8119,0.013167105263157893,307.07894736842104,0.016782894736842108,577.9547368421053,0.5291443005999369,High Margin + High Sell-through,Main Push / Monitor Inventory,Low
2026-01-01,SKU00457,New Balance,Basketball Shoes,Consignment,507.51,612.22,80624.88,21,8568,0.0024105263157894736,141.46052631578948,0.0069131578947368415,886.5526315789474,0.8289667113129267,High Margin + Low Sell-through,Targeted Marketing / Control Inventory,Medium
2026-01-01,SKU00458,The North Face,Lifestyle Apparel,Buyout,2079.1,3933.52,526356.18,31,8799,0.0038026315789473682,150.43421052631578,0.004684210526315789,840.8684210526316,0.5285596615753828,High Margin + Low Sell-through,Targeted Marketing / Control Inventory,Medium
2026-01-01,SKU00459,Salomon,Performance Apparel,Consignment,5813.11,7111.66,432643.68,91,8208,0.01325263157894737,152.53947368421052,0.018751315789473685,608.6184210526316,0.8174055002629484,High Margin + High Sell-through,Main Push / Monitor Inventory,Low
2026-01-01,SKU00460,Patagonia,Lifestyle Apparel,Buyout,6309.99,11932.8,652897.88,69,8012,0.010310526315789473,131.22368421052633,0.012880263157894737,697.0563157894736,0.5287937449718423,High Margin + High Sell-through,Main Push / Monitor Inventory,Low
2026-01-01,SKU00461,Brand A,Outdoor Apparel,Own Brand,32129.93,68873.89,2879581.98,122,9561,0.015059210526315791,129.46052631578948,0.014430263157894738,564.5806578947368,0.4665037795890431,Low Margin + High Sell-through,Traffic Driver / Control Discount,Medium
2026-01-01,SKU00462,Brand A,Sportswear,Own Brand,4970.34,23011.53,1871099.51,87,9023,0.012118421052631579,136.51315789473685,0.003963157894736842,650.7456578947368,0.21599346066949918,Low Margin + High Sell-through,Traffic Driver / Control Discount,Medium
2026-01-01,SKU00463,Skechers,Basketball Shoes,Consignment,5092.92,6318.57,185010.4,76,8230,0.01033421052631579,140.5,0.03496842105263158,706.5293421052633,0.8060241478689008,High Margin + High Sell-through,Main Push / Monitor Inventory,Low
2026-01-01,SKU00464,Reebok Underwear,Accessories,Buyout,4179.8099999999995,6817.17,336103.56,66,8411,0.007651315789473684,145.02631578947367,0.013331578947368422,710.8456578947367,0.6131297884606075,High Margin + High Sell-through,Main Push / Monitor Inventory,Low
2026-01-01,SKU00465,Under Armour,Training Shoes,Consignment,265.38,321.31,256721.16,11,8284,0.002331578947368421,143.55263157894737,0.002011842105263158,952.1184210526316,0.8259313435622918,High Margin + Low Sell-through,Targeted Marketing / Control Inventory,Medium
2026-01-01,SKU00466,Champion,Accessories,Buyout,607.55,1841.79,622905.5,16,8075,0.0019644736842105263,132.22368421052633,0.0010460526315789474,917.4078947368421,0.32986931191938273,Low Margin + Low Sell-through,Clearance / Eliminate,High
2026-01-01,SKU00467,Cole Haan,Kids Apparel,Buyout,1049.47,2526.27,283602.4,52,9986,0.006236842105263159,212.23684210526315,0.004869736842105263,758.6263157894737,0.41542273787045725,Low Margin + Low Sell-through,Clearance / Eliminate,High
2026-01-01,SKU00468,Brooks Brothers,Performance Apparel,Buyout,7554.14,21030.38,2271671.28,51,8597,0.006319736842105263,140.57894736842104,0.004130263157894737,755.1131578947368,0.3592013078223028,Low Margin + Low Sell-through,Clearance / Eliminate,High
2026-01-01,SKU00469,New Balance,Lifestyle Apparel,Consignment,999.94,1207.67,332239.94,20,8482,0.002543421052631579,138.82894736842104,0.003496052631578947,895.1280263157894,0.8279910902812855,High Margin + Low Sell-through,Targeted Marketing / Control Inventory,Medium
2026-01-01,SKU00470,Fila,Bags,Buyout,1255.8700000000001,7531.12,2111245.11,25,8411,0.0030973684210526316,125.42105263157895,0.0008276315789473683,893.6359210526316,0.16675740128958244,Low Margin + Low Sell-through,Clearance / Eliminate,High
2026-01-01,SKU00471,Brooks Brothers,Outdoor Apparel,Buyout,8950.48,19107.82,2056737.48,41,8302,0.005021052631578947,138.27631578947367,0.004923684210526315,782.9982894736843,0.4684197360033745,Low Margin + Low Sell-through,Clearance / Eliminate,High
2026-01-01,SKU00472,Brand A,Performance Apparel,Own Brand,2441.75,13531.43,369374.74,276,9193,0.03383684210526316,291.4342105263158,0.009021052631578947,244.4827631578947,0.18045025544232945,Low Margin + High Sell-through,Traffic Driver / Control Discount,Medium
2026-01-01,SKU00473,Puma,Running Shoes,Consignment,463.07,563.39,226182.0,8,8195,0.0011223684210526317,121.59210526315789,0.002651315789473684,937.7894736842105,0.8219350716200146,High Margin + Low Sell-through,Targeted Marketing / Control Inventory,Medium
2026-01-01,SKU00474,Nike,Running Shoes,Consignment,633.25,751.75,240266.04,30,8331,0.0038960526315789477,303.4868421052632,0.003269736842105263,847.2868421052632,0.8423678084469571,High Margin + Low Sell-through,Targeted Marketing / Control Inventory,Medium
2026-01-01,SKU00475,Brand A,Basketball Shoes,Own Brand,25893.809999999998,53135.31,1927860.0,130,9200,0.016019736842105264,137.96052631578948,0.017489473684210527,528.7023684210526,0.48731831996463365,Low Margin + High Sell-through,Traffic Driver / Control Discount,Medium
2026-01-01,SKU00476,New Balance,Training Shoes,Buyout,1123.89,8351.97,805830.53,72,8027,0.009681578947368421,126.63157894736842,0.0014644736842105266,643.092894736842,0.13456585691758952,Low Margin + High Sell-through,Traffic Driver / Control Discount,Medium
2026-01-01,SKU00477,Brand B,Accessories,Own Brand,2627.9,6985.56,711614.1,53,8655,0.006772368421052632,124.36842105263158,0.0048144736842105264,762.9648684210526,0.3761903125876809,Low Margin + High Sell-through,Traffic Driver / Control Discount,Medium
2026-01-01,SKU00478,Columbia,Basketball Shoes,Buyout,-338.3,2115.45,1617021.25,13,8567,0.0015842105263157895,293.8421052631579,-0.00026842105263157897,938.0832894736842,-0.15991869342220333,Low Margin + Low Sell-through,Clearance / Eliminate,High
2026-01-01,SKU00479,Nike,Running Shoes,Buyout,2251.05,7188.42,1339938.51,31,8413,0.0038434210526315784,131.77631578947367,0.0017684210526315788,845.4964473684211,0.3131494820836846,Low Margin + Low Sell-through,Clearance / Eliminate,High
2026-01-01,SKU00480,Adidas,Running Shoes,Consignment,2816.58,3430.42,69505.2,135,7740,0.020375,117.6842105263158,0.05703947368421053,507.8705263157895,0.8210598119180741,High Margin + High Sell-through,Main Push / Monitor Inventory,Low
2026-01-01,SKU00481,New Balance,Yoga Apparel,Buyout,2032.92,5139.72,1340894.88,20,8632,0.002807894736842105,130.72368421052633,0.0018618421052631576,908.2526315789473,0.3955312740771871,Low Margin + Low Sell-through,Clearance / Eliminate,High
2026-01-01,SKU00482,Columbia,Accessories,Consignment,380.95,462.67,74080.24,17,8476,0.002530263157894737,145.80263157894737,0.00695657894736842,922.1447368421053,0.823373030453671,High Margin + Low Sell-through,Targeted Marketing / Control Inventory,Medium
2026-01-01,SKU00483,Adidas,Performance Apparel,Buyout,7359.54,24345.88,1471745.03,98,8491,0.013086842105263159,136.94736842105263,0.006838157894736843,543.0685526315789,0.3022909831150075,Low Margin + High Sell-through,Traffic Driver / Control Discount,Medium
2026-01-01,SKU00484,Brand A,Basketball Shoes,Own Brand,-4235.65,13231.03,2160651.0,77,9525,0.008967105263157894,292.13157894736844,-0.0022578947368421054,658.5448684210527,-0.3201300276698034,Low Margin + High Sell-through,Traffic Driver / Control Discount,Medium
2026-01-01,SKU00485,Columbia,Yoga Apparel,Consignment,82.42,96.3,48445.68,9,8324,0.0008881578947368421,294.75,0.0015105263157894737,965.6210526315789,0.8558670820353064,High Margin + Low Sell-through,Targeted Marketing / Control Inventory,Medium
2026-01-01,SKU00486,Lululemon,Yoga Apparel,Buyout,220.27,857.01,406436.04,13,8298,0.0019776315789473684,138.8684210526316,0.0007802631578947368,906.688552631579,0.2570215049999417,Low Margin + Low Sell-through,Clearance / Eliminate,High
2026-01-01,SKU00487,New Balance,Outdoor Apparel,Consignment,2497.61,3094.31,509768.2,38,8482,0.004785526315789474,126.63157894736842,0.0058434210526315785,835.9928947368421,0.8071621783208535,High Margin + Low Sell-through,Targeted Marketing / Control Inventory,Medium
2026-01-01,SKU00488,Adidas,Yoga Apparel,Consignment,1281.76,1553.37,160025.18,65,8078,0.0084,135.52631578947367,0.009617105263157894,708.9384210526316,0.8251479042340203,High Margin + High Sell-through,Main Push / Monitor Inventory,Low
2026-01-01,SKU00489,Puma,Accessories,Buyout,1463.27,6547.57,645080.34,65,8247,0.00760657894736842,124.98684210526316,0.002389473684210526,795.7902631578947,0.22348291045380195,Low Margin + High Sell-through,Traffic Driver / Control Discount,Medium
2026-01-01,SKU00490,Columbia,Running Shoes,Buyout,2053.7799999999997,4195.04,791974.21,22,8137,0.0030973684210526316,126.5657894736842,0.0032342105263157895,891.8069736842106,0.48957340096876306,Low Margin + Low Sell-through,Clearance / Eliminate,High
2026-01-01,SKU00491,Adidas,Accessories,Consignment,957.15,1147.05,84673.12,42,7958,0.006484210526315789,128.60526315789474,0.015481578947368423,780.2325,0.8344448803452335,High Margin + High Sell-through,Main Push / Monitor Inventory,Low
2026-01-01,SKU00492,Lululemon,Kids Apparel,Buyout,334.87,1108.72,200989.95,33,8571,0.004788157894736842,141.4078947368421,0.0022052631578947366,821.4078947368421,0.30203297496211845,Low Margin + Low Sell-through,Clearance / Eliminate,High
2026-01-01,SKU00493,New Balance,Performance Apparel,Buyout,24511.04,55994.8,1922166.4,133,8120,0.018242105263157896,144.8421052631579,0.01713026315789474,473.2528947368421,0.43773778993763707,Low Margin + High Sell-through,Traffic Driver / Control Discount,Medium
2026-01-01,SKU00494,Hoka,Lifestyle Apparel,Buyout,1279.28,2505.82,700354.34,14,7994,0.0016263157894736843,133.73684210526315,0.0019578947368421055,920.8157894736842,0.5105235012889991,High Margin + Low Sell-through,Targeted Marketing / Control Inventory,Medium
2026-01-01,SKU00495,Nike,Underwear,Consignment,680.28,813.22,125589.2,39,8395,0.005773684210526316,135.89473684210526,0.007422368421052632,809.3763157894737,0.836526401219842,High Margin + Low Sell-through,Targeted Marketing / Control Inventory,Medium
2026-01-01,SKU00496,Cole Haan,Performance Apparel,Buyout,1010.3299999999999,3103.45,671081.28,31,9939,0.003553947368421053,219.53947368421052,0.001938157894736842,859.078947368421,0.32555059691633503,Low Margin + Low Sell-through,Clearance / Eliminate,High
2026-01-01,SKU00497,Columbia,Lifestyle Apparel,Buyout,2416.14,4346.76,346042.65,46,8245,0.006685526315789473,143.5,0.010618421052631579,816.4298684210526,0.5558484940507412,High Margin + High Sell-through,Main Push / Monitor Inventory,Low
2026-01-01,SKU00498,Brooks Brothers,Performance Apparel,Buyout,712.11,1606.53,436526.65,18,8785,0.0023565789473684214,141.19736842105263,0.002139473684210526,918.6447368421053,0.4432596963642136,Low Margin + Low Sell-through,Clearance / Eliminate,High
2026-01-01,SKU00499,New Balance,Kids Apparel,Buyout,2063.53,7788.53,375789.0,125,8205,0.016575,130.27631578947367,0.00655921052631579,529.4648684210526,0.2649447328314843,Low Margin + High Sell-through,Traffic Driver / Control Discount,Medium
2026-01-01,SKU00500,Hoka,Kids Apparel,Consignment,5025.1,6140.14,235877.82,177,7934,0.024542105263157893,142.32894736842104,0.028240789473684212,392.85263157894735,0.8184015348184244,High Margin + High Sell-through,Main Push / Monitor Inventory,Low
2026-02-01,SKU00001,Reebok Underwear,Basketball Shoes,Buyout,926.47,1544.29,240743.86,21,8183,0.002997368421052632,313.10526315789474,0.005435526315789474,859.5921052631579,0.5999326551360172,High Margin + Low Sell-through,Targeted Marketing / Control Inventory,Medium
2026-02-01,SKU00002,Hoka,Bags,Consignment,576.9,694.26,189740.46,7,8246,0.0010460526315789474,132.8421052631579,0.004189473684210527,950.0526315789474,0.8309567021000778,High Margin + Low Sell-through,Targeted Marketing / Control Inventory,Medium
2026-02-01,SKU00003,Fila,Bags,Buyout,3622.07,8310.32,1092228.3,35,8154,0.004369736842105263,137.53947368421052,0.0035736842105263157,849.3526315789474,0.4358520490185697,Low Margin + Low Sell-through,Clearance / Eliminate,High
2026-02-01,SKU00004,Puma,Accessories,Consignment,719.84,866.13,202901.76,37,8208,0.005428947368421053,134.75,0.0050710526315789475,800.5921052631579,0.8310992576172168,High Margin + Low Sell-through,Targeted Marketing / Control Inventory,Medium
2026-02-01,SKU00005,Nike,Performance Apparel,Buyout,817.8100000000002,2313.0699999999997,1879791.03,6,7543,0.0010328947368421053,132.47368421052633,0.0007171052631578947,962.0877631578948,0.3535604197019547,Low Margin + Low Sell-through,Clearance / Eliminate,High
2026-02-01,SKU00006,Asics,Sportswear,Consignment,322.45,386.2,24241.32,57,8388,0.007246052631578947,140.56578947368422,0.015851315789473686,740.3772368421053,0.8349300880372864,High Margin + High Sell-through,Main Push / Monitor Inventory,Low
2026-02-01,SKU00007,On Running,Outdoor Apparel,Buyout,6492.99,10282.21,781133.84,41,8452,0.006151315789473684,120.35526315789474,0.01189078947368421,792.7851315789474,0.6314780577327248,High Margin + Low Sell-through,Targeted Marketing / Control Inventory,Medium
2026-02-01,SKU00008,Brooks Brothers,Yoga Apparel,Consignment,1331.77,1631.16,120589.0,95,8050,0.013147368421052632,147.55263157894737,0.013725,617.2034210526316,0.8164557738051448,High Margin + High Sell-through,Main Push / Monitor Inventory,Low
2026-02-01,SKU00009,Reebok Underwear,Accessories,Consignment,763.08,946.3499999999999,173097.1,33,8506,0.00455,137.4078947368421,0.005388157894736842,856.7368421052631,0.8063401489935015,High Margin + Low Sell-through,Targeted Marketing / Control Inventory,Medium
2026-02-01,SKU00010,Fila,Kids Apparel,Consignment,424.13,513.2,168285.26,18,8294,0.0025592105263157897,142.22368421052633,0.003256578947368421,888.1052631578947,0.8264419329696024,High Margin + Low Sell-through,Targeted Marketing / Control Inventory,Medium
2026-02-01,SKU00011,Champion,Kids Apparel,Buyout,819.16,7020.76,1405804.8,38,8614,0.004994736842105263,141.05263157894737,0.0008578947368421052,798.5571052631578,0.11667682701018123,Low Margin + Low Sell-through,Clearance / Eliminate,High
2026-02-01,SKU00012,Under Armour,Yoga Apparel,Buyout,1103.45,2932.64,443938.87,33,8009,0.005152631578947369,131.30263157894737,0.0036302631578947367,817.5921052631579,0.37626507174423046,Low Margin + Low Sell-through,Clearance / Eliminate,High
2026-02-01,SKU00013,Reebok Underwear,Outdoor Apparel,Consignment,4436.01,5414.12,866462.46,92,7939,0.013644736842105262,298.57894736842104,0.006996052631578948,617.4428947368422,0.8193409085871758,High Margin + High Sell-through,Main Push / Monitor Inventory,Low
2026-02-01,SKU00014,On Running,Underwear,Consignment,202.57999999999998,245.92,52978.38,43,8138,0.005475000000000001,302.7236842105263,0.004343421052631579,799.2325,0.8237638256343526,High Margin + Low Sell-through,Targeted Marketing / Control Inventory,Medium
2026-02-01,SKU00015,Brand B,Sportswear,Own Brand,30227.420000000002,64198.7,1459679.2,219,9410,0.03036184210526316,148.44736842105263,0.033361842105263155,405.85210526315785,0.47084162140354874,Low Margin + High Sell-through,Traffic Driver / Control Discount,Medium
2026-02-01,SKU00016,Cole Haan,Underwear,Buyout,497.93,979.05,318110.53,16,10579,0.002293421052631579,202.42105263157896,0.0029276315789473683,913.5569736842106,0.5085848526632961,High Margin + Low Sell-through,Targeted Marketing / Control Inventory,Medium
2026-02-01,SKU00017,Lululemon,Sportswear,Consignment,759.76,911.37,112242.42,42,8241,0.006148684210526316,129.68421052631578,0.00905921052631579,795.7693421052631,0.8336460493542688,High Margin + Low Sell-through,Targeted Marketing / Control Inventory,Medium
2026-02-01,SKU00018,Adidas,Training Shoes,Consignment,1375.13,1675.69,256513.6,28,8288,0.003621052631578947,120.64473684210526,0.0065,840.5131578947369,0.8206350816678503,High Margin + Low Sell-through,Targeted Marketing / Control Inventory,Medium
2026-02-01,SKU00019,Brand A,Bags,Own Brand,1258.59,4360.22,513608.9,59,9770,0.007536842105263158,137.60526315789474,0.0033394736842105267,725.8772368421053,0.2886528661397819,Low Margin + High Sell-through,Traffic Driver / Control Discount,Medium
2026-02-01,SKU00020,Salomon,Kids Apparel,Consignment,787.8199999999999,953.09,111295.57,55,8581,0.006853947368421053,128.1184210526316,0.008898684210526316,752.7886842105263,0.8265955995761155,High Margin + High Sell-through,Main Push / Monitor Inventory,Low
2026-02-01,SKU00021,The North Face,Outdoor Apparel,Buyout,2659.59,7489.35,846214.2,48,8410,0.006169736842105263,291.55263157894734,0.003903947368421053,755.1227631578947,0.35511626509643696,Low Margin + Low Sell-through,Clearance / Eliminate,High
2026-02-01,SKU00022,Reebok Underwear,Outdoor Apparel,Buyout,1792.65,17353.25,2288539.88,55,8089,0.006780263157894736,128.77631578947367,0.0009605263157894736,753.6622368421052,0.10330341578666821,Low Margin + High Sell-through,Traffic Driver / Control Discount,Medium
2026-02-01,SKU00023,Brand A,Outdoor Apparel,Own Brand,9600.34,25264.78,2265647.64,66,9546,0.007506578947368421,112.77631578947368,0.0050710526315789475,714.892105263158,0.37998905986911424,Low Margin + High Sell-through,Traffic Driver / Control Discount,Medium
2026-02-01,SKU00024,Nike,Lifestyle Apparel,Consignment,1086.52,1348.41,170548.35,49,8259,0.006844736842105263,307.13157894736844,0.008419736842105263,765.2571052631579,0.8057786578266254,High Margin + High Sell-through,Main Push / Monitor Inventory,Low
2026-02-01,SKU00025,Under Armour,Performance Apparel,Consignment,3574.82,4255.51,358271.1,43,8042,0.0056828947368421055,132.47368421052633,0.012069736842105263,794.3815789473684,0.8400450239806745,High Margin + Low Sell-through,Targeted Marketing / Control Inventory,Medium
2026-02-01,SKU00026,Brand A,Performance Apparel,Own Brand,-3997.9100000000003,6816.49,2186431.36,45,9098,0.0056,275.64473684210526,-0.0022552631578947368,786.3061842105262,-0.5865056649389936,Low Margin + Low Sell-through,Clearance / Eliminate,High
2026-02-01,SKU00027,Brand A,Performance Apparel,Own Brand,-3033.41,6744.67,3500552.64,26,9308,0.002718421052631579,308.5657894736842,-0.0010052631578947367,895.0544736842105,-0.4497492093756996,Low Margin + Low Sell-through,Clearance / Eliminate,High
2026-02-01,SKU00028,Asics,Outdoor Apparel,Buyout,675.98,4473.41,1579007.56,21,8732,0.002678947368421053,131.17105263157896,0.0005986842105263158,866.078947368421,0.15111067396013333,Low Margin + Low Sell-through,Clearance / Eliminate,High
2026-02-01,SKU00029,Adidas,Bags,Consignment,1602.07,1919.32,110242.02,78,8358,0.011819736842105263,311.9605263157895,0.023251315789473682,699.6355263157895,0.8347070837588313,High Margin + High Sell-through,Main Push / Monitor Inventory,Low
2026-02-01,SKU00030,Cole Haan,Basketball Shoes,Consignment,513.0,604.25,553573.7,11,10135,0.0010381578947368422,219.5921052631579,0.0009618421052631579,951.1930263157894,0.8489863467107985,High Margin + Low Sell-through,Targeted Marketing / Control Inventory,Medium
2026-02-01,SKU00031,Brand B,Running Shoes,Own Brand,772.88,6336.34,1036052.5,49,9125,0.005189473684210526,129.56578947368422,0.0008539473684210526,789.9507894736843,0.12197577781495311,Low Margin + Low Sell-through,Clearance / Eliminate,High
2026-02-01,SKU00032,Cole Haan,Bags,Consignment,3480.9900000000002,4196.88,321602.88,131,10288,0.016221052631578945,208.1578947368421,0.015657894736842103,556.1734210526316,0.8294232858695031,High Margin + High Sell-through,Main Push / Monitor Inventory,Low
2026-02-01,SKU00033,Lululemon,Outdoor Apparel,Consignment,1102.69,1345.51,103135.5,65,8385,0.008292105263157894,136.02631578947367,0.012755263157894737,707.4693421052631,0.8195331138378756,High Margin + High Sell-through,Main Push / Monitor Inventory,Low
2026-02-01,SKU00034,Lululemon,Yoga Apparel,Consignment,23.67,27.44,97958.3,1,8170,0.0001644736842105263,131.35526315789474,0.0003263157894736842,990.0131578947369,0.8626093294460642,High Margin + Low Sell-through,Targeted Marketing / Control Inventory,Medium
2026-02-01,SKU00035,Reebok Underwear,Performance Apparel,Buyout,615.95,3471.4700000000003,932803.2,27,8820,0.0035236842105263156,135.27631578947367,0.0009197368421052632,855.6447368421053,0.1774320388769023,Low Margin + Low Sell-through,Clearance / Eliminate,High
2026-02-01,SKU00036,Brand A,Performance Apparel,Own Brand,7020.99,13228.59,2324487.55,24,8987,0.003025,131.1315789473684,0.0037644736842105267,892.4806578947369,0.5307436393447827,High Margin + Low Sell-through,Targeted Marketing / Control Inventory,Medium
2026-02-01,SKU00037,Reebok Underwear,Yoga Apparel,Buyout,1735.38,3854.34,753201.99,24,8531,0.0024078947368421054,125.03947368421052,0.0021855263157894737,884.7052631578948,0.45024050810255456,Low Margin + Low Sell-through,Clearance / Eliminate,High
2026-02-01,SKU00038,Lululemon,Training Shoes,Consignment,8298.77,10084.62,109255.56,106,8509,0.015323684210526317,134.48684210526315,0.11451447368421054,614.6967105263158,0.8229135059129645,High Margin + High Sell-through,Main Push / Monitor Inventory,Low
2026-02-01,SKU00039,Brand B,Yoga Apparel,Own Brand,1147.56,2228.79,430376.55,23,9155,0.0034421052631578948,143.94736842105263,0.003817105263157895,856.0088157894737,0.5148802713580014,High Margin + Low Sell-through,Targeted Marketing / Control Inventory,Medium
2026-02-01,SKU00040,Adidas,Accessories,Consignment,983.6,1202.21,65584.92,56,8562,0.006582894736842104,147.05263157894737,0.01689078947368421,756.6097368421052,0.8181598888713286,High Margin + High Sell-through,Main Push / Monitor Inventory,Low
2026-02-01,SKU00041,Adidas,Yoga Apparel,Consignment,2880.22,3439.15,351474.4,37,7292,0.005506578947368421,134.3684210526316,0.01059342105263158,788.5571052631578,0.8374801913263451,High Margin + Low Sell-through,Targeted Marketing / Control Inventory,Medium
2026-02-01,SKU00042,Cole Haan,Performance Apparel,Consignment,1318.59,1589.83,644394.0,31,10180,0.0035249999999999995,219.43421052631578,0.0028026315789473682,864.2192105263158,0.8293905637709692,High Margin + Low Sell-through,Targeted Marketing / Control Inventory,Medium
2026-02-01,SKU00043,Brand A,Running Shoes,Own Brand,2741.5099999999998,6418.75,1235683.97,28,9409,0.004271052631578947,143.5921052631579,0.0038644736842105266,863.3157894736842,0.4271096397273612,Low Margin + Low Sell-through,Clearance / Eliminate,High
2026-02-01,SKU00044,On Running,Sportswear,Buyout,5212.31,10469.21,702197.1,59,7881,0.007871052631578947,129.39473684210526,0.009343421052631579,726.9421052631578,0.497870421932505,Low Margin + High Sell-through,Traffic Driver / Control Discount,Medium
2026-02-01,SKU00045,On Running,Kids Apparel,Consignment,1126.79,1392.1299999999999,319167.24,53,8589,0.0059499999999999996,287.11842105263156,0.003875,744.8039473684211,0.8093999841968782,High Margin + Low Sell-through,Targeted Marketing / Control Inventory,Medium
2026-02-01,SKU00046,Nike,Performance Apparel,Consignment,182.53,217.55,128753.92,11,8296,0.0018960526315789474,124.61842105263158,0.0021855263157894737,959.0281578947369,0.839025511376695,High Margin + Low Sell-through,Targeted Marketing / Control Inventory,Medium
2026-02-01,SKU00047,On Running,Running Shoes,Consignment,1106.96,1352.81,356087.76,13,8049,0.0017105263157894738,144.97368421052633,0.003777631578947369,906.8815789473684,0.8182671624248786,High Margin + Low Sell-through,Targeted Marketing / Control Inventory,Medium
2026-02-01,SKU00048,Adidas,Sportswear,Consignment,1789.81,2174.65,236889.57,90,8751,0.011388157894736843,291.6842105263158,0.009764473684210526,641.7623684210527,0.8230335916124433,High Margin + High Sell-through,Main Push / Monitor Inventory,Low
2026-02-01,SKU00049,Asics,Bags,Buyout,424.5,1806.8,1097822.66,10,7942,0.0010552631578947369,133.57894736842104,0.00035263157894736846,956.7894736842105,0.23494576046048263,Low Margin + Low Sell-through,Clearance / Eliminate,High
2026-02-01,SKU00050,Lululemon,Performance Apparel,Consignment,2637.09,3206.02,75274.5,84,8025,0.011982894736842104,140.85526315789474,0.045102631578947366,647.6048684210526,0.8225432155756983,High Margin + High Sell-through,Main Push / Monitor Inventory,Low
2026-02-01,SKU00051,Salomon,Sportswear,Buyout,7.130000000000001,283.15999999999997,258824.13,9,8439,0.0009592105263157894,131.01315789473685,2.6315789473684212e-05,956.0832894736842,0.02518011018505439,Low Margin + Low Sell-through,Clearance / Eliminate,High
2026-02-01,SKU00052,Brand B,Kids Apparel,Own Brand,309.46,2016.34,498302.27999999997,32,9342,0.003486842105263158,151.5,0.0006894736842105264,838.1272368421053,0.1534761002608687,Low Margin + Low Sell-through,Clearance / Eliminate,High
2026-02-01,SKU00053,Nike,Basketball Shoes,Consignment,3445.13,4167.06,250531.96,86,7994,0.013335526315789475,130.67105263157896,0.019292105263157895,644.7319736842105,0.826753154502215,High Margin + High Sell-through,Main Push / Monitor Inventory,Low
2026-02-01,SKU00054,Adidas,Performance Apparel,Consignment,650.56,796.46,572944.92,17,8458,0.002307894736842105,302.38157894736844,0.0014802631578947369,911.9105263157894,0.816814403736534,High Margin + Low Sell-through,Targeted Marketing / Control Inventory,Medium
2026-02-01,SKU00055,Adidas,Underwear,Consignment,248.92000000000002,304.86,60997.5,10,8133,0.0017118421052631579,122.92105263157895,0.006747368421052632,959.4236842105263,0.8165059371514793,High Margin + Low Sell-through,Targeted Marketing / Control Inventory,Medium
2026-02-01,SKU00056,New Balance,Underwear,Buyout,461.19,1436.19,154293.75,52,8229,0.008260526315789473,135.35526315789474,0.004313157894736842,749.6911842105263,0.3211204645624882,Low Margin + High Sell-through,Traffic Driver / Control Discount,Medium
2026-02-01,SKU00057,Brand A,Accessories,Own Brand,4483.79,8708.75,379972.56,108,9713,0.013007894736842105,132.72368421052633,0.016514473684210527,601.1718421052632,0.5148603416104492,High Margin + High Sell-through,Main Push / Monitor Inventory,Low
2026-02-01,SKU00058,Skechers,Basketball Shoes,Consignment,2191.01,2695.83,326825.6,41,8720,0.005553947368421052,148.42105263157896,0.008626315789473683,807.6517105263158,0.8127404176079354,High Margin + Low Sell-through,Targeted Marketing / Control Inventory,Medium
2026-02-01,SKU00059,Columbia,Outdoor Apparel,Buyout,3251.0,5970.5,875679.0,25,8050,0.003617105263157895,134.31578947368422,0.004731578947368422,840.328947368421,0.544510510007537,High Margin + Low Sell-through,Targeted Marketing / Control Inventory,Medium
2026-02-01,SKU00060,Brand A,Outdoor Apparel,Own Brand,636.54,2128.74,674623.62,20,9042,0.002456578947368421,134.67105263157896,0.0011736842105263157,893.0263157894736,0.2990219566504129,Low Margin + Low Sell-through,Clearance / Eliminate,High
2026-02-01,SKU00061,Brooks Brothers,Kids Apparel,Consignment,1880.59,2228.77,192101.52,55,8031,0.008385526315789473,135.4078947368421,0.013955263157894736,735.4403947368421,0.8437793042799391,High Margin + High Sell-through,Main Push / Monitor Inventory,Low
2026-02-01,SKU00062,Salomon,Training Shoes,Consignment,44.120000000000005,55.62,286104.82,2,7873,0.0004697368421052632,135.3684210526316,0.0003631578947368421,981.8684210526316,0.7932398417835312,High Margin + Low Sell-through,Targeted Marketing / Control Inventory,Medium
2026-02-01,SKU00063,Puma,Kids Apparel,Buyout,2832.95,6241.79,275080.02,102,8231,0.013976315789473684,135.43421052631578,0.014402631578947368,611.8613157894737,0.4538682012691872,Low Margin + High Sell-through,Traffic Driver / Control Discount,Medium
2026-02-01,SKU00064,Reebok Underwear,Training Shoes,Buyout,5453.47,12088.93,1385109.74,39,8141,0.005507894736842106,133.44736842105263,0.0055907894736842104,815.4648684210526,0.4511127122086074,Low Margin + Low Sell-through,Clearance / Eliminate,High
2026-02-01,SKU00065,Asics,Sportswear,Buyout,794.45,1846.3400000000001,400419.46,21,7994,0.0033315789473684207,140.28947368421052,0.0027986842105263156,909.4324999999999,0.4302836963939469,Low Margin + Low Sell-through,Clearance / Eliminate,High
2026-02-01,SKU00066,Hoka,Yoga Apparel,Buyout,4736.87,7711.589999999999,792205.12,32,8522,0.004267105263157894,135.98684210526315,0.007982894736842105,846.892105263158,0.6142533511247357,High Margin + Low Sell-through,Targeted Marketing / Control Inventory,Medium
2026-02-01,SKU00067,Cole Haan,Performance Apparel,Buyout,-1330.65,17606.79,2642561.94,72,10047,0.008911842105263157,293.55263157894734,-0.0006513157894736842,745.5507894736842,-0.07557595677576662,Low Margin + High Sell-through,Traffic Driver / Control Discount,Medium
2026-02-01,SKU00068,Brand B,Yoga Apparel,Own Brand,5297.39,10090.369999999999,893561.84,51,9508,0.006181578947368421,146.64473684210526,0.007830263157894736,771.6227631578947,0.5249946235866475,High Margin + Low Sell-through,Targeted Marketing / Control Inventory,Medium
2026-02-01,SKU00069,Under Armour,Bags,Consignment,1102.43,1328.7,75831.7,60,8530,0.0074881578947368415,307.7894736842105,0.016972368421052632,769.4965789473684,0.8297057274027245,High Margin + High Sell-through,Main Push / Monitor Inventory,Low
2026-02-01,SKU00070,Columbia,Bags,Consignment,309.53,385.5,439543.56,7,7914,0.0011250000000000001,125.64473684210526,0.000918421052631579,956.5131578947369,0.8029312581063554,High Margin + Low Sell-through,Targeted Marketing / Control Inventory,Medium
2026-02-01,SKU00071,Cole Haan,Kids Apparel,Buyout,11115.41,19448.21,641827.2,124,9551,0.013176315789473685,205.32894736842104,0.02048421052631579,576.4598684210526,0.5715389745380166,High Margin + High Sell-through,Main Push / Monitor Inventory,Low
2026-02-01,SKU00072,Brand B,Training Shoes,Own Brand,-287.25,5811.33,1099418.52,51,9194,0.006132894736842105,312.2368421052632,-0.0002657894736842105,755.4359210526316,-0.049429304479353266,Low Margin + Low Sell-through,Clearance / Eliminate,High
2026-02-01,SKU00073,The North Face,Basketball Shoes,Consignment,278.83,365.57,269486.71,5,8269,0.0005368421052631579,130.98684210526315,0.0010513157894736843,971.4430263157894,0.7627267007686626,High Margin + Low Sell-through,Targeted Marketing / Control Inventory,Medium
2026-02-01,SKU00074,Champion,Outdoor Apparel,Buyout,3456.02,7123.83,1240995.54,23,7782,0.003571052631578947,132.56578947368422,0.003994736842105264,891.4342105263158,0.48513510288707057,Low Margin + Low Sell-through,Clearance / Eliminate,High
2026-02-01,SKU00075,Skechers,Training Shoes,Consignment,680.39,842.98,212805.9,30,7911,0.0037407894736842104,121.60526315789474,0.0036552631578947365,858.9069736842106,0.8071247241927447,High Margin + Low Sell-through,Targeted Marketing / Control Inventory,Medium
2026-02-01,SKU00076,Asics,Yoga Apparel,Buyout,3171.86,10710.3,843015.81,76,8499,0.010319736842105263,128.18421052631578,0.005086842105263158,650.438552631579,0.29615043462834845,Low Margin + High Sell-through,Traffic Driver / Control Discount,Medium
2026-02-01,SKU00077,Lululemon,Kids Apparel,Buyout,1901.63,7497.87,1729883.8800000001,26,8037,0.003161842105263158,131.25,0.0012526315789473685,865.0832894736842,0.25362269551219213,Low Margin + Low Sell-through,Clearance / Eliminate,High
2026-02-01,SKU00078,Champion,Accessories,Buyout,561.36,3919.44,807669.12,33,7937,0.00516578947368421,124.53947368421052,0.0010486842105263156,817.3157894736842,0.14322454228155043,Low Margin + Low Sell-through,Clearance / Eliminate,High
2026-02-01,SKU00079,Cole Haan,Performance Apparel,Buyout,8153.17,22007.32,1657771.29,85,10171,0.009443421052631578,206.30263157894737,0.0066749999999999995,689.108552631579,0.3704753691044616,Low Margin + High Sell-through,Traffic Driver / Control Discount,Medium
2026-02-01,SKU00080,Nike,Sportswear,Consignment,2776.34,3378.63,431818.64,47,8317,0.005880263157894737,137.94736842105263,0.007427631578947369,788.4157894736842,0.8217354371446415,High Margin + Low Sell-through,Targeted Marketing / Control Inventory,Medium
2026-02-01,SKU00081,Reebok Underwear,Training Shoes,Consignment,3885.94,4705.41,231342.5,97,7585,0.01311842105263158,133.9078947368421,0.01987763157894737,575.8430263157894,0.8258451442063498,High Margin + High Sell-through,Main Push / Monitor Inventory,Low
2026-02-01,SKU00082,Brand B,Basketball Shoes,Own Brand,6839.47,12604.57,1754512.1,30,9130,0.0033197368421052633,133.85526315789474,0.004210526315789474,861.5509210526316,0.5426182725789138,High Margin + Low Sell-through,Targeted Marketing / Control Inventory,Medium
2026-02-01,SKU00083,Adidas,Underwear,Consignment,4018.39,4868.88,206512.17,138,8089,0.018397368421052634,140.17105263157896,0.024107894736842106,513.4760526315789,0.8253212237722022,High Margin + High Sell-through,Main Push / Monitor Inventory,Low
2026-02-01,SKU00084,Cole Haan,Kids Apparel,Buyout,2956.27,7180.29,344141.22000000003,127,10347,0.012172368421052631,300.19736842105266,0.009802631578947368,562.1963157894737,0.41172013943726504,Low Margin + High Sell-through,Traffic Driver / Control Discount,Medium
2026-02-01,SKU00085,Brooks Brothers,Accessories,Buyout,991.44,2422.56,499281.99,24,8373,0.0035828947368421052,121.34210526315789,0.0031407894736842105,864.8201315789474,0.40925302159698834,Low Margin + Low Sell-through,Clearance / Eliminate,High
2026-02-01,SKU00086,Brooks Brothers,Accessories,Buyout,781.02,1414.8,301679.27999999997,18,8568,0.002436842105263158,137.82894736842104,0.0033105263157894734,889.6447368421053,0.5520356234096692,High Margin + Low Sell-through,Targeted Marketing / Control Inventory,Medium
2026-02-01,SKU00087,The North Face,Underwear,Consignment,1852.03,2225.91,170651.79,58,8353,0.00824078947368421,130.51315789473685,0.014364473684210528,721.0676315789474,0.8320327416652066,High Margin + High Sell-through,Main Push / Monitor Inventory,Low
2026-02-01,SKU00088,The North Face,Performance Apparel,Buyout,1952.35,3667.7,476571.55,29,8057,0.003798684210526316,129.73684210526315,0.004911842105263158,831.9430263157894,0.5323090765329771,High Margin + Low Sell-through,Targeted Marketing / Control Inventory,Medium
2026-02-01,SKU00089,Puma,Training Shoes,Buyout,3472.09,10994.939999999999,1537460.6,43,8788,0.0053052631578947365,139.1184210526316,0.002581578947368421,774.1930263157894,0.31578980876657814,Low Margin + Low Sell-through,Clearance / Eliminate,High
2026-02-01,SKU00090,Cole Haan,Sportswear,Buyout,1968.8,3474.92,336754.74,44,9838,0.004918421052631579,221.22368421052633,0.00719736842105263,814.3315789473684,0.5665741945138305,High Margin + Low Sell-through,Targeted Marketing / Control Inventory,Medium
2026-02-01,SKU00091,Brand B,Outdoor Apparel,Own Brand,-1195.88,15264.67,1663995.15,89,8997,0.0105,290.94736842105266,-0.0007828947368421054,641.8018421052632,-0.0783429972609955,Low Margin + High Sell-through,Traffic Driver / Control Discount,Medium
2026-02-01,SKU00092,Skechers,Accessories,Buyout,1162.7,3155.71,425337.5,41,8750,0.004905263157894736,133.98684210526315,0.003364473684210526,821.0122368421053,0.36844323464450157,Low Margin + Low Sell-through,Clearance / Eliminate,High
2026-02-01,SKU00093,Columbia,Running Shoes,Consignment,2298.86,2819.4700000000003,200797.35,42,7921,0.00545,128.3421052631579,0.012843421052631579,793.8394736842106,0.8153518214416184,High Margin + Low Sell-through,Targeted Marketing / Control Inventory,Medium
2026-02-01,SKU00094,Cole Haan,Training Shoes,Buyout,1825.6200000000001,2763.51,523949.49,17,9497,0.002989473684210526,213.75,0.006857894736842105,904.0657894736842,0.6606163900257281,High Margin + Low Sell-through,Targeted Marketing / Control Inventory,Medium
2026-02-01,SKU00095,Puma,Lifestyle Apparel,Consignment,2006.33,2464.28,429668.76,54,9138,0.007335526315789474,132.5,0.006868421052631579,763.8246052631579,0.81416478646907,High Margin + High Sell-through,Main Push / Monitor Inventory,Low
2026-02-01,SKU00096,Reebok Underwear,Sportswear,Buyout,4411.139999999999,18742.56,1172671.92,103,8428,0.01202236842105263,128.6184210526316,0.004560526315789474,644.3514473684211,0.23535418854201343,Low Margin + High Sell-through,Traffic Driver / Control Discount,Medium
2026-02-01,SKU00097,Nike,Lifestyle Apparel,Consignment,2355.63,2858.27,207505.92,92,7872,0.015919736842105264,139.0921052631579,0.018263157894736842,591.4455263157895,0.8241453746497007,High Margin + High Sell-through,Main Push / Monitor Inventory,Low
2026-02-01,SKU00098,Reebok Underwear,Bags,Consignment,3043.07,3673.47,169796.35,40,8303,0.005315789473684211,127.25,0.021605263157894735,787.2938157894737,0.8283911397125879,High Margin + Low Sell-through,Targeted Marketing / Control Inventory,Medium
2026-02-01,SKU00099,Adidas,Bags,Buyout,2364.18,4373.88,808952.1,21,8453,0.0025197368421052634,137.10526315789474,0.003193421052631579,876.561447368421,0.5405223737276742,High Margin + Low Sell-through,Targeted Marketing / Control Inventory,Medium
2026-02-01,SKU00100,Brand B,Underwear,Own Brand,-935.54,7522.8099999999995,276007.57,255,8321,0.03445657894736842,305.7368421052632,-0.004293421052631578,297.13723684210527,-0.12436044509963698,Low Margin + High Sell-through,Traffic Driver / Control Discount,Medium
2026-02-01,SKU00101,Brand B,Underwear,Own Brand,1188.59,2643.79,210276.4,68,9826,0.008539473684210527,144.67105263157896,0.007975,703.592894736842,0.44957806784956444,Low Margin + High Sell-through,Traffic Driver / Control Discount,Medium
2026-02-01,SKU00102,Lululemon,Outdoor Apparel,Consignment,13415.18,16270.02,277489.73,123,8599,0.01628815789473684,126.14473684210526,0.06437631578947368,570.1455263157894,0.8245337129272121,High Margin + High Sell-through,Main Push / Monitor Inventory,Low
2026-02-01,SKU00103,Puma,Basketball Shoes,Buyout,9099.68,15644.130000000001,764445.5499999999,73,8527,0.008417105263157896,137.1578947368421,0.013328947368421051,719.2989473684211,0.5816673730018863,High Margin + High Sell-through,Main Push / Monitor Inventory,Low
2026-02-01,SKU00104,The North Face,Outdoor Apparel,Consignment,0.0,0.0,294293.71,0,8269,0.0,131.47368421052633,0.0,999.0,0.0,Low Margin + Low Sell-through,Clearance / Eliminate,High
2026-02-01,SKU00105,Nike,Performance Apparel,Buyout,11178.61,29468.35,1025594.06,147,8243,0.018692105263157895,143.3684210526316,0.013701315789473683,490.71526315789475,0.37934292215207166,Low Margin + High Sell-through,Traffic Driver / Control Discount,Medium
2026-02-01,SKU00106,Skechers,Training Shoes,Buyout,5090.76,12670.34,680911.96,97,8714,0.012789473684210526,301.2105263157895,0.009448684210526316,607.5959210526316,0.4017855874427995,Low Margin + High Sell-through,Traffic Driver / Control Discount,Medium
2026-02-01,SKU00107,New Balance,Kids Apparel,Buyout,1367.46,5233.66,480836.32,65,8084,0.008598684210526316,290.85526315789474,0.004134210526315789,742.6711842105263,0.26128177986342255,Low Margin + High Sell-through,Traffic Driver / Control Discount,Medium
2026-02-01,SKU00108,Brand A,Lifestyle Apparel,Own Brand,84.27,1185.63,807388.66,12,8797,0.0018197368421052633,311.36842105263156,0.00011184210526315791,939.0394736842105,0.07107613673743073,Low Margin + Low Sell-through,Clearance / Eliminate,High
2026-02-01,SKU00109,Brooks Brothers,Sportswear,Buyout,5159.47,11146.11,564240.82,88,8294,0.010193421052631579,134.75,0.009996052631578947,650.8451315789474,0.46289422946660314,Low Margin + High Sell-through,Traffic Driver / Control Discount,Medium
2026-02-01,SKU00110,Nike,Underwear,Consignment,795.1899999999999,981.78,30586.41,51,8289,0.005640789473684211,141.06578947368422,0.026535526315789475,771.1228947368421,0.8099472386889119,High Margin + Low Sell-through,Targeted Marketing / Control Inventory,Medium
2026-02-01,SKU00111,Puma,Training Shoes,Buyout,11615.59,20081.74,433774.74,165,8454,0.020438157894736842,136.17105263157896,0.032023684210526315,469.83960526315786,0.5784155157869786,High Margin + High Sell-through,Main Push / Monitor Inventory,Low
2026-02-01,SKU00112,Nike,Sportswear,Consignment,2107.65,2582.2,111668.32,105,8284,0.014614473684210526,143.8421052631579,0.024136842105263158,538.5938157894736,0.816222600882968,High Margin + High Sell-through,Main Push / Monitor Inventory,Low
2026-02-01,SKU00113,Patagonia,Kids Apparel,Buyout,4015.92,23237.22,1413871.2,113,8312,0.014648684210526315,118.21052631578948,0.003789473684210526,505.4193421052632,0.1728227386924942,Low Margin + High Sell-through,Traffic Driver / Control Discount,Medium
2026-02-01,SKU00114,Adidas,Performance Apparel,Buyout,2326.97,3663.47,317601.0,33,7842,0.006280263157894737,130.27631578947367,0.012453947368421052,823.8184210526315,0.6351819449865838,High Margin + Low Sell-through,Targeted Marketing / Control Inventory,Medium
2026-02-01,SKU00115,Champion,Lifestyle Apparel,Buyout,1909.52,5192.54,412315.02,61,7661,0.008882894736842105,130.6578947368421,0.005367105263157894,689.6763157894737,0.36774295431522913,Low Margin + High Sell-through,Traffic Driver / Control Discount,Medium
2026-02-01,SKU00116,Columbia,Yoga Apparel,Buyout,1049.22,3478.2599999999998,348190.32,58,8314,0.007898684210526316,134.22368421052633,0.0039723684210526316,727.359605263158,0.3016508254127064,Low Margin + High Sell-through,Traffic Driver / Control Discount,Medium
2026-02-01,SKU00117,Cole Haan,Training Shoes,Buyout,900.52,2490.27,657520.6,25,10340,0.002681578947368421,208.8815789473684,0.0016131578947368422,873.0219736842105,0.36161540716468493,Low Margin + Low Sell-through,Clearance / Eliminate,High
2026-02-01,SKU00118,Hoka,Basketball Shoes,Consignment,2830.7,3454.18,306375.42,43,7878,0.006114473684210526,142.1578947368421,0.011664473684210527,795.5411842105262,0.8194998523528015,High Margin + Low Sell-through,Targeted Marketing / Control Inventory,Medium
2026-02-01,SKU00119,Columbia,Yoga Apparel,Buyout,921.83,8958.97,1692143.8,37,7790,0.006359210526315789,145.14473684210526,0.0007526315789473685,800.1886842105263,0.10289464079018014,Low Margin + Low Sell-through,Clearance / Eliminate,High
2026-02-01,SKU00120,Skechers,Outdoor Apparel,Buyout,1920.62,17483.96,1526168.02,81,7943,0.011394736842105263,121.63157894736842,0.0018263157894736844,635.6617105263158,0.10985040002379323,Low Margin + High Sell-through,Traffic Driver / Control Discount,Medium
2026-02-01,SKU00121,Brooks Brothers,Yoga Apparel,Consignment,3569.65,4368.91,126895.63,144,8171,0.018099999999999998,303.85526315789474,0.032674999999999996,485.5360526315789,0.8170573438226011,High Margin + High Sell-through,Main Push / Monitor Inventory,Low
2026-02-01,SKU00122,Champion,Basketball Shoes,Buyout,8364.06,18236.61,1192492.8,71,8576,0.009710526315789473,144.23684210526315,0.009890789473684209,695.6026315789474,0.4586411619264764,Low Margin + High Sell-through,Traffic Driver / Control Discount,Medium
2026-02-01,SKU00123,Brand A,Lifestyle Apparel,Own Brand,339.28,1502.16,325860.78,32,8967,0.004030263157894737,137.78947368421052,0.0016342105263157894,873.3727631578947,0.22586142621292002,Low Margin + Low Sell-through,Clearance / Eliminate,High
2026-02-01,SKU00124,Patagonia,Running Shoes,Consignment,9649.36,11570.12,402755.82,146,8238,0.019103947368421054,139.75,0.030082894736842104,446.64644736842104,0.8339896215423868,High Margin + High Sell-through,Main Push / Monitor Inventory,Low
2026-02-01,SKU00125,Columbia,Running Shoes,Buyout,15877.14,29614.11,902295.85,117,7685,0.016848684210526314,139.22368421052633,0.02227105263157895,586.338947368421,0.536134295442274,High Margin + High Sell-through,Main Push / Monitor Inventory,Low
2026-02-01,SKU00126,Hoka,Basketball Shoes,Consignment,1511.25,1812.22,43000.32,57,8144,0.00799342105263158,123.23684210526316,0.04494342105263158,700.6921052631578,0.8339219300084979,High Margin + High Sell-through,Main Push / Monitor Inventory,Low
2026-02-01,SKU00127,Skechers,Kids Apparel,Buyout,-966.68,8749.6,960986.36,84,8308,0.011396052631578947,293.5394736842105,-0.0011960526315789475,615.4417105263158,-0.11048276492639662,Low Margin + High Sell-through,Traffic Driver / Control Discount,Medium
2026-02-01,SKU00128,Reebok Underwear,Kids Apparel,Consignment,56.0,69.99,36624.97,9,8381,0.0016789473684210524,130.43421052631578,0.0027342105263157895,956.9736842105264,0.800114302043149,High Margin + Low Sell-through,Targeted Marketing / Control Inventory,Medium
2026-02-01,SKU00129,Hoka,Training Shoes,Buyout,2495.39,6723.11,722249.88,49,8371,0.006873684210526316,127.17105263157895,0.004397368421052632,749.6622368421052,0.3711660228673932,Low Margin + High Sell-through,Traffic Driver / Control Discount,Medium
2026-02-01,SKU00130,Reebok Underwear,Performance Apparel,Consignment,867.33,1057.31,165393.75,104,8821,0.011578947368421053,290.5131578947368,0.0056236842105263155,568.8552631578947,0.8203175984337612,High Margin + High Sell-through,Main Push / Monitor Inventory,Low
2026-02-01,SKU00131,Cole Haan,Lifestyle Apparel,Buyout,109.41,1072.29,1595171.2,6,9940,0.0007552631578947368,199.31578947368422,5e-05,971.4868421052631,0.10203396469238732,Low Margin + Low Sell-through,Clearance / Eliminate,High
2026-02-01,SKU00132,Columbia,Running Shoes,Buyout,1547.66,2984.6800000000003,920466.58,13,8327,0.0020039473684210526,139.22368421052633,0.002419736842105263,938.4605263157895,0.5185346502807671,High Margin + Low Sell-through,Targeted Marketing / Control Inventory,Medium
2026-02-01,SKU00133,Brooks Brothers,Performance Apparel,Buyout,7795.41,12371.91,414427.5,90,8150,0.011838157894736842,135.85526315789474,0.023223684210526313,662.2286842105262,0.6300894526390832,High Margin + High Sell-through,Main Push / Monitor Inventory,Low
2026-02-01,SKU00134,Reebok Underwear,Lifestyle Apparel,Buyout,3318.0,7848.75,507081.54,75,8394,0.010769736842105262,289.3421052631579,0.00934078947368421,725.12,0.42274247491638794,Low Margin + High Sell-through,Traffic Driver / Control Discount,Medium
2026-02-01,SKU00135,Brand A,Sportswear,Own Brand,888.16,1853.0800000000002,518445.84,17,9134,0.002847368421052632,125.09210526315789,0.002098684210526316,910.1272368421053,0.47928853584302883,Low Margin + Low Sell-through,Clearance / Eliminate,High
2026-02-01,SKU00136,Patagonia,Sportswear,Buyout,1077.79,5858.929999999999,1004943.94,37,7777,0.005734210526315789,137.1184210526316,0.001030263157894737,797.3552631578947,0.18395679757225297,Low Margin + Low Sell-through,Clearance / Eliminate,High
2026-02-01,SKU00137,Nike,Running Shoes,Buyout,3501.27,10643.65,1767949.12,34,8416,0.004307894736842105,127.39473684210526,0.0021486842105263157,815.8157894736842,0.32895388330131115,Low Margin + Low Sell-through,Clearance / Eliminate,High
2026-02-01,SKU00138,Columbia,Bags,Consignment,1015.78,1219.3,116466.07,56,8711,0.007672368421052633,143.0,0.011710526315789473,727.3728947368421,0.8330845567128681,High Margin + High Sell-through,Main Push / Monitor Inventory,Low
2026-02-01,SKU00139,Reebok Underwear,Basketball Shoes,Consignment,1634.58,1999.49,335988.0,39,8100,0.006478947368421053,128.53947368421052,0.00798421052631579,816.8027631578948,0.8174984621078375,High Margin + High Sell-through,Main Push / Monitor Inventory,Low
2026-02-01,SKU00140,Under Armour,Running Shoes,Consignment,1107.42,1363.2,219019.32,19,7947,0.0028723684210526317,134.19736842105263,0.007025000000000001,874.7280263157895,0.8123679577464789,High Margin + Low Sell-through,Targeted Marketing / Control Inventory,Medium
2026-02-01,SKU00141,Under Armour,Training Shoes,Consignment,3235.62,3955.36,128991.76,61,8588,0.008019736842105264,141.18421052631578,0.03259342105263158,741.1990789473684,0.8180342623680271,High Margin + High Sell-through,Main Push / Monitor Inventory,Low
2026-02-01,SKU00142,Brand B,Basketball Shoes,Own Brand,-3788.37,6660.37,813851.4,109,8490,0.015886842105263158,288.89473684210526,-0.006540789473684211,570.5668421052632,-0.5687927247285061,Low Margin + High Sell-through,Traffic Driver / Control Discount,Medium
2026-02-01,SKU00143,Brooks Brothers,Kids Apparel,Consignment,1776.29,2145.42,169705.12,77,7864,0.012389473684210527,127.86842105263158,0.015003947368421054,627.1818421052632,0.8279451109806005,High Margin + High Sell-through,Main Push / Monitor Inventory,Low
2026-02-01,SKU00144,New Balance,Outdoor Apparel,Buyout,2139.69,4431.09,639835.26,30,8377,0.0037539473684210524,134.3421052631579,0.004105263157894737,841.671052631579,0.48288118724738155,Low Margin + Low Sell-through,Clearance / Eliminate,High
2026-02-01,SKU00145,Brand A,Running Shoes,Own Brand,12004.19,38019.77,2330326.2600000002,101,9047,0.012177631578947369,134.92105263157896,0.006219736842105263,607.5026315789473,0.31573547130874285,Low Margin + High Sell-through,Traffic Driver / Control Discount,Medium
2026-02-01,SKU00146,Fila,Outdoor Apparel,Buyout,1436.49,3532.15,1204555.43,14,8047,0.0022644736842105263,144.76315789473685,0.002005263157894737,907.4078947368421,0.40668997636000737,Low Margin + Low Sell-through,Clearance / Eliminate,High
2026-02-01,SKU00147,Asics,Underwear,Buyout,1079.73,2401.65,287150.4,36,7820,0.004653947368421053,287.1578947368421,0.004219736842105263,864.9705263157894,0.4495784148397976,Low Margin + Low Sell-through,Clearance / Eliminate,High
2026-02-01,SKU00148,Brooks Brothers,Training Shoes,Buyout,13857.71,22026.55,811305.28,82,8144,0.01007236842105263,134.3684210526316,0.02049473684210526,690.1746052631579,0.6291366555361597,High Margin + High Sell-through,Main Push / Monitor Inventory,Low
2026-02-01,SKU00149,Cole Haan,Sportswear,Buyout,7474.56,13637.76,582796.8,107,10118,0.011398684210526316,300.32894736842104,0.015196052631578949,603.7880263157895,0.5480782767844573,High Margin + High Sell-through,Main Push / Monitor Inventory,Low
2026-02-01,SKU00150,Columbia,Lifestyle Apparel,Buyout,739.85,4961.21,808236.0,41,7850,0.005188157894736842,136.55263157894737,0.0008921052631578947,829.6372368421053,0.1491269266973178,Low Margin + Low Sell-through,Clearance / Eliminate,High
2026-02-01,SKU00151,Champion,Performance Apparel,Consignment,1164.16,1393.8999999999999,262507.7,36,8281,0.004864473684210527,132.53947368421052,0.005634210526315789,872.1578947368421,0.8351818638352825,High Margin + Low Sell-through,Targeted Marketing / Control Inventory,Medium
2026-02-01,SKU00152,Brand A,Performance Apparel,Own Brand,8013.76,16527.26,1551840.78,50,9114,0.006522368421052632,144.85526315789474,0.0070999999999999995,774.140394736842,0.4848813414927823,Low Margin + High Sell-through,Traffic Driver / Control Discount,Medium
2026-02-01,SKU00153,Brand B,Sportswear,Own Brand,11173.6,27158.98,1739466.58,87,9467,0.010186842105263157,134.3815789473684,0.008263157894736842,665.5819736842105,0.4114145671155544,Low Margin + High Sell-through,Traffic Driver / Control Discount,Medium
2026-02-01,SKU00154,Brand A,Underwear,Own Brand,3353.12,8417.02,578887.1,79,9031,0.009544736842105264,143.51315789473685,0.007122368421052632,637.8307894736841,0.39837377123970236,Low Margin + High Sell-through,Traffic Driver / Control Discount,Medium
2026-02-01,SKU00155,Brand A,Outdoor Apparel,Own Brand,2546.3,11027.99,3809086.59,21,9431,0.002588157894736842,142.5,0.0009486842105263158,877.2368421052631,0.23089429714753099,Low Margin + Low Sell-through,Clearance / Eliminate,High
2026-02-01,SKU00156,The North Face,Lifestyle Apparel,Buyout,5942.47,12268.27,690323.2,78,8512,0.009548684210526315,133.43421052631578,0.010493421052631579,668.6325,0.484377177874305,Low Margin + High Sell-through,Traffic Driver / Control Discount,Medium
2026-02-01,SKU00157,Brand A,Accessories,Own Brand,2122.79,6286.73,701007.01,54,9091,0.007105263157894737,145.44736842105263,0.004271052631578947,764.8815789473684,0.33766202779505405,Low Margin + High Sell-through,Traffic Driver / Control Discount,Medium
2026-02-01,SKU00158,Cole Haan,Bags,Buyout,2463.08,4905.46,816176.02,29,9691,0.0034302631578947366,292.9078947368421,0.003598684210526316,877.1,0.5021098938733575,Low Margin + Low Sell-through,Clearance / Eliminate,High
2026-02-01,SKU00159,Lululemon,Training Shoes,Consignment,1996.88,2382.64,603803.04,38,8728,0.004856578947368421,302.7368421052632,0.0040710526315789475,854.328947368421,0.8380955578685828,High Margin + Low Sell-through,Targeted Marketing / Control Inventory,Medium
2026-02-01,SKU00160,Champion,Bags,Consignment,1309.5,1618.61,130180.53,49,7933,0.006721052631578948,298.07894736842104,0.012592105263157894,780.7543421052632,0.8090274989033801,High Margin + High Sell-through,Main Push / Monitor Inventory,Low
2026-02-01,SKU00161,New Balance,Outdoor Apparel,Consignment,582.35,702.84,86590.52,47,8782,0.005652631578947368,130.3815789473684,0.007981578947368421,793.8464473684211,0.8285669569176484,High Margin + Low Sell-through,Targeted Marketing / Control Inventory,Medium
2026-02-01,SKU00162,Champion,Underwear,Buyout,1543.31,3657.83,274287.96,67,8691,0.008482894736842106,143.72368421052633,0.007002631578947369,693.2881578947369,0.4219195533964126,Low Margin + High Sell-through,Traffic Driver / Control Discount,Medium
2026-02-01,SKU00163,Adidas,Outdoor Apparel,Consignment,3762.58,4562.6,607794.84,51,8046,0.007039473684210527,143.92105263157896,0.008063157894736842,774.4490789473684,0.8246569938193135,High Margin + High Sell-through,Main Push / Monitor Inventory,Low
2026-02-01,SKU00164,Adidas,Underwear,Buyout,2838.66,7963.78,747901.44,56,8172,0.007511842105263157,143.96052631578948,0.004969736842105263,719.6402631578948,0.3564463106715655,Low Margin + High Sell-through,Traffic Driver / Control Discount,Medium
2026-02-01,SKU00165,Brand B,Underwear,Own Brand,-2641.56,3870.86,1050044.94,59,9513,0.0061,299.94736842105266,-0.0027789473684210527,743.6402631578948,-0.6824219940788352,Low Margin + Low Sell-through,Clearance / Eliminate,High
2026-02-01,SKU00166,Brooks Brothers,Underwear,Buyout,735.33,1158.35,125490.51,26,7713,0.0035276315789473686,133.6184210526316,0.006911842105263158,851.7368421052631,0.6348081322570899,High Margin + Low Sell-through,Targeted Marketing / Control Inventory,Medium
2026-02-01,SKU00167,Brand B,Yoga Apparel,Own Brand,3652.31,12638.02,1996917.32,43,9556,0.004806578947368421,133.51315789473685,0.0020578947368421053,822.4956578947368,0.28899384555492075,Low Margin + Low Sell-through,Clearance / Eliminate,High
2026-02-01,SKU00168,Cole Haan,Sportswear,Buyout,92.97,153.92000000000002,124569.61,5,10219,0.0006447368421052632,209.26315789473685,0.0011657894736842105,962.4868421052631,0.6040150727650727,High Margin + Low Sell-through,Targeted Marketing / Control Inventory,Medium
2026-02-01,SKU00169,Brand A,Basketball Shoes,Own Brand,6738.78,19618.5,628771.36,171,8348,0.022678947368421052,133.0,0.013944736842105265,466.5585526315789,0.34349109259117666,Low Margin + High Sell-through,Traffic Driver / Control Discount,Medium
2026-02-01,SKU00170,Nike,Lifestyle Apparel,Buyout,5631.3099999999995,9989.79,826793.52,43,8157,0.006338157894736842,132.21052631578948,0.010310526315789473,821.5421052631579,0.5637065443818138,High Margin + Low Sell-through,Targeted Marketing / Control Inventory,Medium
2026-02-01,SKU00171,Brooks Brothers,Sportswear,Consignment,1203.06,1466.83,44573.66,55,8458,0.00693421052631579,132.67105263157896,0.0341,722.6227631578947,0.8201768439423791,High Margin + High Sell-through,Main Push / Monitor Inventory,Low
2026-02-01,SKU00172,Nike,Running Shoes,Consignment,1723.08,2107.38,304746.42,31,8007,0.004352631578947368,131.1315789473684,0.006865789473684211,859.7622368421053,0.8176408621131451,High Margin + Low Sell-through,Targeted Marketing / Control Inventory,Medium
2026-02-01,SKU00173,Champion,Bags,Buyout,1101.28,2152.99,265923.27999999997,33,8344,0.004298684210526316,136.05263157894737,0.004835526315789473,829.0219736842105,0.511511897407791,High Margin + Low Sell-through,Targeted Marketing / Control Inventory,Medium
2026-02-01,SKU00174,Nike,Yoga Apparel,Consignment,774.89,938.2,88952.34,58,8922,0.006874999999999999,130.05263157894737,0.01049736842105263,748.2193421052631,0.8259326369643999,High Margin + High Sell-through,Main Push / Monitor Inventory,Low
2026-02-01,SKU00175,Under Armour,Sportswear,Consignment,465.03000000000003,569.85,33385.38,38,8223,0.005960526315789474,152.28947368421052,0.0199,826.9386842105263,0.8160568570676494,High Margin + Low Sell-through,Targeted Marketing / Control Inventory,Medium
2026-02-01,SKU00176,Salomon,Underwear,Buyout,528.13,6083.53,974677.2,47,8246,0.006802631578947368,133.27631578947367,0.0008578947368421052,781.0307894736842,0.08681308385098783,Low Margin + High Sell-through,Traffic Driver / Control Discount,Medium
2026-02-01,SKU00177,Brooks Brothers,Lifestyle Apparel,Buyout,1435.66,2223.79,680681.61,9,7773,0.0011263157894736843,141.3421052631579,0.0022723684210526314,945.6227631578947,0.6455915351719362,High Margin + Low Sell-through,Targeted Marketing / Control Inventory,Medium
2026-02-01,SKU00178,Puma,Training Shoes,Buyout,8838.1,29551.06,1263814.2,128,7810,0.018753947368421054,131.32894736842104,0.00844078947368421,516.1967105263158,0.2990789501290309,Low Margin + High Sell-through,Traffic Driver / Control Discount,Medium
2026-02-01,SKU00179,Brooks Brothers,Kids Apparel,Buyout,763.3199999999999,1172.96,144807.74,22,7777,0.0025894736842105265,130.26315789473685,0.005728947368421053,895.9035526315789,0.6507638794161777,High Margin + Low Sell-through,Targeted Marketing / Control Inventory,Medium
2026-02-01,SKU00180,Skechers,Underwear,Consignment,1089.05,1313.86,200913.57,31,7839,0.004621052631578948,120.76315789473684,0.0077592105263157895,836.0834210526315,0.8288934894128751,High Margin + Low Sell-through,Targeted Marketing / Control Inventory,Medium
2026-02-01,SKU00181,Brand A,Training Shoes,Own Brand,22042.8,66902.16,2722508.88,158,9589,0.01767763157894737,148.18421052631578,0.009828947368421053,492.07644736842104,0.32947815137807207,Low Margin + High Sell-through,Traffic Driver / Control Discount,Medium
2026-02-01,SKU00182,The North Face,Basketball Shoes,Buyout,3667.56,20081.579999999998,2122098.3,63,8145,0.00824078947368421,138.21052631578948,0.0022223684210526313,689.9815789473683,0.18263303983053128,Low Margin + High Sell-through,Traffic Driver / Control Discount,Medium
2026-02-01,SKU00183,Adidas,Bags,Consignment,1797.55,2153.35,149805.25,61,8735,0.00775,130.18421052631578,0.014853947368421053,736.0982894736842,0.8347690807346693,High Margin + High Sell-through,Main Push / Monitor Inventory,Low
2026-02-01,SKU00184,The North Face,Kids Apparel,Buyout,559.41,3259.25,1853959.36,13,8927,0.001942105263157895,135.93421052631578,0.00043552631578947366,930.3640789473684,0.1716376466978599,Low Margin + Low Sell-through,Clearance / Eliminate,High
2026-02-01,SKU00185,Adidas,Outdoor Apparel,Buyout,927.1700000000001,5649.02,836501.96,45,7972,0.007363157894736842,296.3157894736842,0.0017526315789473685,802.3267105263158,0.164129353409972,Low Margin + High Sell-through,Traffic Driver / Control Discount,Medium
2026-02-01,SKU00186,New Balance,Sportswear,Consignment,343.84999999999997,409.8,139811.23,13,9061,0.0015552631578947369,142.19736842105263,0.0030921052631578947,948.6578947368421,0.8390678379697413,High Margin + Low Sell-through,Targeted Marketing / Control Inventory,Medium
2026-02-01,SKU00187,New Balance,Sportswear,Consignment,509.75,610.05,83491.28,10,8572,0.0010960526315789473,134.1578947368421,0.00616578947368421,940.3157894736842,0.8355872469469716,High Margin + Low Sell-through,Targeted Marketing / Control Inventory,Medium
2026-02-01,SKU00188,Brand B,Basketball Shoes,Own Brand,-1225.88,35313.4,1514296.74,228,9449,0.025590789473684213,315.82894736842104,-0.0005355263157894737,351.6327631578947,-0.03471430108683956,Low Margin + High Sell-through,Traffic Driver / Control Discount,Medium
2026-02-01,SKU00189,Salomon,Basketball Shoes,Buyout,1694.1,4208.61,784433.99,27,8423,0.004393421052631579,121.75,0.003810526315789474,874.5648684210526,0.4025319523548155,Low Margin + Low Sell-through,Clearance / Eliminate,High
2026-02-01,SKU00190,Reebok Underwear,Running Shoes,Buyout,6481.5599999999995,25864.77,2137942.89,77,8493,0.009114473684210526,142.10526315789474,0.003363157894736842,674.6334210526315,0.2505941479471884,Low Margin + High Sell-through,Traffic Driver / Control Discount,Medium
2026-02-01,SKU00191,Under Armour,Basketball Shoes,Consignment,1399.98,1707.11,263414.72000000003,23,8224,0.00398421052631579,134.1315789473684,0.008467105263157894,899.927105263158,0.8200877506428995,High Margin + Low Sell-through,Targeted Marketing / Control Inventory,Medium
2026-02-01,SKU00192,Brand B,Training Shoes,Own Brand,1332.36,3361.86,649981.2,30,9608,0.0035078947368421052,130.57894736842104,0.002536842105263158,855.561447368421,0.3963163248915778,Low Margin + Low Sell-through,Clearance / Eliminate,High
2026-02-01,SKU00193,Salomon,Running Shoes,Buyout,7663.11,49873.67,1776504.6400000001,196,8249,0.027126315789473682,117.67105263157895,0.006327631578947369,386.80842105263156,0.1536504131338239,Low Margin + High Sell-through,Traffic Driver / Control Discount,Medium
2026-02-01,SKU00194,Puma,Kids Apparel,Buyout,1437.88,3468.2799999999997,425368.8,40,8380,0.004277631578947369,129.81578947368422,0.003256578947368421,808.8215789473685,0.41458013770514496,Low Margin + Low Sell-through,Clearance / Eliminate,High
2026-02-01,SKU00195,Brooks Brothers,Bags,Buyout,3405.38,5252.18,950486.4,15,7720,0.002410526315789473,136.07894736842104,0.005168421052631579,931.3702631578948,0.6483745796983348,High Margin + Low Sell-through,Targeted Marketing / Control Inventory,Medium
2026-02-01,SKU00196,Asics,Accessories,Consignment,395.21,478.71999999999997,39342.56,57,8062,0.007623684210526316,152.28947368421052,0.012119736842105263,746.488552631579,0.8255556483957219,High Margin + High Sell-through,Main Push / Monitor Inventory,Low
2026-02-01,SKU00197,Adidas,Sportswear,Consignment,1610.5,1950.09,84394.8,118,8568,0.014213157894736842,139.27631578947367,0.02216315789473684,538.467894736842,0.8258593193134676,High Margin + High Sell-through,Main Push / Monitor Inventory,Low
2026-02-01,SKU00198,Adidas,Running Shoes,Consignment,4325.84,5203.74,364029.12,95,8334,0.012313157894736842,305.10526315789474,0.01462236842105263,617.188947368421,0.8312944151706273,High Margin + High Sell-through,Main Push / Monitor Inventory,Low
2026-02-01,SKU00199,Patagonia,Accessories,Buyout,2038.98,3559.53,280490.79,45,8301,0.0057157894736842105,140.0,0.008703947368421052,807.4798684210526,0.5728228164954362,High Margin + Low Sell-through,Targeted Marketing / Control Inventory,Medium
2026-02-01,SKU00200,Nike,Basketball Shoes,Buyout,3182.26,7723.389999999999,1334419.46,27,7934,0.004027631578947369,127.17105263157895,0.00345,818.4868421052631,0.4120289147641127,Low Margin + Low Sell-through,Clearance / Eliminate,High
2026-02-01,SKU00201,Brooks Brothers,Underwear,Buyout,562.74,912.34,72781.2,38,7911,0.005442105263157895,134.3815789473684,0.00999078947368421,821.3552631578947,0.6168095227656356,High Margin + Low Sell-through,Targeted Marketing / Control Inventory,Medium
2026-02-01,SKU00202,Reebok Underwear,Outdoor Apparel,Buyout,1343.8,2914.6,842503.2,17,9118,0.0021328947368421053,153.69736842105263,0.0021592105263157895,908.2193421052631,0.46105812118300965,Low Margin + Low Sell-through,Clearance / Eliminate,High
2026-02-01,SKU00203,Under Armour,Outdoor Apparel,Buyout,4322.61,13172.43,1315828.5,57,8475,0.008624999999999999,123.39473684210526,0.004376315789473684,747.2105263157895,0.3281558527925371,Low Margin + High Sell-through,Traffic Driver / Control Discount,Medium
2026-02-01,SKU00204,Skechers,Accessories,Buyout,2591.19,4971.59,498574.77999999997,40,8378,0.004530263157894737,128.02631578947367,0.005574999999999999,798.7481578947369,0.5211994553050433,High Margin + Low Sell-through,Targeted Marketing / Control Inventory,Medium
2026-02-01,SKU00205,On Running,Sportswear,Consignment,100.42,122.9,20008.62,11,8234,0.001625,125.10526315789474,0.006988157894736842,928.1578947368421,0.817087062652563,High Margin + Low Sell-through,Targeted Marketing / Control Inventory,Medium
2026-02-01,SKU00206,Skechers,Running Shoes,Buyout,4772.7,8867.81,676912.97,47,7769,0.006439473684210526,299.36842105263156,0.00839342105263158,766.8377631578948,0.5382050359671666,High Margin + High Sell-through,Main Push / Monitor Inventory,Low
2026-02-01,SKU00207,Patagonia,Sportswear,Buyout,299.56,551.8000000000001,176483.92,12,8396,0.0016276315789473684,155.76315789473685,0.0022552631578947368,915.4342105263158,0.5428778542950343,High Margin + Low Sell-through,Targeted Marketing / Control Inventory,Medium
2026-02-01,SKU00208,Adidas,Training Shoes,Consignment,5515.15,6729.92,301904.4,65,7620,0.008873684210526317,138.6578947368421,0.02105,704.2815789473684,0.8194971114069706,High Margin + High Sell-through,Main Push / Monitor Inventory,Low
2026-02-01,SKU00209,Skechers,Yoga Apparel,Consignment,1857.64,2261.71,95977.2,41,7932,0.005092105263157895,136.35526315789474,0.021275,788.6578947368421,0.8213431430201042,High Margin + Low Sell-through,Targeted Marketing / Control Inventory,Medium
2026-02-01,SKU00210,Asics,Yoga Apparel,Consignment,259.2,310.6,43780.2,26,7860,0.003897368421052632,125.03947368421052,0.007753947368421053,831.671052631579,0.8345138441725691,High Margin + Low Sell-through,Targeted Marketing / Control Inventory,Medium
2026-02-01,SKU00211,Cole Haan,Lifestyle Apparel,Buyout,7172.07,10595.34,597909.63,53,9257,0.0073710526315789475,227.01315789473685,0.018227631578947367,778.9056578947369,0.6769079614245508,High Margin + High Sell-through,Main Push / Monitor Inventory,Low
2026-02-01,SKU00212,Lululemon,Basketball Shoes,Buyout,2289.93,5201.46,657140.19,37,8351,0.004430263157894737,114.84210526315789,0.004048684210526316,810.9693421052631,0.4402475458813487,Low Margin + Low Sell-through,Clearance / Eliminate,High
2026-02-01,SKU00213,Adidas,Lifestyle Apparel,Consignment,2042.47,2475.1,186321.84,52,8108,0.006606578947368421,142.32894736842104,0.01276842105263158,717.0307894736842,0.8252070623409156,High Margin + High Sell-through,Main Push / Monitor Inventory,Low
2026-02-01,SKU00214,Skechers,Bags,Consignment,1245.26,1528.73,259888.85,38,8507,0.005735526315789474,144.0,0.007148684210526316,810.5911842105263,0.8145715724817332,High Margin + Low Sell-through,Targeted Marketing / Control Inventory,Medium
2026-02-01,SKU00215,Brand A,Underwear,Own Brand,1819.05,7982.7,1306282.89,45,9537,0.005939473684210526,127.57894736842105,0.0018763157894736843,806.8159210526316,0.2278740275846518,Low Margin + Low Sell-through,Clearance / Eliminate,High
2026-02-01,SKU00216,Columbia,Training Shoes,Buyout,4582.05,7673.55,552348.0,45,8040,0.007176315789473684,304.88157894736844,0.011381578947368421,772.9201315789473,0.5971225834196688,High Margin + High Sell-through,Main Push / Monitor Inventory,Low
2026-02-01,SKU00217,Nike,Underwear,Consignment,2783.22,3389.43,217489.7,180,7955,0.025325,301.88157894736844,0.017156578947368422,469.4996052631579,0.8211469185084217,High Margin + High Sell-through,Main Push / Monitor Inventory,Low
2026-02-01,SKU00218,Nike,Yoga Apparel,Consignment,1485.02,1755.72,92190.0,27,8780,0.0030894736842105265,137.57894736842104,0.018167105263157894,875.5481578947368,0.8458182398104481,High Margin + Low Sell-through,Targeted Marketing / Control Inventory,Medium
2026-02-01,SKU00219,Adidas,Lifestyle Apparel,Buyout,2523.12,5927.58,1241591.76,23,8388,0.0025592105263157897,143.31578947368422,0.002169736842105263,878.3332894736842,0.42565768829775386,Low Margin + Low Sell-through,Clearance / Eliminate,High
2026-02-01,SKU00220,Nike,Accessories,Consignment,413.90999999999997,497.82,42354.0,42,8145,0.008189473684210528,130.42105263157896,0.01828815789473684,783.3894736842105,0.8314451006387851,High Margin + High Sell-through,Main Push / Monitor Inventory,Low
2026-02-01,SKU00221,On Running,Accessories,Consignment,562.59,693.46,276399.54,24,8391,0.004439473684210526,117.65789473684211,0.0036105263157894733,853.521052631579,0.8112796700602775,High Margin + Low Sell-through,Targeted Marketing / Control Inventory,Medium
2026-02-01,SKU00222,Reebok Underwear,Training Shoes,Consignment,688.88,806.65,304800.08,20,7921,0.0028921052631578946,149.39473684210526,0.0026999999999999997,910.771052631579,0.8540011157255315,High Margin + Low Sell-through,Targeted Marketing / Control Inventory,Medium
2026-02-01,SKU00223,Brand A,Basketball Shoes,Own Brand,3670.04,13498.21,1908337.8599999999,47,9126,0.005581578947368421,133.35526315789474,0.0022710526315789475,784.5035526315789,0.27189086552957764,Low Margin + Low Sell-through,Clearance / Eliminate,High
2026-02-01,SKU00224,Under Armour,Accessories,Buyout,43.04,359.24,84277.84,30,7996,0.0037657894736842106,274.5263157894737,0.0006407894736842106,860.4605263157895,0.11980848457855472,Low Margin + Low Sell-through,Clearance / Eliminate,High
2026-02-01,SKU00225,Champion,Performance Apparel,Buyout,6591.45,21578.25,1638122.4,69,7542,0.00923157894736842,134.18421052631578,0.004169736842105263,670.0447368421053,0.3054673108338257,Low Margin + High Sell-through,Traffic Driver / Control Discount,Medium
2026-02-01,SKU00226,Brand B,Basketball Shoes,Own Brand,14434.98,46991.18,2582148.1,118,9359,0.013253947368421054,131.07894736842104,0.006844736842105263,545.0034210526316,0.3071848802264595,Low Margin + High Sell-through,Traffic Driver / Control Discount,Medium
2026-02-01,SKU00227,Champion,Kids Apparel,Buyout,668.48,3519.72,353469.9,68,8430,0.00995921052631579,140.32894736842104,0.0024210526315789475,699.0482894736842,0.18992419851579104,Low Margin + High Sell-through,Traffic Driver / Control Discount,Medium
2026-02-01,SKU00228,Cole Haan,Accessories,Buyout,451.64,2071.44,258096.44,65,10357,0.00669078947368421,226.32894736842104,0.0020157894736842104,743.2847368421053,0.21803190051365232,Low Margin + High Sell-through,Traffic Driver / Control Discount,Medium
2026-02-01,SKU00229,Brand B,Training Shoes,Own Brand,-6243.17,21330.53,2234221.71,110,8913,0.01415263157894737,298.75,-0.0036592105263157895,594.7168421052633,-0.2926870546582762,Low Margin + High Sell-through,Traffic Driver / Control Discount,Medium
2026-02-01,SKU00230,Salomon,Yoga Apparel,Consignment,1502.3700000000001,1823.05,101281.41,62,8109,0.007860526315789474,294.88157894736844,0.01701315789473684,686.8290789473684,0.8240969803351527,High Margin + High Sell-through,Main Push / Monitor Inventory,Low
2026-02-01,SKU00231,Puma,Basketball Shoes,Buyout,2137.81,9559.49,1070047.22,56,8074,0.007410526315789474,145.47368421052633,0.0024907894736842105,749.4080263157895,0.22363222305792463,Low Margin + High Sell-through,Traffic Driver / Control Discount,Medium
2026-02-01,SKU00232,Reebok Underwear,Sportswear,Consignment,2599.77,3126.88,199448.28,83,8269,0.011119736842105262,133.23684210526315,0.016313157894736842,659.1107894736842,0.8314262139896638,High Margin + High Sell-through,Main Push / Monitor Inventory,Low
2026-02-01,SKU00233,Brand A,Bags,Own Brand,7985.7,17245.35,1904812.89,45,9257,0.004771052631578947,135.89473684210526,0.004751315789473684,787.3184210526315,0.4630639563708478,Low Margin + Low Sell-through,Clearance / Eliminate,High
2026-02-01,SKU00234,New Balance,Accessories,Buyout,499.84000000000003,1545.49,595044.5599999999,15,8536,0.0023302631578947367,140.03947368421052,0.0012355263157894736,923.6492105263158,0.32341846275291336,Low Margin + Low Sell-through,Clearance / Eliminate,High
2026-02-01,SKU00235,Brand B,Underwear,Own Brand,668.8299999999999,3380.5,495757.08,51,9324,0.005269736842105263,142.72368421052633,0.0014960526315789472,794.3377631578948,0.1978494305576098,Low Margin + Low Sell-through,Clearance / Eliminate,High
2026-02-01,SKU00236,Adidas,Kids Apparel,Consignment,324.06,398.94,62441.47,13,8141,0.0013907894736842105,129.6578947368421,0.005315789473684211,934.1105263157893,0.8123026018950218,High Margin + Low Sell-through,Targeted Marketing / Control Inventory,Medium
2026-02-01,SKU00237,Puma,Yoga Apparel,Consignment,3931.29,4747.89,85165.92,188,7952,0.027551315789473684,146.72368421052633,0.06378157894736843,395.1143421052631,0.8280078097849781,High Margin + High Sell-through,Main Push / Monitor Inventory,Low
2026-02-01,SKU00238,Puma,Lifestyle Apparel,Consignment,748.97,902.28,73548.0,80,8100,0.011428947368421052,138.80263157894737,0.013093421052631579,609.5393421052631,0.8300860043445494,High Margin + High Sell-through,Main Push / Monitor Inventory,Low
2026-02-01,SKU00239,On Running,Lifestyle Apparel,Consignment,915.97,1118.51,171646.2,44,8669,0.005376315789473685,143.6315789473684,0.006280263157894737,787.7982894736842,0.818919812965463,High Margin + Low Sell-through,Targeted Marketing / Control Inventory,Medium
2026-02-01,SKU00240,Columbia,Bags,Buyout,306.9,1584.44,481574.51,22,8293,0.0028118421052631577,136.94736842105263,0.0008342105263157894,897.1342105263158,0.19369619550124964,Low Margin + Low Sell-through,Clearance / Eliminate,High
2026-02-01,SKU00241,Reebok Underwear,Performance Apparel,Buyout,2711.71,7021.98,394220.2,89,8140,0.011465789473684212,128.80263157894737,0.008207894736842105,652.4815789473683,0.3861745547552115,Low Margin + High Sell-through,Traffic Driver / Control Discount,Medium
2026-02-01,SKU00242,Skechers,Basketball Shoes,Buyout,1644.49,15888.94,1241667.9,89,7758,0.0122,297.25,0.0017921052631578946,650.193947368421,0.10349903769540321,Low Margin + High Sell-through,Traffic Driver / Control Discount,Medium
2026-02-01,SKU00243,Brand B,Accessories,Own Brand,809.17,3536.93,920229.32,28,9446,0.0043236842105263155,124.0,0.0015013157894736842,860.7631578947369,0.22877749913060197,Low Margin + Low Sell-through,Clearance / Eliminate,High
2026-02-01,SKU00244,Reebok Underwear,Underwear,Consignment,687.18,839.33,62004.6,43,8379,0.00585,135.69736842105263,0.014407894736842106,791.4972368421053,0.8187244587945146,High Margin + Low Sell-through,Targeted Marketing / Control Inventory,Medium
2026-02-01,SKU00245,Brand A,Kids Apparel,Own Brand,2028.2,3857.0,276758.4,60,9080,0.0072250000000000005,125.44736842105263,0.00880921052631579,749.3667105263158,0.5258491055224268,High Margin + High Sell-through,Main Push / Monitor Inventory,Low
2026-02-01,SKU00246,Reebok Underwear,Accessories,Buyout,263.42,3094.14,369718.57,64,8359,0.007880263157894737,145.55263157894737,0.0007881578947368422,668.5877631578948,0.08513512640022754,Low Margin + High Sell-through,Traffic Driver / Control Discount,Medium
2026-02-01,SKU00247,Cole Haan,Lifestyle Apparel,Buyout,1181.81,4586.89,1154078.9,28,9490,0.003155263157894737,205.39473684210526,0.0011789473684210526,902.5017105263158,0.2576495185190837,Low Margin + Low Sell-through,Clearance / Eliminate,High
2026-02-01,SKU00248,Adidas,Kids Apparel,Buyout,-230.07,2248.53,252939.6,81,8266,0.011323684210526316,311.36842105263156,-0.0012065789473684212,658.9471052631579,-0.10232018251924589,Low Margin + High Sell-through,Traffic Driver / Control Discount,Medium
2026-02-01,SKU00249,Brooks Brothers,Running Shoes,Buyout,1017.79,2655.23,479594.48,28,8201,0.003630263157894737,142.71052631578948,0.002556578947368421,848.7411842105263,0.3833151930341251,Low Margin + Low Sell-through,Clearance / Eliminate,High
2026-02-01,SKU00250,Under Armour,Running Shoes,Buyout,1783.62,7518.9,511375.02,92,8203,0.013186842105263158,124.97368421052632,0.004328947368421053,591.5657894736842,0.2372182101105215,Low Margin + High Sell-through,Traffic Driver / Control Discount,Medium
2026-02-01,SKU00251,Nike,Bags,Consignment,5059.61,6116.76,238183.38,107,7974,0.015263157894736841,133.03947368421052,0.029189473684210526,576.3144736842105,0.8271715744936862,High Margin + High Sell-through,Main Push / Monitor Inventory,Low
2026-02-01,SKU00252,Asics,Training Shoes,Consignment,6235.45,7524.75,340181.7,122,8065,0.01700657894736842,131.5921052631579,0.023507894736842106,543.8494736842105,0.8286587594272234,High Margin + High Sell-through,Main Push / Monitor Inventory,Low
2026-02-01,SKU00253,Asics,Sportswear,Consignment,7930.54,9569.15,352957.92,181,8176,0.026397368421052635,137.23684210526315,0.03071315789473684,408.9785526315789,0.828761175235,High Margin + High Sell-through,Main Push / Monitor Inventory,Low
2026-02-01,SKU00254,Fila,Lifestyle Apparel,Consignment,1153.3,1407.49,87668.1,97,8255,0.012696052631578946,139.8684210526316,0.016525,607.5886842105263,0.8194019140455705,High Margin + High Sell-through,Main Push / Monitor Inventory,Low
2026-02-01,SKU00255,Skechers,Outdoor Apparel,Buyout,11500.76,27717.86,1451250.26,90,8054,0.01207763157894737,124.11842105263158,0.009975,619.531447368421,0.41492236413633665,Low Margin + High Sell-through,Traffic Driver / Control Discount,Medium
2026-02-01,SKU00256,Brand B,Training Shoes,Own Brand,372.4,3142.02,1904905.07,14,9629,0.0016618421052631582,135.96052631578948,0.00015394736842105263,939.1210526315789,0.1185224791694515,Low Margin + Low Sell-through,Clearance / Eliminate,High
2026-02-01,SKU00257,Brand B,Yoga Apparel,Own Brand,355.67,834.37,441074.18,10,9214,0.0013289473684210528,134.44736842105263,0.0010355263157894735,948.8947368421053,0.4262737154979206,Low Margin + Low Sell-through,Clearance / Eliminate,High
2026-02-01,SKU00258,Under Armour,Yoga Apparel,Consignment,5428.83,6519.45,198325.32,107,8326,0.014178947368421055,129.22368421052633,0.03652894736842105,564.5564473684211,0.8327128822216598,High Margin + High Sell-through,Main Push / Monitor Inventory,Low
2026-02-01,SKU00259,Brand A,Outdoor Apparel,Own Brand,2112.72,5829.3,1669452.34,21,9433,0.003360526315789474,132.1184210526316,0.0022552631578947368,895.0964473684211,0.3624311666923987,Low Margin + Low Sell-through,Clearance / Eliminate,High
2026-02-01,SKU00260,Brand A,Running Shoes,Own Brand,16038.26,72682.82,2185985.5,252,9725,0.028448684210526317,134.5921052631579,0.0091,332.22118421052636,0.2206609484882397,Low Margin + High Sell-through,Traffic Driver / Control Discount,Medium
2026-02-01,SKU00261,Patagonia,Running Shoes,Buyout,438.47999999999996,771.51,893519.49,3,8049,0.00042500000000000003,131.55263157894737,0.0006894736842105264,980.3947368421053,0.5683400085546525,High Margin + Low Sell-through,Targeted Marketing / Control Inventory,Medium
2026-02-01,SKU00262,Under Armour,Bags,Consignment,2158.36,2617.44,235182.8,71,7940,0.00879078947368421,116.63157894736842,0.009931578947368421,680.1360526315789,0.8246072498318968,High Margin + High Sell-through,Main Push / Monitor Inventory,Low
2026-02-01,SKU00263,Champion,Sportswear,Buyout,5028.96,11391.52,861965.12,59,7993,0.00864078947368421,146.3684210526316,0.007765789473684211,681.8859210526316,0.4414652302765566,Low Margin + High Sell-through,Traffic Driver / Control Discount,Medium
2026-02-01,SKU00264,Puma,Performance Apparel,Buyout,534.23,958.94,339883.83,11,8803,0.001236842105263158,136.42105263157896,0.0017197368421052633,943.671052631579,0.5571047197947734,High Margin + Low Sell-through,Targeted Marketing / Control Inventory,Medium
2026-02-01,SKU00265,New Balance,Running Shoes,Buyout,1060.49,8053.25,1010637.84,57,8238,0.00790921052631579,142.18421052631578,0.0012973684210526317,735.9736842105264,0.13168472355881167,Low Margin + High Sell-through,Traffic Driver / Control Discount,Medium
2026-02-01,SKU00266,Nike,Bags,Consignment,1215.37,1466.0,216224.58,30,8294,0.0042947368421052635,117.72368421052632,0.007513157894736841,856.6315789473684,0.8290381991814461,High Margin + Low Sell-through,Targeted Marketing / Control Inventory,Medium
2026-02-01,SKU00267,Puma,Basketball Shoes,Buyout,2162.06,3739.85,261443.16,47,7788,0.0074,294.44736842105266,0.011189473684210527,783.296447368421,0.578114095485113,High Margin + High Sell-through,Main Push / Monitor Inventory,Low
2026-02-01,SKU00268,Under Armour,Performance Apparel,Buyout,1774.97,14637.47,3142860.0,35,8552,0.004252631578947368,138.10526315789474,0.0007144736842105263,815.4825,0.12126207602816608,Low Margin + Low Sell-through,Clearance / Eliminate,High
2026-02-01,SKU00269,Salomon,Basketball Shoes,Buyout,875.77,4620.52,1182741.84,25,7896,0.003361842105263158,127.40789473684211,0.0008513157894736843,860.3071052631578,0.18953927263598033,Low Margin + Low Sell-through,Clearance / Eliminate,High
2026-02-01,SKU00270,The North Face,Underwear,Buyout,532.58,2333.94,340809.48,46,8703,0.00585,136.85526315789474,0.002111842105263158,828.828947368421,0.22818924222559278,Low Margin + Low Sell-through,Clearance / Eliminate,High
2026-02-01,SKU00271,Asics,Outdoor Apparel,Buyout,597.36,7699.95,1895100.15,33,8805,0.004260526315789474,297.5131578947368,0.0004618421052631579,847.8552631578947,0.07757972454366587,Low Margin + Low Sell-through,Clearance / Eliminate,High
2026-02-01,SKU00272,Brand A,Lifestyle Apparel,Own Brand,1904.25,4117.0,791810.46,25,8946,0.004442105263157895,134.23684210526315,0.0044223684210526314,900.6394736842107,0.46253339810541655,Low Margin + Low Sell-through,Clearance / Eliminate,High
2026-02-01,SKU00273,The North Face,Basketball Shoes,Buyout,3130.23,9809.47,1389281.92,37,7696,0.00565,134.5,0.003082894736842105,794.8507894736842,0.3191028669234933,Low Margin + Low Sell-through,Clearance / Eliminate,High
2026-02-01,SKU00274,Reebok Underwear,Underwear,Buyout,1547.33,5139.17,269869.05,112,8415,0.014638157894736843,127.46052631578948,0.006905263157894737,545.8498684210526,0.30108558385887213,Low Margin + High Sell-through,Traffic Driver / Control Discount,Medium
2026-02-01,SKU00275,Skechers,Outdoor Apparel,Buyout,1054.22,9329.62,2627143.95,28,8889,0.0030684210526315788,140.56578947368422,0.0004210526315789474,890.188552631579,0.11299709956032507,Low Margin + Low Sell-through,Clearance / Eliminate,High
2026-02-01,SKU00276,New Balance,Lifestyle Apparel,Consignment,3250.68,3934.1600000000003,200840.08,119,8344,0.015351315789473685,134.1184210526316,0.019876315789473683,554.4823684210527,0.8262704109644752,High Margin + High Sell-through,Main Push / Monitor Inventory,Low
2026-02-01,SKU00277,Cole Haan,Underwear,Buyout,5453.11,14569.11,480823.42,200,10549,0.020955263157894737,207.1578947368421,0.01419736842105263,388.8469736842105,0.37429259577283713,Low Margin + High Sell-through,Traffic Driver / Control Discount,Medium
2026-02-01,SKU00278,Champion,Running Shoes,Buyout,3503.52,7667.68,753429.04,44,7961,0.0069789473684210524,133.47368421052633,0.0058697368421052635,779.6227631578947,0.4569204765978757,Low Margin + High Sell-through,Traffic Driver / Control Discount,Medium
2026-02-01,SKU00279,Columbia,Yoga Apparel,Buyout,501.74,863.1700000000001,65457.28,47,8512,0.0066092105263157895,309.61842105263156,0.010638157894736842,770.2630263157895,0.5812759943000799,High Margin + High Sell-through,Main Push / Monitor Inventory,Low
2026-02-01,SKU00280,Salomon,Running Shoes,Buyout,1721.35,5447.11,963341.8200000001,32,8274,0.004111842105263158,135.28947368421052,0.002232894736842105,843.8719736842105,0.31601160982612797,Low Margin + Low Sell-through,Clearance / Eliminate,High
2026-02-01,SKU00281,Hoka,Underwear,Buyout,1143.05,1971.71,473460.81,14,7999,0.002846052631578947,138.96052631578948,0.0039210526315789475,913.8815789473684,0.5797252131398634,High Margin + Low Sell-through,Targeted Marketing / Control Inventory,Medium
2026-02-01,SKU00282,Adidas,Performance Apparel,Consignment,2893.39,3489.78,639263.7999999999,31,8428,0.004484210526315789,139.10526315789474,0.006056578947368421,857.7605263157895,0.8291038403566986,High Margin + Low Sell-through,Targeted Marketing / Control Inventory,Medium
2026-02-01,SKU00283,Cole Haan,Lifestyle Apparel,Buyout,3896.6,6720.68,650547.0,42,9675,0.0064407894736842105,204.55263157894737,0.010489473684210526,831.4598684210526,0.5797925209948993,High Margin + High Sell-through,Main Push / Monitor Inventory,Low
2026-02-01,SKU00284,Adidas,Underwear,Consignment,704.73,873.0,199583.54,35,8038,0.004875,138.0921052631579,0.004286842105263158,815.7631578947369,0.8072508591065293,High Margin + Low Sell-through,Targeted Marketing / Control Inventory,Medium
2026-02-01,SKU00285,Hoka,Lifestyle Apparel,Consignment,690.73,835.34,40268.8,48,8320,0.007538157894736841,288.57894736842104,0.025586842105263158,783.3798684210527,0.8268848612541001,High Margin + High Sell-through,Main Push / Monitor Inventory,Low
2026-02-01,SKU00286,Brooks Brothers,Accessories,Consignment,630.23,758.95,114849.2,26,7708,0.004360526315789474,133.64473684210526,0.008042105263157894,874.2148684210526,0.8303972593715001,High Margin + Low Sell-through,Targeted Marketing / Control Inventory,Medium
2026-02-01,SKU00287,Under Armour,Yoga Apparel,Consignment,451.17,547.6700000000001,50257.35,60,8307,0.007889473684210526,123.3157894736842,0.0111,777.2973684210526,0.8237990030492814,High Margin + High Sell-through,Main Push / Monitor Inventory,Low
2026-02-01,SKU00288,Lululemon,Outdoor Apparel,Buyout,7132.24,25438.239999999998,2778105.0,54,8195,0.00781578947368421,149.27631578947367,0.0034565789473684208,743.9605263157895,0.28037474290674197,Low Margin + High Sell-through,Traffic Driver / Control Discount,Medium
2026-02-01,SKU00289,Brand A,Lifestyle Apparel,Own Brand,2860.1,6105.62,1220585.98,24,9026,0.002776315789473684,142.39473684210526,0.002806578947368421,903.9263157894736,0.4684372758212925,Low Margin + Low Sell-through,Clearance / Eliminate,High
2026-02-01,SKU00290,Brand B,Lifestyle Apparel,Own Brand,2029.11,3517.71,225299.61,60,9081,0.007835526315789473,133.23684210526315,0.01189342105263158,736.1856578947369,0.576826969818433,High Margin + High Sell-through,Main Push / Monitor Inventory,Low
2026-02-01,SKU00291,Brooks Brothers,Kids Apparel,Consignment,2964.58,3647.31,107891.01,44,7939,0.006318421052631579,140.32894736842104,0.035277631578947366,772.0306578947369,0.8128127304780783,High Margin + Low Sell-through,Targeted Marketing / Control Inventory,Medium
2026-02-01,SKU00292,New Balance,Kids Apparel,Buyout,341.78,15727.52,828661.5,149,8025,0.020132894736842107,287.4342105263158,0.00037894736842105254,521.7776315789473,0.02173133462872722,Low Margin + High Sell-through,Traffic Driver / Control Discount,Medium
2026-02-01,SKU00293,Under Armour,Lifestyle Apparel,Buyout,-62.439999999999976,15292.48,1089272.73,116,8229,0.014568421052631578,290.3157894736842,7.894736842105273e-06,562.2003947368421,-0.004083052585322981,Low Margin + High Sell-through,Traffic Driver / Control Discount,Medium
2026-02-01,SKU00294,Nike,Performance Apparel,Consignment,2298.45,2858.42,231436.8,30,8036,0.003948684210526316,126.84210526315789,0.011922368421052631,869.8973684210526,0.8040980681635308,High Margin + Low Sell-through,Targeted Marketing / Control Inventory,Medium
2026-02-01,SKU00295,Cole Haan,Underwear,Buyout,376.05,2494.32,643055.42,33,10018,0.0033447368421052628,199.97368421052633,0.0007328947368421052,834.5613157894737,0.15076253247378044,Low Margin + Low Sell-through,Clearance / Eliminate,High
2026-02-01,SKU00296,On Running,Performance Apparel,Buyout,2959.5,6152.62,1745724.32,14,7654,0.0017460526315789475,130.94736842105263,0.0016723684210526314,923.3815789473684,0.4810145921574874,Low Margin + Low Sell-through,Clearance / Eliminate,High
2026-02-01,SKU00297,Puma,Performance Apparel,Buyout,2788.65,15821.449999999999,2446908.2,44,8261,0.005707894736842105,130.77631578947367,0.0013921052631578948,767.9755263157895,0.176257549086841,Low Margin + Low Sell-through,Clearance / Eliminate,High
2026-02-01,SKU00298,Brand A,Underwear,Own Brand,436.43,1412.33,292932.65,30,9005,0.0036671052631578947,118.3157894736842,0.0017236842105263158,869.6815789473685,0.30901418223786226,Low Margin + Low Sell-through,Clearance / Eliminate,High
2026-02-01,SKU00299,Puma,Yoga Apparel,Buyout,1660.1399999999999,7930.95,1350957.58,39,8402,0.004186842105263158,147.30263157894737,0.0012776315789473683,838.2157894736843,0.20932422975809958,Low Margin + Low Sell-through,Clearance / Eliminate,High
2026-02-01,SKU00300,Brand A,Kids Apparel,Own Brand,4347.11,15746.89,1001902.16,107,9404,0.01202236842105263,142.23684210526315,0.005502631578947368,569.6697368421053,0.2760614953174881,Low Margin + High Sell-through,Traffic Driver / Control Discount,Medium
2026-02-01,SKU00301,Lululemon,Outdoor Apparel,Consignment,812.52,978.31,434620.14,12,8454,0.0019434210526315789,146.98684210526315,0.002677631578947368,934.609605263158,0.8305342887223887,High Margin + Low Sell-through,Targeted Marketing / Control Inventory,Medium
2026-02-01,SKU00302,Cole Haan,Training Shoes,Buyout,14320.5,25984.5,798498.0,144,9858,0.018061842105263157,220.89473684210526,0.024497368421052632,509.34789473684214,0.5511170120648848,High Margin + High Sell-through,Main Push / Monitor Inventory,Low
2026-02-01,SKU00303,Adidas,Lifestyle Apparel,Consignment,3110.84,3837.85,59980.54,70,7913,0.008624999999999999,127.82894736842105,0.056592105263157895,724.1715789473684,0.8105684172127624,High Margin + High Sell-through,Main Push / Monitor Inventory,Low
2026-02-01,SKU00304,Hoka,Outdoor Apparel,Buyout,13522.6,26895.96,1036178.22,104,8058,0.013801315789473684,136.72368421052633,0.01616184210526316,602.982894736842,0.5027743943700095,Low Margin + High Sell-through,Traffic Driver / Control Discount,Medium
2026-02-01,SKU00305,New Balance,Training Shoes,Buyout,4864.88,15479.66,1358852.67,66,8449,0.007963157894736842,122.38157894736842,0.0040565789473684215,714.3888157894737,0.31427563654498875,Low Margin + High Sell-through,Traffic Driver / Control Discount,Medium
2026-02-01,SKU00306,Salomon,Lifestyle Apparel,Buyout,2878.67,14919.24,1442352.46,67,8026,0.010221052631578948,148.64473684210526,0.0027934210526315787,708.3560526315789,0.1929501770867685,Low Margin + High Sell-through,Traffic Driver / Control Discount,Medium
2026-02-01,SKU00307,Adidas,Running Shoes,Consignment,2128.33,2583.28,382392.0,60,8460,0.00761578947368421,142.44736842105263,0.0068368421052631585,781.2825,0.8238866866928864,High Margin + High Sell-through,Main Push / Monitor Inventory,Low
2026-02-01,SKU00308,Champion,Lifestyle Apparel,Consignment,273.47,344.86,124208.63,18,8029,0.0032986842105263156,125.42105263157895,0.004322368421052632,940.7426315789475,0.792988459084846,High Margin + Low Sell-through,Targeted Marketing / Control Inventory,Medium
2026-02-01,SKU00309,New Balance,Bags,Buyout,526.5699999999999,4689.61,1221108.84,28,8213,0.004035526315789474,296.0131578947368,0.0006078947368421052,821.561447368421,0.11228439038640739,Low Margin + Low Sell-through,Clearance / Eliminate,High
2026-02-01,SKU00310,Skechers,Accessories,Buyout,907.24,2846.98,466595.64,33,7938,0.003936842105263158,123.76315789473684,0.002025,840.0577631578948,0.318667500298562,Low Margin + Low Sell-through,Clearance / Eliminate,High
2026-02-01,SKU00311,Patagonia,Training Shoes,Buyout,256.43,766.93,2075948.25,2,8133,0.0002368421052631579,133.17105263157896,0.00013289473684210528,984.2894736842105,0.3343590679723052,Low Margin + Low Sell-through,Clearance / Eliminate,High
2026-02-01,SKU00312,Reebok Underwear,Lifestyle Apparel,Consignment,529.02,638.05,63928.5,90,8175,0.01154078947368421,133.67105263157896,0.009719736842105264,618.9367105263158,0.8291199749235953,High Margin + High Sell-through,Main Push / Monitor Inventory,Low
2026-02-01,SKU00313,On Running,Performance Apparel,Consignment,3879.4,4721.59,387199.21,46,7681,0.006835526315789473,141.81578947368422,0.013301315789473684,753.4184210526316,0.8216300017578824,High Margin + High Sell-through,Main Push / Monitor Inventory,Low
2026-02-01,SKU00314,Cole Haan,Performance Apparel,Consignment,1163.45,1419.6299999999999,492925.08,20,9924,0.002101315789473684,208.47368421052633,0.002669736842105263,898.6097368421052,0.819544529208315,High Margin + Low Sell-through,Targeted Marketing / Control Inventory,Medium
2026-02-01,SKU00315,Under Armour,Training Shoes,Buyout,8323.69,20420.41,651625.2,159,8565,0.019189473684210524,129.03947368421052,0.015261842105263157,489.48407894736846,0.40761620359238626,Low Margin + High Sell-through,Traffic Driver / Control Discount,Medium
2026-02-01,SKU00316,Brand A,Lifestyle Apparel,Own Brand,-5449.01,9936.73,484082.88,298,9376,0.03425394736842105,294.5131578947368,-0.014619736842105263,245.88223684210524,-0.5483705404091689,Low Margin + High Sell-through,Traffic Driver / Control Discount,Medium
2026-02-01,SKU00317,On Running,Underwear,Consignment,45.21,54.79,69445.93,10,8563,0.001138157894736842,312.60526315789474,0.0006723684210526316,935.9605263157895,0.8251505749224312,High Margin + Low Sell-through,Targeted Marketing / Control Inventory,Medium
2026-02-01,SKU00318,Asics,Training Shoes,Buyout,3989.14,7002.780000000001,536556.16,47,8368,0.006276315789473684,137.05263157894737,0.00954078947368421,800.7455263157896,0.5696509100671447,High Margin + Low Sell-through,Targeted Marketing / Control Inventory,Medium
2026-02-01,SKU00319,The North Face,Yoga Apparel,Buyout,5337.9,10449.09,747668.46,57,8338,0.010253947368421052,302.8421052631579,0.012775,754.0123684210527,0.5108483131066915,High Margin + High Sell-through,Main Push / Monitor Inventory,Low
2026-02-01,SKU00320,Columbia,Kids Apparel,Consignment,288.22,363.99,34312.04,24,8308,0.0028894736842105264,124.27631578947368,0.009514473684210527,905.475,0.791834940520344,High Margin + Low Sell-through,Targeted Marketing / Control Inventory,Medium
2026-02-01,SKU00321,Skechers,Sportswear,Buyout,2488.35,4398.03,218959.2,73,8370,0.009897368421052632,133.6184210526316,0.015136842105263159,673.6667105263158,0.5657874093628283,High Margin + High Sell-through,Main Push / Monitor Inventory,Low
2026-02-01,SKU00322,Brand A,Bags,Own Brand,64.62,213.99,463694.27,3,9313,0.0004723684210526316,125.23684210526316,0.0001263157894736842,976.828947368421,0.3019767278844806,Low Margin + Low Sell-through,Clearance / Eliminate,High
2026-02-01,SKU00323,The North Face,Bags,Consignment,8940.47,10875.59,421029.24,146,8212,0.01884342105263158,130.27631578947367,0.025228947368421052,526.3444736842106,0.8220675843793301,High Margin + High Sell-through,Main Push / Monitor Inventory,Low
2026-02-01,SKU00324,Fila,Outdoor Apparel,Buyout,1774.42,3828.67,377936.35,45,8279,0.005368421052631579,137.10526315789474,0.0055065789473684205,781.0376315789474,0.4634559781856363,Low Margin + Low Sell-through,Clearance / Eliminate,High
2026-02-01,SKU00325,Under Armour,Lifestyle Apparel,Buyout,8187.78,21236.33,817019.21,145,9079,0.017576315789473686,131.67105263157896,0.013282894736842106,484.1480263157895,0.3855553195867647,Low Margin + High Sell-through,Traffic Driver / Control Discount,Medium
2026-02-01,SKU00326,New Balance,Running Shoes,Buyout,1703.84,4719.6,513924.84,46,7839,0.006803947368421053,308.17105263157896,0.004293421052631578,709.3597368421052,0.3610136452241715,Low Margin + High Sell-through,Traffic Driver / Control Discount,Medium
2026-02-01,SKU00327,Salomon,Accessories,Buyout,2379.88,4009.09,411647.06,33,8338,0.004757894736842106,131.60526315789474,0.007668421052631579,862.278947368421,0.5936209962859402,High Margin + Low Sell-through,Targeted Marketing / Control Inventory,Medium
2026-02-01,SKU00328,Lululemon,Running Shoes,Consignment,5542.53,6732.74,353414.0,94,8300,0.012163157894736843,134.75,0.01916842105263158,635.2536842105263,0.8232205610197334,High Margin + High Sell-through,Main Push / Monitor Inventory,Low
2026-02-01,SKU00329,Columbia,Bags,Consignment,6204.5,7529.44,327449.12,154,8563,0.019101315789473685,132.3684210526316,0.023271052631578946,494.50828947368416,0.8240320661297521,High Margin + High Sell-through,Main Push / Monitor Inventory,Low
2026-02-01,SKU00330,Adidas,Kids Apparel,Buyout,-638.37,10722.63,544484.04,175,8387,0.022810526315789476,305.69736842105266,-0.001561842105263158,376.4855263157895,-0.059534834271069696,Low Margin + High Sell-through,Traffic Driver / Control Discount,Medium
2026-02-01,SKU00331,Brooks Brothers,Yoga Apparel,Buyout,301.85,866.3299999999999,294623.27999999997,16,8351,0.0021907894736842106,296.14473684210526,0.0013263157894736841,905.2676315789473,0.34842381078803697,Low Margin + Low Sell-through,Clearance / Eliminate,High
2026-02-01,SKU00332,Under Armour,Yoga Apparel,Buyout,8801.64,22144.26,1040331.93,102,7953,0.012880263157894737,139.32894736842104,0.009797368421052633,584.6330263157895,0.39746823781873947,Low Margin + High Sell-through,Traffic Driver / Control Discount,Medium
2026-02-01,SKU00333,Brand B,Accessories,Own Brand,363.73,1145.83,175955.12,45,10124,0.004398684210526316,125.11842105263158,0.0023526315789473688,819.7736842105263,0.31743801436513275,Low Margin + Low Sell-through,Clearance / Eliminate,High
2026-02-01,SKU00334,Champion,Outdoor Apparel,Buyout,1006.91,6592.3099999999995,1557941.4,29,8089,0.0040855263157894735,130.68421052631578,0.000793421052631579,828.2938157894737,0.15274008655539562,Low Margin + Low Sell-through,Clearance / Eliminate,High
2026-02-01,SKU00335,Adidas,Sportswear,Consignment,272.56,328.8,67843.47,32,8067,0.004405263157894737,296.35526315789474,0.005128947368421052,803.5088157894737,0.8289537712895377,High Margin + Low Sell-through,Targeted Marketing / Control Inventory,Medium
2026-02-01,SKU00336,Cole Haan,Running Shoes,Buyout,3967.95,6392.35,887246.8,29,10613,0.002756578947368421,212.0921052631579,0.005098684210526316,864.2806578947369,0.6207341587991896,High Margin + Low Sell-through,Targeted Marketing / Control Inventory,Medium
2026-02-01,SKU00337,Brand A,Outdoor Apparel,Own Brand,8818.1,15554.74,1888785.44,32,8972,0.004238157894736842,126.14473684210526,0.006292105263157895,841.3597368421052,0.5669075792973718,High Margin + Low Sell-through,Targeted Marketing / Control Inventory,Medium
2026-02-01,SKU00338,Brooks Brothers,Basketball Shoes,Buyout,2004.77,5651.71,1447669.41,22,8733,0.0027592105263157893,144.10526315789474,0.001794736842105263,891.5921052631579,0.35471919118284556,Low Margin + Low Sell-through,Clearance / Eliminate,High
2026-02-01,SKU00339,Brand A,Training Shoes,Own Brand,8200.0,18711.16,696443.98,132,8746,0.016585526315789474,134.25,0.014468421052631578,498.73592105263157,0.4382411352369388,Low Margin + High Sell-through,Traffic Driver / Control Discount,Medium
2026-02-01,SKU00340,The North Face,Running Shoes,Buyout,6425.12,17125.29,1655094.22,53,8198,0.007494736842105263,128.93421052631578,0.005346052631578948,750.5026315789473,0.3751831355848572,Low Margin + High Sell-through,Traffic Driver / Control Discount,Medium
2026-02-01,SKU00341,Adidas,Basketball Shoes,Consignment,1549.5,1912.45,120940.95,63,8535,0.007778947368421054,134.19736842105263,0.015735526315789474,743.2459210526316,0.810217260581976,High Margin + High Sell-through,Main Push / Monitor Inventory,Low
2026-02-01,SKU00342,Champion,Accessories,Buyout,1055.5,3058.8999999999996,569466.45,28,7959,0.003513157894736842,135.93421052631578,0.002167105263157895,872.0088157894737,0.3450586812252771,Low Margin + Low Sell-through,Clearance / Eliminate,High
2026-02-01,SKU00343,Cole Haan,Outdoor Apparel,Buyout,875.38,2831.46,706424.32,28,10112,0.002988157894736842,206.6578947368421,0.0015776315789473685,858.9867105263157,0.30916205773699784,Low Margin + Low Sell-through,Clearance / Eliminate,High
2026-02-01,SKU00344,Lululemon,Underwear,Consignment,1590.26,1909.6,181920.77,50,8497,0.006351315789473684,126.38157894736842,0.01065921052631579,750.5990789473684,0.8327712609970674,High Margin + Low Sell-through,Targeted Marketing / Control Inventory,Medium
2026-02-01,SKU00345,New Balance,Running Shoes,Consignment,1097.6,1336.48,147953.34,50,8298,0.006756578947368422,133.5,0.009738157894736843,830.9326315789473,0.8212618220998443,High Margin + High Sell-through,Main Push / Monitor Inventory,Low
2026-02-01,SKU00346,Salomon,Kids Apparel,Buyout,8327.95,20873.95,1177930.0,90,8450,0.011878947368421053,124.55263157894737,0.008694736842105262,636.838947368421,0.3989637802140946,Low Margin + High Sell-through,Traffic Driver / Control Discount,Medium
2026-02-01,SKU00347,Skechers,Kids Apparel,Buyout,1316.73,2753.13,424199.7,28,8269,0.0030144736842105265,134.8421052631579,0.002885526315789474,879.3244736842106,0.4782665547939981,Low Margin + Low Sell-through,Clearance / Eliminate,High
2026-02-01,SKU00348,Hoka,Outdoor Apparel,Consignment,2001.89,2474.59,367866.48,30,8563,0.003469736842105263,123.34210526315789,0.005886842105263158,848.4490789473684,0.8089784570373274,High Margin + Low Sell-through,Targeted Marketing / Control Inventory,Medium
2026-02-01,SKU00349,Brooks Brothers,Lifestyle Apparel,Buyout,3133.03,5486.09,327481.04,58,8072,0.008169736842105263,147.1578947368421,0.011555263157894737,696.6535526315789,0.5710861469644136,High Margin + High Sell-through,Main Push / Monitor Inventory,Low
2026-02-01,SKU00350,Columbia,Accessories,Consignment,2133.31,2595.98,170630.74,79,7693,0.011428947368421052,120.8157894736842,0.01591315789473684,641.0653947368421,0.8217744358585197,High Margin + High Sell-through,Main Push / Monitor Inventory,Low
2026-02-01,SKU00351,Nike,Kids Apparel,Consignment,2749.69,3353.12,52901.85,235,8331,0.030980263157894733,318.2105263157895,0.0654328947368421,298.08171052631576,0.8200392470296322,High Margin + High Sell-through,Main Push / Monitor Inventory,Low
2026-02-01,SKU00352,Brand B,Accessories,Own Brand,331.69,1631.79,1170220.01,10,9001,0.000994736842105263,127.6842105263158,0.00031973684210526317,943.8684210526316,0.20326757732306241,Low Margin + Low Sell-through,Clearance / Eliminate,High
2026-02-01,SKU00353,On Running,Bags,Consignment,757.73,920.3,37755.9,71,8298,0.009396052631578947,130.8421052631579,0.024811842105263156,699.3571052631579,0.823351081169184,High Margin + High Sell-through,Main Push / Monitor Inventory,Low
2026-02-01,SKU00354,Patagonia,Sportswear,Buyout,946.78,6588.7,1048456.8,48,8920,0.00579078947368421,119.44736842105263,0.0011263157894736843,759.4667105263158,0.1436975427626087,Low Margin + Low Sell-through,Clearance / Eliminate,High
2026-02-01,SKU00355,Hoka,Yoga Apparel,Consignment,1995.17,2419.77,431654.48,26,8551,0.0025894736842105265,140.39473684210526,0.004405263157894737,898.0702631578947,0.8245287775284428,High Margin + Low Sell-through,Targeted Marketing / Control Inventory,Medium
2026-02-01,SKU00356,Brand B,Running Shoes,Own Brand,3699.19,18674.79,2415202.8,58,9354,0.007059210526315789,136.46052631578948,0.0018960526315789474,718.7192105263158,0.19808469064444634,Low Margin + High Sell-through,Traffic Driver / Control Discount,Medium
2026-02-01,SKU00357,The North Face,Lifestyle Apparel,Buyout,3345.9300000000003,6623.43,410922.5,69,8651,0.00820921052631579,310.9736842105263,0.009898684210526315,661.4253947368421,0.5051657524877594,Low Margin + High Sell-through,Traffic Driver / Control Discount,Medium
2026-02-01,SKU00358,Reebok Underwear,Performance Apparel,Buyout,4241.44,10137.64,1454269.2,31,7646,0.004082894736842106,136.31578947368422,0.003482894736842105,847.6438157894737,0.4183853441234843,Low Margin + Low Sell-through,Clearance / Eliminate,High
2026-02-01,SKU00359,Brand B,Basketball Shoes,Own Brand,546.1800000000001,1630.8899999999999,826844.85,11,8385,0.0015355263157894737,142.1184210526316,0.000836842105263158,945.4473684210526,0.3348968967864173,Low Margin + Low Sell-through,Clearance / Eliminate,High
2026-02-01,SKU00360,Salomon,Running Shoes,Buyout,7004.6,41166.0,2100926.1,130,7995,0.020622368421052632,138.35526315789474,0.004801315789473684,440.2310526315789,0.1701549822669193,Low Margin + High Sell-through,Traffic Driver / Control Discount,Medium
2026-02-01,SKU00361,The North Face,Accessories,Buyout,211.52,718.04,117892.53,36,8379,0.004443421052631579,142.85526315789474,0.0022671052631578945,858.3044736842105,0.2945796891538076,Low Margin + Low Sell-through,Clearance / Eliminate,High
2026-02-01,SKU00362,Brooks Brothers,Outdoor Apparel,Buyout,3263.18,6304.73,1639192.68,15,8084,0.0020513157894736845,128.4078947368421,0.0024513157894736847,899.7763157894736,0.5175764862254213,High Margin + Low Sell-through,Targeted Marketing / Control Inventory,Medium
2026-02-01,SKU00363,Under Armour,Accessories,Buyout,1020.88,2401.0,395059.35,28,8015,0.0038276315789473685,137.73684210526315,0.0032263157894736843,841.7552631578948,0.4251895043731778,Low Margin + Low Sell-through,Clearance / Eliminate,High
2026-02-01,SKU00364,Brand A,Outdoor Apparel,Own Brand,25144.64,48614.39,1553871.3,135,8938,0.017330263157894737,125.59210526315789,0.020896052631578947,536.8331578947368,0.5172262780629356,High Margin + High Sell-through,Main Push / Monitor Inventory,Low
2026-02-01,SKU00365,On Running,Performance Apparel,Consignment,1003.58,1198.65,89590.5,44,8334,0.006834210526315789,139.76315789473685,0.016117105263157894,775.078947368421,0.8372585825720602,High Margin + High Sell-through,Main Push / Monitor Inventory,Low
2026-02-01,SKU00366,Brand B,Kids Apparel,Own Brand,1502.64,3687.1400000000003,810624.26,25,9277,0.003338157894736842,148.22368421052633,0.002582894736842105,873.2368421052631,0.40753537972520704,Low Margin + Low Sell-through,Clearance / Eliminate,High
2026-02-01,SKU00367,Adidas,Yoga Apparel,Consignment,854.49,1030.52,40431.24,49,7866,0.006742105263157894,129.93421052631578,0.026276315789473686,756.1336842105263,0.8291833249233397,High Margin + High Sell-through,Main Push / Monitor Inventory,Low
2026-02-01,SKU00368,Puma,Sportswear,Buyout,3113.48,7430.98,703061.7,50,8142,0.007996052631578947,134.6184210526316,0.006517105263157895,772.8255263157895,0.41898645939028234,Low Margin + High Sell-through,Traffic Driver / Control Discount,Medium
2026-02-01,SKU00369,Adidas,Bags,Consignment,267.0,326.95,98409.6,16,8160,0.0023473684210526314,133.71052631578948,0.0040381578947368425,905.7851315789474,0.8166386297599022,High Margin + Low Sell-through,Targeted Marketing / Control Inventory,Medium
2026-02-01,SKU00370,Hoka,Sportswear,Buyout,724.01,1608.3899999999999,522542.24,14,8272,0.0017868421052631579,124.44736842105263,0.0015828947368421054,933.171052631579,0.450145797971885,Low Margin + Low Sell-through,Clearance / Eliminate,High
2026-02-01,SKU00371,Brand A,Sportswear,Own Brand,6222.52,24364.6,1688725.28,96,8936,0.012194736842105263,140.32894736842104,0.0046276315789473685,626.1285526315789,0.25539183897950307,Low Margin + High Sell-through,Traffic Driver / Control Discount,Medium
2026-02-01,SKU00372,Under Armour,Kids Apparel,Consignment,1430.46,1684.9099999999999,217874.88,43,8154,0.005438157894736842,150.3815789473684,0.007277631578947369,769.7657894736842,0.8489830317346329,High Margin + Low Sell-through,Targeted Marketing / Control Inventory,Medium
2026-02-01,SKU00373,New Balance,Outdoor Apparel,Buyout,123.05,337.76,1768136.85,1,8235,0.00019605263157894737,141.30263157894737,0.0001131578947368421,989.328947368421,0.3643119374703932,Low Margin + Low Sell-through,Clearance / Eliminate,High
2026-02-01,SKU00374,Asics,Sportswear,Buyout,4151.87,10093.12,511131.25,97,8345,0.012798684210526316,137.1315789473684,0.01075,565.9076315789474,0.411356448749247,Low Margin + High Sell-through,Traffic Driver / Control Discount,Medium
2026-02-01,SKU00375,Salomon,Lifestyle Apparel,Buyout,51.019999999999996,218.7,338839.36,4,8083,0.000593421052631579,144.81578947368422,0.0001986842105263158,973.4605263157895,0.23328760859625056,Low Margin + Low Sell-through,Clearance / Eliminate,High
2026-02-01,SKU00376,Puma,Sportswear,Consignment,398.41999999999996,481.05,348302.16,11,8562,0.0010828947368421052,146.05263157894737,0.0010763157894736841,940.1052631578947,0.8282299137303814,High Margin + Low Sell-through,Targeted Marketing / Control Inventory,Medium
2026-02-01,SKU00377,Reebok Underwear,Kids Apparel,Consignment,294.04,352.3,129682.52,24,8798,0.0031526315789473687,295.67105263157896,0.002847368421052632,857.3815789473684,0.8346295770650014,High Margin + Low Sell-through,Targeted Marketing / Control Inventory,Medium
2026-02-01,SKU00378,Cole Haan,Sportswear,Buyout,56.50999999999999,1625.99,386704.56,41,10102,0.004430263157894737,321.94736842105266,0.00020394736842105265,812.6061842105263,0.034754211280512176,Low Margin + Low Sell-through,Clearance / Eliminate,High
2026-02-01,SKU00379,Brand B,Kids Apparel,Own Brand,1449.67,5212.67,1329994.72,25,8836,0.0033855263157894734,122.44736842105263,0.0015144736842105262,869.3860526315789,0.27810507858736505,Low Margin + Low Sell-through,Clearance / Eliminate,High
2026-02-01,SKU00380,Cole Haan,Performance Apparel,Buyout,2781.9,4528.4,1232405.25,14,9879,0.00155,215.01315789473685,0.002756578947368421,936.078947368421,0.6143229396696406,High Margin + Low Sell-through,Targeted Marketing / Control Inventory,Medium
2026-02-01,SKU00381,Columbia,Accessories,Buyout,1748.13,2961.37,201075.96,49,8121,0.0071552631578947375,132.3684210526316,0.011463157894736842,768.3710526315789,0.5903112410809862,High Margin + High Sell-through,Main Push / Monitor Inventory,Low
2026-02-01,SKU00382,Fila,Training Shoes,Buyout,4547.46,25275.36,1959707.79,90,8509,0.01181578947368421,132.97368421052633,0.0031434210526315788,611.2825,0.17991672522171792,Low Margin + High Sell-through,Traffic Driver / Control Discount,Medium
2026-02-01,SKU00383,Puma,Running Shoes,Buyout,4210.87,7215.07,669686.25,36,8025,0.004735526315789474,127.78947368421052,0.007943421052631579,804.2806578947369,0.5836215033256781,High Margin + Low Sell-through,Targeted Marketing / Control Inventory,Medium
2026-02-01,SKU00384,Fila,Running Shoes,Consignment,2134.82,2590.13,107257.95,66,8219,0.00866842105263158,124.97368421052632,0.023674999999999998,713.3069736842106,0.824213456467436,High Margin + High Sell-through,Main Push / Monitor Inventory,Low
2026-02-01,SKU00385,Reebok Underwear,Outdoor Apparel,Buyout,4208.48,13608.08,2152769.5,36,8245,0.00738421052631579,129.31578947368422,0.003192105263157895,822.6092105263158,0.30926332002751306,Low Margin + High Sell-through,Traffic Driver / Control Discount,Medium
2026-02-01,SKU00386,Lululemon,Basketball Shoes,Buyout,2202.75,5959.23,815637.76,39,8468,0.0048618421052631575,130.1578947368421,0.003380263157894737,804.5,0.36963668124908755,Low Margin + Low Sell-through,Clearance / Eliminate,High
2026-02-01,SKU00387,Puma,Performance Apparel,Buyout,1676.56,14228.119999999999,2064458.76,46,7566,0.0066605263157894735,135.57894736842104,0.0012118421052631579,773.3509210526315,0.11783426060505535,Low Margin + High Sell-through,Traffic Driver / Control Discount,Medium
2026-02-01,SKU00388,Brand B,Kids Apparel,Own Brand,1221.78,3083.78,166295.22,100,8931,0.013744736842105263,140.94736842105263,0.010689473684210526,579.9568421052631,0.39619557815408357,Low Margin + High Sell-through,Traffic Driver / Control Discount,Medium
2026-02-01,SKU00389,Skechers,Lifestyle Apparel,Buyout,1157.19,2519.16,294553.62,37,8002,0.004947368421052632,309.1578947368421,0.004951315789473685,824.8157894736842,0.4593554994521984,Low Margin + Low Sell-through,Clearance / Eliminate,High
2026-02-01,SKU00390,Adidas,Yoga Apparel,Buyout,1555.42,3015.78,526658.92,22,7934,0.002843421052631579,139.75,0.003178947368421053,873.828947368421,0.5157604334533686,High Margin + Low Sell-through,Targeted Marketing / Control Inventory,Medium
2026-02-01,SKU00391,Adidas,Basketball Shoes,Consignment,122.71000000000001,155.4,176212.39,4,8269,0.0005473684210526316,133.52631578947367,0.0008986842105263157,968.2105263157895,0.7896396396396397,High Margin + Low Sell-through,Targeted Marketing / Control Inventory,Medium
2026-02-01,SKU00392,Under Armour,Training Shoes,Consignment,5648.46,6776.98,226398.89,194,8711,0.023799999999999998,298.9605263157895,0.029886842105263156,382.766052631579,0.8334774486570715,High Margin + High Sell-through,Main Push / Monitor Inventory,Low
2026-02-01,SKU00393,Brand B,Accessories,Own Brand,7493.28,23544.05,716807.61,211,9423,0.02615,135.69736842105263,0.015097368421052632,388.2907894736842,0.3182663985168227,Low Margin + High Sell-through,Traffic Driver / Control Discount,Medium
2026-02-01,SKU00394,Nike,Outdoor Apparel,Consignment,1853.57,2235.59,284428.25,38,7925,0.00549078947368421,287.4605263157895,0.008511842105263158,767.2368421052631,0.8291189350462294,High Margin + Low Sell-through,Targeted Marketing / Control Inventory,Medium
2026-02-01,SKU00395,Brand B,Kids Apparel,Own Brand,5654.19,10891.87,1060128.72,47,9513,0.006722368421052632,144.32894736842104,0.007715789473684211,766.9342105263158,0.5191202245344463,High Margin + High Sell-through,Main Push / Monitor Inventory,Low
2026-02-01,SKU00396,Adidas,Training Shoes,Buyout,12490.87,35714.28,1888536.72,103,8376,0.015303947368421052,124.4342105263158,0.009488157894736842,544.728947368421,0.3497444159591066,Low Margin + High Sell-through,Traffic Driver / Control Discount,Medium
2026-02-01,SKU00397,Asics,Underwear,Consignment,151.96,186.23000000000002,98189.1,10,8286,0.001311842105263158,131.81578947368422,0.0017986842105263156,934.6052631578947,0.8159802394888042,High Margin + Low Sell-through,Targeted Marketing / Control Inventory,Medium
2026-02-01,SKU00398,Lululemon,Sportswear,Buyout,2646.59,6210.59,1341360.0,22,8280,0.002455263157894737,130.43421052631578,0.0021,878.640394736842,0.42614147770179645,Low Margin + Low Sell-through,Clearance / Eliminate,High
2026-02-01,SKU00399,Asics,Performance Apparel,Consignment,2903.98,3543.31,250666.92,125,7668,0.01882105263157895,122.47368421052632,0.016073684210526316,522.7292105263158,0.8195670150226766,High Margin + High Sell-through,Main Push / Monitor Inventory,Low
2026-02-01,SKU00400,Hoka,Sportswear,Buyout,709.74,1410.96,187757.7,29,7765,0.003889473684210527,143.69736842105263,0.004680263157894737,840.1851315789473,0.5030192209559449,Low Margin + Low Sell-through,Clearance / Eliminate,High
2026-02-01,SKU00401,Reebok Underwear,Yoga Apparel,Buyout,231.82,1812.48,807624.28,17,8686,0.0023407894736842106,131.73684210526315,0.00039473684210526326,927.9736842105264,0.12790210098870056,Low Margin + Low Sell-through,Clearance / Eliminate,High
2026-02-01,SKU00402,Puma,Performance Apparel,Buyout,8153.32,17985.91,1357380.99,61,8421,0.00844078947368421,127.88157894736842,0.008452631578947368,718.5825,0.453317068749927,Low Margin + High Sell-through,Traffic Driver / Control Discount,Medium
2026-02-01,SKU00403,Nike,Outdoor Apparel,Consignment,1152.02,1354.78,119453.94,28,8193,0.005031578947368422,140.82894736842104,0.01596578947368421,817.578947368421,0.850337324141189,High Margin + Low Sell-through,Targeted Marketing / Control Inventory,Medium
2026-02-01,SKU00404,Lululemon,Accessories,Consignment,2806.05,3398.71,87506.72,134,7912,0.019469736842105262,134.53947368421052,0.04271842105263158,520.2286842105262,0.825622074257586,High Margin + High Sell-through,Main Push / Monitor Inventory,Low
2026-02-01,SKU00405,Under Armour,Performance Apparel,Consignment,3003.7,3618.66,352711.32,41,8086,0.005377631578947368,146.67105263157896,0.010396052631578948,789.4289473684211,0.8300586404912316,High Margin + Low Sell-through,Targeted Marketing / Control Inventory,Medium
2026-02-01,SKU00406,Cole Haan,Running Shoes,Buyout,3014.99,7126.95,1243263.2,34,10280,0.003978947368421052,221.31578947368422,0.0029421052631578948,829.2965789473684,0.42304071166487767,Low Margin + Low Sell-through,Clearance / Eliminate,High
2026-02-01,SKU00407,Brand B,Performance Apparel,Own Brand,969.91,4606.99,895428.89,36,8863,0.004044736842105263,136.07894736842104,0.00125,824.7656578947368,0.21053008580439722,Low Margin + Low Sell-through,Clearance / Eliminate,High
2026-02-01,SKU00408,Brand A,Performance Apparel,Own Brand,19649.71,45678.44,2592861.95,91,9065,0.01117236842105263,120.22368421052632,0.009260526315789474,680.5090789473685,0.43017471699996757,Low Margin + High Sell-through,Traffic Driver / Control Discount,Medium
2026-02-01,SKU00409,Puma,Yoga Apparel,Consignment,1433.72,1718.6399999999999,211645.58,51,9214,0.0053276315789473686,313.80263157894734,0.007117105263157895,759.7596052631579,0.8342177535725923,High Margin + Low Sell-through,Targeted Marketing / Control Inventory,Medium
2026-02-01,SKU00410,Brand B,Sportswear,Own Brand,4199.3,9717.8,1736488.0,30,9440,0.0035171052631578943,133.64473684210526,0.0028368421052631576,824.3727631578947,0.4321245549404187,Low Margin + Low Sell-through,Clearance / Eliminate,High
2026-02-01,SKU00411,New Balance,Running Shoes,Buyout,2346.13,19893.65,2237308.8,64,8160,0.008546052631578947,129.72368421052633,0.0011605263157894736,672.6281578947368,0.11793361198171276,Low Margin + High Sell-through,Traffic Driver / Control Discount,Medium
2026-02-01,SKU00412,Cole Haan,Training Shoes,Buyout,15926.91,24781.02,588827.25,153,10175,0.019477631578947368,218.3421052631579,0.038685526315789476,524.6756578947368,0.6427059903103262,High Margin + High Sell-through,Main Push / Monitor Inventory,Low
2026-02-01,SKU00413,The North Face,Training Shoes,Buyout,172.13000000000002,11893.63,1478416.05,70,8829,0.009768421052631579,287.8421052631579,0.00040263157894736843,706.8399999999999,0.014472452901258911,Low Margin + High Sell-through,Traffic Driver / Control Discount,Medium
2026-02-01,SKU00414,Cole Haan,Training Shoes,Buyout,3490.18,7410.98,1306978.4,29,9667,0.0034157894736842106,209.75,0.0033184210526315786,845.171052631579,0.4709471621836788,Low Margin + Low Sell-through,Clearance / Eliminate,High
2026-02-01,SKU00415,Brooks Brothers,Kids Apparel,Buyout,1564.05,2537.9900000000002,765605.38,11,8647,0.0014434210526315789,152.67105263157896,0.002707894736842105,941.8684210526316,0.6162553831969393,High Margin + Low Sell-through,Targeted Marketing / Control Inventory,Medium
2026-02-01,SKU00416,Fila,Outdoor Apparel,Consignment,6118.9800000000005,7358.28,291465.0,88,8636,0.010601315789473684,136.30263157894737,0.02546578947368421,667.8372368421052,0.8315774882173552,High Margin + High Sell-through,Main Push / Monitor Inventory,Low
2026-02-01,SKU00417,Asics,Kids Apparel,Consignment,3130.96,3794.3,286101.5,89,8245,0.011403947368421053,134.3815789473684,0.013417105263157895,630.5032894736842,0.8251746040112801,High Margin + High Sell-through,Main Push / Monitor Inventory,Low
2026-02-01,SKU00418,The North Face,Training Shoes,Consignment,1479.05,1790.16,239359.63999999998,37,8446,0.004396052631578947,134.82894736842104,0.007039473684210527,851.0078947368421,0.8262110649327434,High Margin + Low Sell-through,Targeted Marketing / Control Inventory,Medium
2026-02-01,SKU00419,Lululemon,Yoga Apparel,Consignment,1810.6100000000001,2180.42,246710.25,39,8265,0.005069736842105263,132.9078947368421,0.009128947368421052,827.6973684210526,0.8303950615019126,High Margin + Low Sell-through,Targeted Marketing / Control Inventory,Medium
2026-02-01,SKU00420,Salomon,Underwear,Buyout,302.84000000000003,916.09,213312.88,25,8696,0.003192105263157895,147.3815789473684,0.001673684210526316,865.6772368421052,0.3305788732548112,Low Margin + Low Sell-through,Clearance / Eliminate,High
2026-02-01,SKU00421,Cole Haan,Bags,Buyout,483.15999999999997,830.92,173068.56,21,10451,0.0032855263157894735,212.51315789473685,0.005172368421052631,896.9227631578948,0.5814759543638377,High Margin + Low Sell-through,Targeted Marketing / Control Inventory,Medium
2026-02-01,SKU00422,Nike,Bags,Consignment,1429.9,1787.73,143498.01,28,8377,0.0031289473684210523,146.01315789473685,0.010486842105263157,870.3464473684211,0.7998411393219335,High Margin + Low Sell-through,Targeted Marketing / Control Inventory,Medium
2026-02-01,SKU00423,Salomon,Underwear,Buyout,191.82999999999998,461.23,713910.0,3,7950,0.0005328947368421052,132.52631578947367,0.0004263157894736842,972.671052631579,0.41590963293801353,Low Margin + Low Sell-through,Clearance / Eliminate,High
2026-02-01,SKU00424,Asics,Underwear,Buyout,3519.54,12160.38,633165.0,116,8500,0.015498684210526316,126.77631578947368,0.006990789473684211,520.8146052631579,0.28942681067532433,Low Margin + High Sell-through,Traffic Driver / Control Discount,Medium
2026-02-01,SKU00425,New Balance,Lifestyle Apparel,Buyout,252.29999999999998,574.02,380227.08,7,8273,0.000863157894736842,127.09210526315789,0.0007013157894736842,958.0921052631579,0.4395317236333229,Low Margin + Low Sell-through,Clearance / Eliminate,High
2026-02-01,SKU00426,Cole Haan,Lifestyle Apparel,Buyout,757.21,1506.0900000000001,165974.6,46,10195,0.005485526315789474,216.1315789473684,0.006093421052631579,812.2807894736842,0.50276543898439,Low Margin + Low Sell-through,Clearance / Eliminate,High
2026-02-01,SKU00427,Salomon,Kids Apparel,Buyout,240.15,388.47,613674.0,2,8275,0.00019210526315789473,141.44736842105263,0.0003131578947368421,989.4078947368421,0.6181944551702834,High Margin + Low Sell-through,Targeted Marketing / Control Inventory,Medium
2026-02-01,SKU00428,Asics,Sportswear,Consignment,2307.46,2801.02,152275.19,69,8353,0.009963157894736842,136.23684210526315,0.020603947368421055,679.5456578947369,0.8237927612084169,High Margin + High Sell-through,Main Push / Monitor Inventory,Low
2026-02-01,SKU00429,Patagonia,Training Shoes,Consignment,3827.82,4617.26,166114.72,108,8056,0.01591578947368421,126.96052631578948,0.03010657894736842,593.1044736842106,0.8290241398578377,High Margin + High Sell-through,Main Push / Monitor Inventory,Low
2026-02-01,SKU00430,Brand A,Performance Apparel,Own Brand,2838.23,13660.47,1998992.6,52,9605,0.0062250000000000005,151.23684210526315,0.0016671052631578949,762.5061842105264,0.20776957161796045,Low Margin + Low Sell-through,Clearance / Eliminate,High
2026-02-01,SKU00431,Nike,Training Shoes,Buyout,5441.1900000000005,18198.329999999998,2209736.7600000002,51,8834,0.0064263157894736845,133.43421052631578,0.002925,774.0973684210527,0.2989939186727574,Low Margin + High Sell-through,Traffic Driver / Control Discount,Medium
2026-02-01,SKU00432,Puma,Yoga Apparel,Consignment,1182.74,1483.14,455773.04,30,8044,0.0042210526315789474,289.0,0.003481578947368421,839.4569736842105,0.7974567471715414,High Margin + Low Sell-through,Targeted Marketing / Control Inventory,Medium
2026-02-01,SKU00433,Puma,Yoga Apparel,Buyout,454.69,6317.82,421159.96,119,8548,0.015511842105263159,146.30263157894737,0.0014842105263157895,532.671052631579,0.07196944515671545,Low Margin + High Sell-through,Traffic Driver / Control Discount,Medium
2026-02-01,SKU00434,Nike,Kids Apparel,Buyout,643.86,1357.22,754556.54,8,8462,0.0009513157894736842,135.77631578947367,0.000956578947368421,946.9473684210526,0.4743961922164424,Low Margin + Low Sell-through,Clearance / Eliminate,High
2026-02-01,SKU00435,New Balance,Outdoor Apparel,Buyout,363.96999999999997,1641.33,727182.8,14,7970,0.0017605263157894737,146.05263157894737,0.0005486842105263158,914.5,0.22175309048149974,Low Margin + Low Sell-through,Clearance / Eliminate,High
2026-02-01,SKU00436,Brand A,Outdoor Apparel,Own Brand,2728.02,5613.54,840473.28,33,9612,0.0033039473684210526,138.69736842105263,0.0035118421052631583,870.5175,0.4859714191045223,Low Margin + Low Sell-through,Clearance / Eliminate,High
2026-02-01,SKU00437,Salomon,Accessories,Buyout,1836.9,3061.86,395611.04,24,7751,0.0037381578947368425,145.93421052631578,0.0074921052631578946,876.6578947368421,0.5999294546452156,High Margin + Low Sell-through,Targeted Marketing / Control Inventory,Medium
2026-02-01,SKU00438,Fila,Running Shoes,Buyout,1493.91,5830.55,647863.04,56,8366,0.009110526315789473,126.34210526315789,0.0040565789473684215,707.6928947368422,0.25622111121592306,Low Margin + High Sell-through,Traffic Driver / Control Discount,Medium
2026-02-01,SKU00439,On Running,Bags,Buyout,1899.94,10360.49,2171460.59,35,8983,0.004875,131.1578947368421,0.0012539473684210526,798.8552631578947,0.18338321836129373,Low Margin + Low Sell-through,Clearance / Eliminate,High
2026-02-01,SKU00440,New Balance,Basketball Shoes,Buyout,2778.7,5110.96,1026971.82,18,7926,0.0029223684210526314,153.71052631578948,0.0040342105263157894,888.2631578947369,0.5436747695149248,High Margin + Low Sell-through,Targeted Marketing / Control Inventory,Medium
2026-02-01,SKU00441,Nike,Basketball Shoes,Consignment,1532.3899999999999,1843.63,47531.0,73,7975,0.010255263157894736,146.22368421052633,0.04233421052631579,699.6080263157895,0.8311808768570699,High Margin + High Sell-through,Main Push / Monitor Inventory,Low
2026-02-01,SKU00442,Under Armour,Lifestyle Apparel,Buyout,1897.68,3750.28,252707.2,59,8048,0.0074,141.19736842105263,0.008515789473684211,742.905,0.5060102179037298,Low Margin + High Sell-through,Traffic Driver / Control Discount,Medium
2026-02-01,SKU00443,Reebok Underwear,Kids Apparel,Consignment,2162.31,2610.7200000000003,118560.5,96,8038,0.013628947368421053,134.8815789473684,0.0243,594.4772368421052,0.8282427835999263,High Margin + High Sell-through,Main Push / Monitor Inventory,Low
2026-02-01,SKU00444,Skechers,Basketball Shoes,Consignment,4268.17,5080.23,293537.55,66,8285,0.008994736842105264,137.06578947368422,0.018692105263157895,681.7477631578947,0.8401529064628964,High Margin + High Sell-through,Main Push / Monitor Inventory,Low
2026-02-01,SKU00445,Brand B,Underwear,Own Brand,1884.19,4794.5,435830.85,61,9135,0.007386842105263158,145.71052631578948,0.005331578947368421,743.3842105263158,0.39298988424236103,Low Margin + High Sell-through,Traffic Driver / Control Discount,Medium
2026-02-01,SKU00446,Reebok Underwear,Training Shoes,Consignment,1460.33,1777.91,157594.93,39,8551,0.005061842105263158,297.5657894736842,0.011153947368421053,806.8026315789474,0.8213745352689393,High Margin + Low Sell-through,Targeted Marketing / Control Inventory,Medium
2026-02-01,SKU00447,Brand B,Running Shoes,Own Brand,11186.65,22583.1,1183438.1,89,9242,0.010046052631578949,129.05263157894737,0.011097368421052632,641.0382894736842,0.4953549335565091,Low Margin + High Sell-through,Traffic Driver / Control Discount,Medium
2026-02-01,SKU00448,Nike,Yoga Apparel,Consignment,1510.12,1811.96,112213.35,33,8343,0.005621052631578947,132.55263157894737,0.02304342105263158,815.8332894736842,0.8334179562462747,High Margin + Low Sell-through,Targeted Marketing / Control Inventory,Medium
2026-02-01,SKU00449,Puma,Underwear,Buyout,1289.79,3391.63,414649.04,43,8483,0.005563157894736842,131.10526315789474,0.003585526315789474,785.1930263157894,0.3802861750839567,Low Margin + Low Sell-through,Clearance / Eliminate,High
2026-02-01,SKU00450,Adidas,Accessories,Buyout,3921.9,10856.3,748481.8,80,8635,0.009627631578947369,125.9342105263158,0.006132894736842105,614.5315789473684,0.36125567642751216,Low Margin + High Sell-through,Traffic Driver / Control Discount,Medium
2026-02-01,SKU00451,Brand B,Sportswear,Own Brand,322.62,4455.12,700316.25,58,9829,0.005659210526315789,297.2894736842105,0.0003894736842105263,769.1210526315789,0.07241555783009213,Low Margin + Low Sell-through,Clearance / Eliminate,High
2026-02-01,SKU00452,Patagonia,Bags,Consignment,757.6899999999999,921.17,122588.22,38,8178,0.005381578947368421,139.22368421052633,0.008267105263157895,807.3377631578948,0.8225300433144804,High Margin + Low Sell-through,Targeted Marketing / Control Inventory,Medium
2026-02-01,SKU00453,Under Armour,Accessories,Buyout,232.19,450.89,103250.7,18,8498,0.002705263157894737,128.67105263157896,0.002938157894736842,875.0657894736842,0.5149593027124132,High Margin + Low Sell-through,Targeted Marketing / Control Inventory,Medium
2026-02-01,SKU00454,Adidas,Performance Apparel,Consignment,3250.5299999999997,3927.16,244750.59,79,8001,0.009725,301.0,0.015839473684210525,700.2351315789474,0.8277050081993094,High Margin + High Sell-through,Main Push / Monitor Inventory,Low
2026-02-01,SKU00455,Cole Haan,Performance Apparel,Buyout,10363.57,24335.77,2088420.5,66,9865,0.007486842105263157,214.77631578947367,0.006403947368421053,735.343947368421,0.42585749290036845,Low Margin + High Sell-through,Traffic Driver / Control Discount,Medium
2026-02-01,SKU00456,Fila,Running Shoes,Buyout,7260.35,14234.04,825092.61,73,8637,0.008497368421052632,293.3157894736842,0.010219736842105262,699.3156578947368,0.5100695234803331,High Margin + High Sell-through,Main Push / Monitor Inventory,Low
2026-02-01,SKU00457,New Balance,Basketball Shoes,Consignment,416.68,518.0,75129.44,18,7984,0.0030223684210526317,139.43421052631578,0.007996052631578947,875.0526315789474,0.8044015444015444,High Margin + Low Sell-through,Targeted Marketing / Control Inventory,Medium
2026-02-01,SKU00458,The North Face,Lifestyle Apparel,Buyout,2310.46,4344.34,490882.92,34,8206,0.003997368421052631,132.47368421052633,0.005234210526315789,838.6975,0.5318322230764627,High Margin + Low Sell-through,Targeted Marketing / Control Inventory,Medium
2026-02-01,SKU00459,Salomon,Performance Apparel,Consignment,5105.51,6124.3,449827.14,78,8534,0.009676315789473686,149.56578947368422,0.013817105263157894,641.056052631579,0.8336479271100371,High Margin + High Sell-through,Main Push / Monitor Inventory,Low
2026-02-01,SKU00460,Patagonia,Lifestyle Apparel,Buyout,6441.62,12064.43,688834.97,69,8453,0.008486842105263159,133.47368421052633,0.011042105263157895,711.0078947368421,0.533934881299821,High Margin + High Sell-through,Main Push / Monitor Inventory,Low
2026-02-01,SKU00461,Brand A,Outdoor Apparel,Own Brand,33096.41,70141.55,2724173.1,123,9045,0.015160526315789472,138.93421052631578,0.014525000000000001,513.781447368421,0.4718517055867742,Low Margin + High Sell-through,Traffic Driver / Control Discount,Medium
2026-02-01,SKU00462,Brand A,Sportswear,Own Brand,4390.45,20357.94,1946167.45,77,9385,0.009538157894736842,146.77631578947367,0.003076315789473684,685.3255263157895,0.21566278316961343,Low Margin + High Sell-through,Traffic Driver / Control Discount,Medium
2026-02-01,SKU00463,Skechers,Basketball Shoes,Consignment,4923.13,6035.04,194429.52,71,8649,0.008828947368421053,123.05263157894737,0.030913157894736837,696.6428947368421,0.8157576420371696,High Margin + High Sell-through,Main Push / Monitor Inventory,Low
2026-02-01,SKU00464,Reebok Underwear,Accessories,Buyout,2029.38,3587.82,351168.48,39,8788,0.004025,134.71052631578948,0.0061078947368421056,822.8307894736841,0.5656303827951235,High Margin + Low Sell-through,Targeted Marketing / Control Inventory,Medium
2026-02-01,SKU00465,Under Armour,Training Shoes,Consignment,227.52,272.95,254985.72,9,8228,0.001098684210526316,134.22368421052633,0.0010355263157894735,945.8684210526316,0.8335592599377176,High Margin + Low Sell-through,Targeted Marketing / Control Inventory,Medium
2026-02-01,SKU00466,Champion,Accessories,Buyout,438.55,1055.67,663326.86,8,8599,0.0009986842105263157,144.3421052631579,0.0008052631578947369,963.8640789473684,0.4154233804124395,Low Margin + Low Sell-through,Clearance / Eliminate,High
2026-02-01,SKU00467,Cole Haan,Kids Apparel,Buyout,1227.39,2931.39,293485.6,60,10334,0.005944736842105263,214.1578947368421,0.004639473684210527,780.5043421052632,0.41870580168452515,Low Margin + Low Sell-through,Clearance / Eliminate,High
2026-02-01,SKU00468,Brooks Brothers,Performance Apparel,Buyout,6669.78,20938.739999999998,2142722.16,54,8109,0.006319736842105263,147.03947368421052,0.0032447368421052634,764.3772368421053,0.3185377916722783,Low Margin + Low Sell-through,Clearance / Eliminate,High
2026-02-01,SKU00469,New Balance,Lifestyle Apparel,Consignment,1591.3500000000001,1892.27,312615.77,30,7981,0.0034842105263157893,140.68421052631578,0.005375,851.9842105263158,0.840974068182659,High Margin + Low Sell-through,Targeted Marketing / Control Inventory,Medium
2026-02-01,SKU00470,Fila,Bags,Buyout,121.55,4639.7300000000005,2067820.38,18,8238,0.002267105263157895,133.8815789473684,8.815789473684211e-05,901.109605263158,0.026197645121591125,Low Margin + Low Sell-through,Clearance / Eliminate,High
2026-02-01,SKU00471,Brooks Brothers,Outdoor Apparel,Buyout,6953.52,15624.42,2026513.2,35,8180,0.005047368421052631,122.89473684210526,0.004471052631578948,836.4772368421052,0.44504179995161425,Low Margin + Low Sell-through,Clearance / Eliminate,High
2026-02-01,SKU00472,Brand A,Performance Apparel,Own Brand,2124.95,11205.63,369254.2,226,9190,0.025756578947368422,311.17105263157896,0.006942105263157894,306.4511842105263,0.1896323544503968,Low Margin + High Sell-through,Traffic Driver / Control Discount,Medium
2026-02-01,SKU00473,Puma,Running Shoes,Consignment,921.47,1105.41,226154.4,16,8194,0.002163157894736842,136.55263157894737,0.005435526315789474,922.4078947368421,0.8336002026397445,High Margin + Low Sell-through,Targeted Marketing / Control Inventory,Medium
2026-02-01,SKU00474,Nike,Running Shoes,Consignment,676.29,825.25,233834.72,35,8108,0.004981578947368421,291.9736842105263,0.0037171052631578953,831.4298684210526,0.8194971220842169,High Margin + Low Sell-through,Targeted Marketing / Control Inventory,Medium
2026-02-01,SKU00475,Brand A,Basketball Shoes,Own Brand,17960.86,37029.91,1917172.95,91,9149,0.0112,139.30263157894737,0.011822368421052632,621.5781578947368,0.48503655558439107,Low Margin + High Sell-through,Traffic Driver / Control Discount,Medium
2026-02-01,SKU00476,New Balance,Training Shoes,Buyout,2110.49,11045.2,856226.31,89,8529,0.011248684210526315,126.73684210526316,0.0033105263157894734,657.0859210526315,0.19107757215804147,Low Margin + High Sell-through,Traffic Driver / Control Discount,Medium
2026-02-01,SKU00477,Brand B,Accessories,Own Brand,2692.43,7461.1900000000005,777390.1,58,9455,0.00740921052631579,129.9078947368421,0.004373684210526316,751.1034210526316,0.36085798646060474,Low Margin + High Sell-through,Traffic Driver / Control Discount,Medium
2026-02-01,SKU00478,Columbia,Basketball Shoes,Buyout,-173.69,1336.31,1685915.0,8,8932,0.0007539473684210527,309.36842105263156,-9.736842105263157e-05,962.8947368421053,-0.12997732562055211,Low Margin + Low Sell-through,Clearance / Eliminate,High
2026-02-01,SKU00479,Nike,Running Shoes,Buyout,3302.56,8558.470000000001,1342009.02,33,8426,0.0046644736842105265,130.6184210526316,0.0034026315789473685,845.0877631578948,0.3858820560216954,Low Margin + Low Sell-through,Clearance / Eliminate,High
2026-02-01,SKU00480,Adidas,Running Shoes,Consignment,3249.04,3930.02,75611.6,154,8420,0.021039473684210525,128.4078947368421,0.059013157894736844,398.9336842105263,0.8267235281245388,High Margin + High Sell-through,Main Push / Monitor Inventory,Low
2026-02-01,SKU00481,New Balance,Yoga Apparel,Buyout,2523.54,6407.04,1237904.46,25,7969,0.003894736842105263,127.77631578947368,0.0029,893.7227631578946,0.39386986814504044,Low Margin + Low Sell-through,Clearance / Eliminate,High
2026-02-01,SKU00482,Columbia,Accessories,Consignment,828.64,997.02,72008.86,33,8239,0.00408421052631579,144.8815789473684,0.012794736842105263,858.4078947368421,0.83111672784899,High Margin + Low Sell-through,Targeted Marketing / Control Inventory,Medium
2026-02-01,SKU00483,Adidas,Performance Apparel,Buyout,9697.4,31536.98,1447305.5,126,8350,0.01643421052631579,144.19736842105263,0.008705263157894737,574.4222368421052,0.30749298125565605,Low Margin + High Sell-through,Traffic Driver / Control Discount,Medium
2026-02-01,SKU00484,Brand A,Basketball Shoes,Own Brand,-3269.41,6938.39,2151804.24,45,9486,0.005047368421052631,326.19736842105266,-0.0018065789473684212,811.1718421052632,-0.47120585611359406,Low Margin + Low Sell-through,Clearance / Eliminate,High
2026-02-01,SKU00485,Columbia,Yoga Apparel,Consignment,18.810000000000002,23.33,47921.88,2,8234,0.0004236842105263157,306.69736842105266,0.0007789473684210527,979.3947368421053,0.806258036862409,High Margin + Low Sell-through,Targeted Marketing / Control Inventory,Medium
2026-02-01,SKU00486,Lululemon,Yoga Apparel,Buyout,226.77,961.47,384982.8,15,7860,0.0019315789473684213,137.9078947368421,0.0006960526315789473,912.6842105263158,0.23585759306062593,Low Margin + Low Sell-through,Clearance / Eliminate,High
2026-02-01,SKU00487,New Balance,Outdoor Apparel,Consignment,2384.11,2850.39,491317.5,37,8175,0.004982894736842105,132.0,0.006372368421052632,827.811447368421,0.8364153677216101,High Margin + Low Sell-through,Targeted Marketing / Control Inventory,Medium
2026-02-01,SKU00488,Adidas,Yoga Apparel,Consignment,727.17,889.08,163075.92,37,8232,0.004131578947368421,134.05263157894737,0.004544736842105263,798.2149999999999,0.8178904035632338,High Margin + Low Sell-through,Targeted Marketing / Control Inventory,Medium
2026-02-01,SKU00489,Puma,Accessories,Buyout,858.35,5004.01,646801.18,53,8269,0.0077302631578947375,119.44736842105263,0.002082894736842105,769.046052631579,0.17153243099034574,Low Margin + High Sell-through,Traffic Driver / Control Discount,Medium
2026-02-01,SKU00490,Columbia,Running Shoes,Buyout,1248.14,2416.1,798787.31,12,8207,0.0016486842105263157,125.26315789473684,0.0022026315789473684,931.5131578947369,0.5165928562559498,High Margin + Low Sell-through,Targeted Marketing / Control Inventory,Medium
2026-02-01,SKU00491,Adidas,Accessories,Consignment,956.43,1163.27,92568.0,45,8700,0.005873684210526316,140.32894736842104,0.014075,764.0306578947369,0.8221908929139409,High Margin + Low Sell-through,Targeted Marketing / Control Inventory,Medium
2026-02-01,SKU00492,Lululemon,Kids Apparel,Buyout,208.69,701.14,191187.85,21,8153,0.0034789473684210524,146.19736842105263,0.001919736842105263,895.828947368421,0.2976438371794506,Low Margin + Low Sell-through,Clearance / Eliminate,High
2026-02-01,SKU00493,New Balance,Performance Apparel,Buyout,25955.63,59569.87,1979926.08,142,8364,0.018530263157894737,122.64473684210526,0.016885526315789472,500.99171052631584,0.4357174188897844,Low Margin + High Sell-through,Traffic Driver / Control Discount,Medium
2026-02-01,SKU00494,Hoka,Lifestyle Apparel,Buyout,1269.68,2671.44,759140.65,16,8665,0.002018421052631579,143.85526315789474,0.002136842105263158,931.4122368421052,0.47527925014224537,Low Margin + Low Sell-through,Clearance / Eliminate,High
2026-02-01,SKU00495,Nike,Underwear,Consignment,557.46,680.31,116673.04000000001,34,7799,0.004431578947368421,134.96052631578948,0.005489473684210527,802.4035526315789,0.8194205582749042,High Margin + Low Sell-through,Targeted Marketing / Control Inventory,Medium
2026-02-01,SKU00496,Cole Haan,Performance Apparel,Buyout,1082.19,3580.4300000000003,700047.36,37,10368,0.0042763157894736845,217.8421052631579,0.0017684210526315788,838.4430263157894,0.302251405557433,Low Margin + Low Sell-through,Clearance / Eliminate,High
2026-02-01,SKU00497,Columbia,Lifestyle Apparel,Buyout,949.3399999999999,1662.83,350827.23,17,8359,0.0026328947368421053,127.19736842105263,0.004017105263157895,903.0526315789474,0.5709182538202943,High Margin + Low Sell-through,Targeted Marketing / Control Inventory,Medium
2026-02-01,SKU00498,Brooks Brothers,Performance Apparel,Buyout,354.86,802.0699999999999,410985.99,9,8271,0.0011644736842105262,141.14473684210526,0.0009789473684210525,939.1052631578947,0.44243021182689796,Low Margin + Low Sell-through,Clearance / Eliminate,High
2026-02-01,SKU00499,New Balance,Kids Apparel,Buyout,1536.53,5521.13,367041.2,87,8014,0.01300657894736842,135.55263157894737,0.006223684210526315,617.8496052631579,0.27829991324239783,Low Margin + High Sell-through,Traffic Driver / Control Discount,Medium
2026-02-01,SKU00500,Hoka,Kids Apparel,Consignment,4583.58,5593.0,241229.22,163,8114,0.021673684210526317,144.73684210526315,0.023588157894736842,456.93,0.8195208296084391,High Margin + High Sell-through,Main Push / Monitor Inventory,Low
2026-03-01,SKU00001,Reebok Underwear,Basketball Shoes,Buyout,1736.35,2913.15,251541.0,40,8550,0.005251315789473685,300.2236842105263,0.009046052631578948,828.2394736842105,0.5960386523179376,High Margin + Low Sell-through,Targeted Marketing / Control Inventory,Medium
2026-03-01,SKU00002,Hoka,Bags,Consignment,1218.84,1432.3799999999999,195147.81,15,8481,0.001506578947368421,124.55263157894737,0.0057815789473684214,921.2588157894737,0.8509194487496335,High Margin + Low Sell-through,Targeted Marketing / Control Inventory,Medium
2026-03-01,SKU00003,Fila,Bags,Buyout,7058.5199999999995,13756.02,1097184.45,50,8191,0.005831578947368421,130.77631578947367,0.0070302631578947365,760.9246052631579,0.5131222548382454,High Margin + Low Sell-through,Targeted Marketing / Control Inventory,Medium
2026-03-01,SKU00004,Puma,Accessories,Consignment,573.05,693.8399999999999,198303.84,32,8022,0.0044407894736842105,137.06578947368422,0.0032592105263157894,845.3518421052631,0.8259108728237058,High Margin + Low Sell-through,Targeted Marketing / Control Inventory,Medium
2026-03-01,SKU00005,Nike,Performance Apparel,Buyout,342.81,2087.28,2091370.32,7,8392,0.0011407894736842105,128.8684210526316,0.0002526315789473684,951.0832894736842,0.16423766816143495,Low Margin + Low Sell-through,Clearance / Eliminate,High
2026-03-01,SKU00006,Asics,Sportswear,Consignment,295.86,357.43,23041.97,53,7973,0.008163157894736841,131.77631578947367,0.017882894736842105,768.4100000000001,0.8277424950339927,High Margin + High Sell-through,Main Push / Monitor Inventory,Low
2026-03-01,SKU00007,On Running,Outdoor Apparel,Buyout,4566.71,6784.79,800726.88,24,8664,0.003505263157894737,137.72368421052633,0.008135526315789473,869.8973684210526,0.6730805227575208,High Margin + Low Sell-through,Targeted Marketing / Control Inventory,Medium
2026-03-01,SKU00008,Brooks Brothers,Yoga Apparel,Consignment,1623.9,1958.17,122641.26,116,8187,0.017053947368421054,148.55263157894737,0.018284210526315788,541.498947368421,0.8292946986216723,High Margin + High Sell-through,Main Push / Monitor Inventory,Low
2026-03-01,SKU00009,Reebok Underwear,Accessories,Consignment,1309.15,1599.66,167012.45,55,8207,0.00693421052631579,134.5921052631579,0.00924342105263158,749.0402631578947,0.8183926584399185,High Margin + High Sell-through,Main Push / Monitor Inventory,Low
2026-03-01,SKU00010,Fila,Kids Apparel,Consignment,432.06,526.39,168447.58,18,8302,0.0021210526315789476,132.9078947368421,0.002876315789473684,886.578947368421,0.8207982674442904,High Margin + Low Sell-through,Targeted Marketing / Control Inventory,Medium
2026-03-01,SKU00011,Champion,Kids Apparel,Buyout,233.75,5619.35,1347542.4,33,8257,0.004263157894736842,139.06578947368422,0.0002394736842105263,817.2236842105264,0.04159733777038269,Low Margin + Low Sell-through,Clearance / Eliminate,High
2026-03-01,SKU00012,Under Armour,Yoga Apparel,Buyout,2266.0,5979.81,434792.92,67,7844,0.009298684210526315,134.22368421052633,0.006406578947368421,667.7447368421052,0.3789418058433294,Low Margin + High Sell-through,Traffic Driver / Control Discount,Medium
2026-03-01,SKU00013,Reebok Underwear,Outdoor Apparel,Consignment,3551.2200000000003,4266.94,902042.1,68,8265,0.009492105263157895,316.2236842105263,0.004894736842105263,665.1334210526315,0.8322638705957901,High Margin + High Sell-through,Main Push / Monitor Inventory,Low
2026-03-01,SKU00014,On Running,Underwear,Consignment,323.75,392.1,53928.84,68,8284,0.00929078947368421,269.2631578947368,0.0074776315789473686,655.0438157894737,0.8256822239224687,High Margin + High Sell-through,Main Push / Monitor Inventory,Low
2026-03-01,SKU00015,Brand B,Sportswear,Own Brand,33092.24,69390.32,1471778.56,234,9488,0.02705263157894737,126.98684210526316,0.02875263157894737,369.1743421052632,0.4768999480042749,Low Margin + High Sell-through,Traffic Driver / Control Discount,Medium
2026-03-01,SKU00016,Cole Haan,Underwear,Buyout,582.52,1003.5,310021.7,14,10310,0.0013539473684210527,213.64473684210526,0.0021342105263157897,928.7894736842105,0.5804882909815645,High Margin + Low Sell-through,Targeted Marketing / Control Inventory,Medium
2026-03-01,SKU00017,Lululemon,Sportswear,Consignment,903.73,1089.77,109763.58,52,8059,0.007288157894736841,137.9078947368421,0.010838157894736841,780.9746052631579,0.8292850785028034,High Margin + High Sell-through,Main Push / Monitor Inventory,Low
2026-03-01,SKU00018,Adidas,Training Shoes,Consignment,1397.69,1685.32,251530.65,30,8127,0.0045144736842105265,128.03947368421052,0.007739473684210525,822.5571052631578,0.8293321149692641,High Margin + Low Sell-through,Targeted Marketing / Control Inventory,Medium
2026-03-01,SKU00019,Brand A,Bags,Own Brand,803.62,3905.25,489268.99,59,9307,0.007013157894736843,134.82894736842104,0.0020644736842105266,741.3157894736842,0.20577939952627872,Low Margin + High Sell-through,Traffic Driver / Control Discount,Medium
2026-03-01,SKU00020,Salomon,Kids Apparel,Consignment,763.63,936.38,109791.05,51,8465,0.005961842105263158,134.97368421052633,0.007819736842105263,761.5421052631579,0.815512932783699,High Margin + Low Sell-through,Targeted Marketing / Control Inventory,Medium
2026-03-01,SKU00021,The North Face,Outdoor Apparel,Buyout,4059.89,10298.33,844704.9,62,8395,0.006701315789473684,296.69736842105266,0.005131578947368421,734.343552631579,0.39422799618967347,Low Margin + High Sell-through,Traffic Driver / Control Discount,Medium
2026-03-01,SKU00022,Reebok Underwear,Outdoor Apparel,Buyout,3642.63,24578.71,2252043.2,74,7960,0.009035526315789473,125.09210526315789,0.0014842105263157897,736.748552631579,0.14820265180719414,Low Margin + High Sell-through,Traffic Driver / Control Discount,Medium
2026-03-01,SKU00023,Brand A,Outdoor Apparel,Own Brand,12672.72,30235.88,1980364.96,74,8344,0.009744736842105264,139.85526315789474,0.008192105263157895,695.765,0.41912853206190787,Low Margin + High Sell-through,Traffic Driver / Control Discount,Medium
2026-03-01,SKU00024,Nike,Lifestyle Apparel,Consignment,1398.42,1708.92,161173.25,64,7805,0.009535526315789473,294.7894736842105,0.011789473684210527,746.5596052631579,0.8183062987149778,High Margin + High Sell-through,Main Push / Monitor Inventory,Low
2026-03-01,SKU00025,Under Armour,Performance Apparel,Consignment,6516.97,8038.74,357914.7,78,8034,0.011126315789473684,130.1184210526316,0.023963157894736842,674.8007894736842,0.8106954572482753,High Margin + High Sell-through,Main Push / Monitor Inventory,Low
2026-03-01,SKU00026,Brand A,Performance Apparel,Own Brand,-4982.53,8235.07,2274388.48,55,9464,0.007247368421052631,303.7368421052632,-0.00315,763.5919736842105,-0.6050379656760659,Low Margin + High Sell-through,Traffic Driver / Control Discount,Medium
2026-03-01,SKU00027,Brand A,Performance Apparel,Own Brand,-5189.26,12486.5,3524997.84,47,9373,0.006431578947368421,298.7631578947368,-0.0022157894736842105,781.8526315789474,-0.4155896368077524,Low Margin + High Sell-through,Traffic Driver / Control Discount,Medium
2026-03-01,SKU00028,Asics,Outdoor Apparel,Buyout,1156.74,4592.51,1443385.06,19,7982,0.002707894736842105,124.44736842105263,0.0012065789473684212,896.6868421052632,0.25187533614515806,Low Margin + Low Sell-through,Clearance / Eliminate,High
2026-03-01,SKU00029,Adidas,Bags,Consignment,1784.05,2136.77,110307.97,88,8363,0.011705263157894738,302.89473684210526,0.019851315789473682,631.5274999999999,0.8349284199984088,High Margin + High Sell-through,Main Push / Monitor Inventory,Low
2026-03-01,SKU00030,Cole Haan,Basketball Shoes,Consignment,202.99,244.9,547620.12,6,10026,0.0004236842105263158,210.0,0.0002894736842105263,975.8157894736842,0.8288689260922826,High Margin + Low Sell-through,Targeted Marketing / Control Inventory,Medium
2026-03-01,SKU00031,Brand B,Running Shoes,Own Brand,828.58,6278.5,981099.14,48,8641,0.0062434210526315795,150.23684210526315,0.0010026315789473683,793.4343421052632,0.13197101218443896,Low Margin + Low Sell-through,Clearance / Eliminate,High
2026-03-01,SKU00032,Cole Haan,Bags,Consignment,2571.38,3091.09,330199.38,97,10563,0.011036842105263157,217.06578947368422,0.010288157894736843,676.4919736842105,0.8318683700571643,High Margin + High Sell-through,Main Push / Monitor Inventory,Low
2026-03-01,SKU00033,Lululemon,Outdoor Apparel,Consignment,1547.87,1897.17,101831.7,95,8279,0.012960526315789473,135.52631578947367,0.019428947368421053,610.35,0.8158836582910334,High Margin + High Sell-through,Main Push / Monitor Inventory,Low
2026-03-01,SKU00034,Lululemon,Yoga Apparel,Consignment,167.13,205.75,98605.76,6,8224,0.0008092105263157894,128.47368421052633,0.001994736842105263,966.8947368421053,0.8122964763061968,High Margin + Low Sell-through,Targeted Marketing / Control Inventory,Medium
2026-03-01,SKU00035,Reebok Underwear,Performance Apparel,Buyout,628.56,3907.12,865645.6,31,8185,0.006271052631578948,126.3157894736842,0.0013789473684210527,851.0868421052631,0.16087552980200248,Low Margin + Low Sell-through,Clearance / Eliminate,High
2026-03-01,SKU00036,Brand A,Performance Apparel,Own Brand,4018.93,8415.98,2374407.0,17,9180,0.002223684210526316,131.1315789473684,0.002225,894.1315789473684,0.4775355930028351,Low Margin + Low Sell-through,Clearance / Eliminate,High
2026-03-01,SKU00037,Reebok Underwear,Yoga Apparel,Buyout,3900.78,7785.54,682923.15,44,7735,0.005894736842105263,133.6184210526316,0.0067302631578947366,803.5815789473684,0.5010288303701478,Low Margin + Low Sell-through,Clearance / Eliminate,High
2026-03-01,SKU00038,Lululemon,Training Shoes,Consignment,11569.949999999999,13850.45,100832.52,139,7853,0.018875000000000003,132.1578947368421,0.14414605263157895,491.5321052631579,0.835348309982708,High Margin + High Sell-through,Main Push / Monitor Inventory,Low
2026-03-01,SKU00039,Brand B,Yoga Apparel,Own Brand,1699.97,3439.34,399585.0,37,8500,0.005046052631578948,141.81578947368422,0.005307894736842106,811.6360526315789,0.4942721568673059,Low Margin + Low Sell-through,Clearance / Eliminate,High
2026-03-01,SKU00040,Adidas,Accessories,Consignment,1683.13,2020.42,65454.7,95,8545,0.012802631578947368,141.07894736842104,0.03479605263157894,633.4597368421053,0.8330594628839548,High Margin + High Sell-through,Main Push / Monitor Inventory,Low
2026-03-01,SKU00041,Adidas,Yoga Apparel,Consignment,4505.23,5519.24,424256.4,62,8802,0.007163157894736842,145.97368421052633,0.012156578947368421,716.9823684210527,0.8162772410694226,High Margin + High Sell-through,Main Push / Monitor Inventory,Low
2026-03-01,SKU00042,Cole Haan,Performance Apparel,Consignment,1158.8600000000001,1407.18,662877.6,28,10472,0.0032776315789473684,206.75,0.0023039473684210525,888.1578947368421,0.8235335920067085,High Margin + Low Sell-through,Targeted Marketing / Control Inventory,Medium
2026-03-01,SKU00043,Brand A,Running Shoes,Own Brand,3750.51,8872.380000000001,1167129.71,39,8887,0.00513421052631579,127.75,0.004446052631578947,812.4165789473685,0.42271746701561475,Low Margin + Low Sell-through,Clearance / Eliminate,High
2026-03-01,SKU00044,On Running,Sportswear,Buyout,3785.58,7795.08,701038.8,45,7868,0.006275,137.05263157894737,0.006447368421052631,780.1842105263158,0.48563709416709,Low Margin + Low Sell-through,Clearance / Eliminate,High
2026-03-01,SKU00045,On Running,Kids Apparel,Consignment,1627.56,1956.78,303522.88,78,8168,0.010823684210526315,293.32894736842104,0.006788157894736842,678.2580263157895,0.8317542084444853,High Margin + High Sell-through,Main Push / Monitor Inventory,Low
2026-03-01,SKU00046,Nike,Performance Apparel,Consignment,345.67,422.67,134465.28,20,8664,0.0026381578947368423,153.18421052631578,0.003382894736842105,904.1753947368421,0.8178247805616675,High Margin + Low Sell-through,Targeted Marketing / Control Inventory,Medium
2026-03-01,SKU00047,On Running,Running Shoes,Consignment,1421.17,1689.93,384401.36,15,8689,0.0023197368421052633,141.1578947368421,0.005653947368421053,910.4430263157894,0.840963826904073,High Margin + Low Sell-through,Targeted Marketing / Control Inventory,Medium
2026-03-01,SKU00048,Adidas,Sportswear,Consignment,1538.21,1866.54,225168.26,72,8318,0.010653947368421053,296.38157894736844,0.009213157894736842,640.8605263157895,0.8240969922959058,High Margin + High Sell-through,Main Push / Monitor Inventory,Low
2026-03-01,SKU00049,Asics,Bags,Buyout,815.81,3580.41,1173158.01,20,8487,0.0032210526315789474,137.80263157894737,0.0010223684210526316,891.9947368421053,0.2278537932806578,Low Margin + Low Sell-through,Clearance / Eliminate,High
2026-03-01,SKU00050,Lululemon,Performance Apparel,Consignment,2814.5,3426.09,76550.18000000001,86,8161,0.012398684210526317,132.52631578947367,0.049821052631578946,613.6919736842104,0.8214903870009252,High Margin + High Sell-through,Main Push / Monitor Inventory,Low
2026-03-01,SKU00051,Salomon,Sportswear,Buyout,5.77,128.45,256155.84,4,8352,0.0005855263157894736,139.78947368421052,2.8947368421052627e-05,968.1578947368421,0.044920202413390425,Low Margin + Low Sell-through,Clearance / Eliminate,High
2026-03-01,SKU00052,Brand B,Kids Apparel,Own Brand,477.45,2451.03,482460.3,37,9045,0.004436842105263158,141.68421052631578,0.001306578947368421,819.1227631578947,0.1947956573358955,Low Margin + Low Sell-through,Clearance / Eliminate,High
2026-03-01,SKU00053,Nike,Basketball Shoes,Consignment,3827.8,4624.71,257019.34,94,8201,0.011789473684210527,136.93421052631578,0.017935526315789475,578.3148684210527,0.827684330476938,High Margin + High Sell-through,Main Push / Monitor Inventory,Low
2026-03-01,SKU00054,Adidas,Performance Apparel,Consignment,668.09,792.16,551471.34,17,8141,0.0022657894736842106,295.6842105263158,0.0014328947368421052,896.0438157894737,0.8433776004847506,High Margin + Low Sell-through,Targeted Marketing / Control Inventory,Medium
2026-03-01,SKU00055,Adidas,Underwear,Consignment,435.73,534.83,59055.0,16,7874,0.002525,139.80263157894737,0.010398684210526315,919.25,0.8147074771422694,High Margin + Low Sell-through,Targeted Marketing / Control Inventory,Medium
2026-03-01,SKU00056,New Balance,Underwear,Buyout,548.95,1748.95,163875.0,64,8740,0.0076565789473684205,135.77631578947367,0.004197368421052632,688.9271052631578,0.31387403870893965,Low Margin + High Sell-through,Traffic Driver / Control Discount,Medium
2026-03-01,SKU00057,Brand A,Accessories,Own Brand,3485.87,7163.15,338896.56,94,8663,0.013469736842105264,150.57894736842104,0.014486842105263157,618.9088157894737,0.4866392578683959,Low Margin + High Sell-through,Traffic Driver / Control Discount,Medium
2026-03-01,SKU00058,Skechers,Basketball Shoes,Consignment,1439.84,1729.55,293206.04,25,7823,0.003936842105263158,119.73684210526316,0.006636842105263157,862.5131578947369,0.8324940013298257,High Margin + Low Sell-through,Targeted Marketing / Control Inventory,Medium
2026-03-01,SKU00059,Columbia,Outdoor Apparel,Buyout,4521.25,8110.99,931483.14,33,8563,0.0042394736842105265,131.52631578947367,0.006273684210526316,846.0280263157895,0.5574227067226073,High Margin + Low Sell-through,Targeted Marketing / Control Inventory,Medium
2026-03-01,SKU00060,Brand A,Outdoor Apparel,Own Brand,378.93,1199.64,718494.3,11,9630,0.0011236842105263158,132.76315789473685,0.0005697368421052632,937.9605263157895,0.31586976092827845,Low Margin + Low Sell-through,Clearance / Eliminate,High
2026-03-01,SKU00061,Brooks Brothers,Kids Apparel,Consignment,1243.52,1522.69,191766.64,38,8017,0.005184210526315789,139.85526315789474,0.00786578947368421,793.8552631578947,0.8166599898863196,High Margin + Low Sell-through,Targeted Marketing / Control Inventory,Medium
2026-03-01,SKU00062,Salomon,Training Shoes,Consignment,180.05,205.27,311106.74,5,8561,0.001023684210526316,143.22368421052633,0.0010460526315789471,975.5175,0.8771374287523749,High Margin + Low Sell-through,Targeted Marketing / Control Inventory,Medium
2026-03-01,SKU00063,Puma,Kids Apparel,Buyout,3186.34,7230.16,281362.98,121,8419,0.016925,131.57894736842104,0.015926315789473684,556.1331578947369,0.4407011739712538,Low Margin + High Sell-through,Traffic Driver / Control Discount,Medium
2026-03-01,SKU00064,Reebok Underwear,Training Shoes,Buyout,6446.099999999999,16484.36,1336449.7,59,7855,0.009185526315789472,136.03947368421052,0.00693421052631579,780.0909210526316,0.39104338900630653,Low Margin + High Sell-through,Traffic Driver / Control Discount,Medium
2026-03-01,SKU00065,Asics,Sportswear,Buyout,913.09,1764.62,400169.01,17,7989,0.004282894736842105,132.76315789473685,0.006305263157894737,923.1447368421053,0.5174428488853124,High Margin + Low Sell-through,Targeted Marketing / Control Inventory,Medium
2026-03-01,SKU00066,Hoka,Yoga Apparel,Buyout,5639.85,8986.41,744423.68,36,8008,0.004585526315789473,141.43421052631578,0.008752631578947368,830.3948684210527,0.6275976724854531,High Margin + Low Sell-through,Targeted Marketing / Control Inventory,Medium
2026-03-01,SKU00067,Cole Haan,Performance Apparel,Buyout,-1832.77,13685.41,2634671.34,59,10017,0.006971052631578946,307.07894736842104,-0.0009697368421052631,762.2605263157895,-0.13392145357720375,Low Margin + High Sell-through,Traffic Driver / Control Discount,Medium
2026-03-01,SKU00068,Brand B,Yoga Apparel,Own Brand,2708.34,5339.78,869221.02,28,9249,0.003164473684210526,123.19736842105263,0.0037789473684210527,838.311447368421,0.5072006711887007,Low Margin + Low Sell-through,Clearance / Eliminate,High
2026-03-01,SKU00069,Under Armour,Bags,Consignment,1147.29,1402.43,76649.58,58,8622,0.006994736842105263,294.1578947368421,0.017230263157894738,706.7630263157895,0.8180729162952874,High Margin + High Sell-through,Main Push / Monitor Inventory,Low
2026-03-01,SKU00070,Columbia,Bags,Consignment,438.78999999999996,544.18,463925.62,12,8353,0.0019776315789473684,125.39473684210526,0.0014289473684210526,919.1535526315789,0.806332463523099,High Margin + Low Sell-through,Targeted Marketing / Control Inventory,Medium
2026-03-01,SKU00071,Cole Haan,Kids Apparel,Buyout,12192.97,21600.97,691420.8,140,10289,0.01325921052631579,205.0,0.019696052631578947,526.9856578947368,0.5644640032368916,High Margin + High Sell-through,Main Push / Monitor Inventory,Low
2026-03-01,SKU00072,Brand B,Training Shoes,Own Brand,700.37,6559.79,1106473.74,49,9253,0.005717105263157895,281.6578947368421,0.0008,795.1815789473685,0.106767137362629,Low Margin + Low Sell-through,Clearance / Eliminate,High
2026-03-01,SKU00073,The North Face,Basketball Shoes,Consignment,131.39,163.31,250845.23,2,7697,0.00039868421052631573,142.5921052631579,0.0008513157894736841,980.078947368421,0.8045435062151735,High Margin + Low Sell-through,Targeted Marketing / Control Inventory,Medium
2026-03-01,SKU00074,Champion,Outdoor Apparel,Buyout,5263.6,10526.11,1302232.02,33,8166,0.005153947368421052,142.77631578947367,0.005969736842105263,810.4342105263158,0.5000517760122211,Low Margin + Low Sell-through,Clearance / Eliminate,High
2026-03-01,SKU00075,Skechers,Training Shoes,Consignment,739.26,886.75,214285.4,27,7966,0.0043052631578947365,131.22368421052633,0.004888157894736842,859.9671052631579,0.8336735269241613,High Margin + Low Sell-through,Targeted Marketing / Control Inventory,Medium
2026-03-01,SKU00076,Asics,Yoga Apparel,Buyout,4581.91,15294.43,860473.25,108,8675,0.013496052631578949,133.5921052631579,0.006403947368421053,560.1280263157895,0.299580304725315,Low Margin + High Sell-through,Traffic Driver / Control Discount,Medium
2026-03-01,SKU00077,Lululemon,Kids Apparel,Buyout,1772.63,5862.1900000000005,1780465.28,19,8272,0.002485526315789474,144.5921052631579,0.0011486842105263159,893.7631578947369,0.3023835801978441,Low Margin + Low Sell-through,Clearance / Eliminate,High
2026-03-01,SKU00078,Champion,Accessories,Buyout,81.11,3846.23,866079.36,37,8511,0.004569736842105263,133.19736842105263,8.815789473684206e-05,833.1213157894737,0.02108818245398741,Low Margin + Low Sell-through,Clearance / Eliminate,High
2026-03-01,SKU00079,Cole Haan,Performance Apparel,Buyout,6368.64,16148.04,1555413.57,60,9543,0.00673421052631579,222.51315789473685,0.005153947368421052,756.8334210526315,0.3943908982142724,Low Margin + High Sell-through,Traffic Driver / Control Discount,Medium
2026-03-01,SKU00080,Nike,Sportswear,Consignment,3919.42,4747.57,426678.56,69,8218,0.008985526315789473,137.17105263157896,0.011014473684210525,667.7403947368421,0.8255633934834031,High Margin + High Sell-through,Main Push / Monitor Inventory,Low
2026-03-01,SKU00081,Reebok Underwear,Training Shoes,Consignment,4885.0,5920.71,251503.0,122,8246,0.016792105263157896,125.9342105263158,0.024836842105263157,538.8215789473685,0.8250699662709371,High Margin + High Sell-through,Main Push / Monitor Inventory,Low
2026-03-01,SKU00082,Brand B,Basketball Shoes,Own Brand,5142.67,9562.58,1682448.35,23,8755,0.0029223684210526314,117.65789473684211,0.004031578947368421,875.761447368421,0.5377910563885479,High Margin + Low Sell-through,Targeted Marketing / Control Inventory,Medium
2026-03-01,SKU00083,Adidas,Underwear,Consignment,4026.29,4867.77,215549.79,139,8443,0.0174,142.56578947368422,0.023351315789473682,564.8294736842105,0.8271323419142645,High Margin + High Sell-through,Main Push / Monitor Inventory,Low
2026-03-01,SKU00084,Cole Haan,Kids Apparel,Buyout,2764.73,7155.05,338719.84,132,10184,0.014402631578947368,290.35526315789474,0.009613157894736843,515.8859210526316,0.3864026107434609,Low Margin + High Sell-through,Traffic Driver / Control Discount,Medium
2026-03-01,SKU00085,Brooks Brothers,Accessories,Buyout,823.59,1956.56,481750.77,19,8079,0.002688157894736842,138.03947368421052,0.0022500000000000003,891.5131578947369,0.42093776832808605,Low Margin + Low Sell-through,Clearance / Eliminate,High
2026-03-01,SKU00086,Brooks Brothers,Accessories,Buyout,905.34,1644.75,288933.26,21,8206,0.0031960526315789476,130.8421052631579,0.004357894736842105,869.1052631578947,0.5504423164614684,High Margin + Low Sell-through,Targeted Marketing / Control Inventory,Medium
2026-03-01,SKU00087,The North Face,Underwear,Consignment,1694.04,2051.2,161826.03,50,7921,0.0072026315789473685,154.96052631578948,0.013382894736842104,739.1043421052632,0.8258775351014042,High Margin + High Sell-through,Main Push / Monitor Inventory,Low
2026-03-01,SKU00088,The North Face,Performance Apparel,Buyout,2420.6,4372.55,501473.7,33,8478,0.004140789473684211,138.55263157894737,0.005722368421052631,845.0307894736842,0.5535900104058272,High Margin + Low Sell-through,Targeted Marketing / Control Inventory,Medium
2026-03-01,SKU00089,Puma,Training Shoes,Buyout,4007.37,13454.67,1520140.55,54,8689,0.0060671052631578945,144.3815789473684,0.0034052631578947363,766.4285526315789,0.29784231051374727,Low Margin + Low Sell-through,Clearance / Eliminate,High
2026-03-01,SKU00090,Cole Haan,Sportswear,Buyout,1410.91,2745.88,313067.58,39,9146,0.004484210526315789,213.43421052631578,0.005346052631578948,812.311447368421,0.5138279895698282,High Margin + Low Sell-through,Targeted Marketing / Control Inventory,Medium
2026-03-01,SKU00091,Brand B,Outdoor Apparel,Own Brand,-155.09000000000003,17045.26,1631074.05,93,8819,0.011761842105263159,309.5657894736842,-0.00015657894736842106,626.6744736842105,-0.009098717180025417,Low Margin + High Sell-through,Traffic Driver / Control Discount,Medium
2026-03-01,SKU00092,Skechers,Accessories,Buyout,1243.8,3139.59,406379.6,39,8360,0.005180263157894736,129.69736842105263,0.0037842105263157892,806.5131578947369,0.3961663784124678,Low Margin + Low Sell-through,Clearance / Eliminate,High
2026-03-01,SKU00093,Columbia,Running Shoes,Consignment,3562.02,4305.48,197704.65,73,7799,0.01057763157894737,139.9078947368421,0.022726315789473685,674.3272368421053,0.8273223891412805,High Margin + High Sell-through,Main Push / Monitor Inventory,Low
2026-03-01,SKU00094,Cole Haan,Training Shoes,Buyout,2619.55,3998.8,528638.94,25,9582,0.0030526315789473684,218.97368421052633,0.006398684210526316,867.4649999999999,0.6550840252075623,High Margin + Low Sell-through,Targeted Marketing / Control Inventory,Medium
2026-03-01,SKU00095,Puma,Lifestyle Apparel,Consignment,2514.62,3069.09,349546.68,70,7434,0.011594736842105264,132.3684210526316,0.01027236842105263,695.415,0.8193373280027629,High Margin + High Sell-through,Main Push / Monitor Inventory,Low
2026-03-01,SKU00096,Reebok Underwear,Sportswear,Buyout,3804.85,21058.21,1141504.56,124,8204,0.01612105263157895,135.26315789473685,0.0038697368421052635,509.29328947368424,0.18068249865491892,Low Margin + High Sell-through,Traffic Driver / Control Discount,Medium
2026-03-01,SKU00097,Nike,Lifestyle Apparel,Consignment,2659.2200000000003,3209.69,220132.36,110,8351,0.012632894736842105,123.94736842105263,0.013332894736842106,584.8138157894737,0.8284974561406242,High Margin + High Sell-through,Main Push / Monitor Inventory,Low
2026-03-01,SKU00098,Reebok Underwear,Bags,Consignment,3464.75,4176.38,170921.1,46,8358,0.006419736842105263,143.71052631578948,0.025535526315789474,769.3131578947368,0.8296060224404868,High Margin + High Sell-through,Main Push / Monitor Inventory,Low
2026-03-01,SKU00099,Adidas,Bags,Buyout,1387.87,3014.77,806368.2,17,8426,0.0027460526315789473,138.43421052631578,0.0028394736842105263,903.2157894736841,0.4603568431422629,Low Margin + Low Sell-through,Clearance / Eliminate,High
2026-03-01,SKU00100,Brand B,Underwear,Own Brand,-933.94,7026.86,299690.95,240,9035,0.030425,319.94736842105266,-0.003980263157894737,293.54065789473685,-0.13291000532243422,Low Margin + High Sell-through,Traffic Driver / Control Discount,Medium
2026-03-01,SKU00101,Brand B,Underwear,Own Brand,1185.02,2597.42,193391.8,66,9037,0.00854078947368421,146.03947368421052,0.007677631578947369,723.8377631578948,0.45622964326139015,Low Margin + High Sell-through,Traffic Driver / Control Discount,Medium
2026-03-01,SKU00102,Lululemon,Outdoor Apparel,Consignment,15926.29,19159.3,264194.49,141,8187,0.021069736842105263,132.77631578947367,0.08471184210526317,479.3130263157895,0.8312563611405428,High Margin + High Sell-through,Main Push / Monitor Inventory,Low
2026-03-01,SKU00103,Puma,Basketball Shoes,Buyout,6802.9400000000005,12002.64,772424.4,58,8616,0.007961842105263158,135.42105263157896,0.01244736842105263,735.4992105263158,0.5667869735324896,High Margin + High Sell-through,Main Push / Monitor Inventory,Low
2026-03-01,SKU00104,The North Face,Outdoor Apparel,Consignment,317.5,394.0,294329.3,7,8270,0.0009710526315789475,126.5657894736842,0.0013447368421052631,948.7631578947369,0.8058375634517766,High Margin + Low Sell-through,Targeted Marketing / Control Inventory,Medium
2026-03-01,SKU00105,Nike,Performance Apparel,Buyout,10519.25,29804.35,984037.78,155,7909,0.01964473684210526,122.15789473684211,0.012105263157894737,451.9663157894737,0.35294344617480333,Low Margin + High Sell-through,Traffic Driver / Control Discount,Medium
2026-03-01,SKU00106,Skechers,Training Shoes,Buyout,5614.9,13585.18,665987.22,102,8523,0.013642105263157895,307.38157894736844,0.012021052631578946,597.2380263157895,0.413310681198188,Low Margin + High Sell-through,Traffic Driver / Control Discount,Medium
2026-03-01,SKU00107,New Balance,Kids Apparel,Buyout,1553.85,5955.37,498501.88,74,8381,0.010464473684210527,308.17105263157896,0.004394736842105264,709.6334210526315,0.260915778532652,Low Margin + High Sell-through,Traffic Driver / Control Discount,Medium
2026-03-01,SKU00108,Brand A,Lifestyle Apparel,Own Brand,-41.68,509.0,842448.62,6,9179,0.0006105263157894737,304.80263157894734,-4.605263157894737e-05,967.5657894736842,-0.0818860510805501,Low Margin + Low Sell-through,Clearance / Eliminate,High
2026-03-01,SKU00109,Brooks Brothers,Sportswear,Buyout,4968.7300000000005,10955.369999999999,548253.77,88,8059,0.010201315789473683,133.39473684210526,0.009281578947368422,652.4375,0.45354287440771063,Low Margin + High Sell-through,Traffic Driver / Control Discount,Medium
2026-03-01,SKU00110,Nike,Underwear,Consignment,1008.9,1219.82,29877.93,67,8097,0.00888421052631579,155.53947368421052,0.039601315789473686,705.0394736842105,0.8270892426751488,High Margin + High Sell-through,Main Push / Monitor Inventory,Low
2026-03-01,SKU00111,Puma,Training Shoes,Buyout,11752.35,20423.74,426847.89,169,8319,0.021107894736842107,138.96052631578948,0.0337828947368421,397.83486842105265,0.5754259503891059,High Margin + High Sell-through,Main Push / Monitor Inventory,Low
2026-03-01,SKU00112,Nike,Sportswear,Consignment,3409.75,4120.74,113299.4,158,8405,0.019423684210526315,138.97368421052633,0.03648421052631579,456.38697368421055,0.8274606017365813,High Margin + High Sell-through,Main Push / Monitor Inventory,Low
2026-03-01,SKU00113,Patagonia,Kids Apparel,Buyout,5872.63,29686.63,1446360.3,140,8503,0.018435526315789475,129.05263157894737,0.0049539473684210526,475.28513157894736,0.1978207024509013,Low Margin + High Sell-through,Traffic Driver / Control Discount,Medium
2026-03-01,SKU00114,Adidas,Performance Apparel,Buyout,3685.5,5751.0,331533.0,51,8186,0.006667105263157895,142.44736842105263,0.013176315789473685,740.9325,0.6408450704225352,High Margin + High Sell-through,Main Push / Monitor Inventory,Low
2026-03-01,SKU00115,Champion,Lifestyle Apparel,Buyout,1143.96,3350.58,460376.28,41,8554,0.00485,136.5921052631579,0.0029236842105263157,788.4694736842106,0.3414214852353921,Low Margin + Low Sell-through,Clearance / Eliminate,High
2026-03-01,SKU00116,Columbia,Yoga Apparel,Buyout,978.14,3197.78,357906.48,53,8546,0.006364473684210527,133.4078947368421,0.003482894736842105,765.4259210526316,0.3058809549124705,Low Margin + Low Sell-through,Clearance / Eliminate,High
2026-03-01,SKU00117,Cole Haan,Training Shoes,Buyout,1469.24,4648.74,645247.73,50,10147,0.005601315789473684,212.93421052631578,0.0029486842105263156,779.8509210526315,0.31605123108627287,Low Margin + Low Sell-through,Clearance / Eliminate,High
2026-03-01,SKU00118,Hoka,Basketball Shoes,Consignment,4170.99,5081.0,310692.21,62,7989,0.009510526315789474,150.6315789473684,0.018789473684210526,742.703947368421,0.8208994292462113,High Margin + High Sell-through,Main Push / Monitor Inventory,Low
2026-03-01,SKU00119,Columbia,Yoga Apparel,Buyout,2114.31,10368.67,1743624.94,38,8027,0.005751315789473684,136.92105263157896,0.0016289473684210527,793.8586842105263,0.2039133273602111,Low Margin + Low Sell-through,Clearance / Eliminate,High
2026-03-01,SKU00120,Skechers,Outdoor Apparel,Buyout,3803.85,25323.53,1388787.92,112,7228,0.01799342105263158,136.43421052631578,0.00335,580.7273684210526,0.15021010104041577,Low Margin + High Sell-through,Traffic Driver / Control Discount,Medium
2026-03-01,SKU00121,Brooks Brothers,Yoga Apparel,Consignment,4485.6,5417.69,122888.89,169,7913,0.02566447368421053,294.7631578947368,0.051403947368421056,400.82144736842105,0.827954349547501,High Margin + High Sell-through,Main Push / Monitor Inventory,Low
2026-03-01,SKU00122,Champion,Basketball Shoes,Buyout,8107.78,18397.48,1155505.5,74,8310,0.010026315789473684,148.30263157894737,0.009177631578947368,664.9744736842105,0.44070057420907643,Low Margin + High Sell-through,Traffic Driver / Control Discount,Medium
2026-03-01,SKU00123,Brand A,Lifestyle Apparel,Own Brand,199.45000000000002,708.21,333492.18,14,9177,0.0013671052631578945,137.43421052631578,0.0005618421052631579,926.3640789473684,0.2816255065587891,Low Margin + Low Sell-through,Clearance / Eliminate,High
2026-03-01,SKU00124,Patagonia,Running Shoes,Consignment,9198.65,11051.94,430280.89,134,8801,0.01750657894736842,148.35526315789474,0.029046052631578948,477.2752631578947,0.8323108884051125,High Margin + High Sell-through,Main Push / Monitor Inventory,Low
2026-03-01,SKU00125,Columbia,Running Shoes,Buyout,11435.89,20711.28,984600.26,79,8386,0.010799999999999999,141.52631578947367,0.015039473684210526,637.6630263157895,0.5521575682430058,High Margin + High Sell-through,Main Push / Monitor Inventory,Low
2026-03-01,SKU00126,Hoka,Basketball Shoes,Consignment,2076.25,2497.21,42340.32,78,8019,0.009453947368421053,146.35526315789474,0.05444868421052631,748.8856578947368,0.8314278735068336,High Margin + High Sell-through,Main Push / Monitor Inventory,Low
2026-03-01,SKU00127,Skechers,Kids Apparel,Buyout,-297.75,10343.89,945833.59,92,8177,0.014164473684210527,285.61842105263156,-0.00019210526315789473,592.2571052631579,-0.028785108890369098,Low Margin + High Sell-through,Traffic Driver / Control Discount,Medium
2026-03-01,SKU00128,Reebok Underwear,Kids Apparel,Consignment,30.54,37.18,37075.08,5,8484,0.0006802631578947367,120.89473684210526,0.001068421052631579,967.3157894736842,0.8214093598708984,High Margin + Low Sell-through,Targeted Marketing / Control Inventory,Medium
2026-03-01,SKU00129,Hoka,Training Shoes,Buyout,1700.88,4548.12,674882.16,33,7822,0.004394736842105264,141.3684210526316,0.0031355263157894736,823.2413157894737,0.37397430146961824,Low Margin + Low Sell-through,Clearance / Eliminate,High
2026-03-01,SKU00130,Reebok Underwear,Performance Apparel,Consignment,1116.6299999999999,1356.03,144543.75,135,7709,0.022326315789473684,295.4342105263158,0.011626315789473684,467.23815789473684,0.8234552332912988,High Margin + High Sell-through,Main Push / Monitor Inventory,Low
2026-03-01,SKU00131,Cole Haan,Lifestyle Apparel,Buyout,602.02,2848.74,1647166.72,14,10264,0.0017118421052631579,214.0,0.0005078947368421052,932.4648684210526,0.21132851716899403,Low Margin + Low Sell-through,Clearance / Eliminate,High
2026-03-01,SKU00132,Columbia,Running Shoes,Buyout,639.16,1412.94,878350.84,7,7946,0.0008526315789473684,143.92105263157896,0.0007986842105263158,955.1315789473684,0.452361742182966,Low Margin + Low Sell-through,Clearance / Eliminate,High
2026-03-01,SKU00133,Brooks Brothers,Performance Apparel,Buyout,8195.24,12975.14,406240.65,94,7989,0.016092105263157897,140.60526315789474,0.03453815789473684,648.126052631579,0.6316109113273537,High Margin + High Sell-through,Main Push / Monitor Inventory,Low
2026-03-01,SKU00134,Reebok Underwear,Lifestyle Apparel,Buyout,3870.66,9005.51,519526.0,85,8600,0.01173421052631579,299.1578947368421,0.009572368421052631,659.8675,0.4298101939812404,Low Margin + High Sell-through,Traffic Driver / Control Discount,Medium
2026-03-01,SKU00135,Brand A,Sportswear,Own Brand,528.5,1152.8600000000001,508456.08,11,8958,0.0010763157894736841,128.98684210526315,0.001138157894736842,956.9921052631578,0.4584251340145377,Low Margin + Low Sell-through,Clearance / Eliminate,High
2026-03-01,SKU00136,Patagonia,Sportswear,Buyout,874.4,6430.860000000001,1046811.22,43,8101,0.006301315789473684,132.01315789473685,0.0015394736842105263,785.0921052631579,0.1359693726811033,Low Margin + Low Sell-through,Clearance / Eliminate,High
2026-03-01,SKU00137,Nike,Running Shoes,Buyout,4570.04,13603.05,1669006.15,43,7945,0.006342105263157895,135.68421052631578,0.0037263157894736844,773.3034210526315,0.33595700964122016,Low Margin + Low Sell-through,Clearance / Eliminate,High
2026-03-01,SKU00138,Columbia,Bags,Consignment,1170.65,1422.55,114206.54,62,8542,0.008655263157894737,136.69736842105263,0.013365789473684211,730.9448684210525,0.8229236230712453,High Margin + High Sell-through,Main Push / Monitor Inventory,Low
2026-03-01,SKU00139,Reebok Underwear,Basketball Shoes,Consignment,2568.0299999999997,3063.07,333208.84,56,8033,0.009006578947368421,141.02631578947367,0.01154078947368421,713.9622368421052,0.8383843660118768,High Margin + High Sell-through,Main Push / Monitor Inventory,Low
2026-03-01,SKU00140,Under Armour,Running Shoes,Consignment,3074.13,3748.26,227728.28,48,8263,0.006447368421052631,130.98684210526315,0.016735526315789475,792.5078947368421,0.820148548926702,High Margin + High Sell-through,Main Push / Monitor Inventory,Low
2026-03-01,SKU00141,Under Armour,Training Shoes,Consignment,3179.1,3833.79,121271.48,56,8074,0.007507894736842105,126.75,0.03197105263157895,728.7184210526316,0.8292316480558403,High Margin + High Sell-through,Main Push / Monitor Inventory,Low
2026-03-01,SKU00142,Brand B,Basketball Shoes,Own Brand,-4032.54,6703.78,839062.58,112,8753,0.013828947368421052,307.2763157894737,-0.0056236842105263155,565.9105263157894,-0.6015322698537243,Low Margin + High Sell-through,Traffic Driver / Control Discount,Medium
2026-03-01,SKU00143,Brooks Brothers,Kids Apparel,Consignment,2420.26,2968.35,173287.4,107,8030,0.016628947368421052,140.18421052631578,0.02121842105263158,568.731447368421,0.8153553320868497,High Margin + High Sell-through,Main Push / Monitor Inventory,Low
2026-03-01,SKU00144,New Balance,Outdoor Apparel,Buyout,2717.78,5391.08,585452.7,35,7665,0.0049539473684210526,123.39473684210526,0.005613157894736842,813.1430263157895,0.5041253329574038,Low Margin + Low Sell-through,Clearance / Eliminate,High
2026-03-01,SKU00145,Brand A,Running Shoes,Own Brand,11448.68,37464.26,2272885.92,101,8824,0.013567105263157894,128.81578947368422,0.006665789473684211,579.5569736842106,0.305589380385466,Low Margin + High Sell-through,Traffic Driver / Control Discount,Medium
2026-03-01,SKU00146,Fila,Outdoor Apparel,Buyout,2716.47,6608.41,1225212.65,26,8185,0.004271052631578947,123.21052631578948,0.0036486842105263157,888.1676315789474,0.41106257027030707,Low Margin + Low Sell-through,Clearance / Eliminate,High
2026-03-01,SKU00147,Asics,Underwear,Buyout,1058.2,2527.0,312744.24,40,8517,0.004889473684210526,291.64473684210526,0.004015789473684211,799.7323684210527,0.4187574198654531,Low Margin + Low Sell-through,Clearance / Eliminate,High
2026-03-01,SKU00148,Brooks Brothers,Training Shoes,Buyout,16211.65,26173.65,888112.3,100,8915,0.011198684210526316,135.21052631578948,0.02129736842105263,608.4084210526316,0.6193882014927226,High Margin + High Sell-through,Main Push / Monitor Inventory,Low
2026-03-01,SKU00149,Cole Haan,Sportswear,Buyout,7356.02,13807.22,584812.8,112,10153,0.013739473684210527,313.6578947368421,0.018744736842105265,593.478947368421,0.5327661904423918,High Margin + High Sell-through,Main Push / Monitor Inventory,Low
2026-03-01,SKU00150,Columbia,Lifestyle Apparel,Buyout,617.83,3912.5499999999997,900076.32,32,8742,0.0036105263157894733,121.86842105263158,0.0007526315789473685,820.0438157894737,0.15790980306960936,Low Margin + Low Sell-through,Clearance / Eliminate,High
2026-03-01,SKU00151,Champion,Performance Apparel,Consignment,515.86,631.82,254551.0,16,8030,0.0023815789473684208,131.96052631578948,0.0026486842105263157,899.7588157894737,0.8164667152036972,High Margin + Low Sell-through,Targeted Marketing / Control Inventory,Medium
2026-03-01,SKU00152,Brand A,Performance Apparel,Own Brand,5487.64,11957.9,1603943.4,38,9420,0.00404078947368421,138.8421052631579,0.0038592105263157896,828.8727631578947,0.4589133543515166,Low Margin + Low Sell-through,Clearance / Eliminate,High
2026-03-01,SKU00153,Brand B,Sportswear,Own Brand,11789.23,27407.13,1652006.34,85,8991,0.01151578947368421,134.8684210526316,0.009722368421052632,621.6123684210527,0.43015193491620607,Low Margin + High Sell-through,Traffic Driver / Control Discount,Medium
2026-03-01,SKU00154,Brand A,Underwear,Own Brand,2176.2,6535.0,632795.2,68,9872,0.007872368421052633,141.18421052631578,0.004343421052631579,702.3509210526315,0.3330068859984697,Low Margin + High Sell-through,Traffic Driver / Control Discount,Medium
2026-03-01,SKU00155,Brand A,Outdoor Apparel,Own Brand,4059.71,14560.85,3546961.98,26,8782,0.003548684210526316,118.88157894736842,0.001643421052631579,886.0061842105264,0.27880995958340343,Low Margin + Low Sell-through,Clearance / Eliminate,High
2026-03-01,SKU00156,The North Face,Lifestyle Apparel,Buyout,8529.96,17126.56,655206.9,106,8079,0.01470657894736842,135.01315789473685,0.016592105263157894,620.1309210526315,0.4980544837959286,Low Margin + High Sell-through,Traffic Driver / Control Discount,Medium
2026-03-01,SKU00157,Brand A,Accessories,Own Brand,2180.37,7269.63,675098.05,66,8755,0.009642105263157895,141.19736842105263,0.005028947368421052,716.1492105263158,0.2999286070955468,Low Margin + High Sell-through,Traffic Driver / Control Discount,Medium
2026-03-01,SKU00158,Cole Haan,Bags,Buyout,2435.5,4877.88,843631.74,29,10017,0.0033907894736842103,294.25,0.003665789473684211,871.3464473684211,0.49929477559923574,Low Margin + Low Sell-through,Clearance / Eliminate,High
2026-03-01,SKU00159,Lululemon,Training Shoes,Consignment,2819.57,3413.77,595501.4400000001,54,8608,0.007331578947368422,288.9868421052632,0.0062684210526315785,746.9930263157895,0.8259402361611943,High Margin + High Sell-through,Main Push / Monitor Inventory,Low
2026-03-01,SKU00160,Champion,Bags,Consignment,1676.12,1987.42,132658.44,61,8084,0.00804078947368421,303.4736842105263,0.01513157894736842,728.4078947368421,0.8433647643678739,High Margin + High Sell-through,Main Push / Monitor Inventory,Low
2026-03-01,SKU00161,New Balance,Outdoor Apparel,Consignment,923.3100000000001,1105.14,79708.24,68,8084,0.012063157894736842,137.05263157894737,0.018532894736842106,725.0088157894737,0.8354688093816168,High Margin + High Sell-through,Main Push / Monitor Inventory,Low
2026-03-01,SKU00162,Champion,Underwear,Buyout,1854.55,4126.87,262137.36000000002,72,8306,0.008122368421052632,132.76315789473685,0.007592105263157894,715.4182894736842,0.44938415796959924,Low Margin + High Sell-through,Traffic Driver / Control Discount,Medium
2026-03-01,SKU00163,Adidas,Outdoor Apparel,Consignment,3828.85,4647.11,636046.8,51,8420,0.006310526315789474,130.92105263157896,0.007339473684210526,759.811052631579,0.8239206732786614,High Margin + Low Sell-through,Targeted Marketing / Control Inventory,Medium
2026-03-01,SKU00164,Adidas,Underwear,Buyout,2475.78,7051.78,769774.72,50,8411,0.006276315789473684,138.78947368421052,0.00368421052631579,748.6709210526316,0.35108582513918474,Low Margin + Low Sell-through,Clearance / Eliminate,High
2026-03-01,SKU00165,Brand B,Underwear,Own Brand,-2450.59,3068.41,1025209.44,50,9288,0.006109210526315789,281.94736842105266,-0.0029276315789473683,742.9517105263158,-0.798651418813001,Low Margin + Low Sell-through,Clearance / Eliminate,High
2026-03-01,SKU00166,Brooks Brothers,Underwear,Buyout,783.05,1271.15,137107.29,30,8427,0.004753947368421053,125.27631578947368,0.009107894736842106,845.3009210526316,0.6160169924871178,High Margin + Low Sell-through,Targeted Marketing / Control Inventory,Medium
2026-03-01,SKU00167,Brand B,Yoga Apparel,Own Brand,5090.7,19927.57,1797768.91,71,8603,0.011121052631578946,131.1315789473684,0.00500921052631579,704.3961842105264,0.25546014892934765,Low Margin + High Sell-through,Traffic Driver / Control Discount,Medium
2026-03-01,SKU00168,Cole Haan,Sportswear,Buyout,274.67,420.95,131298.49,12,10771,0.0015289473684210527,207.6184210526316,0.003401315789473684,940.0482894736842,0.652500296947381,High Margin + Low Sell-through,Targeted Marketing / Control Inventory,Medium
2026-03-01,SKU00169,Brand A,Basketball Shoes,Own Brand,7645.22,24516.9,649785.64,224,8627,0.027486842105263157,137.23684210526315,0.014164473684210527,371.79118421052635,0.3118346936195033,Low Margin + High Sell-through,Traffic Driver / Control Discount,Medium
2026-03-01,SKU00170,Nike,Lifestyle Apparel,Buyout,8492.36,14979.4,873520.48,64,8618,0.0072171052631578945,142.85526315789474,0.01044078947368421,704.2780263157895,0.5669359253374635,High Margin + High Sell-through,Main Push / Monitor Inventory,Low
2026-03-01,SKU00171,Brooks Brothers,Sportswear,Consignment,1687.78,2081.86,41885.96,82,7948,0.01311842105263158,130.6578947368421,0.05891052631578947,642.1990789473684,0.8107077325084299,High Margin + High Sell-through,Main Push / Monitor Inventory,Low
2026-03-01,SKU00172,Nike,Running Shoes,Consignment,1412.79,1728.48,307715.1,26,8085,0.003810526315789474,138.0,0.005893421052631579,838.0351315789474,0.8173597611774507,High Margin + Low Sell-through,Targeted Marketing / Control Inventory,Medium
2026-03-01,SKU00173,Champion,Bags,Buyout,2828.18,5186.5599999999995,251996.09,74,7907,0.01159342105263158,137.6184210526316,0.016732894736842106,690.7968421052632,0.5452901345014808,High Margin + High Sell-through,Main Push / Monitor Inventory,Low
2026-03-01,SKU00174,Nike,Yoga Apparel,Consignment,1007.01,1220.77,79939.46,76,8018,0.009838157894736842,134.23684210526315,0.014747368421052632,678.9259210526316,0.8248974008207934,High Margin + High Sell-through,Main Push / Monitor Inventory,Low
2026-03-01,SKU00175,Under Armour,Sportswear,Consignment,453.6,545.8,34376.02,39,8467,0.006075,134.43421052631578,0.021097368421052632,801.75,0.8310736533528766,High Margin + Low Sell-through,Targeted Marketing / Control Inventory,Medium
2026-03-01,SKU00176,Salomon,Underwear,Buyout,685.9399999999999,5886.74,1060845.0,44,8975,0.004940789473684211,135.35526315789474,0.0006236842105263158,796.2675,0.11652289722325089,Low Margin + Low Sell-through,Clearance / Eliminate,High
2026-03-01,SKU00177,Brooks Brothers,Lifestyle Apparel,Buyout,1130.9,2006.6,666933.12,10,7616,0.0016078947368421052,121.82894736842105,0.002275,962.3684210526316,0.5635901524967608,High Margin + Low Sell-through,Targeted Marketing / Control Inventory,Medium
2026-03-01,SKU00178,Puma,Training Shoes,Buyout,11584.76,39094.159999999996,1361068.02,170,8411,0.022476315789473685,140.96052631578948,0.010909210526315789,390.1065789473684,0.2963296819780755,Low Margin + High Sell-through,Traffic Driver / Control Discount,Medium
2026-03-01,SKU00179,Brooks Brothers,Kids Apparel,Buyout,1274.04,1925.74,147637.98,35,7929,0.004978947368421052,131.5921052631579,0.01104078947368421,815.3332894736842,0.66158463759386,High Margin + Low Sell-through,Targeted Marketing / Control Inventory,Medium
2026-03-01,SKU00180,Skechers,Underwear,Consignment,663.43,815.8,220571.78,22,8606,0.0034223684210526314,128.10526315789474,0.004507894736842106,883.2894736842105,0.8132262809512135,High Margin + Low Sell-through,Targeted Marketing / Control Inventory,Medium
2026-03-01,SKU00181,Brand A,Training Shoes,Own Brand,22180.71,66756.15,2800019.04,157,9862,0.017626315789473684,140.18421052631578,0.010748684210526315,490.54947368421057,0.33226466774971297,Low Margin + High Sell-through,Traffic Driver / Control Discount,Medium
2026-03-01,SKU00182,The North Face,Basketball Shoes,Buyout,5040.49,23799.37,2100473.48,72,8062,0.009556578947368421,133.28947368421052,0.0027960526315789474,694.4647368421053,0.21179090034736214,Low Margin + High Sell-through,Traffic Driver / Control Discount,Medium
2026-03-01,SKU00183,Adidas,Bags,Consignment,1780.75,2145.0,138846.4,61,8096,0.00848157894736842,143.27631578947367,0.016459210526315788,692.8907894736842,0.8301864801864802,High Margin + High Sell-through,Main Push / Monitor Inventory,Low
2026-03-01,SKU00184,The North Face,Kids Apparel,Buyout,876.51,6068.51,1724574.72,25,8304,0.0028486842105263158,139.3684210526316,0.0005828947368421053,890.2718421052632,0.14443578407220223,Low Margin + Low Sell-through,Clearance / Eliminate,High
2026-03-01,SKU00185,Adidas,Outdoor Apparel,Buyout,1168.81,7464.61,865042.92,60,8244,0.00816842105263158,303.7105263157895,0.001725,705.5701315789474,0.1565801830236275,Low Margin + High Sell-through,Traffic Driver / Control Discount,Medium
2026-03-01,SKU00186,New Balance,Sportswear,Consignment,395.29,490.82000000000005,130568.66,14,8462,0.0018223684210526318,137.1578947368421,0.003689473684210526,931.5052631578947,0.8053665294812762,High Margin + Low Sell-through,Targeted Marketing / Control Inventory,Medium
2026-03-01,SKU00187,New Balance,Sportswear,Consignment,1166.27,1436.18,79653.72,27,8178,0.003586842105263158,140.64473684210526,0.018273684210526317,865.5263157894736,0.812063947416062,High Margin + Low Sell-through,Targeted Marketing / Control Inventory,Medium
2026-03-01,SKU00188,Brand B,Basketball Shoes,Own Brand,-136.50999999999993,37684.85,1392819.66,236,8691,0.03088289473684211,308.7894736842105,0.0003013157894736842,284.2263157894737,-0.003622410597362068,Low Margin + High Sell-through,Traffic Driver / Control Discount,Medium
2026-03-01,SKU00189,Salomon,Basketball Shoes,Buyout,1241.83,3104.4300000000003,785644.68,20,8436,0.002425,142.67105263157896,0.0019539473684210525,904.8947368421053,0.40001868297883986,Low Margin + Low Sell-through,Clearance / Eliminate,High
2026-03-01,SKU00190,Reebok Underwear,Running Shoes,Buyout,6669.3,26052.510000000002,2050592.58,77,8146,0.009313157894736843,131.02631578947367,0.0036710526315789477,687.1952631578947,0.25599452797446387,Low Margin + High Sell-through,Traffic Driver / Control Discount,Medium
2026-03-01,SKU00191,Under Armour,Basketball Shoes,Consignment,1646.0,2017.05,290928.49,27,9083,0.0028355263157894737,134.35526315789474,0.006119736842105264,878.0746052631579,0.8160432314518729,High Margin + Low Sell-through,Targeted Marketing / Control Inventory,Medium
2026-03-01,SKU00192,Brand B,Training Shoes,Own Brand,891.54,1973.94,578001.6,16,8544,0.0021342105263157897,134.51315789473685,0.0021342105263157897,897.311447368421,0.4516550655035107,Low Margin + Low Sell-through,Clearance / Eliminate,High
2026-03-01,SKU00193,Salomon,Running Shoes,Buyout,6187.29,50551.45,1821514.8800000001,206,8458,0.026975,135.5,0.0037434210526315786,351.82223684210527,0.12239589566669205,Low Margin + High Sell-through,Traffic Driver / Control Discount,Medium
2026-03-01,SKU00194,Puma,Kids Apparel,Buyout,1646.45,3829.13,402019.2,43,7920,0.005589473684210526,131.92105263157896,0.004998684210526316,776.3052631578947,0.4299801782650367,Low Margin + Low Sell-through,Clearance / Eliminate,High
2026-03-01,SKU00195,Brooks Brothers,Bags,Buyout,2829.08,4429.64,985944.96,13,8008,0.002106578947368421,129.75,0.004419736842105263,919.5526315789474,0.6386704111395056,High Margin + Low Sell-through,Targeted Marketing / Control Inventory,Medium
2026-03-01,SKU00196,Asics,Accessories,Consignment,606.38,735.26,39942.8,87,8185,0.011013157894736841,137.43421052631578,0.01814736842105263,607.078947368421,0.8247150667790986,High Margin + High Sell-through,Main Push / Monitor Inventory,Low
2026-03-01,SKU00197,Adidas,Sportswear,Consignment,1524.1399999999999,1841.45,81321.6,109,8256,0.014603947368421051,130.97368421052633,0.02515,600.0089473684211,0.827684704987917,High Margin + High Sell-through,Main Push / Monitor Inventory,Low
2026-03-01,SKU00198,Adidas,Running Shoes,Consignment,4311.05,5257.44,326770.08,97,7481,0.014775,316.86842105263156,0.017382894736842104,546.6226315789473,0.819990337502663,High Margin + High Sell-through,Main Push / Monitor Inventory,Low
2026-03-01,SKU00199,Patagonia,Accessories,Buyout,1730.6000000000001,2980.83,285728.24,37,8456,0.004863157894736842,146.25,0.007331578947368422,825.0131578947369,0.5805765508264478,High Margin + Low Sell-through,Targeted Marketing / Control Inventory,Medium
2026-03-01,SKU00200,Nike,Basketball Shoes,Buyout,7390.44,18490.98,1269329.93,66,7547,0.010069736842105263,131.44736842105263,0.007980263157894737,705.1315789473684,0.39967811332876896,Low Margin + High Sell-through,Traffic Driver / Control Discount,Medium
2026-03-01,SKU00201,Brooks Brothers,Underwear,Buyout,342.07,544.47,76166.8,22,8279,0.00265,125.9342105263158,0.005082894736842106,859.6184210526316,0.6282623468694326,High Margin + Low Sell-through,Targeted Marketing / Control Inventory,Medium
2026-03-01,SKU00202,Reebok Underwear,Outdoor Apparel,Buyout,1009.42,2303.02,822822.0,14,8905,0.0015144736842105265,132.30263157894737,0.0012736842105263158,922.3947368421053,0.4383027503017777,Low Margin + Low Sell-through,Clearance / Eliminate,High
2026-03-01,SKU00203,Under Armour,Outdoor Apparel,Buyout,4492.48,13187.039999999999,1210406.96,56,7796,0.008706578947368421,132.31578947368422,0.004951315789473685,717.2201315789474,0.34067387374270497,Low Margin + High Sell-through,Traffic Driver / Control Discount,Medium
2026-03-01,SKU00204,Skechers,Accessories,Buyout,3526.71,6383.19,501312.24,48,8424,0.0070302631578947365,140.03947368421052,0.009686842105263157,788.4851315789474,0.5524996122628342,High Margin + High Sell-through,Main Push / Monitor Inventory,Low
2026-03-01,SKU00205,On Running,Sportswear,Consignment,122.25,146.23,21092.4,14,8680,0.0018210526315789472,144.56578947368422,0.007636842105263158,930.4518421052632,0.8360117622922794,High Margin + Low Sell-through,Targeted Marketing / Control Inventory,Medium
2026-03-01,SKU00206,Skechers,Running Shoes,Buyout,6015.93,12202.16,719693.8,71,8260,0.011117105263157895,291.0131578947368,0.01265,721.2627631578947,0.49302172730074023,Low Margin + High Sell-through,Traffic Driver / Control Discount,Medium
2026-03-01,SKU00207,Patagonia,Sportswear,Buyout,1068.79,1825.51,176904.32,36,8416,0.0054776315789473685,145.5921052631579,0.008610526315789473,824.0701315789474,0.5854747440441301,High Margin + Low Sell-through,Targeted Marketing / Control Inventory,Medium
2026-03-01,SKU00208,Adidas,Training Shoes,Consignment,5455.7,6655.48,333323.06,65,8413,0.00870921052631579,129.43421052631578,0.021589473684210526,734.4473684210526,0.8197305077920751,High Margin + High Sell-through,Main Push / Monitor Inventory,Low
2026-03-01,SKU00209,Skechers,Yoga Apparel,Consignment,2349.19,2785.62,104217.3,52,8613,0.005978947368421053,133.55263157894737,0.023544736842105264,765.3026315789474,0.843327517751883,High Margin + Low Sell-through,Targeted Marketing / Control Inventory,Medium
2026-03-01,SKU00210,Asics,Yoga Apparel,Consignment,394.77,471.19,43886.03,39,7879,0.005893421052631579,140.78947368421052,0.011994736842105263,808.4359210526316,0.8378148942040365,High Margin + Low Sell-through,Targeted Marketing / Control Inventory,Medium
2026-03-01,SKU00211,Cole Haan,Lifestyle Apparel,Buyout,5136.2300000000005,7913.6,626781.36,43,9704,0.004693421052631579,212.18421052631578,0.009676315789473686,797.6535526315789,0.6490383643348161,High Margin + Low Sell-through,Targeted Marketing / Control Inventory,Medium
2026-03-01,SKU00212,Lululemon,Basketball Shoes,Buyout,2572.94,6113.99,668471.55,45,8495,0.006140789473684211,132.97368421052633,0.005436842105263158,811.9122368421052,0.4208282970695078,Low Margin + Low Sell-through,Clearance / Eliminate,High
2026-03-01,SKU00213,Adidas,Lifestyle Apparel,Consignment,3258.0099999999998,3913.19,177267.72,81,7714,0.011256578947368421,145.97368421052633,0.021751315789473685,647.0543421052631,0.8325713803827567,High Margin + High Sell-through,Main Push / Monitor Inventory,Low
2026-03-01,SKU00214,Skechers,Bags,Consignment,1626.61,1970.8200000000002,241864.35,45,7917,0.006867105263157895,127.85526315789474,0.009717105263157893,786.113552631579,0.8253468099572765,High Margin + High Sell-through,Main Push / Monitor Inventory,Low
2026-03-01,SKU00215,Brand A,Underwear,Own Brand,1285.17,7448.82,1271355.54,45,9282,0.005973684210526315,127.6842105263158,0.0015539473684210525,752.892105263158,0.17253336770119296,Low Margin + Low Sell-through,Clearance / Eliminate,High
2026-03-01,SKU00216,Columbia,Training Shoes,Buyout,4407.6,7361.7,566156.7,43,8241,0.005684210526315789,290.9736842105263,0.009419736842105264,777.1825,0.5987204042544522,High Margin + Low Sell-through,Targeted Marketing / Control Inventory,Medium
2026-03-01,SKU00217,Nike,Underwear,Consignment,2756.94,3336.85,230913.64,185,8446,0.023623684210526314,298.57894736842104,0.014882894736842105,442.711052631579,0.8262103480827727,High Margin + High Sell-through,Main Push / Monitor Inventory,Low
2026-03-01,SKU00218,Nike,Yoga Apparel,Consignment,1306.04,1595.25,88452.0,26,8424,0.003893421052631579,136.64473684210526,0.021673684210526317,840.9561842105263,0.8187055320482682,High Margin + Low Sell-through,Targeted Marketing / Control Inventory,Medium
2026-03-01,SKU00219,Adidas,Lifestyle Apparel,Buyout,6240.85,15122.05,1223089.26,60,8263,0.009568421052631578,139.22368421052633,0.007667105263157894,739.0490789473685,0.41269867511349323,Low Margin + High Sell-through,Traffic Driver / Control Discount,Medium
2026-03-01,SKU00220,Nike,Accessories,Consignment,517.3,632.69,39343.2,55,7566,0.007797368421052632,139.26315789473685,0.015457894736842106,793.4809210526316,0.8176200034772162,High Margin + High Sell-through,Main Push / Monitor Inventory,Low
2026-03-01,SKU00221,On Running,Accessories,Consignment,1023.69,1261.25,279166.5,43,8475,0.005872368421052632,131.78947368421052,0.004625,801.0122368421053,0.8116471754212091,High Margin + Low Sell-through,Targeted Marketing / Control Inventory,Medium
2026-03-01,SKU00222,Reebok Underwear,Training Shoes,Consignment,668.9100000000001,821.69,327541.76,18,8512,0.0023960526315789476,153.98684210526315,0.002430263157894737,892.7719736842105,0.8140661319962517,High Margin + Low Sell-through,Targeted Marketing / Control Inventory,Medium
2026-03-01,SKU00223,Brand A,Basketball Shoes,Own Brand,1902.57,6921.21,1989263.43,24,9513,0.002651315789473684,126.53947368421052,0.001236842105263158,876.9473684210526,0.2748897952814609,Low Margin + Low Sell-through,Clearance / Eliminate,High
2026-03-01,SKU00224,Under Armour,Accessories,Buyout,71.98,367.09999999999997,83877.32,28,7958,0.004406578947368421,320.94736842105266,0.0009039473684210526,853.5746052631579,0.1960773631163171,Low Margin + Low Sell-through,Clearance / Eliminate,High
2026-03-01,SKU00225,Champion,Performance Apparel,Buyout,4678.5,14018.1,1789945.2,43,8241,0.00495921052631579,144.47368421052633,0.0028921052631578946,792.5175,0.33374708412695014,Low Margin + Low Sell-through,Clearance / Eliminate,High
2026-03-01,SKU00226,Brand B,Basketball Shoes,Own Brand,16895.72,54694.02,2574422.9,137,9331,0.017978947368421053,131.03947368421052,0.009353947368421052,536.1906578947368,0.30891347902384947,Low Margin + High Sell-through,Traffic Driver / Control Discount,Medium
2026-03-01,SKU00227,Champion,Kids Apparel,Buyout,523.38,3626.2,330911.56,74,7892,0.009696052631578947,148.78947368421052,0.0015842105263157895,696.6773684210526,0.14433291048480504,Low Margin + High Sell-through,Traffic Driver / Control Discount,Medium
2026-03-01,SKU00228,Cole Haan,Accessories,Buyout,297.51,2116.67,253311.8,73,10165,0.008360526315789473,202.85526315789474,0.0015592105263157895,696.6667105263158,0.14055568416427688,Low Margin + High Sell-through,Traffic Driver / Control Discount,Medium
2026-03-01,SKU00229,Brand B,Training Shoes,Own Brand,-7608.61,25479.83,2202637.29,132,8787,0.017847368421052633,297.2763157894737,-0.0050157894736842104,542.1897368421053,-0.2986130598202578,Low Margin + High Sell-through,Traffic Driver / Control Discount,Medium
2026-03-01,SKU00230,Salomon,Yoga Apparel,Consignment,1723.69,2056.71,102218.16,67,8184,0.009039473684210526,294.9342105263158,0.02086052631578947,741.618552631579,0.8380812073651609,High Margin + High Sell-through,Main Push / Monitor Inventory,Low
2026-03-01,SKU00231,Puma,Basketball Shoes,Buyout,1209.13,8498.28,1098806.23,55,8291,0.007986842105263159,127.80263157894737,0.0014407894736842106,743.85,0.14227937888608047,Low Margin + High Sell-through,Traffic Driver / Control Discount,Medium
2026-03-01,SKU00232,Reebok Underwear,Sportswear,Consignment,2936.58,3552.65,195685.56,100,8113,0.013517105263157896,142.80263157894737,0.019064473684210527,591.2310526315789,0.826588602873911,High Margin + High Sell-through,Main Push / Monitor Inventory,Low
2026-03-01,SKU00233,Brand A,Bags,Own Brand,5148.46,11321.56,1927859.13,30,9369,0.0035263157894736843,144.3421052631579,0.003444736842105263,845.1842105263158,0.454748285571953,Low Margin + Low Sell-through,Clearance / Eliminate,High
2026-03-01,SKU00234,New Balance,Accessories,Buyout,490.63,1675.7,604106.86,17,8666,0.0023973684210526315,139.57894736842104,0.0013289473684210528,887.2368421052631,0.2927910723876589,Low Margin + Low Sell-through,Clearance / Eliminate,High
2026-03-01,SKU00235,Brand B,Underwear,Own Brand,680.04,3498.05,493949.3,53,9290,0.006082894736842105,140.82894736842104,0.0017092105263157894,775.7994736842105,0.194405454467489,Low Margin + Low Sell-through,Clearance / Eliminate,High
2026-03-01,SKU00236,Adidas,Kids Apparel,Consignment,507.73,620.96,63446.24,20,8272,0.002832894736842105,133.82894736842104,0.010476315789473684,885.0701315789474,0.817653311002319,High Margin + Low Sell-through,Targeted Marketing / Control Inventory,Medium
2026-03-01,SKU00237,Puma,Yoga Apparel,Consignment,3386.83,4111.19,84726.81,159,7911,0.02078157894736842,141.97368421052633,0.04681973684210526,393.7373684210526,0.8238077053116009,High Margin + High Sell-through,Main Push / Monitor Inventory,Low
2026-03-01,SKU00238,Puma,Lifestyle Apparel,Consignment,934.49,1135.44,75073.44,99,8268,0.012732894736842105,139.06578947368422,0.014764473684210527,616.0298684210526,0.8230201507785527,High Margin + High Sell-through,Main Push / Monitor Inventory,Low
2026-03-01,SKU00239,On Running,Lifestyle Apparel,Consignment,1282.6299999999999,1566.47,168676.2,60,8519,0.008039473684210527,133.22368421052633,0.010511842105263158,769.598552631579,0.8188027858816319,High Margin + High Sell-through,Main Push / Monitor Inventory,Low
2026-03-01,SKU00240,Columbia,Bags,Buyout,157.04,1666.86,467579.64,26,8052,0.0038394736842105263,151.93421052631578,0.00035131578947368423,855.5394736842105,0.09421307128373109,Low Margin + Low Sell-through,Clearance / Eliminate,High
2026-03-01,SKU00241,Reebok Underwear,Performance Apparel,Buyout,2489.59,6799.860000000001,404196.77999999997,89,8346,0.012465789473684211,140.44736842105263,0.008125,657.1665789473685,0.3661237143117652,Low Margin + High Sell-through,Traffic Driver / Control Discount,Medium
2026-03-01,SKU00242,Skechers,Basketball Shoes,Buyout,723.55,7605.7,1339778.55,43,8371,0.005721052631578948,294.0394736842105,0.0007986842105263158,763.0175,0.09513259791998106,Low Margin + Low Sell-through,Clearance / Eliminate,High
2026-03-01,SKU00243,Brand B,Accessories,Own Brand,1400.9,8317.72,879312.92,71,9026,0.008203947368421052,141.19736842105263,0.0020789473684210526,698.8684210526316,0.16842355837897888,Low Margin + High Sell-through,Traffic Driver / Control Discount,Medium
2026-03-01,SKU00244,Reebok Underwear,Underwear,Consignment,729.34,897.05,61871.4,45,8361,0.007405263157894737,141.07894736842104,0.01773157894736842,748.8052631578947,0.8130427512401762,High Margin + High Sell-through,Main Push / Monitor Inventory,Low
2026-03-01,SKU00245,Brand A,Kids Apparel,Own Brand,1258.58,2660.66,286176.72,46,9389,0.005511842105263158,138.98684210526315,0.005788157894736842,790.5955263157895,0.47303300684792493,Low Margin + Low Sell-through,Clearance / Eliminate,High
2026-03-01,SKU00246,Reebok Underwear,Accessories,Buyout,661.93,3758.03,386039.44,70,8728,0.008663157894736841,130.68421052631578,0.0021026315789473685,684.8959210526315,0.1761374975718661,Low Margin + High Sell-through,Traffic Driver / Control Discount,Medium
2026-03-01,SKU00247,Cole Haan,Lifestyle Apparel,Buyout,359.32,2548.3,1179373.78,18,9698,0.001525,214.60526315789474,0.0002881578947368421,920.8421052631579,0.1410038064592081,Low Margin + Low Sell-through,Clearance / Eliminate,High
2026-03-01,SKU00248,Adidas,Kids Apparel,Buyout,-89.86,2449.94,251317.8,83,8213,0.011826315789473685,289.7763157894737,-0.00040921052631578953,639.0855263157895,-0.03667844926814534,Low Margin + High Sell-through,Traffic Driver / Control Discount,Medium
2026-03-01,SKU00249,Brooks Brothers,Running Shoes,Buyout,1254.3700000000001,3008.77,450003.6,30,7695,0.004577631578947368,140.01315789473685,0.0038552631578947366,822.6272368421053,0.4169045822711607,Low Margin + Low Sell-through,Clearance / Eliminate,High
2026-03-01,SKU00250,Under Armour,Running Shoes,Buyout,1677.37,6789.25,517796.04,82,8306,0.012219736842105262,131.26315789473685,0.004546052631578948,613.2255263157895,0.24706263578451226,Low Margin + High Sell-through,Traffic Driver / Control Discount,Medium
2026-03-01,SKU00251,Nike,Bags,Consignment,3899.65,4682.59,245770.36000000002,82,8228,0.013330263157894736,140.93421052631578,0.025314473684210526,650.1731578947368,0.8327976611234381,High Margin + High Sell-through,Main Push / Monitor Inventory,Low
2026-03-01,SKU00252,Asics,Training Shoes,Consignment,5332.76,6517.01,338916.3,105,8035,0.014869736842105264,124.82894736842105,0.020926315789473685,582.0725,0.8182832311136549,High Margin + High Sell-through,Main Push / Monitor Inventory,Low
2026-03-01,SKU00253,Asics,Sportswear,Consignment,9179.85,11134.28,357145.41,209,8273,0.025509210526315787,135.23684210526315,0.029656578947368423,369.3484210526316,0.8244673207427872,High Margin + High Sell-through,Main Push / Monitor Inventory,Low
2026-03-01,SKU00254,Fila,Lifestyle Apparel,Consignment,1614.99,1946.14,84864.42,132,7991,0.01730657894736842,145.94736842105263,0.022657894736842106,554.3405263157895,0.8298426629122262,High Margin + High Sell-through,Main Push / Monitor Inventory,Low
2026-03-01,SKU00255,Skechers,Outdoor Apparel,Buyout,13977.72,33798.62,1463683.37,110,8123,0.01456578947368421,129.23684210526315,0.012746052631578948,542.2931578947369,0.4135588967833597,Low Margin + High Sell-through,Traffic Driver / Control Discount,Medium
2026-03-01,SKU00256,Brand B,Training Shoes,Own Brand,872.67,6214.08,1901146.3,27,9610,0.0029605263157894738,134.21052631578948,0.0005144736842105263,867.9807894736841,0.14043430403213347,Low Margin + Low Sell-through,Clearance / Eliminate,High
2026-03-01,SKU00257,Brand B,Yoga Apparel,Own Brand,51.83,99.7,440356.13,1,9199,0.00014210526315789474,126.5,0.0001736842105263158,990.6973684210526,0.5198595787362086,High Margin + Low Sell-through,Targeted Marketing / Control Inventory,Medium
2026-03-01,SKU00258,Under Armour,Yoga Apparel,Consignment,4521.43,5486.09,194752.32,95,8176,0.012389473684210527,126.82894736842105,0.028542105263157896,597.8763157894737,0.8241625638660686,High Margin + High Sell-through,Main Push / Monitor Inventory,Low
2026-03-01,SKU00259,Brand A,Outdoor Apparel,Own Brand,3519.64,9713.94,1671222.14,35,9443,0.0041447368421052636,131.96052631578948,0.002944736842105263,841.6842105263158,0.36232877699471067,Low Margin + Low Sell-through,Clearance / Eliminate,High
2026-03-01,SKU00260,Brand A,Running Shoes,Own Brand,17796.19,85005.41,2115854.14,299,9413,0.037526315789473685,130.27631578947367,0.011030263157894736,264.0782894736842,0.20935361643453043,Low Margin + High Sell-through,Traffic Driver / Control Discount,Medium
2026-03-01,SKU00261,Patagonia,Running Shoes,Buyout,1570.4,2902.52,922049.06,12,8306,0.0020381578947368424,140.3815789473684,0.0030184210526315786,931.9430263157894,0.5410470901147968,High Margin + Low Sell-through,Targeted Marketing / Control Inventory,Medium
2026-03-01,SKU00262,Under Armour,Bags,Consignment,2239.19,2723.67,241995.4,75,8170,0.009463157894736842,137.02631578947367,0.010813157894736842,666.4103947368421,0.8221223569668866,High Margin + High Sell-through,Main Push / Monitor Inventory,Low
2026-03-01,SKU00263,Champion,Sportswear,Buyout,5853.41,12970.85,879327.36,66,8154,0.008502631578947368,134.68421052631578,0.00790921052631579,708.6942105263158,0.4512742033097291,Low Margin + High Sell-through,Traffic Driver / Control Discount,Medium
2026-03-01,SKU00264,Puma,Performance Apparel,Buyout,561.0699999999999,1063.0,313088.49,13,8109,0.0014657894736842105,127.32894736842105,0.0016842105263157896,945.4315789473685,0.5278174976481655,High Margin + Low Sell-through,Targeted Marketing / Control Inventory,Medium
2026-03-01,SKU00265,New Balance,Running Shoes,Buyout,883.73,9716.69,1012846.08,72,8256,0.00971578947368421,131.85526315789474,0.0013684210526315789,676.2061842105263,0.09094969583263436,Low Margin + High Sell-through,Traffic Driver / Control Discount,Medium
2026-03-01,SKU00266,Nike,Bags,Consignment,1416.08,1706.2,230901.99,34,8857,0.004210526315789474,137.07894736842104,0.00760921052631579,819.5411842105262,0.8299613175477669,High Margin + Low Sell-through,Targeted Marketing / Control Inventory,Medium
2026-03-01,SKU00267,Puma,Basketball Shoes,Buyout,2055.17,3397.9700000000003,295617.42,40,8806,0.0047486842105263155,309.10526315789474,0.007721052631578947,785.9172368421052,0.6048228795427858,High Margin + Low Sell-through,Targeted Marketing / Control Inventory,Medium
2026-03-01,SKU00268,Under Armour,Performance Apparel,Buyout,1541.0,13668.5,2991817.5,33,8141,0.004702631578947368,134.23684210526315,0.0005684210526315789,847.2926315789473,0.1127409737718111,Low Margin + Low Sell-through,Clearance / Eliminate,High
2026-03-01,SKU00269,Salomon,Basketball Shoes,Buyout,1097.46,5740.95,1175851.5,31,7850,0.003928947368421053,148.31578947368422,0.0010947368421052631,849.642105263158,0.19116348339560527,Low Margin + Low Sell-through,Clearance / Eliminate,High
2026-03-01,SKU00270,The North Face,Underwear,Buyout,743.8199999999999,2858.46,336031.96,54,8581,0.0065578947368421054,134.44736842105263,0.002631578947368421,771.9139473684211,0.2602170399445855,Low Margin + High Sell-through,Traffic Driver / Control Discount,Medium
2026-03-01,SKU00271,Asics,Outdoor Apparel,Buyout,392.86,6204.07,1771127.67,27,8229,0.0029394736842105265,298.67105263157896,0.00020131578947368421,869.8815789473684,0.06332294767789533,Low Margin + Low Sell-through,Clearance / Eliminate,High
2026-03-01,SKU00272,Brand A,Lifestyle Apparel,Own Brand,400.7,931.76,831108.9,6,9390,0.0008263157894736841,137.07894736842104,0.0007671052631578948,958.4342105263158,0.4300463638705246,Low Margin + Low Sell-through,Clearance / Eliminate,High
2026-03-01,SKU00273,The North Face,Basketball Shoes,Buyout,3077.46,8493.06,1456796.4,30,8070,0.00349078947368421,136.4078947368421,0.002256578947368421,842.0131578947369,0.36234996573673095,Low Margin + Low Sell-through,Clearance / Eliminate,High
2026-03-01,SKU00274,Reebok Underwear,Underwear,Buyout,1071.13,3700.87,259189.74,82,8082,0.012217105263157895,133.80263157894737,0.0058289473684210525,587.1667105263158,0.2894265402459422,Low Margin + High Sell-through,Traffic Driver / Control Discount,Medium
2026-03-01,SKU00275,Skechers,Outdoor Apparel,Buyout,663.99,9826.04,2392181.7,31,8094,0.004219736842105263,129.57894736842104,0.0002868421052631579,852.4306578947369,0.06757452646233884,Low Margin + Low Sell-through,Clearance / Eliminate,High
2026-03-01,SKU00276,New Balance,Lifestyle Apparel,Consignment,5038.17,6048.14,191452.78,176,7954,0.022602631578947367,134.03947368421052,0.030425,382.27184210526315,0.8330114712953073,High Margin + High Sell-through,Main Push / Monitor Inventory,Low
2026-03-01,SKU00277,Cole Haan,Underwear,Buyout,6787.54,17407.68,496411.78,233,10891,0.02267105263157895,218.5921052631579,0.016525,350.95973684210526,0.38991640471332195,Low Margin + High Sell-through,Traffic Driver / Control Discount,Medium
2026-03-01,SKU00278,Champion,Running Shoes,Buyout,3175.79,6772.11,795259.92,38,8403,0.004472368421052631,146.78947368421052,0.0045473684210526315,807.8859210526316,0.46895133126898414,Low Margin + Low Sell-through,Clearance / Eliminate,High
2026-03-01,SKU00279,Columbia,Yoga Apparel,Buyout,444.73,790.78,63542.47,45,8263,0.005728947368421053,294.7763157894737,0.008123684210526316,781.4518421052632,0.5623940919092542,High Margin + Low Sell-through,Targeted Marketing / Control Inventory,Medium
2026-03-01,SKU00280,Salomon,Running Shoes,Buyout,3119.09,8009.15,968231.88,42,8316,0.0055763157894736844,131.75,0.0040342105263157894,823.7165789473684,0.38944082705405697,Low Margin + Low Sell-through,Clearance / Eliminate,High
2026-03-01,SKU00281,Hoka,Underwear,Buyout,1292.22,2180.07,495183.54,15,8366,0.0014197368421052631,138.28947368421052,0.0022565789473684207,935.2921052631579,0.5927424348759444,High Margin + Low Sell-through,Targeted Marketing / Control Inventory,Medium
2026-03-01,SKU00282,Adidas,Performance Apparel,Consignment,4674.31,5635.53,652537.55,55,8603,0.006592105263157895,126.23684210526316,0.008719736842105264,741.7157894736843,0.8294357407377835,High Margin + High Sell-through,Main Push / Monitor Inventory,Low
2026-03-01,SKU00283,Cole Haan,Lifestyle Apparel,Buyout,3518.83,6141.19,650143.56,39,9669,0.004575,215.30263157894737,0.006688157894736842,823.8911842105264,0.5729882970564337,High Margin + Low Sell-through,Targeted Marketing / Control Inventory,Medium
2026-03-01,SKU00284,Adidas,Underwear,Consignment,1277.7,1531.49,202960.42,60,8174,0.008478947368421053,136.18421052631578,0.008127631578947369,715.563947368421,0.8342855650379696,High Margin + High Sell-through,Main Push / Monitor Inventory,Low
2026-03-01,SKU00285,Hoka,Lifestyle Apparel,Consignment,923.03,1123.06,38298.92,63,7913,0.00905657894736842,298.92105263157896,0.03058026315789474,694.2363157894737,0.8218884120171674,High Margin + High Sell-through,Main Push / Monitor Inventory,Low
2026-03-01,SKU00286,Brooks Brothers,Accessories,Consignment,443.21000000000004,544.0699999999999,126724.5,18,8505,0.003013157894736842,133.3684210526316,0.0054486842105263165,883.6315789473684,0.8146194423511682,High Margin + Low Sell-through,Targeted Marketing / Control Inventory,Medium
2026-03-01,SKU00287,Under Armour,Yoga Apparel,Consignment,586.5699999999999,721.74,51842.45,70,8569,0.00978421052631579,125.5,0.01596184210526316,714.2561842105264,0.8127164907030231,High Margin + High Sell-through,Main Push / Monitor Inventory,Low
2026-03-01,SKU00288,Lululemon,Outdoor Apparel,Buyout,3957.94,15144.94,2808276.0,33,8284,0.004403947368421052,141.94736842105263,0.0017473684210526316,818.0088157894737,0.2613374499998019,Low Margin + Low Sell-through,Clearance / Eliminate,High
2026-03-01,SKU00289,Brand A,Lifestyle Apparel,Own Brand,2219.2,4923.8,1325659.69,20,9803,0.002681578947368421,127.89473684210526,0.0025907894736842104,901.1315789473684,0.45070880214468495,Low Margin + Low Sell-through,Clearance / Eliminate,High
2026-03-01,SKU00290,Brand B,Lifestyle Apparel,Own Brand,1640.56,2806.63,232444.89,47,9369,0.00550921052631579,139.94736842105263,0.008630263157894736,761.9552631578947,0.5845302017009723,High Margin + Low Sell-through,Targeted Marketing / Control Inventory,Medium
2026-03-01,SKU00291,Brooks Brothers,Kids Apparel,Consignment,3575.4900000000002,4291.86,117947.61,53,8679,0.007259210526315789,126.69736842105263,0.04223421052631579,754.4122368421052,0.833086354168123,High Margin + High Sell-through,Main Push / Monitor Inventory,Low
2026-03-01,SKU00292,New Balance,Kids Apparel,Buyout,1043.48,18597.68,830210.4,170,8040,0.023826315789473685,314.44736842105266,0.0016565789473684213,395.031052631579,0.056108073695213596,Low Margin + High Sell-through,Traffic Driver / Control Discount,Medium
2026-03-01,SKU00293,Under Armour,Lifestyle Apparel,Buyout,-551.26,19171.87,1144206.28,149,8644,0.0173,291.0921052631579,-0.0002723684210526316,495.81065789473683,-0.0287535853310084,Low Margin + High Sell-through,Traffic Driver / Control Discount,Medium
2026-03-01,SKU00294,Nike,Performance Apparel,Consignment,2863.23,3490.7,241027.2,35,8369,0.004130263157894737,138.3815789473684,0.012898684210526316,827.609605263158,0.8202452230211705,High Margin + Low Sell-through,Targeted Marketing / Control Inventory,Medium
2026-03-01,SKU00295,Cole Haan,Underwear,Buyout,623.64,3704.76,671748.35,48,10465,0.005414473684210526,213.3684210526316,0.001243421052631579,784.5771052631579,0.1683347909176303,Low Margin + Low Sell-through,Clearance / Eliminate,High
2026-03-01,SKU00296,On Running,Performance Apparel,Buyout,6011.86,13310.42,1937083.44,32,8493,0.004451315789473684,142.6578947368421,0.004,827.3377631578948,0.45166568748394115,Low Margin + Low Sell-through,Clearance / Eliminate,High
2026-03-01,SKU00297,Puma,Performance Apparel,Buyout,3170.65,21238.85,2434171.6,61,8218,0.009017105263157896,132.8684210526316,0.0021026315789473685,738.4332894736842,0.14928538974567834,Low Margin + High Sell-through,Traffic Driver / Control Discount,Medium
2026-03-01,SKU00298,Brand A,Underwear,Own Brand,596.95,1768.03,323250.61,36,9937,0.0045249999999999995,133.76315789473685,0.00265,832.8290789473684,0.33763567360282354,Low Margin + Low Sell-through,Clearance / Eliminate,High
2026-03-01,SKU00299,Puma,Yoga Apparel,Buyout,2417.69,10778.77,1245961.71,52,7749,0.008761842105263158,132.8684210526316,0.002805263157894737,781.0044736842104,0.2243011030015484,Low Margin + High Sell-through,Traffic Driver / Control Discount,Medium
2026-03-01,SKU00300,Brand A,Kids Apparel,Own Brand,6331.18,23910.28,953959.16,165,8954,0.02233026315789474,140.07894736842104,0.009346052631578948,451.5288157894737,0.2647890363475459,Low Margin + High Sell-through,Traffic Driver / Control Discount,Medium
2026-03-01,SKU00301,Lululemon,Outdoor Apparel,Consignment,716.36,841.3100000000001,444542.27,12,8647,0.001513157894736842,125.85526315789474,0.0019460526315789473,927.9078947368421,0.8514816179529543,High Margin + Low Sell-through,Targeted Marketing / Control Inventory,Medium
2026-03-01,SKU00302,Cole Haan,Training Shoes,Buyout,14659.06,26728.06,758727.0,149,9367,0.016701315789473686,215.60526315789474,0.022676315789473683,502.3077631578947,0.5484520762075511,High Margin + High Sell-through,Main Push / Monitor Inventory,Low
2026-03-01,SKU00303,Adidas,Lifestyle Apparel,Consignment,2362.0,2865.84,66180.98,51,8731,0.006531578947368421,135.68421052631578,0.04456578947368421,771.2832894736842,0.8241911621025597,High Margin + High Sell-through,Main Push / Monitor Inventory,Low
2026-03-01,SKU00304,Hoka,Outdoor Apparel,Buyout,19806.1,38323.06,1065110.97,144,8283,0.02083157894736842,134.44736842105263,0.025982894736842104,493.3984210526316,0.5168193771582958,High Margin + High Sell-through,Main Push / Monitor Inventory,Low
2026-03-01,SKU00305,New Balance,Training Shoes,Buyout,6411.42,18473.670000000002,1320092.64,75,8208,0.00990263157894737,142.6315789473684,0.00616578947368421,615.4034210526316,0.3470571900439923,Low Margin + High Sell-through,Traffic Driver / Control Discount,Medium
2026-03-01,SKU00306,Salomon,Lifestyle Apparel,Buyout,4742.7699999999995,19658.7,1529332.1,83,8510,0.010363157894736841,131.81578947368422,0.0036855263157894737,683.8793421052632,0.24125552554339805,Low Margin + High Sell-through,Traffic Driver / Control Discount,Medium
2026-03-01,SKU00307,Adidas,Running Shoes,Consignment,1831.67,2216.26,381307.2,51,8436,0.006282894736842105,146.44736842105263,0.005555263157894737,742.7938157894737,0.8264689161019013,High Margin + Low Sell-through,Targeted Marketing / Control Inventory,Medium
2026-03-01,SKU00308,Champion,Lifestyle Apparel,Consignment,158.78,186.87,125956.74,10,8142,0.0011986842105263158,121.42105263157895,0.0013513157894736842,940.8026315789474,0.8496815968320223,High Margin + Low Sell-through,Targeted Marketing / Control Inventory,Medium
2026-03-01,SKU00309,New Balance,Bags,Buyout,463.34000000000003,4775.06,1212039.36,29,8152,0.004242105263157895,292.32894736842104,0.0005657894736842105,824.4736842105264,0.09703333570677646,Low Margin + Low Sell-through,Clearance / Eliminate,High
2026-03-01,SKU00310,Skechers,Accessories,Buyout,681.17,2150.67,476705.8,25,8110,0.0029631578947368425,131.3684210526316,0.0015157894736842106,866.921052631579,0.3167245556036026,Low Margin + Low Sell-through,Clearance / Eliminate,High
2026-03-01,SKU00311,Patagonia,Training Shoes,Buyout,123.78,634.28,2033576.75,2,7967,0.00038157894736842105,112.55263157894737,9.342105263157896e-05,987.6184210526316,0.19515040676042128,Low Margin + Low Sell-through,Clearance / Eliminate,High
2026-03-01,SKU00312,Reebok Underwear,Lifestyle Apparel,Consignment,478.78,575.51,63498.4,85,8120,0.012407894736842104,146.05263157894737,0.010544736842105263,599.4227631578947,0.8319229900436135,High Margin + High Sell-through,Main Push / Monitor Inventory,Low
2026-03-01,SKU00313,On Running,Performance Apparel,Consignment,3590.9300000000003,4252.09,389215.61,44,7721,0.006947368421052632,140.21052631578948,0.012939473684210527,744.9342105263158,0.8445094059627148,High Margin + High Sell-through,Main Push / Monitor Inventory,Low
2026-03-01,SKU00314,Cole Haan,Performance Apparel,Consignment,2156.36,2605.59,534647.88,38,10764,0.0036355263157894736,205.31578947368422,0.004628947368421053,840.6588157894737,0.8275899124574473,High Margin + Low Sell-through,Targeted Marketing / Control Inventory,Medium
2026-03-01,SKU00315,Under Armour,Training Shoes,Buyout,8995.01,22309.01,633289.92,175,8324,0.02330921052631579,117.75,0.017968421052631578,446.77723684210525,0.40320076955454326,Low Margin + High Sell-through,Traffic Driver / Control Discount,Medium
2026-03-01,SKU00316,Brand A,Lifestyle Apparel,Own Brand,-7191.0199999999995,11499.04,486509.49,362,9423,0.04244605263157895,301.69736842105266,-0.018567105263157895,234.00315789473686,-0.6253582907790562,Low Margin + High Sell-through,Traffic Driver / Control Discount,Medium
2026-03-01,SKU00317,On Running,Underwear,Consignment,70.9,88.16,64182.54,13,7914,0.002030263157894737,287.61842105263156,0.0014644736842105263,927.1447368421053,0.8042196007259529,High Margin + Low Sell-through,Targeted Marketing / Control Inventory,Medium
2026-03-01,SKU00318,Asics,Training Shoes,Buyout,3159.33,5403.53,515204.2,35,8035,0.005303947368421053,146.55263157894737,0.008497368421052632,831.1719736842106,0.5846789043458628,High Margin + Low Sell-through,Targeted Marketing / Control Inventory,Medium
2026-03-01,SKU00319,The North Face,Yoga Apparel,Buyout,3436.5,7830.33,722471.19,49,8057,0.006432894736842105,290.7105263157895,0.005549999999999999,755.2667105263157,0.43887039243556786,Low Margin + High Sell-through,Traffic Driver / Control Discount,Medium
2026-03-01,SKU00320,Columbia,Kids Apparel,Consignment,216.17000000000002,257.18,32730.25,16,7925,0.0021407894736842105,139.96052631578948,0.007596052631578948,902.5131578947369,0.840539699821137,High Margin + Low Sell-through,Targeted Marketing / Control Inventory,Medium
2026-03-01,SKU00321,Skechers,Sportswear,Buyout,4192.8,7201.2,212628.48,115,8128,0.015527631578947368,141.25,0.026223684210526316,573.2184210526316,0.5822362939510082,High Margin + High Sell-through,Main Push / Monitor Inventory,Low
2026-03-01,SKU00322,Brand A,Bags,Own Brand,153.82,601.9300000000001,475693.66,9,9554,0.00115,135.85526315789474,0.00031578947368421053,945.6315789473684,0.2555446646620039,Low Margin + Low Sell-through,Clearance / Eliminate,High
2026-03-01,SKU00323,The North Face,Bags,Consignment,9771.41,11874.51,417183.99,165,8137,0.024564473684210525,136.72368421052633,0.03450263157894737,404.5978947368421,0.8228895339681385,High Margin + High Sell-through,Main Push / Monitor Inventory,Low
2026-03-01,SKU00324,Fila,Outdoor Apparel,Buyout,2095.24,4149.49,407928.4,45,8936,0.005180263157894736,122.21052631578948,0.0058802631578947365,815.9667105263158,0.5049391611981231,Low Margin + Low Sell-through,Clearance / Eliminate,High
2026-03-01,SKU00325,Under Armour,Lifestyle Apparel,Buyout,8691.39,22009.91,721629.81,148,8019,0.019331578947368422,145.28947368421052,0.014599999999999998,454.3235526315789,0.3948853039380897,Low Margin + High Sell-through,Traffic Driver / Control Discount,Medium
2026-03-01,SKU00326,New Balance,Running Shoes,Buyout,2312.37,6311.53,507368.83999999997,61,7739,0.009022368421052631,307.61842105263156,0.005826315789473684,710.8351315789474,0.36637233761069027,Low Margin + High Sell-through,Traffic Driver / Control Discount,Medium
2026-03-01,SKU00327,Salomon,Accessories,Buyout,2088.07,3766.65,423742.71,34,8583,0.004151315789473684,142.57894736842104,0.005673684210526316,819.5394736842105,0.5543573201651335,High Margin + Low Sell-through,Targeted Marketing / Control Inventory,Medium
2026-03-01,SKU00328,Lululemon,Running Shoes,Consignment,6111.7,7377.09,350305.66,104,8227,0.015132894736842104,137.78947368421052,0.023269736842105263,561.5873684210526,0.8284703046865363,High Margin + High Sell-through,Main Push / Monitor Inventory,Low
2026-03-01,SKU00329,Columbia,Bags,Consignment,6479.2699999999995,7840.16,308405.6,153,8065,0.01948421052631579,152.02631578947367,0.024761842105263155,454.7538157894737,0.8264206342727699,High Margin + High Sell-through,Main Push / Monitor Inventory,Low
2026-03-01,SKU00330,Adidas,Kids Apparel,Buyout,-352.82,9060.58,526306.44,145,8107,0.019723684210526317,292.1842105263158,-0.0007197368421052631,462.51184210526316,-0.038940112001659935,Low Margin + High Sell-through,Traffic Driver / Control Discount,Medium
2026-03-01,SKU00331,Brooks Brothers,Yoga Apparel,Buyout,409.02,938.22,301926.24,15,8558,0.001769736842105263,292.7368421052632,0.0017460526315789475,934.124605263158,0.4359531879516531,Low Margin + Low Sell-through,Clearance / Eliminate,High
2026-03-01,SKU00332,Under Armour,Yoga Apparel,Buyout,11510.18,27338.19,1135561.61,121,8681,0.014913157894736842,136.93421052631578,0.012211842105263156,617.093552631579,0.4210293366166524,Low Margin + High Sell-through,Traffic Driver / Control Discount,Medium
2026-03-01,SKU00333,Brand B,Accessories,Own Brand,411.40999999999997,1106.6100000000001,143350.24,40,8248,0.005760526315789474,140.44736842105263,0.003696052631578947,813.3464473684211,0.371775060771184,Low Margin + Low Sell-through,Clearance / Eliminate,High
2026-03-01,SKU00334,Champion,Outdoor Apparel,Buyout,1142.26,7498.06,1646922.6,33,8551,0.004006578947368421,124.51315789473684,0.0008223684210526315,826.7894736842105,0.1523407388044374,Low Margin + Low Sell-through,Clearance / Eliminate,High
2026-03-01,SKU00335,Adidas,Sportswear,Consignment,396.08,482.98,68213.51,45,8111,0.006026315789473684,314.8421052631579,0.00698157894736842,776.6847368421053,0.8200753654395626,High Margin + Low Sell-through,Targeted Marketing / Control Inventory,Medium
2026-03-01,SKU00336,Cole Haan,Running Shoes,Buyout,4702.48,7461.28,879388.4,33,10519,0.0034039473684210524,211.71052631578948,0.006211842105263157,848.3842105263158,0.6302511097291618,High Margin + Low Sell-through,Targeted Marketing / Control Inventory,Medium
2026-03-01,SKU00337,Brand A,Outdoor Apparel,Own Brand,14720.74,26088.82,1918047.72,54,9111,0.006503947368421053,135.57894736842104,0.009067105263157895,777.8157894736842,0.5642547267373534,High Margin + High Sell-through,Main Push / Monitor Inventory,Low
2026-03-01,SKU00338,Brooks Brothers,Basketball Shoes,Buyout,909.19,2566.89,1327154.62,10,8006,0.0013039473684210527,151.80263157894737,0.0008065789473684211,938.1578947368421,0.354199050212514,Low Margin + Low Sell-through,Clearance / Eliminate,High
2026-03-01,SKU00339,Brand A,Training Shoes,Own Brand,9193.15,22570.99,726703.38,168,9126,0.01971842105263158,140.23684210526315,0.015496052631578947,485.7607894736842,0.407299369677626,Low Margin + High Sell-through,Traffic Driver / Control Discount,Medium
2026-03-01,SKU00340,The North Face,Running Shoes,Buyout,11354.89,31342.0,1693857.1,99,8390,0.012435526315789475,134.03947368421052,0.008288157894736843,628.6338157894737,0.362289898538702,Low Margin + High Sell-through,Traffic Driver / Control Discount,Medium
2026-03-01,SKU00341,Adidas,Basketball Shoes,Consignment,1471.21,1811.1,119594.8,60,8440,0.008288157894736843,141.73684210526315,0.017467105263157895,752.3369736842105,0.8123295234940092,High Margin + High Sell-through,Main Push / Monitor Inventory,Low
2026-03-01,SKU00342,Champion,Accessories,Buyout,1967.49,5115.6900000000005,580628.25,44,8115,0.005811842105263158,139.9078947368421,0.004314473684210527,804.1490789473685,0.38459914498337466,Low Margin + Low Sell-through,Clearance / Eliminate,High
2026-03-01,SKU00343,Cole Haan,Outdoor Apparel,Buyout,622.5,3556.62,718230.66,42,10281,0.004335526315789474,203.5,0.0008802631578947368,823.2103947368421,0.17502572667307725,Low Margin + Low Sell-through,Clearance / Eliminate,High
2026-03-01,SKU00344,Lululemon,Underwear,Consignment,1713.45,2079.37,162608.95,52,7595,0.008193421052631579,134.69736842105263,0.01408421052631579,685.456052631579,0.8240236225395192,High Margin + High Sell-through,Main Push / Monitor Inventory,Low
2026-03-01,SKU00345,New Balance,Running Shoes,Consignment,1394.28,1686.23,141712.84,67,7948,0.008378947368421054,143.80263157894737,0.010596052631578947,706.9244736842105,0.8268622904348754,High Margin + High Sell-through,Main Push / Monitor Inventory,Low
2026-03-01,SKU00346,Salomon,Kids Apparel,Buyout,9148.76,24064.56,1112969.6,107,7984,0.014163157894736843,136.96052631578948,0.010398684210526315,608.9042105263158,0.3801756608057658,Low Margin + High Sell-through,Traffic Driver / Control Discount,Medium
2026-03-01,SKU00347,Skechers,Kids Apparel,Buyout,1267.45,2652.55,426456.9,27,8313,0.003401315789473684,145.19736842105263,0.003513157894736842,863.2719736842105,0.4778232267063769,Low Margin + Low Sell-through,Clearance / Eliminate,High
2026-03-01,SKU00348,Hoka,Outdoor Apparel,Consignment,1432.1100000000001,1735.5,367823.52,19,8562,0.0024000000000000002,130.10526315789474,0.004498684210526316,897.811447368421,0.8251858254105446,High Margin + Low Sell-through,Targeted Marketing / Control Inventory,Medium
2026-03-01,SKU00349,Brooks Brothers,Lifestyle Apparel,Buyout,3666.0,6505.9,321476.68,70,7924,0.010536842105263157,128.0921052631579,0.015051315789473683,652.0147368421053,0.5634885257996588,High Margin + High Sell-through,Main Push / Monitor Inventory,Low
2026-03-01,SKU00350,Columbia,Accessories,Consignment,2114.88,2555.29,185047.74,81,8343,0.010452631578947368,123.15789473684211,0.013448684210526316,612.8702631578948,0.8276477425262887,High Margin + High Sell-through,Main Push / Monitor Inventory,Low
2026-03-01,SKU00351,Nike,Kids Apparel,Consignment,3263.39,3962.67,52241.45,271,8227,0.03491447368421053,310.4736842105263,0.07667236842105263,277.8147368421052,0.8235331228691766,High Margin + High Sell-through,Main Push / Monitor Inventory,Low
2026-03-01,SKU00352,Brand B,Accessories,Own Brand,222.98000000000002,1523.08,1157999.07,10,8907,0.001036842105263158,140.26315789473685,0.0001776315789473684,947.2631578947369,0.14640071434199126,Low Margin + Low Sell-through,Clearance / Eliminate,High
2026-03-01,SKU00353,On Running,Bags,Consignment,1558.51,1891.08,39107.25,140,8595,0.020900000000000002,137.01315789473685,0.05930394736842106,462.64539473684215,0.8241375298771073,High Margin + High Sell-through,Main Push / Monitor Inventory,Low
2026-03-01,SKU00354,Patagonia,Sportswear,Buyout,466.93,5873.77,975111.84,46,8296,0.006542105263157895,135.43421052631578,0.0008,795.2721052631579,0.07949408982646579,Low Margin + High Sell-through,Traffic Driver / Control Discount,Medium
2026-03-01,SKU00355,Hoka,Yoga Apparel,Consignment,2527.77,3016.2599999999998,417822.96,33,8277,0.004623684210526315,129.72368421052633,0.008139473684210526,834.3157894736842,0.8380477810268346,High Margin + Low Sell-through,Targeted Marketing / Control Inventory,Medium
2026-03-01,SKU00356,Brand B,Running Shoes,Own Brand,5149.66,25031.06,2405649.4,77,9317,0.009015789473684211,138.82894736842104,0.002443421052631579,662.7498684210526,0.20573080005401287,Low Margin + High Sell-through,Traffic Driver / Control Discount,Medium
2026-03-01,SKU00357,The North Face,Lifestyle Apparel,Buyout,3428.24,7085.74,410162.5,77,8635,0.008801315789473685,285.61842105263156,0.00905657894736842,726.0828947368421,0.48382243774115335,Low Margin + High Sell-through,Traffic Driver / Control Discount,Medium
2026-03-01,SKU00358,Reebok Underwear,Performance Apparel,Buyout,3360.85,8686.449999999999,1549369.2,28,8146,0.003611842105263158,133.35526315789474,0.0027973684210526313,848.4561842105263,0.38690719453862055,Low Margin + Low Sell-through,Clearance / Eliminate,High
2026-03-01,SKU00359,Brand B,Basketball Shoes,Own Brand,1122.54,2700.3,988072.2,16,10020,0.0015210526315789475,130.89473684210526,0.0011486842105263159,926.8684210526316,0.4157093656260415,Low Margin + Low Sell-through,Clearance / Eliminate,High
2026-03-01,SKU00360,Salomon,Running Shoes,Buyout,7217.72,38225.76,2200782.5,118,8375,0.016398684210526315,132.78947368421052,0.004594736842105263,538.484605263158,0.18881822101117152,Low Margin + High Sell-through,Traffic Driver / Control Discount,Medium
2026-03-01,SKU00361,The North Face,Accessories,Buyout,105.27,358.53000000000003,117217.17,18,8331,0.002075,131.21052631578948,0.0010460526315789474,893.171052631579,0.29361559702116974,Low Margin + Low Sell-through,Clearance / Eliminate,High
2026-03-01,SKU00362,Brooks Brothers,Outdoor Apparel,Buyout,8318.8,15821.289999999999,1697793.21,37,8373,0.005078947368421053,147.07894736842104,0.006773684210526316,853.6298684210527,0.5257978331728955,High Margin + Low Sell-through,Targeted Marketing / Control Inventory,Medium
2026-03-01,SKU00363,Under Armour,Accessories,Buyout,1669.76,4035.68,392003.37,48,7953,0.007176315789473684,115.44736842105263,0.004951315789473684,794.8834210526315,0.4137493557467391,Low Margin + High Sell-through,Traffic Driver / Control Discount,Medium
2026-03-01,SKU00364,Brand A,Outdoor Apparel,Own Brand,25583.47,47140.87,1637667.0,124,9420,0.015867105263157894,134.01315789473685,0.02200394736842105,547.2694736842105,0.5427025424011055,High Margin + High Sell-through,Main Push / Monitor Inventory,Low
2026-03-01,SKU00365,On Running,Performance Apparel,Consignment,853.7,1019.59,88666.0,35,8248,0.0044631578947368425,123.46052631578948,0.011556578947368421,866.7236842105264,0.83729734501123,High Margin + Low Sell-through,Targeted Marketing / Control Inventory,Medium
2026-03-01,SKU00366,Brand B,Kids Apparel,Own Brand,1969.88,4940.8,810012.6,34,9270,0.005002631578947368,145.23684210526315,0.0035157894736842104,826.1280263157895,0.39869656735751297,Low Margin + Low Sell-through,Clearance / Eliminate,High
2026-03-01,SKU00367,Adidas,Yoga Apparel,Consignment,1013.23,1230.57,42153.14,56,8201,0.007652631578947368,126.63157894736842,0.03165526315789474,745.9526315789474,0.8233826600680986,High Margin + High Sell-through,Main Push / Monitor Inventory,Low
2026-03-01,SKU00368,Puma,Sportswear,Buyout,5005.28,10445.33,703061.7,63,8142,0.0076,151.1315789473684,0.008019736842105264,722.2952631578947,0.47918830711906657,Low Margin + High Sell-through,Traffic Driver / Control Discount,Medium
2026-03-01,SKU00369,Adidas,Bags,Consignment,476.77000000000004,586.56,99097.02,26,8217,0.0028434210526315793,137.55263157894737,0.004736842105263157,864.8473684210526,0.8128239225313695,High Margin + Low Sell-through,Targeted Marketing / Control Inventory,Medium
2026-03-01,SKU00370,Hoka,Sportswear,Buyout,1356.24,2745.98,552927.01,22,8753,0.0026157894736842107,148.53947368421052,0.002875,898.5009210526317,0.49390017407264436,Low Margin + Low Sell-through,Clearance / Eliminate,High
2026-03-01,SKU00371,Brand A,Sportswear,Own Brand,5952.65,23527.79,1759403.8,93,9310,0.012478947368421053,136.6315789473684,0.004544736842105263,604.4684210526316,0.25300506337399303,Low Margin + High Sell-through,Traffic Driver / Control Discount,Medium
2026-03-01,SKU00372,Under Armour,Kids Apparel,Consignment,2297.59,2761.98,221776.0,68,8300,0.0085,138.75,0.01278421052631579,743.8013157894737,0.8318633733770702,High Margin + High Sell-through,Main Push / Monitor Inventory,Low
2026-03-01,SKU00373,New Balance,Outdoor Apparel,Buyout,723.99,2871.09,1793902.05,10,8355,0.0014000000000000002,144.32894736842104,0.0006210526315789473,957.8789473684211,0.25216555384888667,Low Margin + Low Sell-through,Clearance / Eliminate,High
2026-03-01,SKU00374,Asics,Sportswear,Buyout,5359.83,12832.33,556150.0,122,9080,0.014917105263157893,121.67105263157895,0.012401315789473684,516.4847368421052,0.4176817460274167,Low Margin + High Sell-through,Traffic Driver / Control Discount,Medium
2026-03-01,SKU00375,Salomon,Lifestyle Apparel,Buyout,174.6,635.72,338504.0,11,8075,0.001394736842105263,128.48684210526315,0.0005223684210526316,947.1930263157894,0.2746492166362549,Low Margin + Low Sell-through,Clearance / Eliminate,High
2026-03-01,SKU00376,Puma,Sportswear,Consignment,424.07,503.28000000000003,317019.24,11,7793,0.001581578947368421,140.67105263157896,0.0018039473684210525,913.4078947368421,0.8426124622476553,High Margin + Low Sell-through,Targeted Marketing / Control Inventory,Medium
2026-03-01,SKU00377,Reebok Underwear,Kids Apparel,Consignment,325.73,397.14,119113.94,27,8081,0.004907894736842105,290.4736842105263,0.004938157894736841,854.8771052631579,0.8201893538802438,High Margin + Low Sell-through,Targeted Marketing / Control Inventory,Medium
2026-03-01,SKU00378,Cole Haan,Sportswear,Buyout,-9.139999999999999,1330.66,392905.92,35,10264,0.0034881578947368423,295.6842105263158,-1.315789473684214e-06,850.4736842105264,-0.006868771887634706,Low Margin + Low Sell-through,Clearance / Eliminate,High
2026-03-01,SKU00379,Brand B,Kids Apparel,Own Brand,910.27,3619.63,1466666.88,18,9744,0.001738157894736842,136.19736842105263,0.0007552631578947368,911.3509210526315,0.251481505015706,Low Margin + Low Sell-through,Clearance / Eliminate,High
2026-03-01,SKU00380,Cole Haan,Performance Apparel,Buyout,3963.21,6957.21,1216437.25,24,9751,0.003267105263157895,206.71052631578948,0.005194736842105263,874.2588157894737,0.5696550772507945,High Margin + Low Sell-through,Targeted Marketing / Control Inventory,Medium
2026-03-01,SKU00381,Columbia,Accessories,Buyout,1863.3799999999999,3274.7,196322.04,57,7929,0.007971052631578948,139.92105263157896,0.011925,728.1114473684211,0.5690231166213698,High Margin + High Sell-through,Main Push / Monitor Inventory,Low
2026-03-01,SKU00382,Fila,Training Shoes,Buyout,4405.47,19145.31,1962241.2,64,8520,0.008377631578947367,130.06578947368422,0.0028486842105263158,707.4588157894738,0.23010700793040176,Low Margin + High Sell-through,Traffic Driver / Control Discount,Medium
2026-03-01,SKU00383,Puma,Running Shoes,Buyout,9384.94,15810.59,652078.3,77,7814,0.011442105263157896,141.23684210526315,0.020310526315789473,682.7606578947368,0.5935856916155564,High Margin + High Sell-through,Main Push / Monitor Inventory,Low
2026-03-01,SKU00384,Fila,Running Shoes,Consignment,1718.98,2037.84,114083.1,50,8742,0.005348684210526315,137.6315789473684,0.015928947368421053,808.0667105263158,0.8435304047422761,High Margin + Low Sell-through,Targeted Marketing / Control Inventory,Medium
2026-03-01,SKU00385,Reebok Underwear,Outdoor Apparel,Buyout,3830.6800000000003,14535.78,2180707.2,41,8352,0.005373684210526315,133.89473684210526,0.0021407894736842105,820.5428947368422,0.26353453340653205,Low Margin + Low Sell-through,Clearance / Eliminate,High
2026-03-01,SKU00386,Lululemon,Basketball Shoes,Buyout,3215.8199999999997,9091.34,782792.64,61,8127,0.00839342105263158,125.98684210526316,0.004907894736842105,724.6485526315789,0.3537234335092516,Low Margin + High Sell-through,Traffic Driver / Control Discount,Medium
2026-03-01,SKU00387,Puma,Performance Apparel,Buyout,2291.22,17571.38,2325312.92,56,8522,0.0058986842105263155,143.43421052631578,0.0010592105263157894,754.6236842105263,0.1303949945877899,Low Margin + Low Sell-through,Clearance / Eliminate,High
2026-03-01,SKU00388,Brand B,Kids Apparel,Own Brand,1287.12,2832.58,166797.96,83,8958,0.0113,124.97368421052632,0.010144736842105264,628.9675,0.45439846359149605,Low Margin + High Sell-through,Traffic Driver / Control Discount,Medium
2026-03-01,SKU00389,Skechers,Lifestyle Apparel,Buyout,907.42,2011.72,313731.63,30,8523,0.004731578947368422,303.92105263157896,0.004872368421052632,838.75,0.4510667488517288,Low Margin + Low Sell-through,Clearance / Eliminate,High
2026-03-01,SKU00390,Adidas,Yoga Apparel,Buyout,1263.9,2724.26,539603.02,22,8129,0.002501315789473684,136.4078947368421,0.002430263157894737,890.9736842105264,0.4639425018170072,Low Margin + Low Sell-through,Clearance / Eliminate,High
2026-03-01,SKU00391,Adidas,Basketball Shoes,Consignment,151.01,183.51,172611.0,5,8100,0.0005223684210526316,129.31578947368422,0.0008828947368421052,971.671052631579,0.8228979347174541,High Margin + Low Sell-through,Targeted Marketing / Control Inventory,Medium
2026-03-01,SKU00392,Under Armour,Training Shoes,Consignment,6405.77,7803.32,216184.82,222,8318,0.02750657894736842,308.5394736842105,0.03508815789473684,377.5210526315789,0.8209031540421258,High Margin + High Sell-through,Main Push / Monitor Inventory,Low
2026-03-01,SKU00393,Brand B,Accessories,Own Brand,9781.78,28114.649999999998,695508.01,241,9143,0.030123684210526316,130.32894736842104,0.018551315789473683,354.6709210526316,0.347924658496549,Low Margin + High Sell-through,Traffic Driver / Control Discount,Medium
2026-03-01,SKU00394,Nike,Outdoor Apparel,Consignment,3216.1,3859.67,288806.83,64,8047,0.008505263157894736,288.38157894736844,0.012913157894736843,686.5922368421053,0.8332577655602681,High Margin + High Sell-through,Main Push / Monitor Inventory,Low
2026-03-01,SKU00395,Brand B,Kids Apparel,Own Brand,7164.29,14296.45,974097.04,64,8741,0.008624999999999999,143.69736842105263,0.009421052631578946,709.9202631578947,0.5011237055352902,Low Margin + High Sell-through,Traffic Driver / Control Discount,Medium
2026-03-01,SKU00396,Adidas,Training Shoes,Buyout,13773.74,42633.9,1854941.69,128,8227,0.016225,135.39473684210526,0.009139473684210525,508.6651315789474,0.32307013902082615,Low Margin + High Sell-through,Traffic Driver / Control Discount,Medium
2026-03-01,SKU00397,Asics,Underwear,Consignment,180.96,219.2,98200.95,11,8287,0.0018210526315789472,130.71052631578948,0.002827631578947368,923.8157894736842,0.8255474452554745,High Margin + Low Sell-through,Targeted Marketing / Control Inventory,Medium
2026-03-01,SKU00398,Lululemon,Sportswear,Buyout,2541.59,5943.59,1307826.0,21,8073,0.003038157894736842,139.94736842105263,0.002313157894736842,874.3552631578947,0.4276186614487204,Low Margin + Low Sell-through,Clearance / Eliminate,High
2026-03-01,SKU00399,Asics,Performance Apparel,Consignment,3059.44,3726.69,264592.86,129,8094,0.018225,138.9078947368421,0.015048684210526315,477.84789473684214,0.8209537149588508,High Margin + High Sell-through,Main Push / Monitor Inventory,Low
2026-03-01,SKU00400,Hoka,Sportswear,Buyout,982.34,1997.9,199920.24,42,8268,0.00655,145.8815789473684,0.007794736842105264,809.3860526315789,0.4916862705841133,Low Margin + High Sell-through,Traffic Driver / Control Discount,Medium
2026-03-01,SKU00401,Reebok Underwear,Yoga Apparel,Buyout,18.709999999999997,1041.49,744397.88,11,8006,0.0014855263157894736,145.73684210526315,-1.3157894736842082e-06,934.2456578947368,0.017964646804097973,Low Margin + Low Sell-through,Clearance / Eliminate,High
2026-03-01,SKU00402,Puma,Performance Apparel,Buyout,7867.71,17539.11,1319984.91,60,8189,0.007969736842105264,133.35526315789474,0.007676315789473685,724.6448684210527,0.4485809143109314,Low Margin + High Sell-through,Traffic Driver / Control Discount,Medium
2026-03-01,SKU00403,Nike,Outdoor Apparel,Consignment,822.81,1003.11,131890.68,23,9046,0.002305263157894737,142.6578947368421,0.006311842105263157,894.5263157894736,0.8202589945270209,High Margin + Low Sell-through,Targeted Marketing / Control Inventory,Medium
2026-03-01,SKU00404,Lululemon,Accessories,Consignment,2778.45,3359.0,93799.86,133,8481,0.016965789473684212,129.26315789473685,0.036651315789473685,475.28592105263164,0.8271658231616552,High Margin + High Sell-through,Main Push / Monitor Inventory,Low
2026-03-01,SKU00405,Under Armour,Performance Apparel,Consignment,4075.6,4934.7,366451.62,57,8401,0.007002631578947369,133.1315789473684,0.01291578947368421,760.9690789473684,0.8259063367580602,High Margin + High Sell-through,Main Push / Monitor Inventory,Low
2026-03-01,SKU00406,Cole Haan,Running Shoes,Buyout,4119.91,8957.51,1245198.24,40,10296,0.005123684210526316,227.23684210526315,0.00511578947368421,816.7306578947369,0.45993920185408665,Low Margin + Low Sell-through,Clearance / Eliminate,High
2026-03-01,SKU00407,Brand B,Performance Apparel,Own Brand,1241.55,5888.93,916039.01,46,9067,0.005780263157894737,134.19736842105263,0.001778947368421053,818.6485526315789,0.2108277734664871,Low Margin + Low Sell-through,Clearance / Eliminate,High
2026-03-01,SKU00408,Brand A,Performance Apparel,Own Brand,21554.91,47297.61,2691542.3,90,9410,0.009453947368421053,133.8815789473684,0.008985526315789473,674.2167105263158,0.45572936983496626,Low Margin + High Sell-through,Traffic Driver / Control Discount,Medium
2026-03-01,SKU00409,Puma,Yoga Apparel,Consignment,1222.7,1459.3799999999999,193958.68,45,8444,0.006514473684210526,297.4605263157895,0.00837763157894737,798.7667105263157,0.8378215406542505,High Margin + High Sell-through,Main Push / Monitor Inventory,Low
2026-03-01,SKU00410,Brand B,Sportswear,Own Brand,6067.7300000000005,15633.13,1711286.85,52,9303,0.005851315789473684,133.8684210526316,0.004017105263157895,787.1247368421053,0.3881327667588001,Low Margin + Low Sell-through,Clearance / Eliminate,High
2026-03-01,SKU00411,New Balance,Running Shoes,Buyout,2519.6,22808.92,2128185.16,74,7762,0.010460526315789474,141.18421052631578,0.001413157894736842,663.6073684210527,0.11046555470403685,Low Margin + High Sell-through,Traffic Driver / Control Discount,Medium
2026-03-01,SKU00412,Cole Haan,Training Shoes,Buyout,20082.21,30093.72,586917.54,173,10142,0.01749473684210526,204.64473684210526,0.03847763157894737,456.87999999999994,0.6673222851810942,High Margin + High Sell-through,Main Push / Monitor Inventory,Low
2026-03-01,SKU00413,The North Face,Training Shoes,Buyout,1418.34,16991.19,1383974.25,93,8265,0.012613157894736842,290.5,0.0016184210526315789,664.8793421052632,0.0834750244097088,Low Margin + High Sell-through,Traffic Driver / Control Discount,Medium
2026-03-01,SKU00414,Cole Haan,Training Shoes,Buyout,5018.15,10561.35,1310088.0,41,9690,0.004973684210526316,213.93421052631578,0.005051315789473684,794.311447368421,0.47514285579021615,Low Margin + Low Sell-through,Clearance / Eliminate,High
2026-03-01,SKU00415,Brooks Brothers,Kids Apparel,Buyout,2419.65,3924.83,710356.42,17,8023,0.0020499999999999997,132.57894736842104,0.0038328947368421054,915.7981578947368,0.6164980394055284,High Margin + Low Sell-through,Targeted Marketing / Control Inventory,Medium
2026-03-01,SKU00416,Fila,Outdoor Apparel,Consignment,3874.39,4787.83,274185.0,59,8124,0.007905263157894736,144.14473684210526,0.01709736842105263,704.135,0.8092162837861828,High Margin + High Sell-through,Main Push / Monitor Inventory,Low
2026-03-01,SKU00417,Asics,Kids Apparel,Consignment,2267.0,2734.23,273331.9,66,7877,0.009556578947368421,132.77631578947367,0.011025,637.4649999999999,0.8291182526707702,High Margin + High Sell-through,Main Push / Monitor Inventory,Low
2026-03-01,SKU00418,The North Face,Training Shoes,Consignment,1120.52,1379.3899999999999,233181.52,29,8228,0.0038236842105263155,139.01315789473685,0.005811842105263158,845.453552631579,0.8123300879374217,High Margin + Low Sell-through,Targeted Marketing / Control Inventory,Medium
2026-03-01,SKU00419,Lululemon,Yoga Apparel,Consignment,1426.53,1739.95,230083.8,33,7708,0.005130263157894737,131.14473684210526,0.008263157894736842,825.9736842105264,0.8198683870226156,High Margin + Low Sell-through,Targeted Marketing / Control Inventory,Medium
2026-03-01,SKU00420,Salomon,Underwear,Buyout,587.23,1592.96,201121.47,41,8199,0.0056644736842105265,147.9078947368421,0.003371052631578947,802.4026315789473,0.3686407693852953,Low Margin + Low Sell-through,Clearance / Eliminate,High
2026-03-01,SKU00421,Cole Haan,Bags,Buyout,697.73,1161.41,176662.08,28,10668,0.003015789473684211,211.26315789473685,0.005364473684210527,873.1447368421053,0.6007611437821269,High Margin + Low Sell-through,Targeted Marketing / Control Inventory,Medium
2026-03-01,SKU00422,Nike,Bags,Consignment,1491.11,1797.43,142367.43,30,8311,0.004236842105263158,145.97368421052633,0.014476315789473684,853.0473684210526,0.8295788987610087,High Margin + Low Sell-through,Targeted Marketing / Control Inventory,Medium
2026-03-01,SKU00423,Salomon,Underwear,Buyout,21.03,110.83,709240.4,1,7898,0.00015000000000000001,137.3815789473684,4.473684210526315e-05,990.4342105263158,0.18975006767120817,Low Margin + Low Sell-through,Clearance / Eliminate,High
2026-03-01,SKU00424,Asics,Underwear,Buyout,4293.63,13530.39,619384.35,124,8315,0.01629078947368421,135.57894736842104,0.008636842105263158,517.305,0.31733231636338644,Low Margin + High Sell-through,Traffic Driver / Control Discount,Medium
2026-03-01,SKU00425,New Balance,Lifestyle Apparel,Buyout,892.37,1857.53,372276.0,21,8100,0.003225,148.02631578947367,0.004057894736842105,911.9,0.4804067767411563,Low Margin + Low Sell-through,Clearance / Eliminate,High
2026-03-01,SKU00426,Cole Haan,Lifestyle Apparel,Buyout,391.07,928.3100000000001,165762.96,33,10182,0.0038657894736842105,211.76315789473685,0.002994736842105263,834.5613157894737,0.42127091165666636,Low Margin + Low Sell-through,Clearance / Eliminate,High
2026-03-01,SKU00427,Salomon,Kids Apparel,Buyout,221.45,443.93,655722.72,3,8842,0.0004263157894736842,142.52631578947367,0.0005368421052631579,983.1842105263158,0.49883990719257537,Low Margin + Low Sell-through,Clearance / Eliminate,High
2026-03-01,SKU00428,Asics,Sportswear,Consignment,2272.56,2710.56,154900.31,68,8497,0.009526315789473683,142.51315789473685,0.019651315789473683,714.6118421052631,0.838409775101824,High Margin + High Sell-through,Main Push / Monitor Inventory,Low
2026-03-01,SKU00429,Patagonia,Training Shoes,Consignment,3427.36,4117.71,175517.44,100,8512,0.012701315789473684,135.81578947368422,0.0244,592.2832894736842,0.8323461341376639,High Margin + High Sell-through,Main Push / Monitor Inventory,Low
2026-03-01,SKU00430,Brand A,Performance Apparel,Own Brand,4648.68,18176.48,1954871.16,65,9393,0.007332894736842105,130.46052631578948,0.002780263157894737,746.5052631578948,0.2557524889307501,Low Margin + High Sell-through,Traffic Driver / Control Discount,Medium
2026-03-01,SKU00431,Nike,Training Shoes,Buyout,5128.18,19636.3,2205984.66,58,8819,0.007351315789473684,144.4078947368421,0.0031144736842105263,742.521052631579,0.2611581611607075,Low Margin + High Sell-through,Traffic Driver / Control Discount,Medium
2026-03-01,SKU00432,Puma,Yoga Apparel,Consignment,1506.42,1842.77,459399.28,35,8108,0.004663157894736842,287.64473684210526,0.00394078947368421,806.890394736842,0.8174758651378089,High Margin + Low Sell-through,Targeted Marketing / Control Inventory,Medium
2026-03-01,SKU00433,Puma,Yoga Apparel,Buyout,850.42,5777.42,378787.76,100,7688,0.013223684210526315,133.1315789473684,0.002455263157894737,589.7063157894737,0.1471971918261092,Low Margin + High Sell-through,Traffic Driver / Control Discount,Medium
2026-03-01,SKU00434,Nike,Kids Apparel,Buyout,1608.1899999999998,2856.5699999999997,737970.92,14,8276,0.002234210526315789,132.32894736842104,0.003496052631578947,950.1973684210526,0.5629793773651617,High Margin + Low Sell-through,Targeted Marketing / Control Inventory,Medium
2026-03-01,SKU00435,New Balance,Outdoor Apparel,Buyout,632.9,3005.14,732292.24,26,8026,0.0036539473684210526,142.80263157894737,0.001143421052631579,894.3069736842106,0.2106058286801946,Low Margin + Low Sell-through,Clearance / Eliminate,High
2026-03-01,SKU00436,Brand A,Outdoor Apparel,Own Brand,4881.27,8903.51,815727.76,46,9329,0.006657894736842106,123.52631578947368,0.008914473684210526,784.0798684210527,0.5482410869421162,High Margin + High Sell-through,Main Push / Monitor Inventory,Low
2026-03-01,SKU00437,Salomon,Accessories,Buyout,1805.54,3030.5,426081.92,24,8348,0.0034355263157894735,144.97368421052633,0.005531578947368421,856.0044736842104,0.5957894736842105,High Margin + Low Sell-through,Targeted Marketing / Control Inventory,Medium
2026-03-01,SKU00438,Fila,Running Shoes,Buyout,3523.9900000000002,11810.07,621378.5599999999,107,8024,0.013839473684210526,145.44736842105263,0.006665789473684211,537.0636842105263,0.29838857856049966,Low Margin + High Sell-through,Traffic Driver / Control Discount,Medium
2026-03-01,SKU00439,On Running,Bags,Buyout,3296.91,14899.95,2077911.08,48,8596,0.0063710526315789474,143.31578947368422,0.002,755.4438157894738,0.2212698700331209,Low Margin + Low Sell-through,Clearance / Eliminate,High
2026-03-01,SKU00440,New Balance,Basketball Shoes,Buyout,5281.32,9816.27,967887.9,35,7470,0.006377631578947368,144.98684210526315,0.008468421052631578,798.3868421052632,0.538016986085346,High Margin + High Sell-through,Main Push / Monitor Inventory,Low
2026-03-01,SKU00441,Nike,Basketball Shoes,Consignment,1615.99,1948.4,50511.0,70,8475,0.009386842105263159,145.1315789473684,0.04204342105263158,720.4286842105263,0.8293933483884213,High Margin + High Sell-through,Main Push / Monitor Inventory,Low
2026-03-01,SKU00442,Under Armour,Lifestyle Apparel,Buyout,1690.53,3072.13,264419.4,44,8421,0.00585,134.3815789473684,0.00797236842105263,744.171052631579,0.5502794478098257,High Margin + Low Sell-through,Targeted Marketing / Control Inventory,Medium
2026-03-01,SKU00443,Reebok Underwear,Kids Apparel,Consignment,1662.28,2006.49,125847.0,73,8532,0.010026315789473684,135.07894736842104,0.01780394736842105,656.7751315789474,0.8284516743168419,High Margin + High Sell-through,Main Push / Monitor Inventory,Low
2026-03-01,SKU00444,Skechers,Basketball Shoes,Consignment,2712.04,3314.67,299383.5,44,8450,0.006082894736842105,127.75,0.012067105263157895,734.0394736842105,0.8181930629595102,High Margin + Low Sell-through,Targeted Marketing / Control Inventory,Medium
2026-03-01,SKU00445,Brand B,Underwear,Own Brand,2152.46,5635.29,442987.35,73,9285,0.00863421052631579,122.40789473684211,0.005901315789473684,726.858552631579,0.38196082189204106,Low Margin + High Sell-through,Traffic Driver / Control Discount,Medium
2026-03-01,SKU00446,Reebok Underwear,Training Shoes,Consignment,2069.27,2521.31,148601.09,63,8063,0.009002631578947368,293.75,0.017675,659.7588157894737,0.8207122487913029,High Margin + High Sell-through,Main Push / Monitor Inventory,Low
2026-03-01,SKU00447,Brand B,Running Shoes,Own Brand,10773.54,20633.39,1202773.65,77,9393,0.008964473684210527,134.10526315789474,0.010313157894736842,685.2411842105263,0.5221410538937131,High Margin + High Sell-through,Main Push / Monitor Inventory,Low
2026-03-01,SKU00448,Nike,Yoga Apparel,Consignment,822.0,1014.38,108958.45,18,8101,0.0020513157894736845,135.17105263157896,0.007689473684210526,897.2543421052632,0.8103472071610245,High Margin + Low Sell-through,Targeted Marketing / Control Inventory,Medium
2026-03-01,SKU00449,Puma,Underwear,Buyout,2117.79,5441.63,357801.6,68,7320,0.010672368421052632,125.38157894736842,0.007501315789473685,648.815,0.38918302052877535,Low Margin + High Sell-through,Traffic Driver / Control Discount,Medium
2026-03-01,SKU00450,Adidas,Accessories,Buyout,5974.08,16202.32,701761.28,118,8096,0.015173684210526317,135.72368421052633,0.010688157894736842,574.6463157894738,0.36871756637321074,Low Margin + High Sell-through,Traffic Driver / Control Discount,Medium
2026-03-01,SKU00451,Brand B,Sportswear,Own Brand,161.33,4650.08,670035.0,63,9404,0.007211842105263158,312.32894736842104,0.0005526315789473684,711.0305263157894,0.034694026769431924,Low Margin + High Sell-through,Traffic Driver / Control Discount,Medium
2026-03-01,SKU00452,Patagonia,Bags,Consignment,554.3,672.0,124027.26,29,8274,0.00388421052631579,133.25,0.005768421052631579,831.75,0.8248511904761904,High Margin + Low Sell-through,Targeted Marketing / Control Inventory,Medium
2026-03-01,SKU00453,Under Armour,Accessories,Buyout,507.5,1127.15,100322.55,51,8257,0.006085526315789474,132.85526315789474,0.0058434210526315785,771.2573684210525,0.45025063212527167,Low Margin + Low Sell-through,Clearance / Eliminate,High
2026-03-01,SKU00454,Adidas,Performance Apparel,Consignment,3468.08,4171.67,244383.51,79,7989,0.011089473684210526,284.80263157894734,0.01817894736842105,656.1593421052631,0.8313409258162798,High Margin + High Sell-through,Main Push / Monitor Inventory,Low
2026-03-01,SKU00455,Cole Haan,Performance Apparel,Buyout,10427.91,24188.41,2098158.7,65,9911,0.007764473684210526,202.18421052631578,0.006610526315789473,737.3643421052632,0.4311118424071694,Low Margin + High Sell-through,Traffic Driver / Control Discount,Medium
2026-03-01,SKU00456,Fila,Running Shoes,Buyout,9895.16,19161.57,778187.38,97,8146,0.013851315789473684,305.38157894736844,0.01594736842105263,627.3086842105263,0.5164065366251304,High Margin + High Sell-through,Main Push / Monitor Inventory,Low
2026-03-01,SKU00457,New Balance,Basketball Shoes,Consignment,744.4,889.76,80502.55,32,8555,0.0046828947368421055,136.76315789473685,0.01356578947368421,804.6578947368421,0.8366301024995504,High Margin + Low Sell-through,Targeted Marketing / Control Inventory,Medium
2026-03-01,SKU00458,The North Face,Lifestyle Apparel,Buyout,2277.25,4670.05,474671.7,40,7935,0.006146052631578948,133.3684210526316,0.0064368421052631575,770.9298684210526,0.48762861211336067,Low Margin + Low Sell-through,Clearance / Eliminate,High
2026-03-01,SKU00459,Salomon,Performance Apparel,Consignment,5084.51,6159.49,431484.06,77,8186,0.010132894736842105,141.57894736842104,0.014828947368421053,632.9461842105263,0.8254758104972977,High Margin + High Sell-through,Main Push / Monitor Inventory,Low
2026-03-01,SKU00460,Patagonia,Lifestyle Apparel,Buyout,8864.95,16362.03,651757.02,92,7998,0.012413157894736843,129.48684210526315,0.017073684210526317,623.9702631578947,0.5418001311573197,High Margin + High Sell-through,Main Push / Monitor Inventory,Low
2026-03-01,SKU00461,Brand A,Outdoor Apparel,Own Brand,26730.03,56546.85,2752484.02,99,9139,0.011753947368421053,137.57894736842104,0.012201315789473685,599.4077631578947,0.4727059066950679,Low Margin + High Sell-through,Traffic Driver / Control Discount,Medium
2026-03-01,SKU00462,Brand A,Sportswear,Own Brand,4493.4,23364.07,1901582.9,91,9170,0.010951315789473684,131.75,0.0027394736842105264,631.5763157894737,0.1923209440820884,Low Margin + High Sell-through,Traffic Driver / Control Discount,Medium
2026-03-01,SKU00463,Skechers,Basketball Shoes,Consignment,7111.63,8615.48,189349.04,101,8423,0.01364605263157895,140.28947368421052,0.048134210526315786,600.5481578947368,0.8254479146838017,High Margin + High Sell-through,Main Push / Monitor Inventory,Low
2026-03-01,SKU00464,Reebok Underwear,Accessories,Buyout,3545.55,6063.03,304295.4,63,7615,0.008534210526315788,143.97368421052633,0.014042105263157894,711.38,0.5847818664924964,High Margin + High Sell-through,Main Push / Monitor Inventory,Low
2026-03-01,SKU00465,Under Armour,Training Shoes,Consignment,528.4,635.6,241443.09,19,7791,0.0024526315789473686,134.28947368421052,0.002485526315789474,898.5877631578948,0.8313404657016992,High Margin + Low Sell-through,Targeted Marketing / Control Inventory,Medium
2026-03-01,SKU00466,Champion,Accessories,Buyout,537.4300000000001,1385.97,615191.5,11,7975,0.0012881578947368422,143.01315789473685,0.0009171052631578948,933.1052631578947,0.3877645259276897,Low Margin + Low Sell-through,Clearance / Eliminate,High
2026-03-01,SKU00467,Cole Haan,Kids Apparel,Buyout,1000.82,2449.22,263637.2,51,9283,0.0052723684210526315,206.4078947368421,0.00406842105263158,769.793947368421,0.408628053012796,Low Margin + Low Sell-through,Clearance / Eliminate,High
2026-03-01,SKU00468,Brooks Brothers,Performance Apparel,Buyout,7020.75,20496.99,2151177.84,51,8141,0.006263157894736842,133.01315789473685,0.003932894736842105,758.4736842105264,0.3425259025837452,Low Margin + Low Sell-through,Clearance / Eliminate,High
2026-03-01,SKU00469,New Balance,Lifestyle Apparel,Consignment,1421.63,1733.29,338311.29,27,8637,0.0026776315789473685,135.64473684210526,0.003861842105263158,887.1307894736842,0.8201916586376199,High Margin + Low Sell-through,Targeted Marketing / Control Inventory,Medium
2026-03-01,SKU00470,Fila,Bags,Buyout,545.5,10083.88,2006824.95,38,7995,0.005411842105263158,130.28947368421052,0.00022105263157894735,806.2411842105263,0.054096240732733836,Low Margin + Low Sell-through,Clearance / Eliminate,High
2026-03-01,SKU00471,Brooks Brothers,Outdoor Apparel,Buyout,6628.39,14803.81,2029238.34,33,8191,0.00524078947368421,134.6184210526316,0.005423684210526315,834.3853947368422,0.4477489240945406,Low Margin + Low Sell-through,Clearance / Eliminate,High
2026-03-01,SKU00472,Brand A,Performance Apparel,Own Brand,2400.05,15217.47,382151.98,319,9511,0.03847894736842105,301.63157894736844,0.007711842105263158,219.51394736842107,0.15771675580763428,Low Margin + High Sell-through,Traffic Driver / Control Discount,Medium
2026-03-01,SKU00473,Puma,Running Shoes,Consignment,1148.26,1379.27,232309.2,23,8417,0.0024644736842105264,122.51315789473684,0.004898684210526316,917.9069736842105,0.8325128510008918,High Margin + Low Sell-through,Targeted Marketing / Control Inventory,Medium
2026-03-01,SKU00474,Nike,Running Shoes,Consignment,1201.71,1469.35,231037.24,58,8011,0.008221052631578948,295.2763157894737,0.006577631578947369,724.6802631578947,0.8178514309048219,High Margin + High Sell-through,Main Push / Monitor Inventory,Low
2026-03-01,SKU00475,Brand A,Basketball Shoes,Own Brand,24914.170000000002,52784.32,1839429.9,133,8778,0.016332894736842105,129.80263157894737,0.016986842105263158,577.7460526315789,0.4719994498366182,Low Margin + High Sell-through,Traffic Driver / Control Discount,Medium
2026-03-01,SKU00476,New Balance,Training Shoes,Buyout,1690.23,11026.5,899494.4,93,8960,0.011460526315789473,128.3421052631579,0.0024776315789473684,629.4763157894737,0.1532879880288396,Low Margin + High Sell-through,Traffic Driver / Control Discount,Medium
2026-03-01,SKU00477,Brand B,Accessories,Own Brand,5211.68,14831.42,743844.34,117,9047,0.015772368421052632,131.6578947368421,0.009598684210526317,576.6455263157894,0.3513945394304794,Low Margin + High Sell-through,Traffic Driver / Control Discount,Medium
2026-03-01,SKU00478,Columbia,Basketball Shoes,Buyout,160.52,2236.77,1613246.25,11,8547,0.0012276315789473684,306.0394736842105,8.552631578947368e-05,953.0306578947369,0.07176419569289647,Low Margin + Low Sell-through,Clearance / Eliminate,High
2026-03-01,SKU00479,Nike,Running Shoes,Buyout,3050.52,9102.78,1324330.05,38,8315,0.0065618421052631585,136.51315789473685,0.004314473684210527,811.938552631579,0.3351196008252424,Low Margin + High Sell-through,Traffic Driver / Control Discount,Medium
2026-03-01,SKU00480,Adidas,Running Shoes,Consignment,3026.04,3654.36,70852.2,145,7890,0.01845263157894737,119.5657894736842,0.04882763157894737,470.4369736842105,0.8280629166256198,High Margin + High Sell-through,Main Push / Monitor Inventory,Low
2026-03-01,SKU00481,New Balance,Yoga Apparel,Buyout,1676.51,4783.31,1297244.34,20,8351,0.003136842105263158,139.02631578947367,0.0016210526315789473,883.7105263157895,0.35049160518553046,Low Margin + Low Sell-through,Clearance / Eliminate,High
2026-03-01,SKU00482,Columbia,Accessories,Consignment,732.2,874.02,69255.76,29,7924,0.003901315789473684,125.51315789473684,0.012306578947368422,866.9578947368421,0.837738266858882,High Margin + Low Sell-through,Targeted Marketing / Control Inventory,Medium
2026-03-01,SKU00483,Adidas,Performance Apparel,Buyout,12299.57,42805.65,1532583.86,176,8842,0.02215394736842105,126.42105263157895,0.010503947368421052,448.1869736842105,0.28733519990935774,Low Margin + High Sell-through,Traffic Driver / Control Discount,Medium
2026-03-01,SKU00484,Brand A,Basketball Shoes,Own Brand,-5100.28,11912.72,2191047.56,75,9659,0.007856578947368421,301.89473684210526,-0.0026723684210526316,696.4097368421053,-0.4281373187651519,Low Margin + High Sell-through,Traffic Driver / Control Discount,Medium
2026-03-01,SKU00485,Columbia,Yoga Apparel,Consignment,91.07000000000001,104.13,49458.36,8,8498,0.0010802631578947367,276.9078947368421,0.0022631578947368424,960.3684210526316,0.8745798521079421,High Margin + Low Sell-through,Targeted Marketing / Control Inventory,Medium
2026-03-01,SKU00486,Lululemon,Yoga Apparel,Buyout,181.57000000000002,671.37,437048.54,10,8923,0.000911842105263158,139.76315789473685,0.00038421052631578946,955.5526315789474,0.270446996440115,Low Margin + Low Sell-through,Clearance / Eliminate,High
2026-03-01,SKU00487,New Balance,Outdoor Apparel,Consignment,2539.82,3087.1,464512.9,39,7729,0.005607894736842106,135.23684210526315,0.006671052631578947,826.8082894736842,0.8227203524343235,High Margin + Low Sell-through,Targeted Marketing / Control Inventory,Medium
2026-03-01,SKU00488,Adidas,Yoga Apparel,Consignment,1477.81,1759.85,166879.44,75,8424,0.00848421052631579,137.98684210526315,0.009589473684210526,684.6764473684211,0.8397363411654403,High Margin + High Sell-through,Main Push / Monitor Inventory,Low
2026-03-01,SKU00489,Puma,Accessories,Buyout,307.53000000000003,2341.25,650086.42,26,8311,0.0031171052631578946,136.14473684210526,0.0005723684210526315,841.4253947368421,0.1313529097704218,Low Margin + Low Sell-through,Clearance / Eliminate,High
2026-03-01,SKU00490,Columbia,Running Shoes,Buyout,666.8199999999999,1542.79,757227.4,9,7780,0.0014605263157894737,140.8421052631579,0.0014736842105263158,942.3509210526315,0.432216957589821,Low Margin + Low Sell-through,Clearance / Eliminate,High
2026-03-01,SKU00491,Adidas,Accessories,Consignment,1084.58,1314.55,88471.6,52,8315,0.00714078947368421,132.26315789473685,0.015222368421052632,734.9561842105263,0.8250580046403712,High Margin + High Sell-through,Main Push / Monitor Inventory,Low
2026-03-01,SKU00492,Lululemon,Kids Apparel,Buyout,328.37,984.97,186450.95,28,7951,0.0032039473684210527,140.44736842105263,0.0017960526315789476,880.4543421052631,0.3333807121029067,Low Margin + Low Sell-through,Clearance / Eliminate,High
2026-03-01,SKU00493,New Balance,Performance Apparel,Buyout,28387.65,65789.41,1814222.08,158,7664,0.02049078947368421,130.3421052631579,0.018260526315789474,494.5492105263158,0.43149269768493137,Low Margin + High Sell-through,Traffic Driver / Control Discount,Medium
2026-03-01,SKU00494,Hoka,Lifestyle Apparel,Buyout,1542.58,3557.61,706837.48,23,8068,0.0030421052631578946,132.02631578947367,0.002818421052631579,885.2368421052631,0.4336000854506255,Low Margin + Low Sell-through,Clearance / Eliminate,High
2026-03-01,SKU00495,Nike,Underwear,Consignment,729.71,874.99,124811.28,44,8343,0.005094736842105263,135.77631578947367,0.006331578947368422,815.4763157894737,0.8339638167293341,High Margin + Low Sell-through,Targeted Marketing / Control Inventory,Medium
2026-03-01,SKU00496,Cole Haan,Performance Apparel,Buyout,1178.81,3677.0499999999997,609165.44,37,9022,0.005211842105263158,220.01315789473685,0.002456578947368421,804.3885526315789,0.32058579567860107,Low Margin + Low Sell-through,Clearance / Eliminate,High
2026-03-01,SKU00497,Columbia,Lifestyle Apparel,Buyout,1429.08,2772.12,322959.15,32,7695,0.004502631578947368,134.1184210526316,0.0052394736842105265,836.7018421052632,0.5155188087095797,High Margin + Low Sell-through,Targeted Marketing / Control Inventory,Medium
2026-03-01,SKU00498,Brooks Brothers,Performance Apparel,Buyout,637.78,1532.2,411234.44,18,8276,0.0023065789473684212,134.69736842105263,0.0019355263157894737,893.9122368421052,0.41625114214854453,Low Margin + Low Sell-through,Clearance / Eliminate,High
2026-03-01,SKU00499,New Balance,Kids Apparel,Buyout,1911.17,7498.77,380827.0,122,8315,0.017243421052631578,134.39473684210526,0.006423684210526316,485.9271052631579,0.25486446443883465,Low Margin + High Sell-through,Traffic Driver / Control Discount,Medium
2026-03-01,SKU00500,Hoka,Kids Apparel,Consignment,5213.41,6307.85,229902.09,182,7733,0.025257894736842104,131.19736842105263,0.028543421052631576,406.68618421052633,0.8264955571232669,High Margin + High Sell-through,Main Push / Monitor Inventory,Low
2026-04-01,SKU00001,Reebok Underwear,Basketball Shoes,Buyout,1270.45,2123.63,250070.0,29,8500,0.0038960526315789472,296.9078947368421,0.00634078947368421,813.2105263157895,0.598244515287503,High Margin + Low Sell-through,Targeted Marketing / Control Inventory,Medium
2026-04-01,SKU00002,Hoka,Bags,Consignment,1383.04,1679.55,182492.31,15,7931,0.002013157894736842,135.8684210526316,0.009897368421052632,923.8640789473684,0.8234586645232354,High Margin + Low Sell-through,Targeted Marketing / Control Inventory,Medium
2026-04-01,SKU00003,Fila,Bags,Buyout,4190.09,9146.24,1141120.05,37,8519,0.004797368421052631,144.47368421052633,0.0048368421052631585,831.2788157894737,0.458121588762158,Low Margin + Low Sell-through,Clearance / Eliminate,High
2026-04-01,SKU00004,Puma,Accessories,Consignment,625.5600000000001,759.38,212048.16,34,8578,0.005163157894736843,128.5921052631579,0.0040999999999999995,837.2938157894737,0.8237772920013696,High Margin + Low Sell-through,Targeted Marketing / Control Inventory,Medium
2026-04-01,SKU00005,Nike,Performance Apparel,Buyout,982.12,4221.85,2137474.17,13,8577,0.0011842105263157893,143.0921052631579,0.00037763157894736836,940.6315789473684,0.23262787640489357,Low Margin + Low Sell-through,Clearance / Eliminate,High
2026-04-01,SKU00006,Asics,Sportswear,Consignment,224.47,276.38,24920.47,43,8623,0.006072368421052632,129.72368421052633,0.012589473684210525,789.2455263157896,0.8121788841450177,High Margin + Low Sell-through,Targeted Marketing / Control Inventory,Medium
2026-04-01,SKU00007,On Running,Outdoor Apparel,Buyout,5064.82,7745.0,773093.3,29,8365,0.0036855263157894737,131.51315789473685,0.00825921052631579,821.7631578947369,0.6539470626210458,High Margin + Low Sell-through,Targeted Marketing / Control Inventory,Medium
2026-04-01,SKU00008,Brooks Brothers,Yoga Apparel,Consignment,1777.09,2144.44,118926.22,130,7939,0.017603947368421052,149.30263157894737,0.018407894736842106,522.3952631578948,0.8286965361586242,High Margin + High Sell-through,Main Push / Monitor Inventory,Low
2026-04-01,SKU00009,Reebok Underwear,Accessories,Consignment,1143.96,1402.99,174623.35,48,8581,0.005563157894736842,117.26315789473684,0.007364473684210526,773.3007894736842,0.8153728822015838,High Margin + Low Sell-through,Targeted Marketing / Control Inventory,Medium
2026-04-01,SKU00010,Fila,Kids Apparel,Consignment,827.82,989.7099999999999,169604.11,37,8359,0.003942105263157894,127.22368421052632,0.00470921052631579,868.8119736842106,0.8364268321023332,High Margin + Low Sell-through,Targeted Marketing / Control Inventory,Medium
2026-04-01,SKU00011,Champion,Kids Apparel,Buyout,730.76,8401.16,1427020.8,47,8744,0.0060157894736842105,137.71052631578948,0.0006447368421052632,812.7817105263158,0.08698322612591594,Low Margin + Low Sell-through,Clearance / Eliminate,High
2026-04-01,SKU00012,Under Armour,Yoga Apparel,Buyout,886.57,2604.9,467274.9,31,8430,0.004178947368421053,129.07894736842104,0.0022789473684210527,824.3465789473684,0.340347038274022,Low Margin + Low Sell-through,Clearance / Eliminate,High
2026-04-01,SKU00013,Reebok Underwear,Outdoor Apparel,Consignment,3563.32,4319.28,889600.14,78,8151,0.011176315789473685,296.82894736842104,0.005280263157894737,616.0561842105262,0.8249800892741384,High Margin + High Sell-through,Main Push / Monitor Inventory,Low
2026-04-01,SKU00014,On Running,Underwear,Consignment,280.09,343.44,55816.74,57,8574,0.006486842105263158,294.2368421052632,0.0054078947368421055,739.0218421052632,0.8155427440018634,High Margin + High Sell-through,Main Push / Monitor Inventory,Low
2026-04-01,SKU00015,Brand B,Sportswear,Own Brand,27500.21,56042.29,1350009.36,184,8703,0.026176315789473686,138.56578947368422,0.02850921052631579,434.1171052631579,0.4907046089658363,Low Margin + High Sell-through,Traffic Driver / Control Discount,Medium
2026-04-01,SKU00016,Cole Haan,Underwear,Buyout,725.19,1356.6599999999999,310081.84,21,10312,0.0027447368421052633,217.46052631578948,0.003705263157894737,894.7675,0.5345407102737607,High Margin + Low Sell-through,Targeted Marketing / Control Inventory,Medium
2026-04-01,SKU00017,Lululemon,Sportswear,Consignment,321.40999999999997,384.32,120196.5,17,8825,0.0019592105263157894,135.8815789473684,0.0029486842105263156,907.9184210526316,0.8363082847626977,High Margin + Low Sell-through,Targeted Marketing / Control Inventory,Medium
2026-04-01,SKU00018,Adidas,Training Shoes,Consignment,1244.31,1499.18,246269.15,27,7957,0.0038157894736842103,134.8421052631579,0.006139473684210526,851.1763157894737,0.8299937299056817,High Margin + Low Sell-through,Targeted Marketing / Control Inventory,Medium
2026-04-01,SKU00019,Brand A,Bags,Own Brand,794.61,3002.5499999999997,451734.01,42,8593,0.005401315789473685,135.64473684210526,0.0019263157894736842,792.7456578947368,0.2646450517060499,Low Margin + Low Sell-through,Clearance / Eliminate,High
2026-04-01,SKU00020,Salomon,Kids Apparel,Consignment,910.11,1108.84,103409.81,61,7973,0.008157894736842105,136.82894736842104,0.010928947368421052,740.9682894736842,0.8207766675083872,High Margin + High Sell-through,Main Push / Monitor Inventory,Low
2026-04-01,SKU00021,The North Face,Outdoor Apparel,Buyout,4433.18,11275.34,861206.58,68,8559,0.008277631578947368,297.5394736842105,0.006022368421052631,712.4797368421052,0.39317483996048014,Low Margin + High Sell-through,Traffic Driver / Control Discount,Medium
2026-04-01,SKU00022,Reebok Underwear,Outdoor Apparel,Buyout,1813.1299999999999,23032.13,2271564.68,75,8029,0.00955,127.57894736842105,0.0011592105263157895,710.0671052631578,0.07872176824288504,Low Margin + High Sell-through,Traffic Driver / Control Discount,Medium
2026-04-01,SKU00023,Brand A,Outdoor Apparel,Own Brand,12462.27,30500.11,2304808.74,76,9711,0.008919736842105263,133.81578947368422,0.006868421052631579,673.6034210526316,0.4085975427629605,Low Margin + High Sell-through,Traffic Driver / Control Discount,Medium
2026-04-01,SKU00024,Nike,Lifestyle Apparel,Consignment,1667.81,1985.54,178230.15,72,8631,0.010373684210526316,300.67105263157896,0.013263157894736843,699.6715789473684,0.8399780412381518,High Margin + High Sell-through,Main Push / Monitor Inventory,Low
2026-04-01,SKU00025,Under Armour,Performance Apparel,Consignment,5921.72,7227.01,378229.5,66,8490,0.00824342105263158,156.0,0.01891578947368421,710.7972368421052,0.8193872708077061,High Margin + High Sell-through,Main Push / Monitor Inventory,Low
2026-04-01,SKU00026,Brand A,Performance Apparel,Own Brand,-4070.23,6744.17,2307072.0,45,9600,0.004965789473684211,303.5657894736842,-0.0021460526315789474,812.9289473684211,-0.6035182980262953,Low Margin + Low Sell-through,Clearance / Eliminate,High
2026-04-01,SKU00027,Brand A,Performance Apparel,Own Brand,-3581.98,6948.26,3448653.6,28,9170,0.004232894736842106,295.1842105263158,-0.0016131578947368422,850.6315789473684,-0.5155218716628336,Low Margin + Low Sell-through,Clearance / Eliminate,High
2026-04-01,SKU00028,Asics,Outdoor Apparel,Buyout,1662.81,6906.88,1464723.0,29,8100,0.003682894736842105,137.01315789473685,0.0012776315789473686,872.1903947368421,0.24074690743143068,Low Margin + Low Sell-through,Clearance / Eliminate,High
2026-04-01,SKU00029,Adidas,Bags,Consignment,1146.16,1384.62,111996.29,52,8491,0.007089473684210526,307.64473684210526,0.012871052631578946,719.0832894736842,0.8277794629573458,High Margin + High Sell-through,Main Push / Monitor Inventory,Low
2026-04-01,SKU00030,Cole Haan,Basketball Shoes,Consignment,39.69,45.58,548002.46,1,10033,6.31578947368421e-05,211.76315789473685,5e-05,996.8026315789474,0.870776656428258,High Margin + Low Sell-through,Targeted Marketing / Control Inventory,Medium
2026-04-01,SKU00031,Brand B,Running Shoes,Own Brand,1167.6299999999999,8093.57,1037301.44,61,9136,0.007431578947368421,135.78947368421052,0.0014013157894736841,773.3743421052632,0.144266374418211,Low Margin + High Sell-through,Traffic Driver / Control Discount,Medium
2026-04-01,SKU00032,Cole Haan,Bags,Consignment,2442.52,2943.83,333544.2,88,10670,0.009731578947368421,219.96052631578948,0.009710526315789473,638.7727631578948,0.8297082372283726,High Margin + High Sell-through,Main Push / Monitor Inventory,Low
2026-04-01,SKU00033,Lululemon,Outdoor Apparel,Consignment,1499.95,1834.71,105472.5,90,8575,0.01154078947368421,134.4078947368421,0.017930263157894737,604.8088157894737,0.8175406467507127,High Margin + High Sell-through,Main Push / Monitor Inventory,Low
2026-04-01,SKU00034,Lululemon,Yoga Apparel,Consignment,24.56,32.74,92071.20999999999,1,7679,7.368421052631579e-05,130.98684210526315,0.0001605263157894737,995.2236842105264,0.7501527183872937,High Margin + Low Sell-through,Targeted Marketing / Control Inventory,Medium
2026-04-01,SKU00035,Reebok Underwear,Performance Apparel,Buyout,748.67,4450.27,885105.4400000001,35,8369,0.004757894736842105,131.85526315789474,0.0012671052631578947,827.9034210526316,0.1682302422100232,Low Margin + Low Sell-through,Clearance / Eliminate,High
2026-04-01,SKU00036,Brand A,Performance Apparel,Own Brand,9767.94,19855.29,2294484.15,39,8871,0.005142105263157895,133.85526315789474,0.005746052631578947,852.3482894736842,0.4919565516293139,Low Margin + Low Sell-through,Clearance / Eliminate,High
2026-04-01,SKU00037,Reebok Underwear,Yoga Apparel,Buyout,3086.35,6176.5,721152.72,35,8168,0.004780263157894737,136.3421052631579,0.005128947368421053,839.0017105263157,0.4996923824172266,Low Margin + Low Sell-through,Clearance / Eliminate,High
2026-04-01,SKU00038,Lululemon,Training Shoes,Consignment,11061.05,13613.789999999999,109461.0,138,8525,0.01783815789473684,134.89473684210526,0.12721973684210525,499.45500000000004,0.8124886603950847,High Margin + High Sell-through,Main Push / Monitor Inventory,Low
2026-04-01,SKU00039,Brand B,Yoga Apparel,Own Brand,1104.9,2139.12,448005.3,22,9530,0.0029644736842105264,128.75,0.0032973684210526313,874.5131578947369,0.5165208122966454,High Margin + Low Sell-through,Targeted Marketing / Control Inventory,Medium
2026-04-01,SKU00040,Adidas,Accessories,Consignment,1652.07,1999.77,62942.22,97,8217,0.014435526315789473,127.67105263157895,0.03646315789473684,602.3447368421052,0.8261300049505693,High Margin + High Sell-through,Main Push / Monitor Inventory,Low
2026-04-01,SKU00041,Adidas,Yoga Apparel,Consignment,4764.01,5685.07,421027.0,65,8735,0.00805657894736842,130.32894736842104,0.013756578947368422,689.3122368421053,0.8379861637587577,High Margin + High Sell-through,Main Push / Monitor Inventory,Low
2026-04-01,SKU00042,Cole Haan,Performance Apparel,Consignment,1326.04,1606.54,657750.3,34,10391,0.004259210526315789,210.73684210526315,0.0027157894736842105,846.109605263158,0.8254011727065619,High Margin + Low Sell-through,Targeted Marketing / Control Inventory,Medium
2026-04-01,SKU00043,Brand A,Running Shoes,Own Brand,4137.37,10047.22,1277315.58,45,9726,0.0057302631578947365,137.46052631578948,0.004443421052631579,809.0981578947368,0.41179251574067255,Low Margin + Low Sell-through,Clearance / Eliminate,High
2026-04-01,SKU00044,On Running,Sportswear,Buyout,5811.08,11424.38,734896.8,63,8248,0.009818421052631579,133.17105263157896,0.011403947368421053,689.859605263158,0.5086560496061932,High Margin + High Sell-through,Main Push / Monitor Inventory,Low
2026-04-01,SKU00045,On Running,Kids Apparel,Consignment,1583.32,1950.13,312887.2,71,8420,0.00995,315.4605263157895,0.006796052631578947,680.8375,0.8119048473691497,High Margin + High Sell-through,Main Push / Monitor Inventory,Low
2026-04-01,SKU00046,Nike,Performance Apparel,Consignment,131.48,160.2,122002.72,7,7861,0.0008934210526315789,133.9078947368421,0.0012039473684210527,952.9342105263158,0.8207240948813982,High Margin + Low Sell-through,Targeted Marketing / Control Inventory,Medium
2026-04-01,SKU00047,On Running,Running Shoes,Consignment,2768.06,3363.07,373120.16000000003,30,8434,0.003472368421052632,121.77631578947368,0.00825,839.6578947368421,0.8230753448486056,High Margin + Low Sell-through,Targeted Marketing / Control Inventory,Medium
2026-04-01,SKU00048,Adidas,Sportswear,Consignment,1512.03,1827.71,222515.4,75,8220,0.010119736842105263,308.9605263157895,0.008632894736842105,651.7182894736842,0.8272811332213534,High Margin + High Sell-through,Main Push / Monitor Inventory,Low
2026-04-01,SKU00049,Asics,Bags,Buyout,712.22,3615.05,1147309.0,21,8300,0.0026105263157894737,131.47368421052633,0.0009013157894736843,905.2815789473683,0.19701525566727984,Low Margin + Low Sell-through,Clearance / Eliminate,High
2026-04-01,SKU00050,Lululemon,Performance Apparel,Consignment,3648.47,4430.38,83519.52,113,8904,0.013438157894736843,143.21052631578948,0.053621052631578944,552.041052631579,0.8235117529421855,High Margin + High Sell-through,Main Push / Monitor Inventory,Low
2026-04-01,SKU00051,Salomon,Sportswear,Buyout,6.22,190.24,251616.68,6,8204,0.0007960526315789473,134.52631578947367,1.4473684210526317e-05,952.0263157894736,0.0326955424726661,Low Margin + Low Sell-through,Clearance / Eliminate,High
2026-04-01,SKU00052,Brand B,Kids Apparel,Own Brand,294.01,1947.55,493395.0,31,9250,0.004246052631578947,125.9342105263158,0.0008276315789473683,826.328947368421,0.15096403173217632,Low Margin + Low Sell-through,Clearance / Eliminate,High
2026-04-01,SKU00053,Nike,Basketball Shoes,Consignment,3332.2599999999998,4060.35,271843.16,85,8674,0.009811842105263159,128.52631578947367,0.014214473684210527,685.4390789473684,0.8206829460514488,High Margin + High Sell-through,Main Push / Monitor Inventory,Low
2026-04-01,SKU00054,Adidas,Performance Apparel,Consignment,793.04,973.86,548423.04,21,8096,0.0027657894736842106,308.75,0.001693421052631579,889.1035526315789,0.8143264945680077,High Margin + Low Sell-through,Targeted Marketing / Control Inventory,Medium
2026-04-01,SKU00055,Adidas,Underwear,Consignment,435.38,527.5699999999999,62670.0,17,8356,0.0029144736842105262,125.5,0.011740789473684211,895.7061842105263,0.825255416342855,High Margin + Low Sell-through,Targeted Marketing / Control Inventory,Medium
2026-04-01,SKU00056,New Balance,Underwear,Buyout,297.31,1141.06,160162.5,45,8542,0.006355263157894736,139.48684210526315,0.002344736842105263,755.8639473684211,0.26055597426953886,Low Margin + Low Sell-through,Clearance / Eliminate,High
2026-04-01,SKU00057,Brand A,Accessories,Own Brand,4446.52,8827.96,358065.36,112,9153,0.012126315789473685,150.3421052631579,0.013643421052631577,564.7018421052632,0.5036860157952687,Low Margin + High Sell-through,Traffic Driver / Control Discount,Medium
2026-04-01,SKU00058,Skechers,Basketball Shoes,Consignment,1610.53,1979.98,325213.96,32,8677,0.004201315789473685,132.67105263157896,0.006277631578947369,839.3246052631579,0.8134072061333952,High Margin + Low Sell-through,Targeted Marketing / Control Inventory,Medium
2026-04-01,SKU00059,Columbia,Outdoor Apparel,Buyout,6772.5599999999995,11450.1,926370.48,43,8516,0.005486842105263158,139.8421052631579,0.008385526315789473,803.1027631578947,0.5914847905258469,High Margin + Low Sell-through,Targeted Marketing / Control Inventory,Medium
2026-04-01,SKU00060,Brand A,Outdoor Apparel,Own Brand,293.97,816.24,703050.03,7,9423,0.0009736842105263159,135.64473684210526,0.0006407894736842106,967.75,0.36015142605116146,Low Margin + Low Sell-through,Clearance / Eliminate,High
2026-04-01,SKU00061,Brooks Brothers,Kids Apparel,Consignment,1223.37,1465.87,204181.12,37,8536,0.005292105263157895,132.07894736842104,0.008169736842105263,811.7806578947369,0.834569231923704,High Margin + Low Sell-through,Targeted Marketing / Control Inventory,Medium
2026-04-01,SKU00062,Salomon,Training Shoes,Consignment,110.72,132.38,280254.08,5,7712,0.0006921052631578947,127.89473684210526,0.0004736842105263158,976.4956578947368,0.8363801178425744,High Margin + Low Sell-through,Targeted Marketing / Control Inventory,Medium
2026-04-01,SKU00063,Puma,Kids Apparel,Buyout,3014.15,6890.87,275815.26,116,8253,0.01521842105263158,132.48684210526315,0.013926315789473684,577.2198684210526,0.4374121119684452,Low Margin + High Sell-through,Traffic Driver / Control Discount,Medium
2026-04-01,SKU00064,Reebok Underwear,Training Shoes,Buyout,2639.95,6553.17,1330664.94,23,7821,0.002898684210526316,116.67105263157895,0.0021,853.2456578947368,0.4028508340238388,Low Margin + Low Sell-through,Clearance / Eliminate,High
2026-04-01,SKU00065,Asics,Sportswear,Buyout,1446.6100000000001,2949.31,431875.98,30,8622,0.003378947368421053,133.92105263157896,0.003553947368421053,870.8543421052631,0.490490996199111,Low Margin + Low Sell-through,Clearance / Eliminate,High
2026-04-01,SKU00066,Hoka,Yoga Apparel,Buyout,4694.95,7576.71,735964.32,31,7917,0.004376315789473684,142.96052631578948,0.007843421052631578,840.8421052631579,0.6196554969109284,High Margin + Low Sell-through,Targeted Marketing / Control Inventory,Medium
2026-04-01,SKU00067,Cole Haan,Performance Apparel,Buyout,-1777.3799999999999,18738.18,2778806.3,78,10565,0.009178947368421052,314.5657894736842,-0.0008092105263157894,682.3721052631579,-0.09485339558057398,Low Margin + High Sell-through,Traffic Driver / Control Discount,Medium
2026-04-01,SKU00068,Brand B,Yoga Apparel,Own Brand,4884.4,9207.48,890084.58,46,9471,0.0048513157894736845,141.82894736842104,0.006236842105263159,774.7569736842105,0.5304817387602254,High Margin + Low Sell-through,Targeted Marketing / Control Inventory,Medium
2026-04-01,SKU00069,Under Armour,Bags,Consignment,986.1899999999999,1172.44,71262.24,53,8016,0.0069723684210526325,312.32894736842104,0.016243421052631577,748.3078947368422,0.8411432567977891,High Margin + High Sell-through,Main Push / Monitor Inventory,Low
2026-04-01,SKU00070,Columbia,Bags,Consignment,1030.06,1221.26,485252.98,24,8737,0.0038578947368421053,141.78947368421052,0.0033539473684210527,890.3789473684211,0.8434403812455987,High Margin + Low Sell-through,Targeted Marketing / Control Inventory,Medium
2026-04-01,SKU00071,Cole Haan,Kids Apparel,Buyout,12770.45,21976.85,690614.4,137,10277,0.015955263157894736,219.0921052631579,0.02553157894736842,506.78868421052636,0.5810864614355561,High Margin + High Sell-through,Main Push / Monitor Inventory,Low
2026-04-01,SKU00072,Brand B,Training Shoes,Own Brand,-339.03,5759.55,1065218.64,51,8908,0.006393421052631579,304.7236842105263,-0.00044868421052631576,780.793947368421,-0.05886397374794905,Low Margin + High Sell-through,Traffic Driver / Control Discount,Medium
2026-04-01,SKU00073,The North Face,Basketball Shoes,Consignment,116.48,134.25,286922.36,2,8804,0.00018684210526315792,132.6315789473684,0.00036973684210526314,987.3947368421053,0.867635009310987,High Margin + Low Sell-through,Targeted Marketing / Control Inventory,Medium
2026-04-01,SKU00074,Champion,Outdoor Apparel,Buyout,6480.39,12699.72,1352784.01,39,8483,0.0046973684210526315,134.5921052631579,0.005455263157894737,818.9543421052631,0.5102781793614348,High Margin + Low Sell-through,Targeted Marketing / Control Inventory,Medium
2026-04-01,SKU00075,Skechers,Training Shoes,Consignment,564.7,667.26,213128.7,23,7923,0.0024210526315789475,133.05263157894737,0.002501315789473684,906.9078947368421,0.846296795851692,High Margin + Low Sell-through,Targeted Marketing / Control Inventory,Medium
2026-04-01,SKU00076,Asics,Yoga Apparel,Buyout,4516.73,13741.4,793520.0,93,8000,0.012051315789473683,130.71052631578948,0.006725,677.7280263157895,0.3286950383512597,Low Margin + High Sell-through,Traffic Driver / Control Discount,Medium
2026-04-01,SKU00077,Lululemon,Kids Apparel,Buyout,1985.25,7151.01,1805217.88,24,8387,0.002906578947368421,132.8815789473684,0.0012460526315789474,880.938552631579,0.2776181266702186,Low Margin + Low Sell-through,Clearance / Eliminate,High
2026-04-01,SKU00078,Champion,Accessories,Buyout,143.92999999999998,2993.21,836976.0,28,8225,0.0038499999999999997,133.85526315789474,0.00014605263157894737,837.2411842105263,0.048085500182078765,Low Margin + Low Sell-through,Clearance / Eliminate,High
2026-04-01,SKU00079,Cole Haan,Performance Apparel,Buyout,10396.34,25228.43,1659890.16,91,10184,0.011681578947368421,229.03947368421052,0.009903947368421054,660.8017105263158,0.41208826708598195,Low Margin + High Sell-through,Traffic Driver / Control Discount,Medium
2026-04-01,SKU00080,Nike,Sportswear,Consignment,5544.14,6698.78,446823.52,93,8606,0.012136842105263158,131.32894736842104,0.016125,656.9642105263158,0.8276342856460431,High Margin + High Sell-through,Main Push / Monitor Inventory,Low
2026-04-01,SKU00081,Reebok Underwear,Training Shoes,Consignment,3414.84,4166.85,247477.0,90,8114,0.011427631578947368,135.9078947368421,0.01683421052631579,624.0507894736842,0.8195255408762014,High Margin + High Sell-through,Main Push / Monitor Inventory,Low
2026-04-01,SKU00082,Brand B,Basketball Shoes,Own Brand,5337.26,9949.34,1782761.09,24,9277,0.0025447368421052633,140.03947368421052,0.0034381578947368418,873.9298684210526,0.5364436233961248,High Margin + Low Sell-through,Targeted Marketing / Control Inventory,Medium
2026-04-01,SKU00083,Adidas,Underwear,Consignment,3016.79,3649.58,228621.15,100,8955,0.012410526315789474,123.34210526315789,0.016749999999999998,591.0435526315789,0.8266129253229139,High Margin + High Sell-through,Main Push / Monitor Inventory,Low
2026-04-01,SKU00084,Cole Haan,Kids Apparel,Buyout,2847.1,7570.02,332134.36,142,9986,0.015461842105263158,295.0394736842105,0.010392105263157893,519.6873684210526,0.37610204464453195,Low Margin + High Sell-through,Traffic Driver / Control Discount,Medium
2026-04-01,SKU00085,Brooks Brothers,Accessories,Buyout,1000.31,2550.69,494809.74,26,8298,0.003431578947368421,133.53947368421052,0.0024131578947368423,843.828947368421,0.39217231415812975,Low Margin + Low Sell-through,Clearance / Eliminate,High
2026-04-01,SKU00086,Brooks Brothers,Accessories,Buyout,406.26,723.1500000000001,291820.48,9,8288,0.0014473684210526317,140.1184210526316,0.002055263157894737,934.0657894736842,0.561792159303049,High Margin + Low Sell-through,Targeted Marketing / Control Inventory,Medium
2026-04-01,SKU00087,The North Face,Underwear,Consignment,1501.95,1826.41,168343.2,44,8240,0.006194736842105263,130.82894736842104,0.012044736842105263,779.3894736842105,0.82235095077228,High Margin + Low Sell-through,Targeted Marketing / Control Inventory,Medium
2026-04-01,SKU00088,The North Face,Performance Apparel,Buyout,3013.54,5438.69,494079.95,41,8353,0.00470921052631579,130.23684210526315,0.006663157894736841,791.4526315789474,0.5540929893044098,High Margin + Low Sell-through,Targeted Marketing / Control Inventory,Medium
2026-04-01,SKU00089,Puma,Training Shoes,Buyout,3165.0,11737.55,1399949.9,49,8002,0.007236842105263159,130.25,0.0030710526315789475,738.4823684210527,0.2696474136425404,Low Margin + High Sell-through,Traffic Driver / Control Discount,Medium
2026-04-01,SKU00090,Cole Haan,Sportswear,Buyout,1557.19,2960.62,330422.19,41,9653,0.0044407894736842105,203.48684210526315,0.0053092105263157895,797.8026315789474,0.525967533827374,High Margin + Low Sell-through,Targeted Marketing / Control Inventory,Medium
2026-04-01,SKU00091,Brand B,Outdoor Apparel,Own Brand,-370.29999999999995,13870.85,1687668.75,77,9125,0.009097368421052632,292.0131578947368,-0.0004697368421052632,705.5367105263158,-0.026696273119527637,Low Margin + High Sell-through,Traffic Driver / Control Discount,Medium
2026-04-01,SKU00092,Skechers,Accessories,Buyout,832.11,2679.29,391456.33,38,8053,0.004822368421052632,135.82894736842104,0.002425,812.4780263157895,0.3105710841304973,Low Margin + Low Sell-through,Clearance / Eliminate,High
2026-04-01,SKU00093,Columbia,Running Shoes,Consignment,3947.52,4731.11,204802.65,72,8079,0.010627631578947368,136.06578947368422,0.025803947368421055,683.4956578947368,0.8343750198156459,High Margin + High Sell-through,Main Push / Monitor Inventory,Low
2026-04-01,SKU00094,Cole Haan,Training Shoes,Buyout,2169.75,3328.3199999999997,579009.15,21,10495,0.001843421052631579,197.71052631578948,0.003711842105263158,896.3859210526316,0.6519054658205943,High Margin + Low Sell-through,Targeted Marketing / Control Inventory,Medium
2026-04-01,SKU00095,Puma,Lifestyle Apparel,Consignment,1898.34,2278.39,394826.94,50,8397,0.007240789473684211,130.3421052631579,0.0067921052631578945,781.9921052631579,0.8331936147893908,High Margin + High Sell-through,Main Push / Monitor Inventory,Low
2026-04-01,SKU00096,Reebok Underwear,Sportswear,Buyout,3202.16,19898.96,1151661.78,120,8277,0.017361842105263158,138.1315789473684,0.004348684210526316,518.9614473684211,0.160920972754355,Low Margin + High Sell-through,Traffic Driver / Control Discount,Medium
2026-04-01,SKU00097,Nike,Lifestyle Apparel,Consignment,3456.78,4194.39,225905.2,133,8570,0.01644342105263158,127.77631578947368,0.01845921052631579,544.2798684210526,0.8241436776265441,High Margin + High Sell-through,Main Push / Monitor Inventory,Low
2026-04-01,SKU00098,Reebok Underwear,Bags,Consignment,4699.61,5669.3,164867.9,59,8062,0.008630263157894738,130.6578947368421,0.04045657894736842,728.3772368421053,0.8289577196479282,High Margin + High Sell-through,Main Push / Monitor Inventory,Low
2026-04-01,SKU00099,Adidas,Bags,Buyout,1511.49,3138.39,795841.2,17,8316,0.00235,133.07894736842104,0.0024697368421052633,889.171052631579,0.4816131838299256,Low Margin + Low Sell-through,Clearance / Eliminate,High
2026-04-01,SKU00100,Brand B,Underwear,Own Brand,-866.83,7989.56,305893.74,267,9222,0.033764473684210525,312.4868421052632,-0.00335,302.8711842105263,-0.1084953364140203,Low Margin + High Sell-through,Traffic Driver / Control Discount,Medium
2026-04-01,SKU00101,Brand B,Underwear,Own Brand,949.99,2212.59,195724.4,59,9146,0.008780263157894737,129.27631578947367,0.007622368421052632,705.2193421052631,0.4293565459484134,Low Margin + High Sell-through,Traffic Driver / Control Discount,Medium
2026-04-01,SKU00102,Lululemon,Outdoor Apparel,Consignment,20580.84,24995.94,265162.59,188,8217,0.02318157894736842,148.85526315789474,0.09178421052631579,389.61013157894735,0.823367314851932,High Margin + High Sell-through,Main Push / Monitor Inventory,Low
2026-04-01,SKU00103,Puma,Basketball Shoes,Buyout,6905.070000000001,13001.27,759156.2,68,8468,0.009167105263157895,128.14473684210526,0.012228947368421053,711.0876315789474,0.5311073456670002,High Margin + High Sell-through,Main Push / Monitor Inventory,Low
2026-04-01,SKU00104,The North Face,Outdoor Apparel,Consignment,114.49,144.49,315256.22,3,8858,0.00035263157894736846,128.30263157894737,0.0003868421052631579,982.1052631578947,0.79237317461416,High Margin + Low Sell-through,Targeted Marketing / Control Inventory,Medium
2026-04-01,SKU00105,Nike,Performance Apparel,Buyout,10279.24,26453.84,984286.62,130,7911,0.01795921052631579,137.92105263157896,0.013246052631578947,513.9313157894736,0.3885726987083917,Low Margin + High Sell-through,Traffic Driver / Control Discount,Medium
2026-04-01,SKU00106,Skechers,Training Shoes,Buyout,5158.82,13441.66,653015.98,106,8357,0.014836842105263157,305.7763157894737,0.01026578947368421,593.4456578947369,0.38379337075926634,Low Margin + High Sell-through,Traffic Driver / Control Discount,Medium
2026-04-01,SKU00107,New Balance,Kids Apparel,Buyout,1596.9099999999999,6236.35,500821.6,78,8420,0.009675,299.6578947368421,0.0037078947368421053,695.0294736842105,0.25606484562284026,Low Margin + High Sell-through,Traffic Driver / Control Discount,Medium
2026-04-01,SKU00108,Brand A,Lifestyle Apparel,Own Brand,51.540000000000006,969.34,852636.2,10,9290,0.0016605263157894738,303.3157894736842,0.0001368421052631579,942.8947368421053,0.05317019827924155,Low Margin + Low Sell-through,Clearance / Eliminate,High
2026-04-01,SKU00109,Brooks Brothers,Sportswear,Buyout,3414.52,7904.5,541722.89,66,7963,0.008489473684210526,131.53947368421052,0.0074328947368421045,696.5513157894737,0.4319716617116832,Low Margin + High Sell-through,Traffic Driver / Control Discount,Medium
2026-04-01,SKU00110,Nike,Underwear,Consignment,983.02,1210.24,29711.88,65,8052,0.008618421052631579,148.07894736842104,0.03908421052631579,701.8885526315789,0.8122521152829191,High Margin + High Sell-through,Main Push / Monitor Inventory,Low
2026-04-01,SKU00111,Puma,Training Shoes,Buyout,12648.43,22140.78,423256.19,185,8249,0.024778947368421053,137.9078947368421,0.03805131578947368,412.91828947368424,0.5712730084486636,High Margin + High Sell-through,Main Push / Monitor Inventory,Low
2026-04-01,SKU00112,Nike,Sportswear,Consignment,2613.32,3125.08,118772.28,119,8811,0.015081578947368423,140.30263157894737,0.026869736842105262,501.10355263157896,0.836240992230599,High Margin + High Sell-through,Main Push / Monitor Inventory,Low
2026-04-01,SKU00113,Patagonia,Kids Apparel,Buyout,4113.08,27756.98,1437685.2,139,8452,0.017397368421052634,133.96052631578948,0.0035105263157894735,545.501447368421,0.1481818266972848,Low Margin + High Sell-through,Traffic Driver / Control Discount,Medium
2026-04-01,SKU00114,Adidas,Performance Apparel,Buyout,3476.17,5339.17,331695.0,46,8190,0.0062499999999999995,143.56578947368422,0.012788157894736842,775.546447368421,0.6510693609680905,High Margin + Low Sell-through,Targeted Marketing / Control Inventory,Medium
2026-04-01,SKU00115,Champion,Lifestyle Apparel,Buyout,1092.49,3406.75,455963.04,43,8472,0.005128947368421052,131.98684210526315,0.002856578947368421,808.1859210526316,0.320683936302928,Low Margin + Low Sell-through,Clearance / Eliminate,High
2026-04-01,SKU00116,Columbia,Yoga Apparel,Buyout,899.4499999999999,2909.69,330642.6,48,7895,0.006628947368421053,137.02631578947367,0.0033539473684210527,736.6139473684211,0.30912227763095035,Low Margin + High Sell-through,Traffic Driver / Control Discount,Medium
2026-04-01,SKU00117,Cole Haan,Training Shoes,Buyout,1458.77,4002.37,678886.84,40,10676,0.004090789473684211,222.5921052631579,0.002572368421052632,805.1930263157894,0.36447654764552,Low Margin + Low Sell-through,Clearance / Eliminate,High
2026-04-01,SKU00118,Hoka,Basketball Shoes,Consignment,3952.44,4767.85,357399.1,58,9190,0.0076052631578947365,130.85526315789474,0.015117105263157895,750.7928947368422,0.8289774216890212,High Margin + High Sell-through,Main Push / Monitor Inventory,Low
2026-04-01,SKU00119,Columbia,Yoga Apparel,Buyout,883.08,7182.46,1925655.3,29,8865,0.004313157894736842,126.71052631578948,0.0006828947368421053,862.5964473684211,0.12294951868858303,Low Margin + Low Sell-through,Clearance / Eliminate,High
2026-04-01,SKU00120,Skechers,Outdoor Apparel,Buyout,5429.09,26756.63,1628194.36,111,8474,0.0147,134.53947368421052,0.004778947368421052,588.2497368421053,0.20290634508157418,Low Margin + High Sell-through,Traffic Driver / Control Discount,Medium
2026-04-01,SKU00121,Brooks Brothers,Yoga Apparel,Consignment,3783.02,4599.45,123090.78,143,7926,0.019961842105263156,283.42105263157896,0.040321052631578945,461.1030263157895,0.8224939938470904,High Margin + High Sell-through,Main Push / Monitor Inventory,Low
2026-04-01,SKU00122,Champion,Basketball Shoes,Buyout,7336.47,16930.920000000002,1132284.15,69,8143,0.00922763157894737,130.76315789473685,0.00838157894736842,673.1851315789473,0.43331785868694667,Low Margin + High Sell-through,Traffic Driver / Control Discount,Medium
2026-04-01,SKU00123,Brand A,Lifestyle Apparel,Own Brand,455.26,1618.1399999999999,341632.34,32,9401,0.003418421052631579,124.03947368421052,0.0016171052631578948,852.0253947368421,0.2813477202219833,Low Margin + Low Sell-through,Clearance / Eliminate,High
2026-04-01,SKU00124,Patagonia,Running Shoes,Consignment,11113.119999999999,13477.460000000001,419720.65,164,8585,0.02251447368421053,125.85526315789474,0.036061842105263156,454.02434210526314,0.8245708019166815,High Margin + High Sell-through,Main Push / Monitor Inventory,Low
2026-04-01,SKU00125,Columbia,Running Shoes,Buyout,14384.26,25773.03,980021.27,97,8347,0.013264473684210526,137.6184210526316,0.019367105263157894,625.8785526315789,0.5581128800144958,High Margin + High Sell-through,Main Push / Monitor Inventory,Low
2026-04-01,SKU00126,Hoka,Basketball Shoes,Consignment,1408.91,1718.23,43940.159999999996,57,8322,0.007714473684210527,127.03947368421052,0.040377631578947366,740.8464473684211,0.8199775350215047,High Margin + High Sell-through,Main Push / Monitor Inventory,Low
2026-04-01,SKU00127,Skechers,Kids Apparel,Buyout,-929.93,10752.74,928830.1,101,8030,0.015488157894736843,284.82894736842104,-0.0014539473684210527,586.2498684210526,-0.0864830731515874,Low Margin + High Sell-through,Traffic Driver / Control Discount,Medium
2026-04-01,SKU00128,Reebok Underwear,Kids Apparel,Consignment,109.73,135.22,35265.9,17,8070,0.002055263157894737,124.26315789473684,0.0033447368421052628,914.7719736842105,0.8114923827836119,High Margin + Low Sell-through,Targeted Marketing / Control Inventory,Medium
2026-04-01,SKU00129,Hoka,Training Shoes,Buyout,2518.42,6573.58,685322.04,47,7943,0.007067105263157895,133.64473684210526,0.004934210526315789,764.9298684210526,0.38311239841912625,Low Margin + High Sell-through,Traffic Driver / Control Discount,Medium
2026-04-01,SKU00130,Reebok Underwear,Performance Apparel,Consignment,1214.5,1459.99,156281.25,142,8335,0.018219736842105264,305.5657894736842,0.009494736842105264,458.8018421052632,0.8318550127055665,High Margin + High Sell-through,Main Push / Monitor Inventory,Low
2026-04-01,SKU00131,Cole Haan,Lifestyle Apparel,Buyout,354.24,2280.0,1567568.64,12,9768,0.001588157894736842,218.77631578947367,0.0004513157894736843,941.3947368421053,0.15536842105263157,Low Margin + Low Sell-through,Clearance / Eliminate,High
2026-04-01,SKU00132,Columbia,Running Shoes,Buyout,1028.28,2465.3,905985.84,13,8196,0.0016631578947368419,134.77631578947367,0.0012302631578947369,928.8947368421053,0.41710136697359346,Low Margin + Low Sell-through,Clearance / Eliminate,High
2026-04-01,SKU00133,Brooks Brothers,Performance Apparel,Buyout,7425.27,11442.42,417325.95,79,8207,0.010969736842105263,141.43421052631578,0.024232894736842103,658.1155263157895,0.6489247903852507,High Margin + High Sell-through,Main Push / Monitor Inventory,Low
2026-04-01,SKU00134,Reebok Underwear,Lifestyle Apparel,Buyout,4231.66,9366.51,520855.02,85,8622,0.009119736842105264,288.89473684210526,0.007976315789473684,689.2130263157895,0.4517862042532384,Low Margin + High Sell-through,Traffic Driver / Control Discount,Medium
2026-04-01,SKU00135,Brand A,Sportswear,Own Brand,441.63,952.47,521510.88,9,9188,0.0011736842105263157,132.6578947368421,0.001231578947368421,944.7236842105264,0.4636681470282528,Low Margin + Low Sell-through,Clearance / Eliminate,High
2026-04-01,SKU00136,Patagonia,Sportswear,Buyout,1506.97,7451.09,1047586.54,46,8107,0.005838157894736842,147.80263157894737,0.0015855263157894736,773.4868421052631,0.20224826166372972,Low Margin + Low Sell-through,Clearance / Eliminate,High
2026-04-01,SKU00137,Nike,Running Shoes,Buyout,5599.17,18413.44,1763327.58,61,8394,0.007697368421052631,126.48684210526316,0.004010526315789474,718.4167105263158,0.3040806063397171,Low Margin + High Sell-through,Traffic Driver / Control Discount,Medium
2026-04-01,SKU00138,Columbia,Bags,Consignment,931.75,1118.38,113538.04,48,8492,0.005838157894736842,147.01315789473685,0.009776315789473683,777.0211842105264,0.8331246982242171,High Margin + Low Sell-through,Targeted Marketing / Control Inventory,Medium
2026-04-01,SKU00139,Reebok Underwear,Basketball Shoes,Consignment,2088.44,2526.91,354861.4,47,8555,0.005863157894736842,140.60526315789474,0.007436842105263158,782.4894736842105,0.8264797717370228,High Margin + Low Sell-through,Targeted Marketing / Control Inventory,Medium
2026-04-01,SKU00140,Under Armour,Running Shoes,Consignment,1911.3600000000001,2322.41,204136.92,29,7407,0.004464473684210526,143.07894736842104,0.011728947368421052,838.7938157894737,0.8230071348297675,High Margin + Low Sell-through,Targeted Marketing / Control Inventory,Medium
2026-04-01,SKU00141,Under Armour,Training Shoes,Consignment,3292.72,3969.64,114497.46,56,7623,0.007727631578947369,137.9078947368421,0.034855263157894736,771.9571052631578,0.8294757207202668,High Margin + High Sell-through,Main Push / Monitor Inventory,Low
2026-04-01,SKU00142,Brand B,Basketball Shoes,Own Brand,-3604.97,5885.17,910670.0,99,9500,0.01260657894736842,306.35526315789474,-0.005378947368421053,590.9314473684211,-0.6125515490631536,Low Margin + High Sell-through,Traffic Driver / Control Discount,Medium
2026-04-01,SKU00143,Brooks Brothers,Kids Apparel,Consignment,1859.97,2258.17,181487.8,79,8410,0.01032236842105263,129.3684210526316,0.012548684210526316,601.5176315789473,0.8236625231935594,High Margin + High Sell-through,Main Push / Monitor Inventory,Low
2026-04-01,SKU00144,New Balance,Outdoor Apparel,Buyout,4171.96,8907.52,629600.34,62,8243,0.0070236842105263165,140.25,0.007147368421052631,770.453947368421,0.4683638094553815,Low Margin + High Sell-through,Traffic Driver / Control Discount,Medium
2026-04-01,SKU00145,Brand A,Running Shoes,Own Brand,11691.51,35904.03,2470707.36,94,9592,0.011917105263157894,136.68421052631578,0.006793421052631579,568.6955263157895,0.3256322479677073,Low Margin + High Sell-through,Traffic Driver / Control Discount,Medium
2026-04-01,SKU00146,Fila,Outdoor Apparel,Buyout,2724.96,5868.45,1319517.35,21,8815,0.0026947368421052632,140.78947368421052,0.002717105263157895,908.728947368421,0.46434066917158706,Low Margin + Low Sell-through,Clearance / Eliminate,High
2026-04-01,SKU00147,Asics,Underwear,Buyout,1174.42,2753.38,297578.88,43,8104,0.005617105263157895,269.39473684210526,0.005061842105263158,811.9675,0.4265375647386122,Low Margin + Low Sell-through,Clearance / Eliminate,High
2026-04-01,SKU00148,Brooks Brothers,Training Shoes,Buyout,16288.02,25951.16,800845.18,97,8039,0.013510526315789473,125.71052631578948,0.02488026315789474,553.9,0.6276413077488636,High Margin + High Sell-through,Main Push / Monitor Inventory,Low
2026-04-01,SKU00149,Cole Haan,Sportswear,Buyout,8308.07,15335.27,572947.2,122,9947,0.013613157894736841,295.0,0.01792105263157895,550.6807894736842,0.5417622252493761,High Margin + High Sell-through,Main Push / Monitor Inventory,Low
2026-04-01,SKU00150,Columbia,Lifestyle Apparel,Buyout,1050.82,5684.02,850655.52,45,8262,0.00729078947368421,129.85526315789474,0.0025842105263157895,796.7201315789474,0.18487267813976727,Low Margin + High Sell-through,Traffic Driver / Control Discount,Medium
2026-04-01,SKU00151,Champion,Performance Apparel,Consignment,867.26,1049.36,271700.7,25,8571,0.0028394736842105263,138.89473684210526,0.003569736842105263,871.0746052631579,0.8264656552565374,High Margin + Low Sell-through,Targeted Marketing / Control Inventory,Medium
2026-04-01,SKU00152,Brand A,Performance Apparel,Own Brand,6411.66,13563.0,1593216.39,42,9357,0.004965789473684211,134.75,0.004789473684210527,805.4834210526316,0.47273169652731695,Low Margin + Low Sell-through,Clearance / Eliminate,High
2026-04-01,SKU00153,Brand B,Sportswear,Own Brand,10955.65,27675.989999999998,1677546.2,91,9130,0.011792105263157895,130.68421052631578,0.008918421052631579,612.811447368421,0.3958539513852983,Low Margin + High Sell-through,Traffic Driver / Control Discount,Medium
2026-04-01,SKU00154,Brand A,Underwear,Own Brand,2877.85,7172.55,595296.7,67,9287,0.007852631578947368,132.96052631578948,0.005619736842105263,729.4701315789474,0.40123108239050265,Low Margin + High Sell-through,Traffic Driver / Control Discount,Medium
2026-04-01,SKU00155,Brand A,Outdoor Apparel,Own Brand,2896.32,15820.8,3833723.88,32,9492,0.004002631578947368,134.44736842105263,0.0011460526315789474,823.1798684210526,0.18307038834951458,Low Margin + Low Sell-through,Clearance / Eliminate,High
2026-04-01,SKU00156,The North Face,Lifestyle Apparel,Buyout,5072.68,10749.68,668831.7,70,8247,0.010152631578947368,141.96052631578948,0.010707894736842105,630.6009210526315,0.4718912562978619,Low Margin + High Sell-through,Traffic Driver / Control Discount,Medium
2026-04-01,SKU00157,Brand A,Accessories,Own Brand,1356.42,4055.27,647492.67,35,8397,0.004505263157894737,136.28947368421052,0.0024815789473684215,835.6368421052632,0.33448327731569044,Low Margin + Low Sell-through,Clearance / Eliminate,High
2026-04-01,SKU00158,Cole Haan,Bags,Buyout,3653.75,6938.33,874708.92,39,10386,0.003973684210526316,301.60526315789474,0.005098684210526316,839.1447368421053,0.5266036639940735,High Margin + Low Sell-through,Targeted Marketing / Control Inventory,Medium
2026-04-01,SKU00159,Lululemon,Training Shoes,Consignment,1901.49,2273.29,584986.08,36,8456,0.0047157894736842105,293.6842105263158,0.0039434210526315796,806.8815789473684,0.8364484953525507,High Margin + Low Sell-through,Targeted Marketing / Control Inventory,Medium
2026-04-01,SKU00160,Champion,Bags,Consignment,1342.09,1640.9,137023.5,52,8350,0.0069,309.75,0.012747368421052632,777.4692105263158,0.8178987141202997,High Margin + High Sell-through,Main Push / Monitor Inventory,Low
2026-04-01,SKU00161,New Balance,Outdoor Apparel,Consignment,1207.26,1452.63,80940.74,92,8209,0.01245921052631579,136.35526315789474,0.01845657894736842,596.2672368421053,0.831085685962702,High Margin + High Sell-through,Main Push / Monitor Inventory,Low
2026-04-01,SKU00162,Champion,Underwear,Buyout,1727.15,3999.47,277096.8,72,8780,0.009075,134.6184210526316,0.00781578947368421,702.0667105263158,0.4318447194253239,Low Margin + High Sell-through,Traffic Driver / Control Discount,Medium
2026-04-01,SKU00163,Adidas,Outdoor Apparel,Consignment,2535.48,3091.23,630683.46,36,8349,0.0047,122.11842105263158,0.0052394736842105265,840.6702631578947,0.8202171950970972,High Margin + Low Sell-through,Targeted Marketing / Control Inventory,Medium
2026-04-01,SKU00164,Adidas,Underwear,Buyout,2357.34,6750.3,763093.76,48,8338,0.006818421052631579,134.28947368421052,0.004076315789473685,761.9359210526316,0.349220034665126,Low Margin + High Sell-through,Traffic Driver / Control Discount,Medium
2026-04-01,SKU00165,Brand B,Underwear,Own Brand,-2583.94,4701.14,953462.44,66,8638,0.009307894736842105,304.0131578947368,-0.0038171052631578942,721.8503947368421,-0.549641150869789,Low Margin + High Sell-through,Traffic Driver / Control Discount,Medium
2026-04-01,SKU00166,Brooks Brothers,Underwear,Buyout,423.93,700.52,140263.67,17,8621,0.002,119.17105263157895,0.0036578947368421056,914.6973684210526,0.6051647347684578,High Margin + Low Sell-through,Targeted Marketing / Control Inventory,Medium
2026-04-01,SKU00167,Brand B,Yoga Apparel,Own Brand,4911.48,17240.71,1909776.83,59,9139,0.007735526315789473,133.1315789473684,0.003548684210526316,742.1386842105263,0.2848768989212161,Low Margin + High Sell-through,Traffic Driver / Control Discount,Medium
2026-04-01,SKU00168,Cole Haan,Sportswear,Buyout,130.61,215.94,117365.32,7,9628,0.0007394736842105263,209.3684210526316,0.0012263157894736843,956.2368421052631,0.6048439381309624,High Margin + Low Sell-through,Targeted Marketing / Control Inventory,Medium
2026-04-01,SKU00169,Brand A,Basketball Shoes,Own Brand,6014.56,17689.16,687370.32,155,9126,0.017014473684210524,128.39473684210526,0.010722368421052631,499.7827631578947,0.3400138842093124,Low Margin + High Sell-through,Traffic Driver / Control Discount,Medium
2026-04-01,SKU00170,Nike,Lifestyle Apparel,Buyout,4842.9400000000005,8491.9,826793.52,36,8157,0.004448684210526316,132.5,0.006827631578947369,791.7631578947369,0.5703011104699773,High Margin + Low Sell-through,Targeted Marketing / Control Inventory,Medium
2026-04-01,SKU00171,Brooks Brothers,Sportswear,Consignment,1451.85,1759.48,41954.47,67,7961,0.013607894736842105,134.14473684210526,0.06366973684210527,685.8018421052632,0.8251585695773751,High Margin + High Sell-through,Main Push / Monitor Inventory,Low
2026-04-01,SKU00172,Nike,Running Shoes,Consignment,1745.94,2097.74,312206.18,33,8203,0.0049065789473684215,130.17105263157896,0.0077447368421052635,803.0922368421053,0.8322957087150935,High Margin + Low Sell-through,Targeted Marketing / Control Inventory,Medium
2026-04-01,SKU00173,Champion,Bags,Buyout,2616.4,4592.34,249733.32,62,7836,0.010461842105263158,132.97368421052633,0.015077631578947367,697.5927631578948,0.5697313352234373,High Margin + High Sell-through,Main Push / Monitor Inventory,Low
2026-04-01,SKU00174,Nike,Yoga Apparel,Consignment,587.5,722.4100000000001,84475.81,46,8473,0.007214473684210527,140.1184210526316,0.011044736842105263,785.5247368421052,0.8132500934372446,High Margin + High Sell-through,Main Push / Monitor Inventory,Low
2026-04-01,SKU00175,Under Armour,Sportswear,Consignment,509.76,624.3,34936.3,41,8605,0.0053894736842105264,132.6315789473684,0.018964473684210528,786.8684210526316,0.8165305141758771,High Margin + Low Sell-through,Targeted Marketing / Control Inventory,Medium
2026-04-01,SKU00176,Salomon,Underwear,Buyout,336.90000000000003,4355.7,966521.4,34,8177,0.004442105263157895,132.6184210526316,0.0004618421052631579,805.4605263157895,0.0773469247193333,Low Margin + Low Sell-through,Clearance / Eliminate,High
2026-04-01,SKU00177,Brooks Brothers,Lifestyle Apparel,Buyout,2299.52,4138.49,733924.17,21,8381,0.0027289473684210526,132.93421052631578,0.0036302631578947367,886.2368421052631,0.5556422753226419,High Margin + Low Sell-through,Targeted Marketing / Control Inventory,Medium
2026-04-01,SKU00178,Puma,Training Shoes,Buyout,10625.98,32795.32,1369482.66,137,8463,0.018065789473684212,128.5,0.009898684210526315,479.1280263157895,0.3240090354355438,Low Margin + High Sell-through,Traffic Driver / Control Discount,Medium
2026-04-01,SKU00179,Brooks Brothers,Kids Apparel,Buyout,1176.31,1846.63,157785.88,36,8474,0.00474078947368421,131.75,0.009235526315789474,812.6973684210526,0.6370036228156154,High Margin + Low Sell-through,Targeted Marketing / Control Inventory,Medium
2026-04-01,SKU00180,Skechers,Underwear,Consignment,1288.89,1571.29,218316.34,39,8518,0.004993421052631579,127.59210526315789,0.007089473684210526,811.1140789473684,0.8202750606189819,High Margin + Low Sell-through,Targeted Marketing / Control Inventory,Medium
2026-04-01,SKU00181,Brand A,Training Shoes,Own Brand,23353.68,70768.32,2591621.76,167,9128,0.021476315789473687,135.27631578947367,0.011848684210526315,448.46434210526314,0.33000189915487604,Low Margin + High Sell-through,Traffic Driver / Control Discount,Medium
2026-04-01,SKU00182,The North Face,Basketball Shoes,Buyout,1597.48,15145.56,2081714.6,52,7990,0.007511842105263157,114.19736842105263,0.001243421052631579,761.3482894736842,0.10547513594743278,Low Margin + High Sell-through,Traffic Driver / Control Discount,Medium
2026-04-01,SKU00183,Adidas,Bags,Consignment,1917.3,2276.9,135485.0,65,7900,0.009107894736842106,127.51315789473684,0.018214473684210527,699.2898684210526,0.8420659668847994,High Margin + High Sell-through,Main Push / Monitor Inventory,Low
2026-04-01,SKU00184,The North Face,Kids Apparel,Buyout,608.55,3516.07,1798716.48,14,8661,0.0018828947368421053,147.44736842105263,0.0004671052631578948,917.7719736842105,0.17307675899512806,Low Margin + Low Sell-through,Clearance / Eliminate,High
2026-04-01,SKU00185,Adidas,Outdoor Apparel,Buyout,504.67,7220.1900000000005,908169.15,64,8655,0.008451315789473684,289.0394736842105,0.0008592105263157895,709.890394736842,0.06989705257063872,Low Margin + High Sell-through,Traffic Driver / Control Discount,Medium
2026-04-01,SKU00186,New Balance,Sportswear,Consignment,548.97,646.2,128207.87,21,8309,0.0028000000000000004,135.8815789473684,0.005348684210526316,887.0482894736842,0.849535747446611,High Margin + Low Sell-through,Targeted Marketing / Control Inventory,Medium
2026-04-01,SKU00187,New Balance,Sportswear,Consignment,1827.99,2180.33,79186.2,45,8130,0.00674078947368421,135.1184210526316,0.030128947368421054,812.5438157894737,0.8384006090821114,High Margin + High Sell-through,Main Push / Monitor Inventory,Low
2026-04-01,SKU00188,Brand B,Basketball Shoes,Own Brand,567.29,33260.33,1524713.64,204,9514,0.021221052631578946,277.4342105263158,0.0005263157894736841,390.8707894736842,0.01705605446488354,Low Margin + High Sell-through,Traffic Driver / Control Discount,Medium
2026-04-01,SKU00189,Salomon,Basketball Shoes,Buyout,774.47,2357.68,744108.7,17,7990,0.0026355263157894736,131.69736842105263,0.0013078947368421053,897.9605263157895,0.3284881748159208,Low Margin + Low Sell-through,Clearance / Eliminate,High
2026-04-01,SKU00190,Reebok Underwear,Running Shoes,Buyout,6468.05,30382.4,1864564.11,95,7407,0.016452631578947368,127.77631578947368,0.0049210526315789475,562.4367105263158,0.21288805360998472,Low Margin + High Sell-through,Traffic Driver / Control Discount,Medium
2026-04-01,SKU00191,Under Armour,Basketball Shoes,Consignment,1750.44,2128.09,264856.07,30,8269,0.003269736842105263,139.19736842105263,0.006935526315789474,865.5657894736842,0.8225404000770644,High Margin + Low Sell-through,Targeted Marketing / Control Inventory,Medium
2026-04-01,SKU00192,Brand B,Training Shoes,Own Brand,717.21,1731.96,638480.7,15,9438,0.00215,124.61842105263158,0.0016171052631578948,910.7105263157895,0.4141030970692164,Low Margin + Low Sell-through,Clearance / Eliminate,High
2026-04-01,SKU00193,Salomon,Running Shoes,Buyout,7513.91,62430.71,1712327.36,255,7951,0.033731578947368425,134.80263157894737,0.005247368421052632,265.4528947368421,0.12035599146637929,Low Margin + High Sell-through,Traffic Driver / Control Discount,Medium
2026-04-01,SKU00194,Puma,Kids Apparel,Buyout,1231.7,3160.58,430140.24,38,8474,0.004498684210526315,128.43421052631578,0.0030197368421052634,813.5350000000001,0.38970695252137266,Low Margin + Low Sell-through,Clearance / Eliminate,High
2026-04-01,SKU00195,Brooks Brothers,Bags,Buyout,2589.87,4313.55,1033961.76,14,8398,0.0017986842105263156,129.89473684210526,0.002919736842105263,930.0667105263159,0.6004033800465973,High Margin + Low Sell-through,Targeted Marketing / Control Inventory,Medium
2026-04-01,SKU00196,Asics,Accessories,Consignment,491.31,595.3,41236.0,69,8450,0.01063421052631579,136.97368421052633,0.017913157894736843,704.0736842105263,0.8253149672434068,High Margin + High Sell-through,Main Push / Monitor Inventory,Low
2026-04-01,SKU00197,Adidas,Sportswear,Consignment,1234.48,1495.33,81262.5,89,8250,0.012243421052631579,128.78947368421052,0.019992105263157894,614.2819736842106,0.8255569004835054,High Margin + High Sell-through,Main Push / Monitor Inventory,Low
2026-04-01,SKU00198,Adidas,Running Shoes,Consignment,4610.55,5600.16,351318.24,105,8043,0.013496052631578949,292.75,0.015253947368421053,621.3534210526316,0.823288977457787,High Margin + High Sell-through,Main Push / Monitor Inventory,Low
2026-04-01,SKU00199,Patagonia,Accessories,Buyout,2297.88,3886.0099999999998,276064.3,47,8170,0.006181578947368421,130.1184210526316,0.010022368421052632,823.6402631578948,0.5913211751899764,High Margin + Low Sell-through,Targeted Marketing / Control Inventory,Medium
2026-04-01,SKU00200,Nike,Basketball Shoes,Buyout,3632.3,8846.19,1437856.31,31,8549,0.004136842105263158,138.25,0.003219736842105263,844.6167105263158,0.41060614795748224,Low Margin + Low Sell-through,Clearance / Eliminate,High
2026-04-01,SKU00201,Brooks Brothers,Underwear,Buyout,512.45,862.05,79340.8,38,8624,0.005163157894736843,138.64473684210526,0.009473684210526315,818.4402631578947,0.5944550780117164,High Margin + Low Sell-through,Targeted Marketing / Control Inventory,Medium
2026-04-01,SKU00202,Reebok Underwear,Outdoor Apparel,Buyout,695.46,1527.06,742064.4,9,8031,0.0012723684210526314,151.03947368421052,0.0012592105263157893,933.421052631579,0.4554241483635221,Low Margin + Low Sell-through,Clearance / Eliminate,High
2026-04-01,SKU00203,Under Armour,Outdoor Apparel,Buyout,4736.38,13586.2,1278876.62,57,8237,0.0072171052631578945,135.69736842105263,0.004567105263157894,702.2543421052632,0.34861697899339034,Low Margin + High Sell-through,Traffic Driver / Control Discount,Medium
2026-04-01,SKU00204,Skechers,Accessories,Buyout,3731.76,6885.79,496610.95,53,8345,0.00783157894736842,142.47368421052633,0.011525,773.4169736842106,0.5419508872620281,High Margin + High Sell-through,Main Push / Monitor Inventory,Low
2026-04-01,SKU00205,On Running,Sportswear,Consignment,188.32999999999998,220.91,20555.37,21,8459,0.002431578947368421,127.5,0.009671052631578947,906.3069736842106,0.8525191254356977,High Margin + Low Sell-through,Targeted Marketing / Control Inventory,Medium
2026-04-01,SKU00206,Skechers,Running Shoes,Buyout,4904.0199999999995,9521.91,713768.96,53,8192,0.0075947368421052635,309.1842105263158,0.009711842105263158,728.471052631579,0.5150248217006882,High Margin + High Sell-through,Main Push / Monitor Inventory,Low
2026-04-01,SKU00207,Patagonia,Sportswear,Buyout,552.43,951.8100000000001,169042.84,19,8042,0.0023973684210526315,135.98684210526315,0.004022368421052632,912.109605263158,0.5803994494699571,High Margin + Low Sell-through,Targeted Marketing / Control Inventory,Medium
2026-04-01,SKU00208,Adidas,Training Shoes,Consignment,4751.85,5750.76,332174.08,54,8384,0.007988157894736841,123.0657894736842,0.01964078947368421,725.9517105263158,0.8262994804165015,High Margin + High Sell-through,Main Push / Monitor Inventory,Low
2026-04-01,SKU00209,Skechers,Yoga Apparel,Consignment,2670.27,3251.1,97768.0,57,8080,0.007567105263157894,141.8421052631579,0.03224868421052631,718.8421052631579,0.8213435452616038,High Margin + High Sell-through,Main Push / Monitor Inventory,Low
2026-04-01,SKU00210,Asics,Yoga Apparel,Consignment,493.56,604.37,45395.5,47,8150,0.006535526315789474,154.17105263157896,0.01423421052631579,778.6868421052632,0.8166520508959744,High Margin + High Sell-through,Main Push / Monitor Inventory,Low
2026-04-01,SKU00211,Cole Haan,Lifestyle Apparel,Buyout,7882.14,11951.31,646675.08,63,10012,0.006855263157894737,200.89473684210526,0.014950000000000001,734.171052631579,0.6595210064838081,High Margin + High Sell-through,Main Push / Monitor Inventory,Low
2026-04-01,SKU00212,Lululemon,Basketball Shoes,Buyout,2521.31,5983.67,658713.99,44,8371,0.007472368421052631,139.51315789473685,0.006106578947368421,763.0131578947369,0.4213651488133537,Low Margin + High Sell-through,Traffic Driver / Control Discount,Medium
2026-04-01,SKU00213,Adidas,Lifestyle Apparel,Consignment,3511.02,4357.59,192572.4,92,8380,0.013623684210526317,118.38157894736842,0.02739342105263158,591.1618421052632,0.8057251829566342,High Margin + High Sell-through,Main Push / Monitor Inventory,Low
2026-04-01,SKU00214,Skechers,Bags,Consignment,1654.18,2001.6599999999999,252801.25,46,8275,0.005785526315789474,139.22368421052633,0.007602631578947368,777.2473684210527,0.826404084609774,High Margin + Low Sell-through,Targeted Marketing / Control Inventory,Medium
2026-04-01,SKU00215,Brand A,Underwear,Own Brand,828.08,6169.91,1206842.67,39,8811,0.005042105263157895,133.78947368421052,0.0009684210526315789,818.3789473684211,0.13421265464163984,Low Margin + Low Sell-through,Clearance / Eliminate,High
2026-04-01,SKU00216,Columbia,Training Shoes,Buyout,3077.99,5276.39,536959.2,32,7816,0.003927631578947368,308.39473684210526,0.006171052631578947,848.828947368421,0.5833514960038966,High Margin + Low Sell-through,Targeted Marketing / Control Inventory,Medium
2026-04-01,SKU00217,Nike,Underwear,Consignment,2895.19,3485.23,209807.16,185,7674,0.02611578947368421,303.25,0.01707236842105263,345.0607894736842,0.8307027082861103,High Margin + High Sell-through,Main Push / Monitor Inventory,Low
2026-04-01,SKU00218,Nike,Yoga Apparel,Consignment,2458.47,2921.86,89113.5,46,8487,0.006717105263157894,130.05263157894737,0.035401315789473684,794.83,0.841405816842696,High Margin + High Sell-through,Main Push / Monitor Inventory,Low
2026-04-01,SKU00219,Adidas,Lifestyle Apparel,Buyout,2994.02,7730.66,1223829.36,32,8268,0.004614473684210527,134.93421052631578,0.0031434210526315788,791.5,0.3872916413346338,Low Margin + Low Sell-through,Clearance / Eliminate,High
2026-04-01,SKU00220,Nike,Accessories,Consignment,501.67,605.9399999999999,40981.2,52,7881,0.008923684210526316,120.6842105263158,0.02016578947368421,733.7315789473683,0.8279202561309702,High Margin + High Sell-through,Main Push / Monitor Inventory,Low
2026-04-01,SKU00221,On Running,Accessories,Consignment,1420.72,1710.6200000000001,270272.7,58,8205,0.00916842105263158,145.77631578947367,0.007661842105263159,755.2565789473684,0.8305292817808747,High Margin + High Sell-through,Main Push / Monitor Inventory,Low
2026-04-01,SKU00222,Reebok Underwear,Training Shoes,Consignment,649.0699999999999,763.65,337469.6,18,8770,0.0019657894736842107,136.3684210526316,0.0020355263157894737,901.6315789473684,0.8499574412361683,High Margin + Low Sell-through,Targeted Marketing / Control Inventory,Medium
2026-04-01,SKU00223,Brand A,Basketball Shoes,Own Brand,1917.95,8818.58,1973371.07,33,9437,0.003769736842105263,129.32894736842104,0.0012210526315789474,818.7894736842105,0.21748966386878613,Low Margin + Low Sell-through,Clearance / Eliminate,High
2026-04-01,SKU00224,Under Armour,Accessories,Buyout,114.08,598.92,81674.46,46,7749,0.006525,302.3421052631579,0.001855263157894737,781.5340789473684,0.1904761904761905,Low Margin + High Sell-through,Traffic Driver / Control Discount,Medium
2026-04-01,SKU00225,Champion,Performance Apparel,Buyout,6849.41,20098.61,1807321.2,61,8321,0.00898684210526316,119.57894736842105,0.004982894736842105,719.0747368421053,0.34079023375248335,Low Margin + High Sell-through,Traffic Driver / Control Discount,Medium
2026-04-01,SKU00226,Brand B,Basketball Shoes,Own Brand,19849.28,63993.28,2435369.3,160,8827,0.020890789473684213,149.75,0.009781578947368422,450.7884210526316,0.3101775686447077,Low Margin + High Sell-through,Traffic Driver / Control Discount,Medium
2026-04-01,SKU00227,Champion,Kids Apparel,Buyout,282.31,2127.23,353008.67,44,8419,0.006042105263157895,145.93421052631578,0.001155263157894737,770.7105263157895,0.13271249465267038,Low Margin + Low Sell-through,Clearance / Eliminate,High
2026-04-01,SKU00228,Cole Haan,Accessories,Buyout,343.07,2286.83,260538.6,78,10455,0.008332894736842105,208.18421052631578,0.0017789473684210525,688.8175,0.15001989653800238,Low Margin + High Sell-through,Traffic Driver / Control Discount,Medium
2026-04-01,SKU00229,Brand B,Training Shoes,Own Brand,-5580.79,16979.510000000002,2231965.68,90,8904,0.012028947368421052,289.39473684210526,-0.0035973684210526312,654.3431578947369,-0.3286779182673705,Low Margin + High Sell-through,Traffic Driver / Control Discount,Medium
2026-04-01,SKU00230,Salomon,Yoga Apparel,Consignment,2101.6,2510.02,102368.04000000001,80,8196,0.013163157894736842,303.32894736842104,0.03000789473684211,630.0377631578948,0.8372841650664138,High Margin + High Sell-through,Main Push / Monitor Inventory,Low
2026-04-01,SKU00231,Puma,Basketball Shoes,Buyout,895.21,5003.64,1104107.43,31,8331,0.00461578947368421,133.92105263157896,0.0012907894736842104,819.6763157894737,0.1789117522443661,Low Margin + Low Sell-through,Clearance / Eliminate,High
2026-04-01,SKU00232,Reebok Underwear,Sportswear,Consignment,3112.77,3777.85,182829.6,103,7580,0.015235526315789472,144.47368421052633,0.022121052631578948,558.0622368421053,0.8239527773733738,High Margin + High Sell-through,Main Push / Monitor Inventory,Low
2026-04-01,SKU00233,Brand A,Bags,Own Brand,10067.02,21795.91,1724764.1400000001,57,8382,0.008001315789473685,132.72368421052633,0.007934210526315788,717.2552631578948,0.461876563079954,Low Margin + High Sell-through,Traffic Driver / Control Discount,Medium
2026-04-01,SKU00234,New Balance,Accessories,Buyout,302.72,999.8199999999999,576083.4400000001,10,8264,0.0018671052631578948,138.17105263157896,0.001023684210526316,965.2236842105264,0.3027744994098938,Low Margin + Low Sell-through,Clearance / Eliminate,High
2026-04-01,SKU00235,Brand B,Underwear,Own Brand,702.3199999999999,3094.97,488260.11,45,9183,0.006060526315789474,128.05263157894737,0.0020289473684210525,776.6184210526316,0.22692303964174126,Low Margin + Low Sell-through,Clearance / Eliminate,High
2026-04-01,SKU00236,Adidas,Kids Apparel,Consignment,677.54,827.79,65317.72,28,8516,0.003230263157894737,128.01315789473685,0.011246052631578948,852.421052631579,0.8184926128607497,High Margin + Low Sell-through,Targeted Marketing / Control Inventory,Medium
2026-04-01,SKU00237,Puma,Yoga Apparel,Consignment,2904.53,3571.4,86472.54,141,8074,0.018051315789473683,128.3815789473684,0.039440789473684214,534.6638157894737,0.8132749061992496,High Margin + High Sell-through,Main Push / Monitor Inventory,Low
2026-04-01,SKU00238,Puma,Lifestyle Apparel,Consignment,935.25,1148.09,74973.56,97,8257,0.013976315789473684,129.3684210526316,0.016732894736842106,574.892105263158,0.8146138368943202,High Margin + High Sell-through,Main Push / Monitor Inventory,Low
2026-04-01,SKU00239,On Running,Lifestyle Apparel,Consignment,1132.45,1361.65,157509.0,51,7955,0.007831578947368422,136.43421052631578,0.010136842105263158,757.8281578947368,0.8316748063011787,High Margin + High Sell-through,Main Push / Monitor Inventory,Low
2026-04-01,SKU00240,Columbia,Bags,Buyout,178.26,1746.15,452307.23,27,7789,0.005111842105263158,140.39473684210526,0.0006868421052631579,852.0657894736842,0.10208744953182715,Low Margin + Low Sell-through,Clearance / Eliminate,High
2026-04-01,SKU00241,Reebok Underwear,Performance Apparel,Buyout,2913.9900000000002,7369.55,408410.19,92,8433,0.012548684210526316,129.17105263157896,0.00971578947368421,631.9697368421052,0.3954094890461426,Low Margin + High Sell-through,Traffic Driver / Control Discount,Medium
2026-04-01,SKU00242,Skechers,Basketball Shoes,Buyout,961.5,9284.1,1359464.7,52,8494,0.006726315789473684,307.89473684210526,0.0009342105263157894,772.1771052631578,0.1035641580767118,Low Margin + High Sell-through,Traffic Driver / Control Discount,Medium
2026-04-01,SKU00243,Brand B,Accessories,Own Brand,1481.7,7521.74,860608.28,62,8834,0.00829078947368421,124.26315789473684,0.0023421052631578945,718.9227631578947,0.1969889945677463,Low Margin + High Sell-through,Traffic Driver / Control Discount,Medium
2026-04-01,SKU00244,Reebok Underwear,Underwear,Consignment,921.08,1148.1,60487.6,55,8174,0.008380263157894738,132.01315789473685,0.02085921052631579,742.6009210526315,0.8022646110965945,High Margin + High Sell-through,Main Push / Monitor Inventory,Low
2026-04-01,SKU00245,Brand A,Kids Apparel,Own Brand,1751.8,3702.52,255087.12,64,8369,0.008843421052631579,133.53947368421052,0.009069736842105264,723.3348684210526,0.4731372146538034,Low Margin + High Sell-through,Traffic Driver / Control Discount,Medium
2026-04-01,SKU00246,Reebok Underwear,Accessories,Buyout,663.2,3980.45,362951.38,75,8206,0.010251315789473685,132.85526315789474,0.0020894736842105265,644.0719736842105,0.16661432752578229,Low Margin + High Sell-through,Traffic Driver / Control Discount,Medium
2026-04-01,SKU00247,Cole Haan,Lifestyle Apparel,Buyout,183.98000000000002,1886.52,1239084.29,14,10189,0.0015026315789473683,214.75,0.00017631578947368423,930.390394736842,0.09752348239085724,Low Margin + Low Sell-through,Clearance / Eliminate,High
2026-04-01,SKU00248,Adidas,Kids Apparel,Buyout,-191.02,2471.18,256244.4,87,8374,0.011230263157894738,309.2236842105263,-0.0007236842105263157,618.1775,-0.07729910407173901,Low Margin + High Sell-through,Traffic Driver / Control Discount,Medium
2026-04-01,SKU00249,Brooks Brothers,Running Shoes,Buyout,2190.13,5055.65,492401.6,49,8420,0.006403947368421053,123.72368421052632,0.005263157894736842,761.7463157894737,0.4332044346424298,Low Margin + High Sell-through,Traffic Driver / Control Discount,Medium
2026-04-01,SKU00250,Under Armour,Running Shoes,Buyout,2035.0,8269.0,513494.58,100,8237,0.012898684210526316,137.73684210526315,0.004810526315789473,637.543947368421,0.2460998911597533,Low Margin + High Sell-through,Traffic Driver / Control Discount,Medium
2026-04-01,SKU00251,Nike,Bags,Consignment,5304.09,6445.53,250788.52,111,8396,0.015081578947368423,143.0921052631579,0.026835526315789473,574.2735526315789,0.8229098305337188,High Margin + High Sell-through,Main Push / Monitor Inventory,Low
2026-04-01,SKU00252,Asics,Training Shoes,Consignment,5576.17,6799.07,362705.82,107,8599,0.015115789473684211,143.07894736842104,0.021398684210526316,572.8346052631579,0.8201371658182663,High Margin + High Sell-through,Main Push / Monitor Inventory,Low
2026-04-01,SKU00253,Asics,Sportswear,Consignment,7610.12,9307.62,356411.52,177,8256,0.02347236842105263,138.1578947368421,0.026775,422.8828947368421,0.8176225501255959,High Margin + High Sell-through,Main Push / Monitor Inventory,Low
2026-04-01,SKU00254,Fila,Lifestyle Apparel,Consignment,1387.98,1686.81,86383.08,118,8134,0.016521052631578947,136.32894736842104,0.021430263157894737,529.2619736842106,0.8228431180749463,High Margin + High Sell-through,Main Push / Monitor Inventory,Low
2026-04-01,SKU00255,Skechers,Outdoor Apparel,Buyout,15257.41,35258.5,1431789.74,111,7946,0.013731578947368423,146.4078947368421,0.01165657894736842,538.6944736842105,0.43272998000482155,Low Margin + High Sell-through,Traffic Driver / Control Discount,Medium
2026-04-01,SKU00256,Brand B,Training Shoes,Own Brand,730.45,4093.56,1817859.87,17,9189,0.0016039473684210527,139.47368421052633,0.00034078947368421054,931.4930263157895,0.1784388160916171,Low Margin + Low Sell-through,Clearance / Eliminate,High
2026-04-01,SKU00257,Brand B,Yoga Apparel,Own Brand,31.9,79.77,459408.39,1,9597,0.00014605263157894737,128.93421052631578,0.00012105263157894736,990.5394736842105,0.39989971167105426,Low Margin + Low Sell-through,Clearance / Eliminate,High
2026-04-01,SKU00258,Under Armour,Yoga Apparel,Consignment,4716.08,5701.08,198492.06,93,8333,0.014069736842105262,138.75,0.034680263157894735,604.4325,0.8272257186357672,High Margin + High Sell-through,Main Push / Monitor Inventory,Low
2026-04-01,SKU00259,Brand A,Outdoor Apparel,Own Brand,3748.41,10827.61,1540079.96,40,8702,0.005552631578947368,123.94736842105263,0.003386842105263158,831.0421052631579,0.34618997174815125,Low Margin + Low Sell-through,Clearance / Eliminate,High
2026-04-01,SKU00260,Brand A,Running Shoes,Own Brand,18473.56,84109.31999999999,2090004.44,292,9298,0.03345131578947368,142.81578947368422,0.010202631578947368,253.33131578947368,0.21963749082741368,Low Margin + High Sell-through,Traffic Driver / Control Discount,Medium
2026-04-01,SKU00261,Patagonia,Running Shoes,Buyout,1607.38,3050.51,948691.46,13,8546,0.0016210526315789473,133.3684210526316,0.0021539473684210526,912.8990789473685,0.5269217278422297,High Margin + Low Sell-through,Targeted Marketing / Control Inventory,Medium
2026-04-01,SKU00262,Under Armour,Bags,Consignment,2521.41,3084.88,250911.02,80,8471,0.012514473684210525,123.19736842105263,0.015403947368421054,679.1071052631579,0.8173445968724876,High Margin + High Sell-through,Main Push / Monitor Inventory,Low
2026-04-01,SKU00263,Champion,Sportswear,Buyout,3522.85,8267.81,883856.64,44,8196,0.006088157894736842,128.47368421052633,0.005443421052631579,802.0815789473684,0.42609227836633884,Low Margin + Low Sell-through,Clearance / Eliminate,High
2026-04-01,SKU00264,Puma,Performance Apparel,Buyout,698.71,1239.25,315713.97000000003,14,8177,0.001625,133.76315789473685,0.002253947368421053,932.1342105263158,0.5638168246923543,High Margin + Low Sell-through,Targeted Marketing / Control Inventory,Medium
2026-04-01,SKU00265,New Balance,Running Shoes,Buyout,1272.32,9246.52,1014931.64,65,8273,0.008530263157894737,120.84210526315789,0.0015907894736842104,695.0815789473684,0.13759987541258764,Low Margin + High Sell-through,Traffic Driver / Control Discount,Medium
2026-04-01,SKU00266,Nike,Bags,Consignment,1086.91,1317.8600000000001,212157.66,27,8138,0.003469736842105263,128.96052631578948,0.006321052631578947,850.6184210526316,0.8247537674715069,High Margin + Low Sell-through,Targeted Marketing / Control Inventory,Medium
2026-04-01,SKU00267,Puma,Basketball Shoes,Buyout,1938.63,3147.15,277120.35,36,8255,0.005760526315789473,303.4868421052632,0.01073157894736842,804.2026315789474,0.6159954244316286,High Margin + Low Sell-through,Targeted Marketing / Control Inventory,Medium
2026-04-01,SKU00268,Under Armour,Performance Apparel,Buyout,3010.81,18813.309999999998,2929342.5,43,7971,0.006514473684210526,141.1578947368421,0.0012657894736842104,816.5080263157895,0.16003616588468486,Low Margin + High Sell-through,Traffic Driver / Control Discount,Medium
2026-04-01,SKU00269,Salomon,Basketball Shoes,Buyout,498.91999999999996,5142.41,1232022.75,31,8225,0.004196052631578948,137.71052631578948,0.000531578947368421,839.5864473684211,0.09702065762939945,Low Margin + Low Sell-through,Clearance / Eliminate,High
2026-04-01,SKU00270,The North Face,Underwear,Buyout,466.65000000000003,2111.37,314963.88,42,8043,0.0058842105263157895,127.11842105263158,0.0019368421052631578,811.1167105263158,0.22101763310078293,Low Margin + Low Sell-through,Clearance / Eliminate,High
2026-04-01,SKU00271,Asics,Outdoor Apparel,Buyout,1588.52,10628.18,1787054.69,42,8303,0.006452631578947369,316.7236842105263,0.0013486842105263157,797.1667105263158,0.14946303129980862,Low Margin + High Sell-through,Traffic Driver / Control Discount,Medium
2026-04-01,SKU00272,Brand A,Lifestyle Apparel,Own Brand,880.01,2030.6399999999999,832525.0599999999,13,9406,0.0014618421052631579,126.61842105263158,0.0012026315789473686,916.5394736842105,0.4333658354016468,Low Margin + Low Sell-through,Clearance / Eliminate,High
2026-04-01,SKU00273,The North Face,Basketball Shoes,Buyout,3396.07,11880.51,1437300.24,47,7962,0.006874999999999999,147.06578947368422,0.0031684210526315786,786.1088157894736,0.285852206681363,Low Margin + High Sell-through,Traffic Driver / Control Discount,Medium
2026-04-01,SKU00274,Reebok Underwear,Underwear,Buyout,1420.67,4595.6,264064.38,99,8234,0.013155263157894738,135.8684210526316,0.006705263157894736,616.473947368421,0.30913700060927846,Low Margin + High Sell-through,Traffic Driver / Control Discount,Medium
2026-04-01,SKU00275,Skechers,Outdoor Apparel,Buyout,1607.95,14021.05,2441538.55,42,8261,0.0059026315789473685,133.19736842105263,0.0007644736842105263,799.0911842105263,0.11468114014285664,Low Margin + Low Sell-through,Clearance / Eliminate,High
2026-04-01,SKU00276,New Balance,Lifestyle Apparel,Consignment,4267.25,5177.4,192102.67,157,7981,0.027389473684210526,123.64473684210526,0.035653947368421056,484.64868421052637,0.8242071309923901,High Margin + High Sell-through,Main Push / Monitor Inventory,Low
2026-04-01,SKU00277,Cole Haan,Underwear,Buyout,4676.89,12197.59,437522.42,165,9599,0.020552631578947368,223.5921052631579,0.014217105263157895,431.9897368421053,0.38342738196643766,Low Margin + High Sell-through,Traffic Driver / Control Discount,Medium
2026-04-01,SKU00278,Champion,Running Shoes,Buyout,1739.47,3726.91,795827.76,21,8409,0.0027276315789473687,133.5921052631579,0.0027552631578947368,875.5964473684211,0.46673249421102203,Low Margin + Low Sell-through,Clearance / Eliminate,High
2026-04-01,SKU00279,Columbia,Yoga Apparel,Buyout,378.46,662.99,62627.36,37,8144,0.005242105263157894,290.55263157894734,0.007732894736842105,841.8639473684211,0.5708381725214557,High Margin + Low Sell-through,Targeted Marketing / Control Inventory,Medium
2026-04-01,SKU00280,Salomon,Running Shoes,Buyout,1991.45,5600.78,964273.26,31,8282,0.003378947368421053,148.0,0.0023684210526315787,859.8626315789473,0.35556654608822347,Low Margin + Low Sell-through,Clearance / Eliminate,High
2026-04-01,SKU00281,Hoka,Underwear,Buyout,388.15999999999997,624.9200000000001,522351.75,4,8825,0.0004342105263157895,152.98684210526315,0.0007868421052631578,974.828947368421,0.621135505344684,High Margin + Low Sell-through,Targeted Marketing / Control Inventory,Medium
2026-04-01,SKU00282,Adidas,Performance Apparel,Consignment,4526.3099999999995,5431.0,611957.8,49,8068,0.007043421052631579,140.6315789473684,0.009955263157894738,789.3482894736842,0.833421101086356,High Margin + High Sell-through,Main Push / Monitor Inventory,Low
2026-04-01,SKU00283,Cole Haan,Lifestyle Apparel,Buyout,3721.88,6747.68,645235.04,45,9596,0.005125,200.67105263157896,0.007338157894736842,763.7017105263158,0.5515792094468025,High Margin + Low Sell-through,Targeted Marketing / Control Inventory,Medium
2026-04-01,SKU00284,Adidas,Underwear,Consignment,1183.37,1424.21,196405.3,55,7910,0.007178947368421052,140.92105263157896,0.006928947368421052,777.9307894736842,0.8308957246473483,High Margin + High Sell-through,Main Push / Monitor Inventory,Low
2026-04-01,SKU00285,Hoka,Lifestyle Apparel,Consignment,1013.48,1230.47,41033.52,71,8478,0.008596052631578947,287.5,0.02919605263157895,680.5890789473684,0.8236527505749835,High Margin + High Sell-through,Main Push / Monitor Inventory,Low
2026-04-01,SKU00286,Brooks Brothers,Accessories,Consignment,455.32,555.23,131403.1,19,8819,0.002218421052631579,129.60526315789474,0.00415,897.3684210526316,0.82005655314014,High Margin + Low Sell-through,Targeted Marketing / Control Inventory,Medium
2026-04-01,SKU00287,Under Armour,Yoga Apparel,Consignment,575.79,698.36,48315.3,70,7986,0.011272368421052632,140.56578947368422,0.017919736842105263,718.668947368421,0.8244888023369036,High Margin + High Sell-through,Main Push / Monitor Inventory,Low
2026-04-01,SKU00288,Lululemon,Outdoor Apparel,Buyout,2561.27,15443.27,2854719.0,38,8421,0.004980263157894737,138.0,0.0012026315789473684,809.0351315789474,0.16585023767634705,Low Margin + Low Sell-through,Clearance / Eliminate,High
2026-04-01,SKU00289,Brand A,Lifestyle Apparel,Own Brand,935.02,2287.3199999999997,1277653.04,10,9448,0.0009513157894736842,127.26315789473684,0.0006802631578947367,956.2631578947369,0.40878407918437304,Low Margin + Low Sell-through,Clearance / Eliminate,High
2026-04-01,SKU00290,Brand B,Lifestyle Apparel,Own Brand,1367.56,2409.58,219742.17,42,8857,0.005418421052631579,145.25,0.007957894736842105,764.2851315789474,0.5675511914939533,High Margin + Low Sell-through,Targeted Marketing / Control Inventory,Medium
2026-04-01,SKU00291,Brooks Brothers,Kids Apparel,Consignment,3607.04,4408.73,116357.58,54,8562,0.007081578947368421,119.94736842105263,0.03797894736842106,749.0815789473684,0.8181585173054372,High Margin + High Sell-through,Main Push / Monitor Inventory,Low
2026-04-01,SKU00292,New Balance,Kids Apparel,Buyout,1428.73,19189.45,909720.6,172,8810,0.02034605263157895,293.4736842105263,0.0017789473684210525,449.7942105263158,0.07445393171768862,Low Margin + High Sell-through,Traffic Driver / Control Discount,Medium
2026-04-01,SKU00293,Under Armour,Lifestyle Apparel,Buyout,691.36,20282.12,1068755.38,148,8074,0.021669736842105262,298.2368421052632,0.0006789473684210526,509.38394736842105,0.034087166430333715,Low Margin + High Sell-through,Traffic Driver / Control Discount,Medium
2026-04-01,SKU00294,Nike,Performance Apparel,Consignment,2554.86,3147.4,237024.0,33,8230,0.003936842105263158,140.4078947368421,0.012085526315789474,818.6842105263158,0.8117366715384127,High Margin + Low Sell-through,Targeted Marketing / Control Inventory,Medium
2026-04-01,SKU00295,Cole Haan,Underwear,Buyout,823.13,4417.7699999999995,656984.65,56,10235,0.005118421052631579,215.31578947368422,0.0013592105263157896,773.3272368421053,0.1863225111311816,Low Margin + Low Sell-through,Clearance / Eliminate,High
2026-04-01,SKU00296,On Running,Performance Apparel,Buyout,4035.01,9280.85,1836956.32,23,8054,0.003080263157894737,124.86842105263158,0.0028513157894736844,879.2894736842105,0.4347672896340314,Low Margin + Low Sell-through,Clearance / Eliminate,High
2026-04-01,SKU00297,Puma,Performance Apparel,Buyout,4103.32,26614.52,2361898.8,76,7974,0.011276315789473685,140.98684210526315,0.0025381578947368424,681.3759210526316,0.15417599115069516,Low Margin + High Sell-through,Traffic Driver / Control Discount,Medium
2026-04-01,SKU00298,Brand A,Underwear,Own Brand,919.12,2610.68,309197.65,52,9505,0.005815789473684211,139.32894736842104,0.0036289473684210523,802.4499999999999,0.35206153186143074,Low Margin + Low Sell-through,Clearance / Eliminate,High
2026-04-01,SKU00299,Puma,Yoga Apparel,Buyout,1229.55,6214.04,1368966.06,31,8514,0.0038355263157894733,139.96052631578948,0.0011486842105263159,864.7368421052631,0.19786644437435227,Low Margin + Low Sell-through,Clearance / Eliminate,High
2026-04-01,SKU00300,Brand A,Kids Apparel,Own Brand,5592.05,20294.57,1009040.34,138,9471,0.015835526315789474,141.21052631578948,0.007303947368421053,549.295,0.2755441480159471,Low Margin + High Sell-through,Traffic Driver / Control Discount,Medium
2026-04-01,SKU00301,Lululemon,Outdoor Apparel,Consignment,783.9,951.67,409840.52,14,7972,0.0017605263157894737,144.43421052631578,0.0020157894736842104,924.2017105263158,0.8237098994399319,High Margin + Low Sell-through,Targeted Marketing / Control Inventory,Medium
2026-04-01,SKU00302,Cole Haan,Training Shoes,Buyout,14838.87,26583.87,798660.0,145,9860,0.01584342105263158,215.64473684210526,0.023107894736842105,549.3802631578948,0.5581907374659898,High Margin + High Sell-through,Main Push / Monitor Inventory,Low
2026-04-01,SKU00303,Adidas,Lifestyle Apparel,Consignment,3579.34,4315.03,61473.8,79,8110,0.010068421052631579,133.73684210526315,0.06897631578947369,695.2361842105263,0.829505240983261,High Margin + High Sell-through,Main Push / Monitor Inventory,Low
2026-04-01,SKU00304,Hoka,Outdoor Apparel,Buyout,16323.23,31625.44,996701.09,119,7751,0.016622368421052632,132.39473684210526,0.020868421052631578,541.126447368421,0.5161423841059603,High Margin + High Sell-through,Main Push / Monitor Inventory,Low
2026-04-01,SKU00305,New Balance,Training Shoes,Buyout,7795.53,20661.93,1304974.6199999999,80,8114,0.011369736842105262,134.26315789473685,0.007514473684210527,643.5877631578948,0.3772895368438476,Low Margin + High Sell-through,Traffic Driver / Control Discount,Medium
2026-04-01,SKU00306,Salomon,Lifestyle Apparel,Buyout,3447.8,17465.18,1517830.66,78,8446,0.00948157894736842,147.18421052631578,0.0026473684210526313,653.4381578947368,0.19740993221942174,Low Margin + High Sell-through,Traffic Driver / Control Discount,Medium
2026-04-01,SKU00307,Adidas,Running Shoes,Consignment,1129.8,1389.65,365442.0,31,8085,0.0037618421052631576,135.5,0.0034302631578947366,823.6535526315789,0.8130104702622962,High Margin + Low Sell-through,Targeted Marketing / Control Inventory,Medium
2026-04-01,SKU00308,Champion,Lifestyle Apparel,Consignment,556.73,685.5,116906.79,37,7557,0.006023684210526316,142.3421052631579,0.006713157894736842,836.1282894736842,0.8121517140773159,High Margin + Low Sell-through,Targeted Marketing / Control Inventory,Medium
2026-04-01,SKU00309,New Balance,Bags,Buyout,828.7900000000001,6181.27,1167881.4,36,7855,0.005497368421052632,305.2236842105263,0.0007157894736842104,832.1430263157895,0.13408086040570952,Low Margin + Low Sell-through,Clearance / Eliminate,High
2026-04-01,SKU00310,Skechers,Accessories,Buyout,939.56,2938.08,491400.8,34,8360,0.0035197368421052634,134.67105263157896,0.0018039473684210525,891.3201315789474,0.3197870718292218,Low Margin + Low Sell-through,Clearance / Eliminate,High
2026-04-01,SKU00311,Patagonia,Training Shoes,Buyout,1467.09,5551.09,2192852.75,16,8591,0.002139473684210526,128.76315789473685,0.0008065789473684211,920.9035526315789,0.26428863520497775,Low Margin + Low Sell-through,Clearance / Eliminate,High
2026-04-01,SKU00312,Reebok Underwear,Lifestyle Apparel,Consignment,569.84,682.84,66837.54,96,8547,0.012769736842105264,134.78947368421052,0.011189473684210527,605.1139473684211,0.8345146740085525,High Margin + High Sell-through,Main Push / Monitor Inventory,Low
2026-04-01,SKU00313,On Running,Performance Apparel,Consignment,4181.31,5087.81,442448.57,52,8777,0.006390789473684211,137.05263157894737,0.011634210526315789,773.4939473684211,0.8218290384271425,High Margin + High Sell-through,Main Push / Monitor Inventory,Low
2026-04-01,SKU00314,Cole Haan,Performance Apparel,Consignment,2367.44,2879.27,526899.36,37,10608,0.0034078947368421054,217.80263157894737,0.004681578947368421,834.171052631579,0.8222361918125081,High Margin + Low Sell-through,Targeted Marketing / Control Inventory,Medium
2026-04-01,SKU00315,Under Armour,Training Shoes,Buyout,8771.83,21629.35,655961.76,169,8622,0.01951842105263158,140.92105263157896,0.014689473684210527,389.3507894736842,0.4055521779433964,Low Margin + High Sell-through,Traffic Driver / Control Discount,Medium
2026-04-01,SKU00316,Brand A,Lifestyle Apparel,Own Brand,-7856.04,13931.82,482275.83,422,9341,0.048253947368421056,295.0,-0.020125,201.49052631578948,-0.5638918676813224,Low Margin + High Sell-through,Traffic Driver / Control Discount,Medium
2026-04-01,SKU00317,On Running,Underwear,Consignment,103.72,125.09,68099.67,21,8397,0.002621052631578947,301.4868421052632,0.0017671052631578947,905.421052631579,0.8291630026381005,High Margin + Low Sell-through,Targeted Marketing / Control Inventory,Medium
2026-04-01,SKU00318,Asics,Training Shoes,Buyout,2762.43,5134.87,548097.76,37,8548,0.004594736842105263,126.36842105263158,0.005793421052631579,806.3421052631579,0.5379746712185508,High Margin + Low Sell-through,Targeted Marketing / Control Inventory,Medium
2026-04-01,SKU00319,The North Face,Yoga Apparel,Buyout,2029.35,4181.43,749641.2,24,8360,0.0034618421052631577,290.5263157894737,0.003889473684210526,850.2631578947369,0.48532439859091264,Low Margin + Low Sell-through,Clearance / Eliminate,High
2026-04-01,SKU00320,Columbia,Kids Apparel,Consignment,248.39,296.95,33750.36,17,8172,0.0026039473684210525,147.78947368421052,0.011836842105263158,906.8246052631579,0.8364707863276646,High Margin + Low Sell-through,Targeted Marketing / Control Inventory,Medium
2026-04-01,SKU00321,Skechers,Sportswear,Buyout,3988.92,6631.08,216526.32,101,8277,0.013246052631578947,114.72368421052632,0.022267105263157894,606.6647368421052,0.6015490689299481,High Margin + High Sell-through,Main Push / Monitor Inventory,Low
2026-04-01,SKU00322,Brand A,Bags,Own Brand,138.11,486.64,455578.5,7,9150,0.0008473684210526316,144.76315789473685,0.00037368421052631583,958.6315789473684,0.2838032220943614,Low Margin + Low Sell-through,Clearance / Eliminate,High
2026-04-01,SKU00323,The North Face,Bags,Consignment,9567.89,11733.66,410723.97,170,8011,0.023426315789473684,134.76315789473685,0.029251315789473684,462.6822368421052,0.8154224683517334,High Margin + High Sell-through,Main Push / Monitor Inventory,Low
2026-04-01,SKU00324,Fila,Outdoor Apparel,Buyout,2555.19,4928.99,398159.3,52,8722,0.007097368421052632,121.52631578947368,0.008434210526315789,742.8447368421052,0.5184003213640117,High Margin + High Sell-through,Main Push / Monitor Inventory,Low
2026-04-01,SKU00325,Under Armour,Lifestyle Apparel,Buyout,8567.05,22425.51,713620.7,154,7930,0.019925,129.18421052631578,0.01365263157894737,450.7952631578948,0.3820225270239116,Low Margin + High Sell-through,Traffic Driver / Control Discount,Medium
2026-04-01,SKU00326,New Balance,Running Shoes,Buyout,1789.1399999999999,4804.9,528216.92,46,8057,0.0056644736842105265,316.1578947368421,0.0038407894736842106,727.3464473684211,0.37235738516930633,Low Margin + Low Sell-through,Clearance / Eliminate,High
2026-04-01,SKU00327,Salomon,Accessories,Buyout,2488.94,4513.11,407105.02,41,8246,0.004478947368421052,130.03947368421052,0.005805263157894737,815.3227631578948,0.5514911003720273,High Margin + Low Sell-through,Targeted Marketing / Control Inventory,Medium
2026-04-01,SKU00328,Lululemon,Running Shoes,Consignment,5579.8,6795.75,351072.1,95,8245,0.014925,138.1315789473684,0.023417105263157895,597.4769736842105,0.8210719935253652,High Margin + High Sell-through,Main Push / Monitor Inventory,Low
2026-04-01,SKU00329,Columbia,Bags,Consignment,7091.7,8549.36,320298.24,176,8376,0.020796052631578948,139.25,0.025115789473684213,403.9739473684211,0.8295006877707805,High Margin + High Sell-through,Main Push / Monitor Inventory,Low
2026-04-01,SKU00330,Adidas,Kids Apparel,Buyout,-475.53,9197.55,536304.12,149,8261,0.018988157894736842,289.10526315789474,-0.0005171052631578947,433.77013157894737,-0.05170181189555915,Low Margin + High Sell-through,Traffic Driver / Control Discount,Medium
2026-04-01,SKU00331,Brooks Brothers,Yoga Apparel,Buyout,181.67000000000002,499.19,270597.6,9,7670,0.001488157894736842,290.82894736842104,0.0008223684210526315,952.9605263157895,0.3639295658967528,Low Margin + Low Sell-through,Clearance / Eliminate,High
2026-04-01,SKU00332,Under Armour,Yoga Apparel,Buyout,9549.73,24592.88,998865.16,115,7636,0.018121052631578947,132.73684210526315,0.01226842105263158,511.20776315789476,0.3883127962239477,Low Margin + High Sell-through,Traffic Driver / Control Discount,Medium
2026-04-01,SKU00333,Brand B,Accessories,Own Brand,833.0799999999999,2171.34,156228.82,77,8989,0.010376315789473683,148.02631578947367,0.007307894736842105,696.5189473684211,0.3836709128924995,Low Margin + High Sell-through,Traffic Driver / Control Discount,Medium
2026-04-01,SKU00334,Champion,Outdoor Apparel,Buyout,1089.08,8022.68,1601661.6,36,8316,0.004780263157894737,138.47368421052633,0.0009171052631578948,824.7482894736843,0.1357501483294859,Low Margin + Low Sell-through,Clearance / Eliminate,High
2026-04-01,SKU00335,Adidas,Sportswear,Consignment,364.44,447.23,66825.86,43,7946,0.007226315789473685,311.60526315789474,0.007938157894736841,803.6903947368421,0.8148827225365024,High Margin + High Sell-through,Main Push / Monitor Inventory,Low
2026-04-01,SKU00336,Cole Haan,Running Shoes,Buyout,6276.65,10205.85,848205.6,47,10146,0.005438157894736842,218.94736842105263,0.009732894736842105,771.3009210526316,0.615005119612771,High Margin + Low Sell-through,Targeted Marketing / Control Inventory,Medium
2026-04-01,SKU00337,Brand A,Outdoor Apparel,Own Brand,15354.16,29248.48,1832155.56,66,8703,0.007659210526315789,127.75,0.009456578947368422,717.0280263157895,0.5249558267643311,High Margin + High Sell-through,Main Push / Monitor Inventory,Low
2026-04-01,SKU00338,Brooks Brothers,Basketball Shoes,Buyout,2003.91,5319.31,1377217.16,20,8308,0.002735526315789474,124.0,0.0019157894736842106,882.421052631579,0.3767236728071874,Low Margin + Low Sell-through,Clearance / Eliminate,High
2026-04-01,SKU00339,Brand A,Training Shoes,Own Brand,8491.52,20754.54,792637.02,154,9954,0.017875000000000002,137.77631578947367,0.01375921052631579,472.49078947368423,0.40914036157871964,Low Margin + High Sell-through,Traffic Driver / Control Discount,Medium
2026-04-01,SKU00340,The North Face,Running Shoes,Buyout,8749.23,26919.33,1657718.79,90,8211,0.011211842105263157,129.28947368421052,0.006456578947368422,663.1676315789473,0.3250166330291281,Low Margin + High Sell-through,Traffic Driver / Control Discount,Medium
2026-04-01,SKU00341,Adidas,Basketball Shoes,Consignment,1339.24,1620.8700000000001,116009.79,53,8187,0.007127631578947368,152.6184210526316,0.014680263157894736,762.5509210526316,0.8262476324443045,High Margin + High Sell-through,Main Push / Monitor Inventory,Low
2026-04-01,SKU00342,Champion,Accessories,Buyout,1429.55,2932.1000000000004,619980.75,21,8665,0.0023776315789473686,136.14473684210526,0.0025342105263157894,885.9605263157895,0.48755158418880656,Low Margin + Low Sell-through,Clearance / Eliminate,High
2026-04-01,SKU00343,Cole Haan,Outdoor Apparel,Buyout,1120.42,3495.66,699717.76,34,10016,0.003518421052631579,222.35526315789474,0.0017921052631578946,843.0351315789474,0.3205174416276183,Low Margin + Low Sell-through,Clearance / Eliminate,High
2026-04-01,SKU00344,Lululemon,Underwear,Consignment,2070.71,2509.96,173463.82,63,8102,0.010588157894736841,137.64473684210526,0.01978026315789474,703.3922368421053,0.824997211110934,High Margin + High Sell-through,Main Push / Monitor Inventory,Low
2026-04-01,SKU00345,New Balance,Running Shoes,Consignment,1398.49,1694.48,155441.94,66,8718,0.008121052631578947,144.25,0.010957894736842106,739.1605263157894,0.8253210424436995,High Margin + High Sell-through,Main Push / Monitor Inventory,Low
2026-04-01,SKU00346,Salomon,Kids Apparel,Buyout,8597.64,22677.04,1148098.4,101,8236,0.012961842105263157,137.0,0.008478947368421053,611.4319736842106,0.37913413743592633,Low Margin + High Sell-through,Traffic Driver / Control Discount,Medium
2026-04-01,SKU00347,Skechers,Kids Apparel,Buyout,1529.1,2862.9,412246.8,26,8036,0.004289473684210526,140.80263157894737,0.005457894736842105,876.4167105263158,0.534108770826784,High Margin + Low Sell-through,Targeted Marketing / Control Inventory,Medium
2026-04-01,SKU00348,Hoka,Outdoor Apparel,Consignment,1958.97,2405.44,370530.0,30,8625,0.0035526315789473684,143.71052631578948,0.005940789473684211,860.7105263157895,0.8143915458294533,High Margin + Low Sell-through,Targeted Marketing / Control Inventory,Medium
2026-04-01,SKU00349,Brooks Brothers,Lifestyle Apparel,Buyout,4749.9800000000005,8239.0,339205.77,86,8361,0.011189473684210527,139.78947368421052,0.018148684210526317,653.1661842105262,0.576523849981794,High Margin + High Sell-through,Main Push / Monitor Inventory,Low
2026-04-01,SKU00350,Columbia,Accessories,Consignment,1869.06,2270.7200000000003,187997.68,69,8476,0.009463157894736842,118.38157894736842,0.013651315789473685,671.0261842105263,0.8231133737316797,High Margin + High Sell-through,Main Push / Monitor Inventory,Low
2026-04-01,SKU00351,Nike,Kids Apparel,Consignment,2809.61,3423.69,48888.65,240,7699,0.03455,296.32894736842104,0.074875,367.83171052631576,0.8206379666383347,High Margin + High Sell-through,Main Push / Monitor Inventory,Low
2026-04-01,SKU00352,Brand B,Accessories,Own Brand,693.77,2773.9300000000003,1203372.56,16,9256,0.0018894736842105264,121.42105263157895,0.0005868421052631579,926.671052631579,0.25010364356706904,Low Margin + Low Sell-through,Clearance / Eliminate,High
2026-04-01,SKU00353,On Running,Bags,Consignment,1316.74,1598.4,37287.25,124,8195,0.016373684210526315,140.8421052631579,0.043576315789473685,548.4542105263157,0.8237862862862863,High Margin + High Sell-through,Main Push / Monitor Inventory,Low
2026-04-01,SKU00354,Patagonia,Sportswear,Buyout,539.49,6298.95,981576.54,49,8351,0.00575921052631579,130.8815789473684,0.0007973684210526316,789.3930263157895,0.08564760793465578,Low Margin + Low Sell-through,Clearance / Eliminate,High
2026-04-01,SKU00355,Hoka,Yoga Apparel,Consignment,2776.94,3360.57,426253.12,36,8444,0.005047368421052631,140.1315789473684,0.008410526315789474,822.1623684210526,0.826330057103408,High Margin + Low Sell-through,Targeted Marketing / Control Inventory,Medium
2026-04-01,SKU00356,Brand B,Running Shoes,Own Brand,5001.55,21526.35,2486466.0,64,9630,0.007293421052631579,142.46052631578948,0.002318421052631579,723.8614473684211,0.2323454742675837,Low Margin + High Sell-through,Traffic Driver / Control Discount,Medium
2026-04-01,SKU00357,The North Face,Lifestyle Apparel,Buyout,3708.9,7698.9,379335.0,84,7986,0.011827631578947369,318.6842105263158,0.012628947368421052,655.8088157894737,0.4817441452675058,Low Margin + High Sell-through,Traffic Driver / Control Discount,Medium
2026-04-01,SKU00358,Reebok Underwear,Performance Apparel,Buyout,3439.3199999999997,9145.32,1610423.4,30,8467,0.004105263157894737,132.43421052631578,0.0027592105263157893,846.0351315789474,0.37607431998005536,Low Margin + Low Sell-through,Clearance / Eliminate,High
2026-04-01,SKU00359,Brand B,Basketball Shoes,Own Brand,1135.83,2812.2,883151.16,17,8956,0.0016973684210526317,138.5921052631579,0.0012631578947368421,934.9105263157894,0.40389374866652444,Low Margin + Low Sell-through,Clearance / Eliminate,High
2026-04-01,SKU00360,Salomon,Running Shoes,Buyout,6370.28,36064.42,2250447.92,113,8564,0.014503947368421054,144.72368421052633,0.0037394736842105264,553.5646052631579,0.17663614165984093,Low Margin + High Sell-through,Traffic Driver / Control Discount,Medium
2026-04-01,SKU00361,The North Face,Accessories,Buyout,199.75,551.5,119327.67,25,8481,0.003380263157894737,145.0921052631579,0.0019013157894736841,869.1009210526315,0.3621940163191296,Low Margin + Low Sell-through,Clearance / Eliminate,High
2026-04-01,SKU00362,Brooks Brothers,Outdoor Apparel,Buyout,7951.39,14845.57,1706512.32,34,8416,0.003638157894736842,130.0921052631579,0.004619736842105263,876.3973684210526,0.5356069184275175,High Margin + Low Sell-through,Targeted Marketing / Control Inventory,Medium
2026-04-01,SKU00363,Under Armour,Accessories,Buyout,1319.02,3241.33,408219.77999999997,39,8282,0.004857894736842105,128.26315789473685,0.0035013157894736844,831.4219736842106,0.4069378927785816,Low Margin + Low Sell-through,Clearance / Eliminate,High
2026-04-01,SKU00364,Brand A,Outdoor Apparel,Own Brand,24165.18,44157.93,1573516.35,115,9051,0.014936842105263158,130.93421052631578,0.02088684210526316,569.061052631579,0.5472444020813476,High Margin + High Sell-through,Main Push / Monitor Inventory,Low
2026-04-01,SKU00365,On Running,Performance Apparel,Consignment,865.24,1040.28,90364.5,37,8406,0.004732894736842105,134.14473684210526,0.012111842105263157,799.3332894736842,0.831737609105241,High Margin + Low Sell-through,Targeted Marketing / Control Inventory,Medium
2026-04-01,SKU00366,Brand B,Kids Apparel,Own Brand,2186.79,5157.71,788167.6,34,9020,0.004123684210526316,137.25,0.0032539473684210524,851.5052631578948,0.42398467536949536,Low Margin + Low Sell-through,Clearance / Eliminate,High
2026-04-01,SKU00367,Adidas,Yoga Apparel,Consignment,974.73,1179.72,43582.06,56,8479,0.008310526315789473,134.89473684210526,0.031055263157894735,735.7805263157894,0.8262384294578374,High Margin + High Sell-through,Main Push / Monitor Inventory,Low
2026-04-01,SKU00368,Puma,Sportswear,Buyout,2873.34,7190.84,711696.7,50,8242,0.006057894736842105,136.53947368421052,0.004692105263157895,776.4768421052631,0.39958335882873214,Low Margin + Low Sell-through,Clearance / Eliminate,High
2026-04-01,SKU00369,Adidas,Bags,Consignment,357.03,440.23,98879.94,21,8199,0.003386842105263158,145.94736842105263,0.005559210526315789,869.828947368421,0.8110078822433727,High Margin + Low Sell-through,Targeted Marketing / Control Inventory,Medium
2026-04-01,SKU00370,Hoka,Sportswear,Buyout,908.9,1666.94,534291.86,12,8458,0.0018684210526315789,143.21052631578948,0.002555263157894737,921.7851315789474,0.5452505789050596,High Margin + Low Sell-through,Targeted Marketing / Control Inventory,Medium
2026-04-01,SKU00371,Brand A,Sportswear,Own Brand,7923.07,31545.57,1749009.9,125,9255,0.015642105263157895,132.21052631578948,0.005481578947368421,538.731447368421,0.2511626830645317,Low Margin + High Sell-through,Traffic Driver / Control Discount,Medium
2026-04-01,SKU00372,Under Armour,Kids Apparel,Consignment,2031.48,2465.29,204408.0,62,7650,0.009335526315789475,134.21052631578948,0.013567105263157894,715.9913157894737,0.8240328724004072,High Margin + High Sell-through,Main Push / Monitor Inventory,Low
2026-04-01,SKU00373,New Balance,Outdoor Apparel,Buyout,316.37,960.5,1700503.2,3,7920,0.00035,149.39473684210526,0.00020131578947368421,980.5526315789474,0.3293805309734513,Low Margin + Low Sell-through,Clearance / Eliminate,High
2026-04-01,SKU00374,Asics,Sportswear,Buyout,6263.45,14593.45,474993.75,136,7755,0.01680526315789474,141.3815789473684,0.014114473684210526,541.1836842105263,0.4291959749065505,Low Margin + High Sell-through,Traffic Driver / Control Discount,Medium
2026-04-01,SKU00375,Salomon,Lifestyle Apparel,Buyout,112.07000000000001,363.59000000000003,351289.6,6,8380,0.0006749999999999999,127.0,0.0003473684210526316,968.9605263157895,0.3082317995544432,Low Margin + Low Sell-through,Clearance / Eliminate,High
2026-04-01,SKU00376,Puma,Sportswear,Consignment,647.01,801.28,349848.0,17,8600,0.0017960526315789476,141.10526315789474,0.0018263157894736844,921.0131578947369,0.8074705471246006,High Margin + Low Sell-through,Targeted Marketing / Control Inventory,Medium
2026-04-01,SKU00377,Reebok Underwear,Kids Apparel,Consignment,417.99,510.98,124037.1,36,8415,0.004515789473684211,291.4868421052632,0.004031578947368421,828.3351315789474,0.8180163607186192,High Margin + Low Sell-through,Targeted Marketing / Control Inventory,Medium
2026-04-01,SKU00378,Cole Haan,Sportswear,Buyout,44.22,1460.58,376790.04,37,9843,0.004296052631578948,283.0921052631579,0.00014473684210526317,840.2535526315789,0.030275643922277454,Low Margin + Low Sell-through,Clearance / Eliminate,High
2026-04-01,SKU00379,Brand B,Kids Apparel,Own Brand,1807.29,7527.05,1269786.72,38,8436,0.005167105263157895,139.9078947368421,0.0017973684210526315,810.1359210526316,0.2401060176297487,Low Margin + Low Sell-through,Clearance / Eliminate,High
2026-04-01,SKU00380,Cole Haan,Performance Apparel,Buyout,3329.96,5700.21,1188618.0,19,9528,0.002973684210526316,197.35526315789474,0.0045657894736842106,915.811447368421,0.5841819862776986,High Margin + Low Sell-through,Targeted Marketing / Control Inventory,Medium
2026-04-01,SKU00381,Columbia,Accessories,Buyout,2615.69,4348.89,209469.6,70,8460,0.009592105263157895,134.98684210526315,0.017342105263157895,721.1077631578947,0.6014615223654771,High Margin + High Sell-through,Main Push / Monitor Inventory,Low
2026-04-01,SKU00382,Fila,Training Shoes,Buyout,6329.92,28439.68,1880481.15,96,8165,0.01276578947368421,125.39473684210526,0.003947368421052632,636.7428947368421,0.22257353106645364,Low Margin + High Sell-through,Traffic Driver / Control Discount,Medium
2026-04-01,SKU00383,Puma,Running Shoes,Buyout,7212.41,11802.16,727183.3,55,8714,0.006980263157894737,149.97368421052633,0.011814473684210527,733.8377631578948,0.6111093223613304,High Margin + High Sell-through,Main Push / Monitor Inventory,Low
2026-04-01,SKU00384,Fila,Running Shoes,Consignment,2075.83,2528.87,110076.75,63,8435,0.007296052631578947,132.48684210526315,0.020206578947368423,706.4684210526316,0.8208527919584637,High Margin + High Sell-through,Main Push / Monitor Inventory,Low
2026-04-01,SKU00385,Reebok Underwear,Outdoor Apparel,Buyout,2216.74,7699.84,2191151.2,21,8392,0.0029605263157894738,130.18421052631578,0.0015368421052631579,882.3947368421053,0.28789429390740584,Low Margin + Low Sell-through,Clearance / Eliminate,High
2026-04-01,SKU00386,Lululemon,Basketball Shoes,Buyout,2739.86,7459.54,757267.84,49,7862,0.007980263157894737,136.52631578947367,0.005230263157894736,759.6753947368421,0.36729610673044183,Low Margin + High Sell-through,Traffic Driver / Control Discount,Medium
2026-04-01,SKU00387,Puma,Performance Apparel,Buyout,3678.9100000000003,21960.53,2297754.06,67,8421,0.008936842105263158,143.18421052631578,0.001906578947368421,680.1027631578947,0.16752373462753406,Low Margin + High Sell-through,Traffic Driver / Control Discount,Medium
2026-04-01,SKU00388,Brand B,Kids Apparel,Own Brand,1475.77,3598.45,166704.86,114,8953,0.013905263157894737,136.46052631578948,0.01104078947368421,527.0657894736842,0.41011268740707807,Low Margin + High Sell-through,Traffic Driver / Control Discount,Medium
2026-04-01,SKU00389,Skechers,Lifestyle Apparel,Buyout,1089.13,2377.48,315608.94,35,8574,0.004610526315789474,306.39473684210526,0.004778947368421053,828.2238157894737,0.45810269697326583,Low Margin + Low Sell-through,Clearance / Eliminate,High
2026-04-01,SKU00390,Adidas,Yoga Apparel,Buyout,1410.9,3070.4,506147.5,25,7625,0.004135526315789473,143.39473684210526,0.004110526315789474,870.4499999999999,0.45951667535174573,Low Margin + Low Sell-through,Clearance / Eliminate,High
2026-04-01,SKU00391,Adidas,Basketball Shoes,Consignment,89.03,109.81,189573.76,3,8896,0.00030000000000000003,134.25,0.000475,980.8815789473684,0.8107640469902558,High Margin + Low Sell-through,Targeted Marketing / Control Inventory,Medium
2026-04-01,SKU00392,Under Armour,Training Shoes,Consignment,4820.76,5887.64,210882.86000000002,167,8114,0.02180394736842105,302.10526315789474,0.02776052631578947,448.9592105263158,0.8187932686101732,High Margin + High Sell-through,Main Push / Monitor Inventory,Low
2026-04-01,SKU00393,Brand B,Accessories,Own Brand,6489.9400000000005,18965.42,715210.14,164,9402,0.019948684210526316,134.06578947368422,0.01193421052631579,424.7496052631579,0.3421985909091389,Low Margin + High Sell-through,Traffic Driver / Control Discount,Medium
2026-04-01,SKU00394,Nike,Outdoor Apparel,Consignment,2160.98,2649.9900000000002,294226.22,48,8198,0.006418421052631579,300.92105263157896,0.008861842105263158,740.6148684210526,0.8154672281782195,High Margin + High Sell-through,Main Push / Monitor Inventory,Low
2026-04-01,SKU00395,Brand B,Kids Apparel,Own Brand,5954.28,12083.48,915813.92,55,8218,0.007901315789473685,128.85526315789474,0.00891578947368421,754.0184210526317,0.49276201888859833,Low Margin + High Sell-through,Traffic Driver / Control Discount,Medium
2026-04-01,SKU00396,Adidas,Training Shoes,Buyout,14745.35,43154.57,1926641.15,126,8545,0.01786842105263158,141.47368421052633,0.011288157894736842,522.8923684210527,0.3416868711703071,Low Margin + High Sell-through,Traffic Driver / Control Discount,Medium
2026-04-01,SKU00397,Asics,Underwear,Consignment,306.63,382.89,101021.25,20,8525,0.002506578947368421,136.43421052631578,0.003593421052631579,903.5368421052632,0.8008305257384628,High Margin + Low Sell-through,Targeted Marketing / Control Inventory,Medium
2026-04-01,SKU00398,Lululemon,Sportswear,Buyout,2330.33,5894.33,1384128.0,22,8544,0.0025842105263157895,147.92105263157896,0.001894736842105263,892.7719736842105,0.3953511255732204,Low Margin + Low Sell-through,Clearance / Eliminate,High
2026-04-01,SKU00399,Asics,Performance Apparel,Consignment,2994.21,3610.0299999999997,269071.39,120,8231,0.015728947368421054,127.9342105263158,0.013851315789473684,526.343947368421,0.8294141599931303,High Margin + High Sell-through,Main Push / Monitor Inventory,Low
2026-04-01,SKU00400,Hoka,Sportswear,Buyout,898.77,1962.69,202144.80000000002,44,8360,0.0064,141.67105263157896,0.006047368421052632,802.4167105263158,0.45792764012656095,Low Margin + High Sell-through,Traffic Driver / Control Discount,Medium
2026-04-01,SKU00401,Reebok Underwear,Yoga Apparel,Buyout,423.26,1817.96,755834.42,15,8129,0.0015,125.21052631578948,0.0005157894736842105,930.328947368421,0.23282140421131378,Low Margin + Low Sell-through,Clearance / Eliminate,High
2026-04-01,SKU00402,Puma,Performance Apparel,Buyout,6914.06,15457.130000000001,1379625.21,53,8559,0.00789078947368421,138.72368421052633,0.006998684210526317,745.3682894736842,0.44730554766635205,Low Margin + High Sell-through,Traffic Driver / Control Discount,Medium
2026-04-01,SKU00403,Nike,Outdoor Apparel,Consignment,1034.58,1260.12,114788.34,26,7873,0.00345921052631579,142.31578947368422,0.010688157894736842,857.4342105263158,0.8210170459956195,High Margin + Low Sell-through,Targeted Marketing / Control Inventory,Medium
2026-04-01,SKU00404,Lululemon,Accessories,Consignment,2683.68,3284.97,95746.42,130,8657,0.01729078947368421,143.77631578947367,0.03760657894736843,522.6165789473685,0.8169572324861414,High Margin + High Sell-through,Main Push / Monitor Inventory,Low
2026-04-01,SKU00405,Under Armour,Performance Apparel,Consignment,3431.52,4083.45,337487.94,47,7737,0.006767105263157895,123.27631578947368,0.013105263157894736,761.5280263157895,0.8403482349483893,High Margin + High Sell-through,Main Push / Monitor Inventory,Low
2026-04-01,SKU00406,Cole Haan,Running Shoes,Buyout,2986.78,6735.92,1387302.74,31,11471,0.003703947368421053,218.55263157894737,0.002817105263157895,868.9,0.44341084810983505,Low Margin + Low Sell-through,Clearance / Eliminate,High
2026-04-01,SKU00407,Brand B,Performance Apparel,Own Brand,606.87,3132.62,916241.07,25,9069,0.0033355263157894737,125.72368421052632,0.0009842105263157895,877.7938157894737,0.1937260184765468,Low Margin + Low Sell-through,Clearance / Eliminate,High
2026-04-01,SKU00408,Brand A,Performance Apparel,Own Brand,16154.27,37034.46,2656932.67,73,9289,0.008596052631578947,136.3421052631579,0.007060526315789473,689.8526315789474,0.4361956404926655,Low Margin + High Sell-through,Traffic Driver / Control Discount,Medium
2026-04-01,SKU00409,Puma,Yoga Apparel,Consignment,1280.35,1562.19,182198.04,46,7932,0.006153947368421053,308.32894736842104,0.008332894736842105,775.9253947368421,0.8195866059826269,High Margin + Low Sell-through,Targeted Marketing / Control Inventory,Medium
2026-04-01,SKU00410,Brand B,Sportswear,Own Brand,5827.83,13369.78,1775301.45,41,9651,0.005313157894736842,143.8815789473684,0.0046276315789473685,794.6973684210526,0.4358957290247109,Low Margin + Low Sell-through,Clearance / Eliminate,High
2026-04-01,SKU00411,New Balance,Running Shoes,Buyout,3480.51,30350.15,2260888.28,98,8246,0.012756578947368421,152.26315789473685,0.002305263157894737,617.6890789473684,0.11467851064986499,Low Margin + High Sell-through,Traffic Driver / Control Discount,Medium
2026-04-01,SKU00412,Cole Haan,Training Shoes,Buyout,19472.52,29773.38,565216.29,178,9767,0.019869736842105263,214.96052631578948,0.041688157894736844,402.3917105263158,0.6540245010811672,High Margin + High Sell-through,Main Push / Monitor Inventory,Low
2026-04-01,SKU00413,The North Face,Training Shoes,Buyout,972.37,14535.82,1421148.15,81,8487,0.010225,309.7631578947368,0.0011578947368421052,624.6443421052631,0.06689474690798318,Low Margin + High Sell-through,Traffic Driver / Control Discount,Medium
2026-04-01,SKU00414,Cole Haan,Training Shoes,Buyout,3146.62,6391.42,1354568.8,24,10019,0.002906578947368421,210.89473684210526,0.0030026315789473683,881.0131578947369,0.4923193906831346,Low Margin + Low Sell-through,Clearance / Eliminate,High
2026-04-01,SKU00415,Brooks Brothers,Kids Apparel,Buyout,2058.9,3298.46,695304.62,14,7853,0.0023526315789473688,142.8421052631579,0.004388157894736842,901.7236842105264,0.6242003844218211,High Margin + Low Sell-through,Targeted Marketing / Control Inventory,Medium
2026-04-01,SKU00416,Fila,Outdoor Apparel,Consignment,3929.25,4716.51,265072.5,58,7854,0.008777631578947368,133.85526315789474,0.02063815789473684,694.9605263157895,0.83308420845074,High Margin + High Sell-through,Main Push / Monitor Inventory,Low
2026-04-01,SKU00417,Asics,Kids Apparel,Consignment,1771.24,2133.16,290820.7,53,8381,0.006838157894736843,135.39473684210526,0.007555263157894738,771.278947368421,0.830336214817454,High Margin + High Sell-through,Main Push / Monitor Inventory,Low
2026-04-01,SKU00418,The North Face,Training Shoes,Consignment,1200.42,1454.37,224622.84,32,7926,0.004232894736842105,133.78947368421052,0.006261842105263158,828.109605263158,0.8253883124651912,High Margin + Low Sell-through,Targeted Marketing / Control Inventory,Medium
2026-04-01,SKU00419,Lululemon,Yoga Apparel,Consignment,2000.6200000000001,2458.21,254142.9,43,8514,0.004934210526315789,138.14473684210526,0.008844736842105263,782.2411842105263,0.8138523559826053,High Margin + Low Sell-through,Targeted Marketing / Control Inventory,Medium
2026-04-01,SKU00420,Salomon,Underwear,Buyout,481.24,1315.26,206836.96,34,8432,0.0038776315789473687,133.32894736842104,0.002232894736842105,827.8507894736842,0.36588963398871704,Low Margin + Low Sell-through,Clearance / Eliminate,High
2026-04-01,SKU00421,Cole Haan,Bags,Buyout,440.08,754.72,161840.88,19,9773,0.0019473684210526314,221.5,0.0032078947368421053,922.2596052631578,0.5831036675853296,High Margin + Low Sell-through,Targeted Marketing / Control Inventory,Medium
2026-04-01,SKU00422,Nike,Bags,Consignment,1395.24,1711.46,139455.33,28,8141,0.0036368421052631575,121.57894736842105,0.011992105263157894,860.2807894736842,0.8152337770091034,High Margin + Low Sell-through,Targeted Marketing / Control Inventory,Medium
2026-04-01,SKU00423,Salomon,Underwear,Buyout,72.6,162.4,761593.8,1,8481,9.605263157894737e-05,148.30263157894737,9.078947368421052e-05,993.0131578947369,0.4470443349753694,Low Margin + Low Sell-through,Clearance / Eliminate,High
2026-04-01,SKU00424,Asics,Underwear,Buyout,2928.38,9781.46,601730.22,92,8078,0.01353421052631579,135.89473684210526,0.00669078947368421,603.3288157894737,0.29938066505409217,Low Margin + High Sell-through,Traffic Driver / Control Discount,Medium
2026-04-01,SKU00425,New Balance,Lifestyle Apparel,Buyout,825.98,1561.34,382387.2,16,8320,0.002168421052631579,140.73684210526315,0.002692105263157895,922.2903947368422,0.5290199444067276,High Margin + Low Sell-through,Targeted Marketing / Control Inventory,Medium
2026-04-01,SKU00426,Cole Haan,Lifestyle Apparel,Buyout,709.05,1457.93,167895.63999999998,46,10313,0.005531578947368421,208.46052631578948,0.005676315789473685,779.7175,0.486340222095711,Low Margin + Low Sell-through,Clearance / Eliminate,High
2026-04-01,SKU00427,Salomon,Kids Apparel,Buyout,504.56,801.2,596839.68,4,8048,0.0005657894736842105,134.1315789473684,0.0010473684210526317,987.0263157894736,0.6297553669495756,High Margin + Low Sell-through,Targeted Marketing / Control Inventory,Medium
2026-04-01,SKU00428,Asics,Sportswear,Consignment,2369.9,2832.87,156960.3,71,8610,0.009497368421052631,139.48684210526315,0.019280263157894738,690.5156578947368,0.8365720982607745,High Margin + High Sell-through,Main Push / Monitor Inventory,Low
2026-04-01,SKU00429,Patagonia,Training Shoes,Consignment,3011.64,3693.56,176094.8,90,8540,0.01268157894736842,135.43421052631578,0.023782894736842107,594.844605263158,0.8153759516563965,High Margin + High Sell-through,Main Push / Monitor Inventory,Low
2026-04-01,SKU00430,Brand A,Performance Apparel,Own Brand,3361.88,16265.32,2005028.08,62,9634,0.007878947368421053,136.69736842105263,0.0023355263157894737,717.4036842105263,0.20669006204612023,Low Margin + High Sell-through,Traffic Driver / Control Discount,Medium
2026-04-01,SKU00431,Nike,Training Shoes,Buyout,4139.16,16145.88,2081665.08,48,8322,0.006222368421052632,155.44736842105263,0.0021407894736842105,777.2894736842105,0.25636013645586364,Low Margin + Low Sell-through,Clearance / Eliminate,High
2026-04-01,SKU00432,Puma,Yoga Apparel,Consignment,1625.46,1984.57,431295.92,37,7612,0.005959210526315789,300.7368421052632,0.005244736842105263,784.3157894736842,0.8190489627475978,High Margin + Low Sell-through,Targeted Marketing / Control Inventory,Medium
2026-04-01,SKU00433,Puma,Yoga Apparel,Buyout,630.51,7676.12,413966.54,143,8402,0.018051315789473683,130.81578947368422,0.0023394736842105262,468.61657894736845,0.0821391536349093,Low Margin + High Sell-through,Traffic Driver / Control Discount,Medium
2026-04-01,SKU00434,Nike,Kids Apparel,Buyout,1701.52,3484.92,725843.8,20,8140,0.002751315789473684,125.36842105263158,0.0028947368421052633,895.5219736842105,0.4882522410844438,Low Margin + Low Sell-through,Clearance / Eliminate,High
2026-04-01,SKU00435,New Balance,Outdoor Apparel,Buyout,1310.79,4321.71,771616.6799999999,33,8457,0.004285526315789473,132.39473684210526,0.0023210526315789472,878.9105263157894,0.30330355345453536,Low Margin + Low Sell-through,Clearance / Eliminate,High
2026-04-01,SKU00436,Brand A,Outdoor Apparel,Own Brand,3266.79,6064.87,866705.28,32,9912,0.0032131578947368422,135.10526315789474,0.00398421052631579,852.0911842105263,0.538641388850874,High Margin + Low Sell-through,Targeted Marketing / Control Inventory,Medium
2026-04-01,SKU00437,Salomon,Accessories,Buyout,1348.47,2267.19,400204.64,18,7841,0.002528947368421053,134.6315789473684,0.0044631578947368425,908.4167105263158,0.5947759120320749,High Margin + Low Sell-through,Targeted Marketing / Control Inventory,Medium
2026-04-01,SKU00438,Fila,Running Shoes,Buyout,2131.1,8403.74,621068.8,81,8020,0.01035,125.35526315789474,0.0037513157894736838,603.7631578947369,0.253589473258335,Low Margin + High Sell-through,Traffic Driver / Control Discount,Medium
2026-04-01,SKU00439,On Running,Bags,Buyout,3165.0299999999997,14768.07,1972033.34,48,8158,0.006471052631578948,135.3684210526316,0.0018684210526315789,758.8026315789474,0.21431575012848664,Low Margin + High Sell-through,Traffic Driver / Control Discount,Medium
2026-04-01,SKU00440,New Balance,Basketball Shoes,Buyout,4367.43,8124.96,1057032.06,29,8158,0.0039868421052631576,143.5,0.00500921052631579,851.5175,0.5375324924676552,High Margin + Low Sell-through,Targeted Marketing / Control Inventory,Medium
2026-04-01,SKU00441,Nike,Basketball Shoes,Consignment,904.49,1116.88,46130.4,42,7740,0.005894736842105263,141.1315789473684,0.024160526315789476,762.9649999999999,0.809836329775804,High Margin + Low Sell-through,Targeted Marketing / Control Inventory,Medium
2026-04-01,SKU00442,Under Armour,Lifestyle Apparel,Buyout,2200.92,3927.92,251168.6,55,7999,0.009071052631578947,124.28947368421052,0.013452631578947369,703.4842105263158,0.5603270942381718,High Margin + High Sell-through,Main Push / Monitor Inventory,Low
2026-04-01,SKU00443,Reebok Underwear,Kids Apparel,Consignment,2075.74,2514.62,122823.25,90,8327,0.013436842105263158,147.42105263157896,0.024257894736842103,583.6297368421052,0.8254686592805274,High Margin + High Sell-through,Main Push / Monitor Inventory,Low
2026-04-01,SKU00444,Skechers,Basketball Shoes,Consignment,4469.41,5439.41,282164.52,71,7964,0.010596052631578947,147.27631578947367,0.021428947368421054,662.3343421052632,0.8216718357321842,High Margin + High Sell-through,Main Push / Monitor Inventory,Low
2026-04-01,SKU00445,Brand B,Underwear,Own Brand,1573.81,3768.47,433206.8,46,9080,0.005919736842105263,146.27631578947367,0.0050710526315789475,761.5193421052631,0.4176257207832356,Low Margin + Low Sell-through,Clearance / Eliminate,High
2026-04-01,SKU00446,Reebok Underwear,Training Shoes,Consignment,1871.83,2297.35,147863.89,54,8023,0.0074473684210526305,305.7631578947368,0.015880263157894738,709.3332894736842,0.8147778962717914,High Margin + High Sell-through,Main Push / Monitor Inventory,Low
2026-04-01,SKU00447,Brand B,Running Shoes,Own Brand,13687.380000000001,27260.68,1226334.85,106,9577,0.01153157894736842,141.8684210526316,0.013796052631578947,628.036052631579,0.5020923909454937,Low Margin + High Sell-through,Traffic Driver / Control Discount,Medium
2026-04-01,SKU00448,Nike,Yoga Apparel,Consignment,378.78999999999996,443.81,92495.65,8,6877,0.0016723684210526314,138.94736842105263,0.0069644736842105264,938.0088157894737,0.8534958653477839,High Margin + Low Sell-through,Targeted Marketing / Control Inventory,Medium
2026-04-01,SKU00449,Puma,Underwear,Buyout,1516.05,3911.17,399838.4,49,8180,0.00696578947368421,138.26315789473685,0.005047368421052631,781.146447368421,0.38762058412188677,Low Margin + High Sell-through,Traffic Driver / Control Discount,Medium
2026-04-01,SKU00450,Adidas,Accessories,Buyout,7165.42,18953.9,717797.08,136,8281,0.017560526315789474,143.5,0.011892105263157895,517.5919736842105,0.37804462406153877,Low Margin + High Sell-through,Traffic Driver / Control Discount,Medium
2026-04-01,SKU00451,Brand B,Sportswear,Own Brand,546.13,7172.38,619233.75,93,8691,0.012160526315789474,307.7763157894737,0.0013565789473684211,627.1142105263158,0.0761434837529523,Low Margin + High Sell-through,Traffic Driver / Control Discount,Medium
2026-04-01,SKU00452,Patagonia,Bags,Consignment,960.4,1153.6100000000001,122932.99,48,8201,0.005673684210526316,129.1315789473684,0.008497368421052632,796.4588157894738,0.8325170551572888,High Margin + Low Sell-through,Targeted Marketing / Control Inventory,Medium
2026-04-01,SKU00453,Under Armour,Accessories,Buyout,439.72,852.82,94660.65,34,7791,0.004442105263157895,133.01315789473685,0.005315789473684211,833.975,0.5156070448629253,High Margin + Low Sell-through,Targeted Marketing / Control Inventory,Medium
2026-04-01,SKU00454,Adidas,Performance Apparel,Consignment,2709.12,3313.85,248421.38999999998,61,8121,0.007610526315789474,306.44736842105266,0.012355263157894737,723.9709210526316,0.8175143715014258,High Margin + High Sell-through,Main Push / Monitor Inventory,Low
2026-04-01,SKU00455,Cole Haan,Performance Apparel,Buyout,8975.0,24429.1,2131183.9,73,10067,0.008673684210526316,203.57894736842104,0.005875,728.35,0.36738971145068794,Low Margin + High Sell-through,Traffic Driver / Control Discount,Medium
2026-04-01,SKU00456,Fila,Running Shoes,Buyout,8198.73,16127.72,831779.71,83,8707,0.009980263157894737,301.6578947368421,0.01139078947368421,641.2438157894736,0.5083626203827943,High Margin + High Sell-through,Main Push / Monitor Inventory,Low
2026-04-01,SKU00457,New Balance,Basketball Shoes,Consignment,783.43,950.6800000000001,78055.95,33,8295,0.0049539473684210526,142.5,0.013932894736842104,823.3263157894737,0.8240732949046997,High Margin + Low Sell-through,Targeted Marketing / Control Inventory,Medium
2026-04-01,SKU00458,The North Face,Lifestyle Apparel,Buyout,1829.73,3803.79,503445.12,33,8416,0.004438157894736842,123.72368421052632,0.004727631578947369,840.2368421052631,0.48102813246788073,Low Margin + Low Sell-through,Clearance / Eliminate,High
2026-04-01,SKU00459,Salomon,Performance Apparel,Consignment,4406.52,5306.17,419097.21,67,7951,0.00974078947368421,125.05263157894737,0.01345,692.4289473684211,0.8304520963331368,High Margin + High Sell-through,Main Push / Monitor Inventory,Low
2026-04-01,SKU00460,Patagonia,Lifestyle Apparel,Buyout,10054.46,18284.95,666588.2,101,8180,0.015164473684210528,134.78947368421052,0.021373684210526316,580.1661842105262,0.5498762643594868,High Margin + High Sell-through,Main Push / Monitor Inventory,Low
2026-04-01,SKU00461,Brand A,Outdoor Apparel,Own Brand,28463.51,61593.31,2820851.88,110,9366,0.013386842105263159,129.1315789473684,0.013038157894736842,559.4343421052632,0.46212015558183184,Low Margin + High Sell-through,Traffic Driver / Control Discount,Medium
2026-04-01,SKU00462,Brand A,Sportswear,Own Brand,3884.71,23170.12,1922527.27,93,9271,0.01015921052631579,129.5921052631579,0.002218421052631579,590.2868421052632,0.1676603314959094,Low Margin + High Sell-through,Traffic Driver / Control Discount,Medium
2026-04-01,SKU00463,Skechers,Basketball Shoes,Consignment,4846.19,5799.25,183684.08,66,8171,0.008213157894736842,133.76315789473685,0.030799999999999998,671.9630263157895,0.8356580592317971,High Margin + High Sell-through,Main Push / Monitor Inventory,Low
2026-04-01,SKU00464,Reebok Underwear,Accessories,Buyout,3217.05,5374.89,322916.76,54,8081,0.008106578947368421,144.3684210526316,0.013977631578947368,750.4017105263158,0.598533179283669,High Margin + High Sell-through,Main Push / Monitor Inventory,Low
2026-04-01,SKU00465,Under Armour,Training Shoes,Consignment,222.88,265.13,255295.62,8,8238,0.0012907894736842104,142.25,0.001281578947368421,953.6184210526316,0.8406442122732245,High Margin + Low Sell-through,Targeted Marketing / Control Inventory,Medium
2026-04-01,SKU00466,Champion,Accessories,Buyout,584.94,1433.48,631468.04,11,8186,0.0013776315789473684,127.25,0.0010999999999999998,936.3947368421053,0.40805591985936324,Low Margin + Low Sell-through,Clearance / Eliminate,High
2026-04-01,SKU00467,Cole Haan,Kids Apparel,Buyout,1519.54,3649.54,283261.6,75,9974,0.007006578947368421,209.47368421052633,0.005677631578947368,729.1201315789473,0.4163648021394477,Low Margin + High Sell-through,Traffic Driver / Control Discount,Medium
2026-04-01,SKU00468,Brooks Brothers,Performance Apparel,Buyout,4791.12,14832.24,2209046.4,38,8360,0.005056578947368421,135.27631578947367,0.002748684210526316,828.0482894736842,0.3230206630960664,Low Margin + Low Sell-through,Clearance / Eliminate,High
2026-04-01,SKU00469,New Balance,Lifestyle Apparel,Consignment,1553.3,1835.94,299454.65,30,7645,0.004135526315789474,130.27631578947367,0.0060013157894736845,853.8981578947369,0.846051613887164,High Margin + Low Sell-through,Targeted Marketing / Control Inventory,Medium
2026-04-01,SKU00470,Fila,Bags,Buyout,579.85,5851.06,2070581.49,21,8249,0.0032842105263157896,129.6315789473684,0.00036973684210526314,896.7552631578947,0.09910170123020444,Low Margin + Low Sell-through,Clearance / Eliminate,High
2026-04-01,SKU00471,Brooks Brothers,Outdoor Apparel,Buyout,8761.85,18919.19,2228916.78,41,8997,0.0042539473684210525,144.82894736842104,0.004075,828.3772368421053,0.4631197212988506,Low Margin + Low Sell-through,Clearance / Eliminate,High
2026-04-01,SKU00472,Brand A,Performance Apparel,Own Brand,1939.88,12426.86,380223.34,261,9463,0.03019342105263158,306.32894736842104,0.0068697368421052635,321.4718421052632,0.1561037945225101,Low Margin + High Sell-through,Traffic Driver / Control Discount,Medium
2026-04-01,SKU00473,Puma,Running Shoes,Consignment,899.91,1110.1299999999999,217212.0,17,7870,0.0019394736842105263,151.14473684210526,0.004296052631578948,914.9122368421052,0.8106347905200293,High Margin + Low Sell-through,Targeted Marketing / Control Inventory,Medium
2026-04-01,SKU00474,Nike,Running Shoes,Consignment,919.32,1110.28,230835.36,45,8004,0.0060013157894736845,284.0657894736842,0.004886842105263158,784.907105263158,0.8280073494974242,High Margin + Low Sell-through,Targeted Marketing / Control Inventory,Medium
2026-04-01,SKU00475,Brand A,Basketball Shoes,Own Brand,19106.58,40271.13,1769649.75,101,8445,0.015196052631578949,136.1184210526316,0.016560526315789473,578.6938157894738,0.4744485689872622,Low Margin + High Sell-through,Traffic Driver / Control Discount,Medium
2026-04-01,SKU00476,New Balance,Training Shoes,Buyout,1429.81,9661.79,805228.1900000001,82,8021,0.010371052631578948,134.03947368421052,0.0015710526315789472,663.8375,0.14798603571387908,Low Margin + High Sell-through,Traffic Driver / Control Discount,Medium
2026-04-01,SKU00477,Brand B,Accessories,Own Brand,3492.87,10234.91,781747.76,82,9508,0.009421052631578946,125.13157894736842,0.0062,670.3815789473684,0.34127022123301526,Low Margin + High Sell-through,Traffic Driver / Control Discount,Medium
2026-04-01,SKU00478,Columbia,Basketball Shoes,Buyout,93.44,1980.94,1506791.25,10,7983,0.0013855263157894738,299.3421052631579,-6.184210526315791e-05,955.5263157894736,0.047169525578765636,Low Margin + Low Sell-through,Clearance / Eliminate,High
2026-04-01,SKU00479,Nike,Running Shoes,Buyout,2304.98,6923.81,1369562.73,29,8599,0.002753947368421053,142.60526315789474,0.001525,871.8236842105264,0.33290630447687036,Low Margin + Low Sell-through,Clearance / Eliminate,High
2026-04-01,SKU00480,Adidas,Running Shoes,Consignment,3180.93,3796.7400000000002,69684.8,152,7760,0.021269736842105265,134.55263157894737,0.05744868421052632,470.59,0.8378055911123753,High Margin + High Sell-through,Main Push / Monitor Inventory,Low
2026-04-01,SKU00481,New Balance,Yoga Apparel,Buyout,2313.82,5886.64,1271613.24,23,8186,0.003543421052631579,135.21052631578948,0.002486842105263158,869.5342105263159,0.3930629357324382,Low Margin + Low Sell-through,Clearance / Eliminate,High
2026-04-01,SKU00482,Columbia,Accessories,Consignment,370.37,447.0,73879.22,14,8453,0.001988157894736842,139.31578947368422,0.006256578947368421,924.4298684210526,0.8285682326621924,High Margin + Low Sell-through,Targeted Marketing / Control Inventory,Medium
2026-04-01,SKU00483,Adidas,Performance Apparel,Buyout,7823.07,28276.01,1435519.06,118,8282,0.017435526315789474,140.82894736842104,0.00807763157894737,528.5213157894738,0.27666810133395764,Low Margin + High Sell-through,Traffic Driver / Control Discount,Medium
2026-04-01,SKU00484,Brand A,Basketball Shoes,Own Brand,-5272.37,14689.550000000001,2114602.48,88,9322,0.010222368421052633,297.60526315789474,-0.002919736842105263,662.5461842105263,-0.3589197763035627,Low Margin + High Sell-through,Traffic Driver / Control Discount,Medium
2026-04-01,SKU00485,Columbia,Yoga Apparel,Consignment,105.0,126.64,47788.02,10,8211,0.0018697368421052632,310.17105263157896,0.0037315789473684213,955.1842105263158,0.8291219204042957,High Margin + Low Sell-through,Targeted Marketing / Control Inventory,Medium
2026-04-01,SKU00486,Lululemon,Yoga Apparel,Buyout,196.73000000000002,784.49,418436.14,12,8543,0.001406578947368421,118.0657894736842,0.0005328947368421052,931.4693421052631,0.2507743884561945,Low Margin + Low Sell-through,Clearance / Eliminate,High
2026-04-01,SKU00487,New Balance,Outdoor Apparel,Consignment,1701.87,2109.44,489334.2,29,8142,0.005010526315789473,136.44736842105263,0.005256578947368421,872.3332894736842,0.806787583434466,High Margin + Low Sell-through,Targeted Marketing / Control Inventory,Medium
2026-04-01,SKU00488,Adidas,Yoga Apparel,Consignment,1192.7,1453.61,163590.98,59,8258,0.007907894736842105,130.46052631578948,0.009176315789473685,720.7078947368421,0.8205089398119166,High Margin + High Sell-through,Main Push / Monitor Inventory,Low
2026-04-01,SKU00489,Puma,Accessories,Buyout,916.78,4202.02,679262.48,42,8684,0.0055763157894736844,143.1578947368421,0.001675,826.1438157894737,0.21817602010461631,Low Margin + Low Sell-through,Clearance / Eliminate,High
2026-04-01,SKU00490,Columbia,Running Shoes,Buyout,1882.6599999999999,3829.26,838984.6,20,8620,0.003673684210526316,140.80263157894737,0.0042947368421052635,888.8377631578948,0.49165112841645636,Low Margin + Low Sell-through,Clearance / Eliminate,High
2026-04-01,SKU00491,Adidas,Accessories,Consignment,689.14,827.28,93376.64,33,8776,0.004588157894736843,129.52631578947367,0.01006578947368421,833.3175,0.8330190503819747,High Margin + Low Sell-through,Targeted Marketing / Control Inventory,Medium
2026-04-01,SKU00492,Lululemon,Kids Apparel,Buyout,233.60999999999999,679.16,199278.1,19,8498,0.0021197368421052632,117.09210526315789,0.0013368421052631578,905.4753947368422,0.343969020554803,Low Margin + Low Sell-through,Clearance / Eliminate,High
2026-04-01,SKU00493,New Balance,Performance Apparel,Buyout,27900.54,65539.02,1865827.04,159,7882,0.022509210526315788,114.8157894736842,0.01983421052631579,406.70157894736843,0.42570883726976694,Low Margin + High Sell-through,Traffic Driver / Control Discount,Medium
2026-04-01,SKU00494,Hoka,Lifestyle Apparel,Buyout,2021.73,3861.54,740654.9400000001,21,8454,0.002607894736842105,134.10526315789474,0.003284210526315789,875.0657894736842,0.5235553691014466,High Margin + Low Sell-through,Targeted Marketing / Control Inventory,Medium
2026-04-01,SKU00495,Nike,Underwear,Consignment,486.98,590.36,123988.48,27,8288,0.004197368421052632,127.73684210526316,0.0055434210526315785,844.8728947368421,0.8248865099261468,High Margin + Low Sell-through,Targeted Marketing / Control Inventory,Medium
2026-04-01,SKU00496,Cole Haan,Performance Apparel,Buyout,568.46,2526.54,681952.0,29,10100,0.003026315789473684,213.81578947368422,0.0009618421052631579,873.5746052631579,0.22499544832062823,Low Margin + Low Sell-through,Clearance / Eliminate,High
2026-04-01,SKU00497,Columbia,Lifestyle Apparel,Buyout,1776.04,3328.93,341258.07,37,8131,0.0056421052631578945,129.68421052631578,0.00773421052631579,819.7603947368422,0.5335167756606477,High Margin + Low Sell-through,Targeted Marketing / Control Inventory,Medium
2026-04-01,SKU00498,Brooks Brothers,Performance Apparel,Buyout,881.73,2024.6000000000001,408302.73,23,8217,0.0035368421052631577,132.31578947368422,0.0035039473684210522,861.5131578947369,0.435508248542922,Low Margin + Low Sell-through,Clearance / Eliminate,High
2026-04-01,SKU00499,New Balance,Kids Apparel,Buyout,2793.44,9113.84,381376.6,138,8327,0.017592105263157895,134.17105263157896,0.009264473684210526,469.2030263157895,0.30650527110416687,Low Margin + High Sell-through,Traffic Driver / Control Discount,Medium
2026-04-01,SKU00500,Hoka,Kids Apparel,Consignment,5845.31,7096.02,252169.86,208,8482,0.027140789473684212,135.47368421052633,0.029596052631578947,375.11618421052634,0.8237448597946454,High Margin + High Sell-through,Main Push / Monitor Inventory,Low
