brand,brand_owner,brand_tier,category,business_mode,msrp_gmv,transaction_gmv,gross_sales,gmv,net_sales,recognized_revenue,cogs,gross_profit,gross_margin_pct,gross_units,returned_units,net_units,return_rate,discount_amount,markdown_amount,discount_depth,discount_factor,cost_to_msrp_ratio,price_cost_spread,markdown_rate,net_aur,orders,revenue_share,gross_profit_share
Adidas,External Brand,Tier 1,Accessories,Buyout,287708.2,66365.31,66365.31,66365.31,63819.84,63819.84,39872.8,23947.04,0.37522876898469193,478,18,460,0.03765690376569038,221342.89,221342.89,0.7693311834699185,0.2306688165300815,0.144,0.08666881653008152,0.7693311834699185,138.73878260869566,291,0.00401780547527946,0.0038623890016222235
Adidas,External Brand,Tier 1,Accessories,Consignment,201869.52,47461.36,47461.36,47461.36,45004.45,11994.54,2077.92,9916.62,0.8267611763352325,560,30,530,0.05357142857142857,154408.16,154408.16,0.7648909057692315,0.23510909423076848,0.023935327635327634,0.21117376659544085,0.7648909057692316,22.63120754716981,351,0.0007551214243949609,0.0015994395975981572
Adidas,External Brand,Tier 1,Bags,Buyout,74860.02,16874.36,16874.36,16874.36,16501.07,16501.07,8134.5,8366.57,0.507031968229939,87,2,85,0.022988505747126436,57985.66,57985.66,0.7745878240481368,0.22541217595186322,0.1112,0.11421217595186323,0.7745878240481368,194.13023529411765,58,0.0010388319587446419,0.0013494339153942384
Adidas,External Brand,Tier 1,Bags,Consignment,421611.39,74292.82,74292.82,74292.82,70803.94,19415.99,3336.39,16079.6,0.8281627668741073,711,34,677,0.04781997187060478,347318.57,347318.57,0.8237883943315668,0.17621160566843322,0.02728975501113586,0.14892185065729735,0.8237883943315668,28.679453471196457,449,0.0012223420010136542,0.0025934591578117673
Adidas,External Brand,Tier 1,Basketball Shoes,Consignment,160445.62,37299.12,37299.12,37299.12,35920.14,8411.2,1519.48,6891.72,0.8193503899562488,286,11,275,0.038461538461538464,123146.5,123146.5,0.7675279636801553,0.23247203631984473,0.026104458598726114,0.2063675777211186,0.7675279636801553,30.58618181818182,157,0.0005295307135472386,0.0011115571498715462
Adidas,External Brand,Tier 1,Kids Apparel,Buyout,392921.45999999996,50021.02,50021.02,50021.02,47923.07,47923.07,49969.200000000004,-2046.13,-0.04269613778916918,971,39,932,0.04016477857878476,342900.44,342900.44,0.8726946092483725,0.12730539075162756,0.13296875000000002,-0.005663359248372468,0.8726946092483725,51.419603004291844,640,0.003017017482936354,-0.0003300178229914545
Adidas,External Brand,Tier 1,Kids Apparel,Consignment,52304.75,11899.39,11899.39,11899.39,11733.72,2543.86,468.45,2075.41,0.8158507150550737,85,1,84,0.011764705882352941,40405.36,40405.36,0.7724988648258524,0.22750113517414766,0.0125,0.21500113517414765,0.7724988648258524,30.28404761904762,59,0.00016014980038095376,0.00033474035863542126
Adidas,External Brand,Tier 1,Lifestyle Apparel,Buyout,171175.53,39966.81,39966.81,39966.81,38300.42,38300.42,22203.0,16097.42,0.4202935633604018,157,7,150,0.044585987261146494,131208.72,131208.72,0.766515634565291,0.23348436543470902,0.1358,0.09768436543470901,0.7665156345652909,255.33613333333332,109,0.0024112194136102962,0.0025963333239721323
Adidas,External Brand,Tier 1,Lifestyle Apparel,Consignment,439453.26,101112.91,101112.91,101112.91,97751.89,31134.59,5578.86,25555.73,0.8208147272856331,623,20,603,0.03210272873194221,338340.35,338340.35,0.7699120265941366,0.23008797340586346,0.023110290237467017,0.20697768316839643,0.7699120265941365,51.632819237147594,379,0.0019600915040304256,0.004121852658216928
Adidas,External Brand,Tier 1,Outdoor Apparel,Buyout,206174.71,27898.26,27898.26,27898.26,26868.45,26868.45,23504.32,3364.13,0.12520744590774682,233,9,224,0.03862660944206009,178276.45,178276.45,0.8646863138548855,0.1353136861451145,0.1186,0.016713686145114495,0.8646863138548856,119.9484375,157,0.0016915148255193435,0.0005425964424842222
Adidas,External Brand,Tier 1,Outdoor Apparel,Consignment,338294.7,77558.41,77558.41,77558.41,74445.44,15760.08,2759.25,13000.83,0.8249215740021624,185,7,178,0.03783783783783784,260736.29,260736.29,0.7707371413149541,0.22926285868504592,0.0413,0.18796285868504592,0.7707371413149541,88.53977528089888,109,0.000992182614604523,0.0020968880832019426
Adidas,External Brand,Tier 1,Performance Apparel,Buyout,675500.21,155198.42,155198.42,155198.42,146997.1,146997.1,96912.94,50084.159999999996,0.34071529302278747,734,40,694,0.05449591280653951,520301.79,520301.79,0.7702466739425587,0.22975332605744123,0.14118696629213484,0.08856635976530638,0.7702466739425589,211.8113832853026,445,0.009254265652032384,0.00807801334693088
Adidas,External Brand,Tier 1,Performance Apparel,Consignment,867912.13,147917.21,147917.21,147917.21,141950.06,39709.28,6841.18,32868.1,0.8277183570188127,592,25,567,0.04222972972972973,719994.92,719994.92,0.8295712147726291,0.17042878522737087,0.03361529745042493,0.13681348777694594,0.8295712147726292,70.03400352733686,353,0.0024999148008425774,0.005301255935774083
Adidas,External Brand,Tier 1,Running Shoes,Consignment,1020429.03,186597.03,186597.03,186597.03,179171.26,44208.32,7757.82,36450.5,0.8245167425498187,1211,48,1163,0.03963666391412056,833832.0,833832.0,0.8171386500048906,0.1828613499951094,0.027456470588235294,0.15540487940687409,0.8171386500048906,38.01231298366294,765,0.0027831537990209076,0.005879056881503136
Adidas,External Brand,Tier 1,Sportswear,Consignment,413004.38,62571.1,62571.1,62571.1,59883.05,16720.96,2927.62,13793.34,0.8249131628806002,946,41,905,0.04334038054968287,350433.28,350433.28,0.8484977326390583,0.15150226736094177,0.03874757118927973,0.11275469617166203,0.8484977326390583,18.476198895027622,597,0.0010526752282664581,0.0022247110587210726
Adidas,External Brand,Tier 1,Training Shoes,Buyout,781043.1,176658.18,176658.18,176658.18,164476.88,164476.88,108902.01,55574.87,0.33788864428848603,519,36,483,0.06936416184971098,604384.92,604384.92,0.7738176292703949,0.22618237072960506,0.1498,0.07638237072960508,0.773817629270395,340.53184265010356,331,0.01035471271975741,0.008963603295212471
Adidas,External Brand,Tier 1,Training Shoes,Consignment,445470.18,101690.02,101690.02,101690.02,97111.02,29596.82,5202.26,24394.56,0.8242290894765046,346,16,330,0.046242774566473986,343780.16,343780.16,0.7717242936440774,0.22827570635592265,0.028449771689497718,0.19982593466642493,0.7717242936440774,89.68733333333333,219,0.0018632805323056379,0.003934568958978372
Adidas,External Brand,Tier 1,Underwear,Buyout,143407.11,32852.0,32852.0,32852.0,31563.43,31563.43,20317.44,11245.99,0.35629809561254905,231,9,222,0.03896103896103896,110555.11,110555.11,0.7709179133447428,0.2290820866552572,0.1474,0.0816820866552572,0.7709179133447429,142.17761261261262,149,0.0019870893106689077,0.0018138520705838176
Adidas,External Brand,Tier 1,Underwear,Consignment,421461.82,98062.27,98062.27,98062.27,94306.98,23552.78,4073.96,19478.82,0.8270284866584752,758,30,728,0.0395778364116095,323399.55,323399.55,0.7673282244166268,0.23267177558337312,0.043591757049891544,0.18908001853348158,0.7673282244166268,32.35271978021978,461,0.0014827753946429912,0.0031417152237846096
Adidas,External Brand,Tier 1,Yoga Apparel,Buyout,59740.2,13766.15,13766.15,13766.15,13426.07,13426.07,6969.9,6456.17,0.4808681915109932,108,3,105,0.027777777777777776,45974.05,45974.05,0.7695663891316065,0.23043361086839348,0.12,0.11043361086839348,0.7695663891316066,127.86733333333333,69,0.0008452440112273127,0.0010413078192796834
Adidas,External Brand,Tier 1,Yoga Apparel,Consignment,418953.22,96503.87,96503.87,96503.87,93082.42,29969.61,5153.5,24816.11,0.8280424736925172,716,26,690,0.036312849162011177,322449.35,322449.35,0.7696547838921014,0.23034521610789863,0.0361480686695279,0.19419714743837074,0.7696547838921014,43.43421739130435,466,0.0018867496870877468,0.00400256024657107
Asics,External Brand,Tier 3,Accessories,Consignment,42532.0,8616.11,8616.11,8616.11,8179.7,2462.04,426.86,2035.18,0.8266234504719664,310,17,293,0.054838709677419356,33915.89,33915.89,0.7974205304241512,0.2025794695758488,0.0356,0.1669794695758488,0.7974205304241512,8.402866894197953,191,0.00015499878709124062,0.00032825171078853653
Asics,External Brand,Tier 3,Bags,Buyout,70500.64,13591.71,13591.71,13591.71,13205.19,13205.19,10229.019999999999,2976.17,0.2253788093923677,76,2,74,0.02631578947368421,56908.93,56908.93,0.8072115373704409,0.1927884626295591,0.149,0.0437884626295591,0.8072115373704409,178.44851351351352,44,0.0008313384158297103,0.00048002284520166216
Asics,External Brand,Tier 3,Kids Apparel,Consignment,219213.91999999998,44420.24,44420.24,44420.24,42460.99,11061.11,1917.63,9143.48,0.8266331317562161,284,14,270,0.04929577464788732,174793.68,174793.68,0.79736578772005,0.2026342122799501,0.045,0.15763421227995011,0.79736578772005,40.96707407407408,183,0.0006963569372889119,0.0014747407858571567
Asics,External Brand,Tier 3,Outdoor Apparel,Buyout,391513.96,58608.54,58608.54,58608.54,56191.1,56191.1,47629.48,8561.62,0.15236612203711977,246,10,236,0.04065040650406504,332905.42,332905.42,0.8503028091258866,0.1496971908741134,0.1336193103448276,0.0160778805292858,0.8503028091258865,238.0978813559322,145,0.003537534867558046,0.0013808932930361691
Asics,External Brand,Tier 3,Performance Apparel,Consignment,409457.92,84549.14,84549.14,84549.14,81022.29,15532.07,2746.93,12785.14,0.8231446291447309,544,23,521,0.042279411764705885,324908.78,324908.78,0.7935095748056357,0.2064904251943643,0.0434,0.1630904251943643,0.7935095748056358,29.812034548944336,342,0.0009778281469904006,0.002062099705024101
Asics,External Brand,Tier 3,Sportswear,Buyout,320199.46,62773.98,62773.98,62773.98,59816.35,59816.35,34353.46,25462.89,0.4256844491514444,608,30,578,0.049342105263157895,257425.48,257425.48,0.8039535107273448,0.19604648927265522,0.11302010443864231,0.08302638483401291,0.8039535107273448,103.48849480968858,383,0.0037657640404807117,0.004106878607356754
Asics,External Brand,Tier 3,Sportswear,Consignment,943100.29,186069.7,186069.7,186069.7,178221.27,55249.43,9667.09,45582.34,0.8250282401103504,1359,60,1299,0.04415011037527594,757030.59,757030.59,0.8027042277762422,0.19729577222375788,0.039618536585365856,0.15767723563839203,0.8027042277762421,42.53227867590454,820,0.0034782516277080807,0.0073519202658952724
Asics,External Brand,Tier 3,Training Shoes,Buyout,127782.2,25114.99,25114.99,25114.99,24489.51,24489.51,10579.800000000001,13909.71,0.5679864562418766,170,5,165,0.029411764705882353,102667.21,102667.21,0.8034547065240698,0.19654529347593017,0.08530000000000001,0.11124529347593015,0.8034547065240699,148.4212727272727,98,0.001541747634668327,0.002243480234707699
Asics,External Brand,Tier 3,Training Shoes,Consignment,621073.7100000001,123412.88,123412.88,123412.88,117777.57,30610.38,5374.77,25235.61,0.8244134832694008,513,23,490,0.04483430799220273,497660.83,497660.83,0.8012910899094409,0.19870891009055913,0.0348,0.16390891009055913,0.8012910899094408,62.47016326530613,322,0.001927089638024553,0.004070220892153176
Asics,External Brand,Tier 3,Underwear,Buyout,333685.88,60250.19,60250.19,60250.19,56849.590000000004,56849.590000000004,38619.329999999994,18230.26,0.32067531181843173,628,34,594,0.054140127388535034,273435.69,273435.69,0.8194403970584551,0.1805596029415449,0.12132027027027026,0.05923933267127465,0.8194403970584551,95.70638047138048,370,0.0035789903887159928,0.002940336497567697
Asics,External Brand,Tier 3,Underwear,Consignment,17752.0,3423.22,3423.22,3423.22,3423.22,947.9,176.11,771.79,0.8142103597425888,50,0,50,0.0,14328.779999999999,14328.779999999999,0.8071642631816134,0.19283573681838664,0.0334,0.15943573681838663,0.8071642631816133,18.958,36,5.967545217940691e-05,0.00012448107188036667
Asics,External Brand,Tier 3,Yoga Apparel,Buyout,295552.32,58960.6,58960.6,58960.6,55562.31,55562.31,38584.909999999996,16977.4,0.3055560504953808,412,23,389,0.055825242718446605,236591.72,236591.72,0.8005070641976352,0.19949293580236485,0.1383,0.061192935802364845,0.8005070641976351,142.83370179948585,256,0.0034979491226736813,0.0027382642295724706
Asics,External Brand,Tier 3,Yoga Apparel,Consignment,35973.05,7081.95,7081.95,7081.95,6893.86,1749.7,308.84,1440.86,0.823489741098474,145,4,141,0.027586206896551724,28891.1,28891.1,0.80313178893644,0.19686821106356006,0.0225,0.17436821106356007,0.8031317889364398,12.409219858156028,91,0.00011015311602311244,0.0002323945596982924
Brand A,Himaxx Own,Tier 2,Accessories,Own Brand,229409.57,58561.96,58561.96,58561.96,56786.92,56786.92,32514.05,24272.87,0.42743769163744044,653,19,634,0.02909647779479326,170847.61,170847.61,0.7447274758415702,0.2552725241584298,0.14190099255583125,0.11337153160259858,0.7447274758415701,89.56927444794952,403,0.003575044971912444,0.003914941726652062
Brand A,Himaxx Own,Tier 2,Bags,Own Brand,361679.69,90930.04,90930.04,90930.04,87928.19,87928.19,50641.62,37286.57,0.4240570629282827,435,15,420,0.034482758620689655,270749.65,270749.65,0.748589587654203,0.2514104123457969,0.16581392857142857,0.08559648377436835,0.7485895876542031,209.35283333333334,280,0.005535557018215851,0.00601390559652538
Brand A,Himaxx Own,Tier 2,Basketball Shoes,Own Brand,1659705.41,372569.52,372569.52,372569.52,357240.13,357240.13,248435.85,108804.28,0.30456903036061483,1692,62,1630,0.03664302600472813,1287135.89,1287135.89,0.7755206931572272,0.2244793068427728,0.16102858546168958,0.06345072138108324,0.7755206931572272,219.16572392638037,1018,0.022490206028463033,0.017548910195223495
Brand A,Himaxx Own,Tier 2,Kids Apparel,Own Brand,364975.06,94626.66,94626.66,94626.66,91956.78,91956.78,64084.520000000004,27872.26,0.3031017397520879,771,21,750,0.027237354085603113,270348.4,270348.4,0.7407311611922196,0.25926883880778046,0.17175543478260868,0.08751340402517177,0.7407311611922196,122.60904,460,0.005789178634309782,0.004495482968849386
Brand A,Himaxx Own,Tier 2,Lifestyle Apparel,Own Brand,535781.33,85457.09,85457.09,85457.09,81701.66,81701.66,95612.36,-13910.7,-0.17026214644843202,1765,69,1696,0.039093484419263455,450324.24,450324.24,0.8405000599778272,0.15949994002217285,0.19604547101449277,-0.03654553099231991,0.8405000599778272,48.17314858490566,1104,0.00514356314411664,-0.0022436399106054972
Brand A,Himaxx Own,Tier 2,Outdoor Apparel,Own Brand,3254668.25,818605.12,818605.12,818605.12,778139.53,778139.53,416156.65,361982.88,0.465190195388223,1972,97,1875,0.049188640973630834,2436063.13,2436063.13,0.7484827770080714,0.2515172229919286,0.13505184880854562,0.11646537418338296,0.7484827770080714,415.0077493333333,1217,0.04898810877879647,0.058383779142956164
Brand A,Himaxx Own,Tier 2,Performance Apparel,Own Brand,2491057.0500000003,501085.5,501085.5,501085.5,476168.43,476168.43,353082.96,123085.47,0.2584914543788634,2422,124,2298,0.05119735755573906,1989971.55,1989971.55,0.7988462367812893,0.20115376321871067,0.13646173969914976,0.06469202351956091,0.7988462367812892,207.20993472584857,1529,0.029977388304471216,0.019852305988026165
Brand A,Himaxx Own,Tier 2,Running Shoes,Own Brand,2166832.17,550084.37,550084.37,550084.37,528577.07,528577.07,394282.65,134294.42,0.2540678126654265,1821,71,1750,0.03898956617243273,1616747.8,1616747.8,0.746134297978417,0.253865702021583,0.18956465517241378,0.06430104684916921,0.7461342979784171,302.04404,1160,0.03327679677594263,0.02166018392198934
Brand A,Himaxx Own,Tier 2,Sportswear,Own Brand,836627.78,212061.41,212061.41,212061.41,201250.9,201250.9,153807.41999999998,47443.48,0.2357429457458327,857,42,815,0.049008168028004666,624566.37,624566.37,0.7465283665335617,0.2534716334664383,0.19158984238178633,0.06188179108465197,0.7465283665335617,246.93361963190182,571,0.012669836964883007,0.007652101276428482
Brand A,Himaxx Own,Tier 2,Training Shoes,Own Brand,1487912.2,378853.88,378853.88,378853.88,363684.83,363684.83,236099.9,127584.93,0.3508118004262097,1332,50,1282,0.03753753753753754,1109058.32,1109058.32,0.7453788738340879,0.2546211261659122,0.15926975381008207,0.09535137235583013,0.7453788738340879,283.68551482059286,853,0.02289593488874431,0.020578018427527628
Brand A,Himaxx Own,Tier 2,Underwear,Own Brand,277117.39,69674.59,69674.59,69674.59,66630.11,66630.11,47206.57,19423.54,0.29151295112675035,641,27,614,0.0421216848673947,207442.8,207442.8,0.7485737362061616,0.25142626379383837,0.17275492610837437,0.078671337685464,0.7485737362061615,108.51809446254072,406,0.004194727231789875,0.0031327991797136232
Brand B,Himaxx Own,Tier 2,Accessories,Own Brand,719644.8200000001,180893.27,180893.27,180893.27,172969.32,172969.32,118773.34999999999,54195.97,0.3133270686385308,1671,72,1599,0.04308797127468582,538751.55,538751.55,0.7486353476427441,0.25136465235725586,0.17082592592592594,0.08053872643132992,0.7486353476427441,108.17343339587242,1026,0.010889357932444912,0.008741202188673337
Brand B,Himaxx Own,Tier 2,Basketball Shoes,Own Brand,2566862.57,475035.8,475035.8,475035.8,453014.33,453014.33,371563.06,81451.27,0.1797984403716324,2192,100,2092,0.04562043795620438,2091826.77,2091826.77,0.8149352421310191,0.18506475786898088,0.15787238163558107,0.027192376233399818,0.8149352421310192,216.5460468451243,1394,0.02851971198069529,0.013137176428325261
Brand B,Himaxx Own,Tier 2,Kids Apparel,Own Brand,540047.45,133671.7,133671.7,133671.7,128963.47,128963.47,76095.76,52867.71,0.4099432963458567,1145,46,1099,0.04017467248908297,406375.75,406375.75,0.7524815643514287,0.2475184356485713,0.15208987688098496,0.09542855876758632,0.7524815643514288,117.34619654231119,731,0.008118950719353707,0.008526968746239753
Brand B,Himaxx Own,Tier 2,Lifestyle Apparel,Own Brand,46446.72,11955.84,11955.84,11955.84,11544.23,11544.23,4887.57,6656.66,0.5766222606444952,204,7,197,0.03431372549019608,34490.88,34490.88,0.742590219503121,0.257409780496879,0.109,0.14840978049687903,0.7425902195031209,58.600152284263956,137,0.0007267719646725125,0.0010736446079155748
Brand B,Himaxx Own,Tier 2,Outdoor Apparel,Own Brand,475984.07999999996,62278.14,62278.14,62278.14,59585.36,59585.36,62143.2,-2557.84,-0.042927323087416105,351,15,336,0.042735042735042736,413705.94,413705.94,0.8691591954083843,0.13084080459161576,0.1364,-0.005559195408384232,0.8691591954083844,177.33738095238095,214,0.0037512219656849304,-0.0004125509074987718
Brand B,Himaxx Own,Tier 2,Performance Apparel,Own Brand,76600.79000000001,19343.76,19343.76,19343.76,18308.39,18308.39,14447.289999999999,3861.1,0.2108923832188412,151,8,143,0.052980132450331126,57257.03,57257.03,0.7474731004732458,0.25252689952675417,0.19919999999999996,0.05332689952675421,0.7474731004732457,128.0306993006993,90,0.0011526125666493634,0.0006227521302909907
Brand B,Himaxx Own,Tier 2,Running Shoes,Own Brand,933530.12,234036.45,234036.45,234036.45,225152.85,225152.85,151603.45,73549.4,0.32666430826880494,934,34,900,0.03640256959314775,699493.67,699493.67,0.7492995191199615,0.2507004808800385,0.17370525394045533,0.07699522693958316,0.7492995191199616,250.16983333333334,571,0.014174594507049455,0.011862693411624716
Brand B,Himaxx Own,Tier 2,Sportswear,Own Brand,1901516.11,462878.73,462878.73,462878.73,444534.04,444534.04,250103.05000000002,194430.99,0.4373815557521759,1757,73,1684,0.04154809334092203,1438637.38,1438637.38,0.7565738583198225,0.24342614168017748,0.13602973708068905,0.10739640459948843,0.7565738583198224,263.9750831353919,1103,0.02798583167648334,0.03135953827072241
Brand B,Himaxx Own,Tier 2,Training Shoes,Own Brand,991895.9299999999,143517.77,143517.77,143517.77,138215.2,138215.2,155505.1,-17289.9,-0.1250940562253645,845,31,814,0.036686390532544376,848378.16,848378.16,0.8553096492693543,0.1446903507306457,0.16058042635658915,-0.01589007562594344,0.8553096492693544,169.79754299754302,516,0.008701397360551918,-0.0027886669750895343
Brand B,Himaxx Own,Tier 2,Underwear,Own Brand,544638.94,91464.16,91464.16,91464.16,87397.29,87397.29,88196.84,-799.55,-0.009148453001231504,2035,92,1943,0.04520884520884521,453174.78,453174.78,0.8320645967767196,0.16793540322328038,0.16027688130333592,0.007658521919944455,0.8320645967767197,44.98059186824498,1289,0.005502133980382696,-0.00012895844857013845
Brand B,Himaxx Own,Tier 2,Yoga Apparel,Own Brand,474319.39,121336.99,121336.99,121336.99,116350.19,116350.19,72926.76,43423.43,0.373213228100444,581,24,557,0.04130808950086059,352982.4,352982.4,0.744187160470079,0.25581283952992095,0.1494287634408602,0.10638407608906075,0.744187160470079,208.8872351885099,372,0.007324876252146754,0.007003712293657692
Brooks Brothers,External Brand,Tier 1,Accessories,Buyout,69268.54000000001,15769.59,15769.59,15769.59,15335.2,15335.2,8332.86,7002.34,0.4566187594553706,173,5,168,0.028901734104046242,53498.95,53498.95,0.7723412388943091,0.22765876110569094,0.12147741935483872,0.10618134175085223,0.7723412388943088,91.28095238095239,124,0.0009654341114691855,0.0011293989153406583
Brooks Brothers,External Brand,Tier 1,Accessories,Consignment,31935.91,7415.75,7415.75,7415.75,7180.03,2335.65,425.05,1910.6000000000001,0.818016398004838,83,3,80,0.03614457831325301,24520.16,24520.16,0.7677927449069089,0.23220725509309112,0.0387,0.19350725509309114,0.7677927449069089,29.195625,49,0.00014704185028255274,0.000308158353871686
Brooks Brothers,External Brand,Tier 1,Bags,Buyout,84711.9,18906.51,18906.51,18906.51,18588.38,18588.38,7017.84,11570.54,0.6224609137536461,58,1,57,0.017241379310344827,65805.39,65805.39,0.7768140013386549,0.2231859986613451,0.0843,0.1388859986613451,0.776814001338655,326.1119298245614,36,0.001170239457519405,0.0018661983459680195
Brooks Brothers,External Brand,Tier 1,Basketball Shoes,Buyout,77262.75,17895.35,17895.35,17895.35,17662.17,17662.17,11272.36,6389.8099999999995,0.3617794415974934,69,1,68,0.014492753623188406,59367.4,59367.4,0.7683832118323513,0.2316167881676487,0.148,0.0836167881676487,0.7683832118323514,259.737794117647,50,0.0011119295086185834,0.0010306046954636438
Brooks Brothers,External Brand,Tier 1,Kids Apparel,Buyout,107132.39,24361.01,24361.01,24361.01,23337.53,23337.53,8744.18,14593.35,0.6253168180180165,211,8,203,0.037914691943127965,82771.38,82771.38,0.7726083586859213,0.22739164131407877,0.08351159420289855,0.14388004711118021,0.7726083586859213,114.96320197044335,138,0.0014692242383167783,0.002353743700132612
Brooks Brothers,External Brand,Tier 1,Kids Apparel,Consignment,542778.48,123680.58,123680.58,123680.58,120031.18000000001,33458.75,5975.26,27483.49,0.8214141293383644,742,25,717,0.03369272237196765,419097.9,419097.9,0.7721343336972387,0.2278656663027613,0.03574141414141414,0.19212425216134715,0.7721343336972387,46.66492329149233,495,0.0021064099964212797,0.004432778727650447
Brooks Brothers,External Brand,Tier 1,Lifestyle Apparel,Buyout,168338.4,38975.56,38975.56,38975.56,38260.76,38260.76,16393.65,21867.11,0.5715283752858019,352,7,345,0.019886363636363636,129362.84,129362.84,0.7684689886561831,0.23153101134381698,0.099721875,0.13180913634381697,0.7684689886561831,110.90075362318841,224,0.002408722601253049,0.003526919617675643
Brooks Brothers,External Brand,Tier 1,Outdoor Apparel,Buyout,512243.68,119368.74,119368.74,119368.74,114522.98,114522.98,58857.39,55665.59,0.4860648055089031,268,11,257,0.041044776119402986,392874.94,392874.94,0.7669688379561852,0.2330311620438148,0.1199375,0.1130936620438148,0.7669688379561852,445.6147081712062,160,0.007209843460737603,0.008978235413847055
Brooks Brothers,External Brand,Tier 1,Performance Apparel,Buyout,605011.4,139775.85,139775.85,139775.85,134430.5,134430.5,73201.73,61228.77,0.4554678439788589,653,26,627,0.039816232771822356,465235.55,465235.55,0.7689698904847082,0.23103010951529176,0.11152005076142131,0.11951005875387045,0.7689698904847082,214.40271132376395,394,0.00846312994430189,0.009875513960425035
Brooks Brothers,External Brand,Tier 1,Running Shoes,Buyout,68255.51999999999,15979.02,15979.02,15979.02,15527.33,15527.33,9005.92,6521.41,0.41999558198350906,159,5,154,0.031446540880503145,52276.5,52276.5,0.765894099114621,0.23410590088537897,0.1362,0.09790590088537898,0.7658940991146211,100.82681818181818,108,0.0009775297382517885,0.0010518302996557897
Brooks Brothers,External Brand,Tier 1,Sportswear,Buyout,184249.31,43188.71,43188.71,43188.71,40619.5,40619.5,21973.69,18645.81,0.45903593101835327,343,20,323,0.05830903790087463,141060.6,141060.6,0.7655963542007295,0.23440364579927056,0.1266,0.10780364579927057,0.7655963542007295,125.75696594427245,219,0.0025572180924163085,0.0030073600524464683
Brooks Brothers,External Brand,Tier 1,Sportswear,Consignment,130071.4,30020.3,30020.3,30020.3,28654.0,7266.63,1318.87,5947.76,0.8185032126308894,292,14,278,0.04794520547945205,100051.1,100051.1,0.7692013770898137,0.23079862291018627,0.0118,0.21899862291018626,0.7692013770898138,26.138956834532376,179,0.00045747381693263386,0.0009593069877650263
Brooks Brothers,External Brand,Tier 1,Training Shoes,Buyout,462994.83,104126.49,104126.49,104126.49,99063.94,99063.94,37158.26,61905.68,0.6249062978920483,391,18,373,0.04603580562659847,358868.34,358868.34,0.7751022619410243,0.22489773805897573,0.0841,0.14079773805897572,0.7751022619410243,265.5869705093834,237,0.006236612948806452,0.009984691952322492
Brooks Brothers,External Brand,Tier 1,Underwear,Buyout,31300.81,7340.18,7340.18,7340.18,7042.73,7042.73,2716.8599999999997,4325.87,0.6142319810641612,229,9,220,0.039301310043668124,23960.63,23960.63,0.7654955255151544,0.2345044744848456,0.09063333333333333,0.14387114115151228,0.7654955255151544,32.01240909090909,135,0.0004433780961361688,0.0006977143191996809
Brooks Brothers,External Brand,Tier 1,Yoga Apparel,Buyout,25641.45,3210.1,3210.1,3210.1,3094.0,3094.0,1940.4,1153.6,0.3728506787330316,57,2,55,0.03508771929824561,22431.35,22431.35,0.8748081719247547,0.12519182807524534,0.0784,0.046791828075245345,0.8748081719247546,56.25454545454546,37,0.0001947841006889809,0.00018606274313115093
Brooks Brothers,External Brand,Tier 1,Yoga Apparel,Consignment,788082.72,119106.71,119106.71,119106.71,114366.11,26808.87,4750.47,22058.4,0.8228023038643554,1099,45,1054,0.04094631483166515,668976.01,668976.01,0.8488652181080687,0.15113478189193136,0.027842857142857145,0.12329192474907422,0.8488652181080687,25.435360531309296,679,0.0016877639409947638,0.0035577725494835124
Champion,External Brand,Tier 3,Accessories,Buyout,196200.97999999998,38077.9,38077.9,38077.9,36834.86,36834.86,26477.83,10357.03,0.2811746807236406,323,11,312,0.034055727554179564,158123.08,158123.08,0.8059240071074059,0.19407599289259414,0.14128376963350786,0.05279222325908628,0.8059240071074059,118.06044871794872,191,0.002318954453492086,0.0016704727916883012
Champion,External Brand,Tier 3,Bags,Buyout,81408.2,16705.99,16705.99,16705.99,16163.43,16163.43,7266.36,8897.07,0.5504444291836571,236,8,228,0.03389830508474576,64702.21,64702.21,0.7947873801410669,0.20521261985893316,0.0924,0.11281261985893316,0.7947873801410669,70.89223684210526,152,0.0010175756873300886,0.0014349976161840057
Champion,External Brand,Tier 3,Bags,Consignment,193178.02,25218.09,25218.09,25218.09,24346.51,7043.47,1245.88,5797.59,0.8231155950121176,226,7,219,0.030973451327433628,167959.93,167959.93,0.869456732189304,0.13054326781069606,0.0192,0.11134326781069606,0.869456732189304,32.161963470319634,151,0.0004434246831544332,0.0009350862508232744
Champion,External Brand,Tier 3,Basketball Shoes,Buyout,384850.68,77993.81,77993.81,77993.81,74107.5,74107.5,41854.05,32253.45,0.4352251796376885,317,16,301,0.050473186119873815,306856.87,306856.87,0.7973400748570848,0.20265992514291517,0.1145,0.08815992514291517,0.7973400748570848,246.2043189368771,206,0.004665469535167631,0.005202119783671481
Champion,External Brand,Tier 3,Kids Apparel,Buyout,227008.05000000002,44318.72,44318.72,44318.72,42828.32,42828.32,37727.86,5100.46,0.11909082588343414,426,15,411,0.035211267605633804,182689.33,182689.33,0.8047702713626235,0.1952297286373765,0.1685149253731343,0.026714803264242193,0.8047702713626234,104.20515815085157,268,0.0026962753055009355,0.0008226469996798804
Champion,External Brand,Tier 3,Lifestyle Apparel,Buyout,88299.3,16660.5,16660.5,16660.5,16379.16,16379.16,10602.54,5776.62,0.3526810898727407,201,4,197,0.01990049751243781,71638.8,71638.8,0.8113178700170895,0.1886821299829104,0.1225,0.0661821299829104,0.8113178700170897,83.14294416243655,129,0.0010311570622627433,0.0009317040249880973
Champion,External Brand,Tier 3,Lifestyle Apparel,Consignment,42928.4,8000.43,8000.43,8000.43,7543.57,1514.0,273.9,1240.1,0.8190885072655217,85,5,80,0.058823529411764705,34927.97,34927.97,0.8136331659227923,0.18636683407720764,0.0306,0.15576683407720765,0.8136331659227923,18.925,52,9.531452115162155e-05,0.00020001422309027416
Champion,External Brand,Tier 3,Outdoor Apparel,Buyout,399812.32,80533.47,80533.47,80533.47,76870.25,76870.25,50033.25,26837.0,0.3491207586810242,298,15,283,0.050335570469798654,319278.85,319278.85,0.798571814895549,0.201428185104451,0.136515763546798,0.064912421557653,0.798571814895549,271.62632508833923,203,0.004839399649640315,0.004328507140612602
Champion,External Brand,Tier 3,Performance Apparel,Buyout,374945.0,75793.7,75793.7,75793.7,72731.18,72731.18,49087.2,23643.98,0.32508725968697333,236,10,226,0.0423728813559322,299151.3,299151.3,0.7978538185600554,0.2021461814399445,0.1367,0.06544618143994452,0.7978538185600554,321.81938053097343,149,0.0045788227176303785,0.003813508822241739
Champion,External Brand,Tier 3,Performance Apparel,Consignment,127840.74,25265.11,25265.11,25265.11,24015.12,4452.38,784.54,3667.84,0.8237931173889022,114,5,109,0.043859649122807015,102575.63,102575.63,0.8023704337130715,0.19762956628692857,0.0283,0.16932956628692858,0.8023704337130715,40.847522935779814,69,0.0002803014978104734,0.000591581459575382
Champion,External Brand,Tier 3,Running Shoes,Buyout,125566.0,24395.85,24395.85,24395.85,23229.44,23229.44,12681.76,10547.68,0.4540651862464184,140,6,134,0.04285714285714286,101170.15,101170.15,0.8057129318446077,0.19428706815539237,0.10549999999999998,0.08878706815539239,0.8057129318446076,173.35402985074626,88,0.0014624193858786814,0.0017012224986733514
Champion,External Brand,Tier 3,Sportswear,Buyout,235477.5,48161.7,48161.7,48161.7,46464.38,46464.38,25989.440000000002,20474.94,0.440658844473982,250,9,241,0.036,187315.8,187315.8,0.7954721788705927,0.20452782112940726,0.1145,0.09002782112940726,0.7954721788705926,192.79825726141078,148,0.002925185026622841,0.003302378208950873
Champion,External Brand,Tier 3,Underwear,Buyout,82643.22,16360.39,16360.39,16360.39,15857.61,15857.61,9089.28,6768.33,0.4268190477631875,297,9,288,0.030303030303030304,66282.83,66282.83,0.802035908087802,0.197964091912198,0.1134,0.08456409191219799,0.802035908087802,55.061145833333335,180,0.0009983226577009018,0.0010916557266096244
Cole Haan,External Brand,Tier 2,Accessories,Buyout,50792.549999999996,7881.33,7881.33,7881.33,7727.06,7727.06,6454.280000000001,1272.78,0.16471724045109004,265,6,259,0.022641509433962263,42911.22,42911.22,0.8448329528641503,0.15516704713584967,0.13,0.025167047135849663,0.8448329528641505,29.834208494208497,167,0.00048646038560756197,0.0002052851406054666
Cole Haan,External Brand,Tier 2,Bags,Buyout,201834.41,27129.51,27129.51,27129.51,26173.89,26173.89,12487.26,13686.63,0.5229115733274649,235,8,227,0.03404255319148936,174704.9,174704.9,0.8655853082732523,0.13441469172674766,0.06397718120805368,0.07043751051869399,0.8655853082732523,115.30348017621145,149,0.001647788501998161,0.0022074999324038697
Cole Haan,External Brand,Tier 2,Bags,Consignment,351266.17,55021.35,55021.35,55021.35,52857.76,13927.98,2410.67,11517.31,0.8269189071207741,449,18,431,0.0400890868596882,296244.82,296244.82,0.8433627980741784,0.15663720192582167,0.04,0.11663720192582167,0.8433627980741784,32.31549883990719,261,0.0008768419711422469,0.0018576129439076248
Cole Haan,External Brand,Tier 2,Basketball Shoes,Consignment,27752.78,4407.06,4407.06,4407.06,4407.06,1110.57,183.41,927.16,0.8348505722286754,22,0,22,0.0,23345.72,23345.72,0.8412029353455761,0.15879706465442384,0.0433,0.11549706465442383,0.8412029353455762,50.48045454545454,15,6.991641199164883e-05,0.00014954051050752244
Cole Haan,External Brand,Tier 2,Kids Apparel,Buyout,831799.77,124778.68,124778.68,124778.68,120757.87,120757.87,58522.56,62235.31,0.5153727040730347,1327,48,1279,0.03617181612660136,707021.09,707021.09,0.8499895233200173,0.1500104766799827,0.07708754448398576,0.07292293219599695,0.8499895233200172,94.41584831899921,843,0.007602363642232341,0.010037857574737819
Cole Haan,External Brand,Tier 2,Lifestyle Apparel,Buyout,618085.58,97297.47,97297.47,97297.47,93248.3,93248.3,44171.229999999996,49077.07,0.5263052516775104,715,26,689,0.03636363636363636,520788.11,520788.11,0.8425825271639568,0.1574174728360432,0.07794073275862069,0.07947674007742252,0.8425825271639569,135.33860667634252,464,0.005870486831375661,0.007915581023785987
Cole Haan,External Brand,Tier 2,Outdoor Apparel,Buyout,83086.39,13183.84,13183.84,13183.84,12935.69,12935.69,9361.24,3574.45,0.27632464909100324,137,3,134,0.021897810218978103,69902.55,69902.55,0.8413237113804077,0.1586762886195922,0.1152,0.04347628861959221,0.8413237113804078,96.53500000000001,87,0.000814371927421281,0.0005765186998830985
Cole Haan,External Brand,Tier 2,Performance Apparel,Buyout,2000144.69,297925.84,297925.84,297925.84,285532.46,285532.46,202369.59,83162.87,0.29125539702211084,1132,50,1082,0.044169611307420496,1702218.85,1702218.85,0.8510478559428618,0.1489521440571382,0.10728097982708934,0.04167116423004885,0.8510478559428619,263.8932162661738,694,0.017975818823080934,0.01341323831385168
Cole Haan,External Brand,Tier 2,Performance Apparel,Consignment,386783.36,59996.78,59996.78,59996.78,59099.13,16071.01,2797.86,13273.15,0.8259063991622182,262,5,257,0.019083969465648856,326786.58,326786.58,0.8448827271162854,0.15511727288371455,0.03928372093023256,0.115833551953482,0.8448827271162855,62.53311284046693,172,0.001011757346481454,0.0021408102453114044
Cole Haan,External Brand,Tier 2,Running Shoes,Buyout,439545.08,68717.08,68717.08,68717.08,65823.89,65823.89,29907.44,35916.45,0.5456445980327203,310,13,297,0.041935483870967745,370828.0,370828.0,0.843663180122503,0.15633681987749698,0.07136999999999999,0.08496681987749699,0.843663180122503,221.62925925925927,200,0.004143971304945185,0.005792920605524294
Cole Haan,External Brand,Tier 2,Sportswear,Buyout,603416.21,82565.42,82565.42,82565.42,78547.6,78547.6,39526.270000000004,39021.33,0.49678577066644936,880,38,842,0.04318181818181818,520850.79,520850.79,0.8631700331683168,0.13682996683168322,0.07723644859813084,0.059593518233552384,0.8631700331683168,93.28693586698338,535,0.004944997940296638,0.006293702930327561
Cole Haan,External Brand,Tier 2,Training Shoes,Buyout,1863595.06,295625.89,295625.89,295625.89,284636.22,284636.22,119114.18,165522.04,0.5815213538178663,1703,62,1641,0.0364063417498532,1567969.17,1567969.17,0.841367957908195,0.15863204209180506,0.06735217803030304,0.09127986406150203,0.8413679579081949,173.45290676416818,1056,0.017919395648419816,0.026696848830672755
Cole Haan,External Brand,Tier 2,Underwear,Buyout,534053.83,82862.12,82862.12,82862.12,79920.98,79920.98,51619.14,28301.84,0.3541227847806671,1127,42,1085,0.037267080745341616,451191.71,451191.71,0.8448431312626294,0.15515686873737053,0.10020385144429161,0.054953017293078915,0.8448431312626296,73.65988940092166,727,0.005031459668869433,0.004564769405390892
Columbia,External Brand,Tier 3,Accessories,Buyout,73605.0,15032.43,15032.43,15032.43,14582.98,14582.98,5991.92,8591.06,0.5891155305705692,250,8,242,0.032,58572.57,58572.57,0.7957689015691869,0.20423109843081313,0.0841,0.12013109843081314,0.7957689015691869,60.260247933884294,148,0.0009180777778491902,0.0013856416348858405
Columbia,External Brand,Tier 3,Accessories,Consignment,259330.06,52659.6,52659.6,52659.6,49897.98,13057.32,2270.5,10786.82,0.8261128623637929,436,21,415,0.0481651376146789,206670.46,206670.46,0.7969398534053476,0.20306014659465238,0.03205161290322581,0.17100853369142657,0.7969398534053476,31.463421686746987,279,0.000822029196382755,0.0017397930988747932
Columbia,External Brand,Tier 3,Bags,Buyout,34463.52,6950.45,6950.45,6950.45,6220.28,6220.28,5400.51,819.77,0.13178988727195562,104,11,93,0.10576923076923077,27513.07,27513.07,0.7983244311666364,0.20167556883336352,0.1752,0.026475568833363522,0.7983244311666365,66.88473118279569,67,0.00039160040266116806,0.00013221970781607454
Columbia,External Brand,Tier 3,Bags,Consignment,849067.3,170089.27,170089.27,170089.27,162421.2,39655.85,6862.75,32793.1,0.8269423048553997,971,43,928,0.044284243048403706,678978.03,678978.03,0.7996751612033581,0.2003248387966419,0.037022439024390244,0.16330239977225164,0.799675161203358,42.73259698275862,615,0.0024965510922130324,0.005289159276849987
Columbia,External Brand,Tier 3,Basketball Shoes,Buyout,58123.8,7669.47,7669.47,7669.47,7669.47,7669.47,7927.5,-258.03,-0.033643785033385616,42,0,42,0.0,50454.33,50454.33,0.8680494048909397,0.13195059510906032,0.1364,-0.004449404890939673,0.8680494048909396,182.60642857142858,24,0.00048283478238885533,-4.1617345362457414e-05
Columbia,External Brand,Tier 3,Kids Apparel,Consignment,21897.32,4311.71,4311.71,4311.71,4152.63,1394.44,252.39000000000001,1142.05,0.8190026103668856,86,3,83,0.03488372093023256,17585.61,17585.61,0.8030941686014544,0.1969058313985456,0.0162,0.1807058313985456,0.8030941686014544,16.800481927710845,51,8.778756993042744e-05,0.00018419985765684026
Columbia,External Brand,Tier 3,Lifestyle Apparel,Buyout,173898.68,34058.97,34058.97,34058.97,32066.48,32066.48,21601.8,10464.68,0.326343271852726,306,18,288,0.058823529411764705,139839.71,139839.71,0.8041447468146394,0.1958552531853606,0.1256896174863388,0.07016563569902179,0.8041447468146394,111.34194444444444,183,0.0020187590397741408,0.0016878355294640192
Columbia,External Brand,Tier 3,Outdoor Apparel,Buyout,173174.82,34485.24,34485.24,34485.24,32530.28,32530.28,14141.4,18388.88,0.5652850206023434,138,8,130,0.057971014492753624,138689.58,138689.58,0.8008645829688174,0.19913541703118268,0.0867,0.11243541703118268,0.8008645829688172,250.23292307692307,92,0.002047957768248462,0.0029659201247482308
Columbia,External Brand,Tier 3,Running Shoes,Buyout,642227.79,128168.42,128168.42,128168.42,123457.0,123457.0,57151.42,66305.58,0.5370742849737156,520,20,500,0.038461538461538464,514059.37,514059.37,0.800431526016649,0.19956847398335098,0.09365044510385756,0.10591802887949342,0.8004315260166489,246.914,337,0.0077722885322428934,0.010694346480324184
Columbia,External Brand,Tier 3,Running Shoes,Consignment,290986.8,57350.5,57350.5,57350.5,54615.26,15920.39,2727.48,13192.91,0.8286800763046634,260,12,248,0.046153846153846156,233636.3,233636.3,0.802910303835088,0.19708969616491195,0.0227,0.17438969616491196,0.802910303835088,64.19512096774193,159,0.0010022749996017597,0.002127868433150479
Columbia,External Brand,Tier 3,Training Shoes,Buyout,236606.82,30988.34,30988.34,30988.34,29808.69,29808.69,11953.800000000001,17854.89,0.5989827127592658,181,7,174,0.03867403314917127,205618.48,205618.48,0.8690302333635185,0.13096976663648158,0.0526,0.07836976663648157,0.8690302333635185,171.3143103448276,121,0.001876618899278157,0.0028797935260965286
Columbia,External Brand,Tier 3,Yoga Apparel,Buyout,305633.26,58539.33,58539.33,58539.33,55995.6,55995.6,44133.44,11862.16,0.2118409303588139,578,22,556,0.03806228373702422,247093.93,247093.93,0.8084654464635165,0.19153455353648355,0.12132551020408164,0.07020904333240191,0.8084654464635164,100.7115107913669,392,0.00352522708097605,0.0019132333816406148
Columbia,External Brand,Tier 3,Yoga Apparel,Consignment,9211.84,1217.78,1217.78,1217.78,1104.98,350.40000000000003,53.1,297.3,0.848458904109589,32,3,29,0.09375,7994.06,7994.06,0.8678027408205092,0.13219725917949074,0.0202,0.11199725917949074,0.8678027408205092,12.082758620689656,17,2.205958270246248e-05,4.795115597511371e-05
Fila,External Brand,Tier 3,Bags,Buyout,363479.2,70480.19,70480.19,70480.19,66994.13,66994.13,46097.369999999995,20896.76,0.3119192681508066,268,13,255,0.048507462686567165,292999.01,292999.01,0.8060956720494598,0.19390432795054022,0.1308561403508772,0.06304818759966302,0.8060956720494598,262.72207843137255,171,0.0042176442674501215,0.003370413044515698
Fila,External Brand,Tier 3,Kids Apparel,Consignment,57299.840000000004,10792.85,10792.85,10792.85,10247.67,2557.79,437.43,2120.36,0.828981268986117,97,5,92,0.05154639175257732,46506.99,46506.99,0.8116425805028427,0.1883574194971574,0.0343,0.1540574194971574,0.8116425805028425,27.802065217391306,60,0.0001610267695220648,0.0003419902895505957
Fila,External Brand,Tier 3,Lifestyle Apparel,Consignment,193907.53999999998,38275.69,38275.69,38275.69,36557.12,7084.71,1226.19,5858.52,0.8269244612694098,502,21,481,0.04183266932270916,155631.85,155631.85,0.8026085525090978,0.19739144749090215,0.027500000000000004,0.16989144749090215,0.802608552509098,14.729126819126819,308,0.0004460209650912184,0.0009449135765332094
Fila,External Brand,Tier 3,Outdoor Apparel,Buyout,215413.54,43080.61,43080.61,43080.61,41403.4,41403.4,22041.56,19361.84,0.4676388895597946,296,16,280,0.05405405405405406,172332.93,172332.93,0.800009739406353,0.199990260593647,0.10174972972972972,0.09824053086391728,0.8000097394063529,147.86928571428572,185,0.0026065688540614584,0.003122847661638734
Fila,External Brand,Tier 3,Outdoor Apparel,Consignment,593031.92,119261.17,119261.17,119261.17,113190.48,23419.14,4160.71,19258.43,0.8223371994018568,298,14,284,0.04697986577181208,473770.75,473770.75,0.7988958671904204,0.20110413280957962,0.017,0.1841041328095796,0.7988958671904203,82.46176056338028,191,0.001474362030966173,0.0031061687883141916
Fila,External Brand,Tier 3,Running Shoes,Buyout,745094.82,111576.61,111576.61,111576.61,107240.34,107240.34,60753.729999999996,46486.61,0.4334806286514944,730,27,703,0.036986301369863014,633518.21,633518.21,0.8502517974826345,0.1497482025173655,0.10484137214137214,0.04490683037599337,0.8502517974826345,152.54671408250354,481,0.006751361727369278,0.007497768876099161
Fila,External Brand,Tier 3,Running Shoes,Consignment,249950.62,48484.47,48484.47,48484.47,45541.43,9777.74,1689.59,8088.15,0.8272003550922811,262,15,247,0.05725190839694656,201466.15,201466.15,0.806023805822126,0.193976194177874,0.0137,0.18027619417787402,0.806023805822126,39.58599190283401,165,0.0006155618269782405,0.0013045278916922836
Fila,External Brand,Tier 3,Training Shoes,Buyout,526518.0,104065.18,104065.18,104065.18,99548.86,99548.86,79226.64,20322.22,0.2041431715039228,360,16,344,0.044444444444444446,422452.82,422452.82,0.8023520943253601,0.1976479056746398,0.15750000000000003,0.04014790567463977,0.8023520943253603,289.3862209302326,228,0.006267141295964209,0.0032777461856057025
Hoka,External Brand,Tier 1,Bags,Consignment,68292.28,15367.5,15367.5,15367.5,14769.61,4806.01,773.64,4032.37,0.8390265521711356,49,2,47,0.04081632653061224,52924.78,52924.78,0.7749745652070776,0.22502543479292242,0.0165,0.2085254347929224,0.7749745652070775,102.25553191489362,33,0.0003025644265521167,0.0006503760606100547
Hoka,External Brand,Tier 1,Basketball Shoes,Consignment,350968.68,80424.76,80424.76,80424.76,76611.59,25036.96,4371.12,20665.84,0.8254133089640276,490,26,464,0.053061224489795916,270543.92,270543.92,0.7708491823258987,0.22915081767410128,0.02251025641025641,0.20664056126384486,0.7708491823258987,53.958965517241374,312,0.0015762125848694205,0.0033331682381323373
Hoka,External Brand,Tier 1,Kids Apparel,Consignment,464992.56,106535.16,106535.16,106535.16,103402.15,25137.01,4469.61,20667.4,0.8221900695428773,753,23,730,0.03054448871181939,358457.4,358457.4,0.77088846324767,0.22911153675232998,0.0481,0.18101153675232998,0.7708884632476701,34.4342602739726,466,0.0015825112756496184,0.0033334198486379587
Hoka,External Brand,Tier 1,Lifestyle Apparel,Buyout,55721.68,12941.02,12941.02,12941.02,12596.41,12596.41,6483.139999999999,6113.27,0.4853184359670732,76,2,74,0.02631578947368421,42780.66,42780.66,0.7677561049846308,0.23224389501536924,0.1195,0.11274389501536924,0.7677561049846309,170.22175675675675,44,0.0007930124091013852,0.0009860018946787198
Hoka,External Brand,Tier 1,Lifestyle Apparel,Consignment,106208.48,13837.75,13837.75,13837.75,13345.06,4155.65,738.52,3417.13,0.8222853223924056,248,9,239,0.036290322580645164,92370.73,92370.73,0.8697114392372436,0.13028856076275644,0.0113,0.11898856076275643,0.8697114392372436,17.387656903765688,164,0.0002616207330407768,0.0005511447481239163
Hoka,External Brand,Tier 1,Outdoor Apparel,Buyout,565846.72,132290.65,132290.65,132290.65,126924.29,126924.29,61337.43,65586.86,0.516740018793881,496,19,477,0.038306451612903226,433556.07,433556.07,0.7662076224458807,0.23379237755411925,0.11270000000000001,0.12109237755411924,0.7662076224458808,266.0886582809224,298,0.007990573265429027,0.010578425004298507
Hoka,External Brand,Tier 1,Outdoor Apparel,Consignment,146473.4,33760.19,33760.19,33760.19,32730.11,9580.1,1717.17,7862.93,0.8207565683030449,118,4,114,0.03389830508474576,112713.21,112713.21,0.76951316757855,0.23048683242144993,0.0346,0.19588683242144994,0.7695131675785502,84.0359649122807,76,0.0006031193157758584,0.0012682024313871538
Hoka,External Brand,Tier 1,Sportswear,Buyout,66638.71,15480.51,15480.51,15480.51,15036.47,15036.47,7595.83,7440.64,0.49483954678192427,225,6,219,0.02666666666666667,51158.2,51158.2,0.767694932870099,0.2323050671299009,0.11947852348993288,0.11282654363996802,0.7676949328700989,68.65968036529681,149,0.000946627435839315,0.0012000917900930712
Hoka,External Brand,Tier 1,Training Shoes,Buyout,99613.8,23871.92,23871.92,23871.92,22063.79,22063.79,13718.52,8345.27,0.37823374859894876,172,13,159,0.0755813953488372,75741.88,75741.88,0.7603552921382379,0.2396447078617621,0.149,0.0906447078617621,0.7603552921382379,138.7659748427673,114,0.0013890353887978442,0.0013459984642597955
Hoka,External Brand,Tier 1,Underwear,Buyout,31276.21,7454.7,7454.7,7454.7,7454.7,7454.7,2900.31,4554.39,0.6109420902249588,49,0,49,0.0,23821.51,23821.51,0.7616495093235401,0.23835049067645983,0.0927,0.14565049067645983,0.7616495093235401,152.13673469387754,33,0.000469313844669084,0.000734572032497471
Hoka,External Brand,Tier 1,Yoga Apparel,Buyout,129765.0,30157.46,30157.46,30157.46,29473.28,29473.28,11155.199999999999,18318.08,0.6215148093459568,123,3,120,0.024390243902439025,99607.54,99607.54,0.7675994297383733,0.23240057026162678,0.0881,0.1443005702616268,0.7675994297383731,245.61066666666665,75,0.0018555030184726976,0.002954500878723885
Hoka,External Brand,Tier 1,Yoga Apparel,Consignment,175780.80000000002,39827.74,39827.74,39827.74,37118.42,12598.03,2183.53,10414.5,0.8266768693200445,144,10,134,0.06944444444444445,135953.06,135953.06,0.7734238324094554,0.22657616759054455,0.0414,0.18517616759054456,0.7734238324094553,94.01514925373135,94,0.0007931143968981261,0.0016797420581998713
Lululemon,External Brand,Tier 1,Accessories,Consignment,243874.47999999998,56906.27,56906.27,56906.27,54985.15,13383.38,2311.77,11071.61,0.8272656085383514,547,19,528,0.03473491773308958,186968.21,186968.21,0.7666575444876397,0.2333424555123603,0.0248,0.2085424555123603,0.7666575444876398,25.347310606060603,324,0.0008425564439169013,0.001785726532141368
Lululemon,External Brand,Tier 1,Basketball Shoes,Buyout,242042.48,55667.28,55667.28,55667.28,52803.35,52803.35,32336.0,20467.35,0.38761461157293997,385,20,365,0.05194805194805195,186375.2,186375.2,0.7700102891029708,0.2299897108970293,0.14047714285714286,0.08951256803988644,0.7700102891029706,144.66671232876712,245,0.0033242576092810273,0.003301154027067755
Lululemon,External Brand,Tier 1,Kids Apparel,Buyout,137953.52000000002,31730.95,31730.95,31730.95,30873.09,30873.09,22816.25,8056.84,0.26096642739680415,200,4,196,0.02,106222.57,106222.57,0.7699881090384646,0.23001189096153543,0.1644586776859504,0.06555321327558503,0.7699881090384645,157.51576530612246,121,0.001943628659062692,0.001299477939813438
Lululemon,External Brand,Tier 1,Outdoor Apparel,Buyout,320477.2,75108.66,75108.66,75108.66,68260.13,68260.13,52206.0,16054.13,0.23519043986584845,170,16,154,0.09411764705882353,245368.54,245368.54,0.7656349344040699,0.23436506559593007,0.1798,0.05456506559593008,0.7656349344040699,443.2475974025974,112,0.004297345841940183,0.002589351132441144
Lululemon,External Brand,Tier 1,Outdoor Apparel,Consignment,1589891.73,366016.88,366016.88,366016.88,353258.52,92547.37,16210.31,76337.06,0.8248431046716941,1029,41,988,0.03984450923226433,1223874.85,1223874.85,0.7697850280660307,0.23021497193396936,0.02494856230031949,0.20526640963364987,0.7697850280660307,93.67142712550607,626,0.005826359481764825,0.01231231170784263
Lululemon,External Brand,Tier 1,Performance Apparel,Consignment,272407.85000000003,63521.28,63521.28,63521.28,60299.590000000004,15002.59,2648.54,12354.05,0.8234611490415987,403,21,382,0.052109181141439205,208886.57,208886.57,0.7668155304628703,0.23318446953712968,0.0139,0.21928446953712968,0.7668155304628702,39.273795811518326,252,0.0009444945058679695,0.001992569722416258
Lululemon,External Brand,Tier 1,Running Shoes,Consignment,678552.64,157488.88999999998,157488.88999999998,157488.88999999998,149425.18,28555.17,5066.75,23488.420000000002,0.822562779349589,424,21,403,0.049528301886792456,521063.75,521063.75,0.7679046831208262,0.23209531687917387,0.0266,0.20549531687917388,0.767904683120826,70.85650124069478,256,0.0017977030085555806,0.0037884187387453093
Lululemon,External Brand,Tier 1,Sportswear,Buyout,108670.38,25180.09,25180.09,25180.09,24258.2,24258.2,14256.0,10002.2,0.412322431177911,91,3,88,0.03296703296703297,83490.29,83490.29,0.7682892983350201,0.2317107016649799,0.1357,0.09601070166497991,0.76828929833502,275.66136363636366,64,0.0015271854141349181,0.0016132426918744783
Lululemon,External Brand,Tier 1,Sportswear,Consignment,38791.549999999996,8624.45,8624.45,8624.45,8291.81,2835.82,485.65999999999997,2350.16,0.8287408932865978,137,5,132,0.0364963503649635,30167.1,30167.1,0.777671941440855,0.222328058559145,0.04809999999999999,0.17422805855914503,0.777671941440855,21.48348484848485,87,0.00017853026774913567,0.0003790544524940236
Lululemon,External Brand,Tier 1,Training Shoes,Consignment,959313.89,192149.94,192149.94,192149.94,183202.71,60379.95,10500.61,49879.340000000004,0.8260911113705792,712,32,680,0.0449438202247191,767163.95,767163.95,0.799700658978262,0.20029934102173794,0.01916666666666667,0.18113267435507127,0.799700658978262,88.79404411764706,420,0.0038012457208777086,0.008044978177853105
Lululemon,External Brand,Tier 1,Underwear,Consignment,133110.9,30544.97,30544.97,30544.97,28723.4,8792.22,1540.28,7251.94,0.8248133008500698,234,14,220,0.05982905982905983,102565.93000000001,102565.93000000001,0.7705299115249014,0.22947008847509862,0.0376,0.19187008847509862,0.7705299115249015,39.96463636363636,166,0.000553517991518963,0.0011696565962400474
Lululemon,External Brand,Tier 1,Yoga Apparel,Buyout,14476.0,3274.34,3274.34,3274.34,3274.34,3274.34,2449.0,825.34,0.25206301117171703,50,0,50,0.0,11201.66,11201.66,0.7738090632771484,0.22619093672285162,0.1692,0.05699093672285163,0.7738090632771484,65.4868,37,0.000206137482950859,0.0001331180863521707
Lululemon,External Brand,Tier 1,Yoga Apparel,Consignment,139278.38,31920.43,31920.43,31920.43,30647.27,8978.13,1579.7,7398.43,0.8240502198119208,171,7,164,0.04093567251461988,107357.95,107357.95,0.7708156140242297,0.22918438597577026,0.03429115044247787,0.19489323553329238,0.7708156140242297,54.74469512195122,113,0.0005652220355264253,0.0011932837904505905
New Balance,External Brand,Tier 3,Accessories,Buyout,27587.28,5595.33,5595.33,5595.33,5285.33,5285.33,3694.6299999999997,1590.7,0.30096512422119337,56,3,53,0.05357142857142857,21991.95,21991.95,0.7971771773078027,0.20282282269219729,0.1415,0.0613228226921973,0.7971771773078028,99.7232075471698,39,0.000332740223301387,0.0002565620713407783
New Balance,External Brand,Tier 3,Bags,Buyout,189696.04,25249.3,25249.3,25249.3,24382.27,24382.27,21261.24,3121.0299999999997,0.12800407837334257,148,5,143,0.033783783783783786,164446.74,164446.74,0.8668960090047215,0.13310399099527853,0.11600000000000002,0.017103990995278512,0.8668960090047214,170.50538461538463,95,0.001534996294345804,0.000503387138691588
New Balance,External Brand,Tier 3,Basketball Shoes,Buyout,151561.23,29817.64,29817.64,29817.64,28731.87,28731.87,13604.849999999999,15127.02,0.5264892260754347,109,4,105,0.03669724770642202,121743.59,121743.59,0.8032634071391477,0.19673659286085232,0.0932,0.10353659286085232,0.8032634071391476,273.63685714285714,73,0.0018088272330519422,0.0024398186863729045
New Balance,External Brand,Tier 3,Basketball Shoes,Consignment,58521.96,11140.71,11140.71,11140.71,10670.47,2970.66,518.64,2452.02,0.8254125345882733,108,4,104,0.037037037037037035,47381.25,47381.25,0.8096319740487161,0.1903680259512839,0.0174,0.1729680259512839,0.8096319740487161,28.56403846153846,75,0.00018701917794205816,0.00039548332820080157
New Balance,External Brand,Tier 3,Kids Apparel,Buyout,921398.52,129233.66,129233.66,129233.66,123749.57,123749.57,105609.9,18139.67,0.14658370126053769,1462,60,1402,0.04103967168262654,792164.86,792164.86,0.8597418411308062,0.14025815886919377,0.12370298013245033,0.016555178736743434,0.8597418411308062,88.26645506419402,906,0.00779070740242343,0.0029257253464752466
New Balance,External Brand,Tier 3,Lifestyle Apparel,Buyout,21658.49,4476.41,4476.41,4476.41,4190.51,4190.51,2114.16,2076.35,0.4954886159441213,49,3,46,0.061224489795918366,17182.08,17182.08,0.7933184631061538,0.20668153689384622,0.104,0.10268153689384622,0.7933184631061537,91.09804347826088,28,0.0002638153593336074,0.0003348919700939366
New Balance,External Brand,Tier 3,Lifestyle Apparel,Consignment,440468.54,87969.9,87969.9,87969.9,84756.28,26730.61,4584.97,22145.64,0.8284749206995276,737,26,711,0.035278154681139755,352498.64,352498.64,0.8002810825036448,0.19971891749635512,0.04607667386609071,0.1536422436302644,0.8002810825036449,37.595794655414906,463,0.00168283704903616,0.00357184338314402
New Balance,External Brand,Tier 3,Outdoor Apparel,Buyout,206316.63999999998,41355.65,41355.65,41355.65,39990.7,39990.7,24827.25,15163.45,0.3791744080498716,285,10,275,0.03508771929824561,164960.99,164960.99,0.7995525227630694,0.2004474772369306,0.1251321212121212,0.0753153560248094,0.7995525227630694,145.42072727272725,165,0.002517631717977643,0.002445694436834302
New Balance,External Brand,Tier 3,Outdoor Apparel,Consignment,394816.77999999997,78581.75,78581.75,78581.75,76436.37,15419.99,2741.61,12678.38,0.822204164853544,432,17,415,0.03935185185185185,316235.03,316235.03,0.8009665394667369,0.19903346053326307,0.030025390625,0.16900806990826306,0.8009665394667371,37.15660240963855,256,0.0009707721023862568,0.0020448805142676157
New Balance,External Brand,Tier 3,Performance Apparel,Buyout,1313618.7999999998,259079.09,259079.09,259079.09,246893.1,246893.1,140138.24,106754.86,0.4323930478413532,620,28,592,0.04516129032258064,1054539.71,1054539.71,0.8027745263694459,0.19722547363055404,0.1117,0.08552547363055404,0.8027745263694461,417.04915540540543,393,0.015543261295996971,0.017218361732127235
New Balance,External Brand,Tier 3,Running Shoes,Buyout,916408.27,167950.35,167950.35,167950.35,161934.24,161934.24,137327.38,24606.86,0.15195588036230018,845,31,814,0.036686390532544376,748457.92,748457.92,0.8167297748196882,0.18327022518031183,0.14872931354359925,0.03454091163671258,0.8167297748196882,198.93641277641277,539,0.010194639725001162,0.0039688105681728435
New Balance,External Brand,Tier 3,Running Shoes,Consignment,154369.35,30139.7,30139.7,30139.7,28447.38,6261.32,1108.2,5153.12,0.8230085668836603,255,14,241,0.054901960784313725,124229.65,124229.65,0.8047559311482493,0.1952440688517507,0.029499999999999995,0.1657440688517507,0.8047559311482493,25.98058091286307,146,0.00039418409351193594,0.0008311404671324519
New Balance,External Brand,Tier 3,Sportswear,Consignment,142276.44,28132.01,28132.01,28132.01,27159.32,7314.91,1245.89,6069.02,0.8296780138101495,166,5,161,0.030120481927710843,114144.43,114144.43,0.8022721822390271,0.19772781776097292,0.014647826086956521,0.1830799916740164,0.802272182239027,45.43422360248447,92,0.00046051330509723113,0.0009788648659135035
New Balance,External Brand,Tier 3,Training Shoes,Buyout,643166.64,125916.54,125916.54,125916.54,121356.18,121356.18,87448.26000000001,33907.92,0.27940826746524156,696,26,670,0.03735632183908046,517250.1,517250.1,0.804224081025098,0.19577591897490204,0.14754096109839815,0.04823495787650389,0.8042240810250979,181.12862686567163,437,0.007640030505607656,0.005468967240873453
New Balance,External Brand,Tier 3,Underwear,Buyout,31373.0,6146.34,6146.34,6146.34,5997.61,5997.61,4200.0,1797.61,0.2997210555537956,229,5,224,0.021834061135371178,25226.66,25226.66,0.8040882287317119,0.19591177126828802,0.1369,0.05901177126828802,0.8040882287317119,26.775044642857143,146,0.00037758211704370996,0.0002899343339805723
New Balance,External Brand,Tier 3,Yoga Apparel,Buyout,116643.8,22978.510000000002,22978.510000000002,22978.510000000002,22216.71,22216.71,13669.92,8546.79,0.38470097507686785,91,3,88,0.03296703296703297,93665.29,93665.29,0.8030027313924958,0.19699726860750422,0.1212,0.07579726860750421,0.8030027313924957,252.4626136363636,52,0.0013986625331667384,0.0013785013803449112
Nike,External Brand,Tier 1,Accessories,Consignment,41073.68,9536.09,9536.09,9536.09,9087.97,2155.68,378.33,1777.35,0.8244962146515253,194,9,185,0.04639175257731959,31537.59,31537.59,0.7678296661024773,0.2321703338975227,0.0246,0.2075703338975227,0.7678296661024773,11.652324324324324,118,0.00013571176152980683,0.00028666662318321004
Nike,External Brand,Tier 1,Bags,Consignment,619303.95,144375.56,144375.56,144375.56,138186.96,38252.21,6702.15,31550.06,0.8247905153715303,707,28,679,0.039603960396039604,474928.39,474928.39,0.766874472542925,0.23312552745707502,0.03320341463414634,0.19992211282292868,0.7668744725429251,56.3360972017673,410,0.002408184332325805,0.005088670864729889
Nike,External Brand,Tier 1,Basketball Shoes,Buyout,212252.04,49643.34,49643.34,49643.34,46787.9,46787.9,27078.59,19709.31,0.42124801497823156,171,10,161,0.05847953216374269,162608.7,162608.7,0.766111364583351,0.23388863541664898,0.1355,0.09838863541664897,0.766111364583351,290.6080745341615,114,0.002945552367364567,0.0031788906759901395
Nike,External Brand,Tier 1,Basketball Shoes,Consignment,340870.57,78528.31,78528.31,78528.31,76012.75,24015.18,4262.99,19752.19,0.8224876932007171,621,20,601,0.0322061191626409,262342.26,262342.26,0.7696242594366536,0.23037574056334637,0.03520403225806451,0.19517170830528185,0.7696242594366537,39.95870216306157,372,0.0015118859855151906,0.0031858067391190084
Nike,External Brand,Tier 1,Kids Apparel,Buyout,38873.64,9560.18,9560.18,9560.18,9183.34,9183.34,4458.5,4724.84,0.5145012598901925,52,2,50,0.038461538461538464,29313.46,29313.46,0.7540703674778075,0.24592963252219244,0.1193,0.12662963252219245,0.7540703674778075,183.6668,33,0.0005781411193345656,0.0007620637060122982
Nike,External Brand,Tier 1,Kids Apparel,Consignment,377820.42,48414.74,48414.74,48414.74,46128.8,14286.21,2549.35,11736.86,0.8215516921562823,1047,50,997,0.04775549188156638,329405.68,329405.68,0.8718577995334398,0.12814220046656027,0.0176,0.11054220046656027,0.8718577995334398,14.329197592778334,644,0.0008993944948622901,0.0018930238967980932
Nike,External Brand,Tier 1,Lifestyle Apparel,Buyout,196756.56,46614.0,46614.0,46614.0,44910.340000000004,44910.340000000004,19359.76,25550.58,0.568924216561264,198,7,191,0.03535353535353535,150142.56,150142.56,0.7630879499011367,0.2369120500988633,0.102,0.1349120500988633,0.7630879499011367,235.13267015706808,135,0.002827349770050539,0.004121022020970807
Nike,External Brand,Tier 1,Lifestyle Apparel,Consignment,560345.3,102774.26,102774.26,102774.26,98914.05,20772.8,3682.91,17089.89,0.8227051721481938,733,28,705,0.03819918144611187,457571.04,457571.04,0.8165876290922758,0.1834123709077242,0.03480814977973568,0.14860422112798852,0.8165876290922757,29.46496453900709,454,0.0013077605581099101,0.0027564076050707567
Nike,External Brand,Tier 1,Outdoor Apparel,Consignment,435248.10000000003,63567.66,63567.66,63567.66,62089.02,18211.46,3089.76,15121.7,0.8303397970289038,335,9,326,0.026865671641791045,371680.44,371680.44,0.8539507467120477,0.14604925328795232,0.02144185022026432,0.124607403067688,0.8539507467120476,55.86337423312883,227,0.0011465102968110368,0.002438960630033222
Nike,External Brand,Tier 1,Performance Apparel,Buyout,601887.66,138131.47,138131.47,138131.47,132418.07,132418.07,84121.98,48296.090000000004,0.3647243159487221,666,28,638,0.042042042042042045,463756.19,463756.19,0.7705029041465977,0.22949709585340228,0.14482776412776413,0.08466933172563815,0.7705029041465977,207.55183385579937,407,0.008336436548132037,0.007789617707965454
Nike,External Brand,Tier 1,Performance Apparel,Consignment,293694.24,67282.06,67282.06,67282.06,63021.53,14004.16,2533.2400000000002,11470.92,0.8191080364691634,192,10,182,0.052083333333333336,226412.18,226412.18,0.7709112034338842,0.22908879656611583,0.022468141592920352,0.20662065497319548,0.7709112034338842,76.94593406593407,113,0.0008816379158062697,0.0018501307571411078
Nike,External Brand,Tier 1,Running Shoes,Buyout,455434.69,104577.76,104577.76,104577.76,98552.34,98552.34,64769.0,33783.34,0.3427959194068857,361,21,340,0.05817174515235457,350856.93,350856.93,0.7703781413752211,0.22962185862477888,0.1508174672489083,0.07880439137587059,0.7703781413752211,289.85982352941176,229,0.0062044049507739745,0.005448873883956602
Nike,External Brand,Tier 1,Running Shoes,Consignment,253665.90999999997,45539.87,45539.87,45539.87,44301.97,12831.8,2251.84,10579.960000000001,0.8245109805327391,311,10,301,0.03215434083601286,208126.04,208126.04,0.820473038730352,0.17952696126964796,0.040098947368421047,0.13942801390122692,0.8204730387303522,42.630564784053156,190,0.000807831487789549,0.0017064289006742822
Nike,External Brand,Tier 1,Sportswear,Consignment,673472.42,154111.72,154111.72,154111.72,149091.82,35065.45,6139.76,28925.69,0.8249057120327844,862,25,837,0.029002320185614848,519360.7,519360.7,0.7711684763572055,0.22883152364279444,0.03154542124542125,0.19728610239737318,0.7711684763572055,41.8942054958184,546,0.00220756048594196,0.004665389414321516
Nike,External Brand,Tier 1,Training Shoes,Buyout,307915.56,69679.02,69679.02,69679.02,68262.69,68262.69,50028.0,18234.69,0.2671252773660106,204,4,200,0.0196078431372549,238236.54,238236.54,0.7737073761390947,0.22629262386090526,0.1657,0.060592623860905276,0.7737073761390948,341.31345,127,0.004297507007841205,0.002941051006888147
Nike,External Brand,Tier 1,Underwear,Consignment,600689.66,89401.13,89401.13,89401.13,85661.79,20971.8,3696.06,17275.74,0.8237604783566504,1164,47,1117,0.040378006872852236,511288.53,511288.53,0.8511691877632787,0.14883081223672137,0.0361480631276901,0.11268274910903127,0.8511691877632787,18.775111906893464,697,0.0013202886886972106,0.002786383125884665
Nike,External Brand,Tier 1,Yoga Apparel,Consignment,270566.11,62106.5,62106.5,62106.5,60357.8,16054.82,2769.35,13285.47,0.827506630407566,458,13,445,0.028384279475982533,208459.61,208459.61,0.7704572091456687,0.22954279085433132,0.020385714285714288,0.20915707656861704,0.7704572091456686,36.078247191011236,273,0.0010107380980683466,0.002142797323150669
On Running,External Brand,Tier 1,Accessories,Consignment,117898.4,27106.39,27106.39,27106.39,26686.7,4897.01,875.8,4021.21,0.8211561748903923,170,3,167,0.01764705882352941,90792.01,90792.01,0.7700868714079241,0.22991312859207588,0.04750000000000001,0.18241312859207587,0.7700868714079241,29.323413173652696,107,0.0003082933706900279,0.0006485760777621494
On Running,External Brand,Tier 1,Bags,Buyout,235335.56,52998.71,52998.71,52998.71,52286.22,52286.22,41094.1,11192.12,0.2140548695239396,172,2,170,0.011627906976744186,182336.85,182336.85,0.7747951478306125,0.2252048521693874,0.1767,0.04850485216938741,0.7747951478306127,307.56600000000003,116,0.00329170146772017,0.0018051634437006043
On Running,External Brand,Tier 1,Bags,Consignment,131423.0,30406.37,30406.37,30406.37,28938.19,5920.69,1031.07,4889.62,0.8258530678012191,475,22,453,0.04631578947368421,101016.63,101016.63,0.7686373770192432,0.23136262298075677,0.0164,0.21496262298075677,0.7686373770192433,13.069955849889624,308,0.0003727395853614228,0.0007886408721124638
On Running,External Brand,Tier 1,Kids Apparel,Consignment,300397.16,37756.21,37756.21,37756.21,35888.95,6779.46,1227.26,5552.2,0.8189737825726533,274,15,259,0.05474452554744526,262640.95,262640.95,0.8743123603432202,0.12568763965677973,0.0339,0.09178763965677973,0.8743123603432204,26.175521235521234,162,0.00042680382005718114,0.0008955075957114911
On Running,External Brand,Tier 1,Lifestyle Apparel,Consignment,94648.38,22233.87,22233.87,22233.87,21351.98,5011.32,894.86,4116.46,0.8214322773241383,199,8,191,0.04020100502512563,72414.51,72414.51,0.7650897986843515,0.2349102013156485,0.0416,0.1933102013156485,0.7650897986843515,26.237277486910994,124,0.0003154898059032656,0.0006639388345957504
On Running,External Brand,Tier 1,Outdoor Apparel,Buyout,177456.24,41107.1,41107.1,41107.1,39319.29,39319.29,13863.0,25456.29,0.6474249662188712,156,6,150,0.038461538461538464,136349.14,136349.14,0.7683535952300128,0.23164640476998724,0.0812,0.15044640476998725,0.7683535952300129,262.1286,93,0.0024753628126629734,0.004105814101371434
On Running,External Brand,Tier 1,Performance Apparel,Buyout,144861.21,33927.89,33927.89,33927.89,33538.17,33538.17,18246.4,15291.77,0.4559512340715072,81,1,80,0.012345679012345678,110933.32,110933.32,0.7657903727298702,0.2342096272701298,0.1275,0.10670962727012981,0.7657903727298703,419.227125,60,0.002111409916678784,0.002466391013809501
On Running,External Brand,Tier 1,Performance Apparel,Consignment,505857.07,115969.64,115969.64,115969.64,111883.31999999999,23221.17,4018.42,19202.75,0.8269501493680121,356,12,344,0.033707865168539325,389887.43,389887.43,0.7707462307485393,0.22925376925146068,0.02116387665198238,0.2080898925994783,0.7707462307485393,67.5034011627907,227,0.0014618987444718623,0.003097188228728943
On Running,External Brand,Tier 1,Running Shoes,Consignment,109697.64000000001,24729.13,24729.13,24729.13,22906.77,7875.36,1364.47,6510.89,0.826741888624774,78,6,72,0.07692307692307693,84968.51,84968.51,0.7745700819087813,0.2254299180912187,0.0315,0.1939299180912187,0.7745700819087811,109.38,55,0.0004957966758894546,0.0010501335416307034
On Running,External Brand,Tier 1,Sportswear,Buyout,178081.85,40845.25,40845.25,40845.25,39280.54,39280.54,19602.0,19678.54,0.5009742737752587,229,9,220,0.039301310043668124,137236.6,137236.6,0.770637771339415,0.229362228660585,0.11459999999999998,0.11476222866058503,0.770637771339415,178.5479090909091,145,0.0024729232897471045,0.003173927820055547
On Running,External Brand,Tier 1,Sportswear,Consignment,11912.85,2688.89,2688.89,2688.89,2511.84,693.51,116.58,576.93,0.8318986027598736,69,4,65,0.057971014492753624,9223.960000000001,9223.960000000001,0.774286589690964,0.22571341030903602,0.0141,0.21161341030903602,0.774286589690964,10.669384615384615,44,4.366022031959119e-05,9.305233910771056e-05
On Running,External Brand,Tier 1,Underwear,Consignment,58946.590000000004,7782.58,7782.58,7782.58,7493.16,1664.58,301.6,1362.98,0.8188131540688943,291,11,280,0.037800687285223365,51164.01,51164.01,0.867972345813388,0.13202765418661197,0.033836065573770495,0.09819158861284147,0.867972345813388,5.944928571428571,183,0.00010479434981411241,0.00021983338907151189
Patagonia,External Brand,Tier 3,Accessories,Buyout,66570.79000000001,13456.1,13456.1,13456.1,13052.34,13052.34,5541.5599999999995,7510.78,0.5754355157772476,169,5,164,0.029585798816568046,53114.69,53114.69,0.797867803581721,0.20213219641827893,0.08579999999999999,0.11633219641827894,0.7978678035817209,79.58743902439025,99,0.000821715678340922,0.001211404585518885
Patagonia,External Brand,Tier 3,Bags,Consignment,64412.64,12379.25,12379.25,12379.25,12006.37,3872.04,663.57,3208.47,0.8286252208138345,164,5,159,0.03048780487804878,52033.39,52033.39,0.8078133422259979,0.19218665777400212,0.0382,0.1539866577740021,0.8078133422259979,24.35245283018868,91,0.0002437659435138208,0.0005174902301092266
Patagonia,External Brand,Tier 3,Kids Apparel,Buyout,572084.03,113050.45,113050.45,113050.45,107672.82,107672.82,89642.7,18030.12,0.1674528446454732,553,26,527,0.04701627486437613,459033.58,459033.58,0.8023883833988514,0.1976116166011486,0.1644,0.0332116166011486,0.8023883833988513,204.3127514231499,355,0.006778588691773276,0.0029080561600067847
Patagonia,External Brand,Tier 3,Lifestyle Apparel,Buyout,299094.51,60393.02,60393.02,60393.02,58644.21,58644.21,26973.19,31671.02,0.5400536557658463,341,10,331,0.02932551319648094,238701.49,238701.49,0.798080479645046,0.201919520354954,0.0929,0.109019520354954,0.7980804796450459,177.17283987915408,218,0.0036919714626586103,0.00510818035624267
Patagonia,External Brand,Tier 3,Running Shoes,Buyout,57170.17999999999,11289.51,11289.51,11289.51,11011.76,11011.76,4995.45,6016.31,0.5463531715184494,46,1,45,0.021739130434782608,45880.67,45880.67,0.8025279962385985,0.1974720037614015,0.0893,0.1081720037614015,0.8025279962385986,244.70577777777777,29,0.0006932500868141216,0.0009703633340216494
Patagonia,External Brand,Tier 3,Running Shoes,Consignment,788376.2400000001,158399.24,158399.24,158399.24,151048.5,49498.51,8355.97,41142.54,0.8311874438240666,648,30,618,0.046296296296296294,629977.0,629977.0,0.7990816668954914,0.20091833310450855,0.04019999999999999,0.16071833310450856,0.7990816668954913,80.09467637540453,400,0.003116199985712517,0.0066358303153459626
Patagonia,External Brand,Tier 3,Sportswear,Buyout,285631.63,58209.76,58209.76,58209.76,56334.02,56334.02,46055.62,10278.4,0.18245458073114612,477,14,463,0.029350104821802937,227421.87,227421.87,0.7962068836704115,0.20379311632958858,0.1548574829931973,0.04893563333639128,0.7962068836704114,121.67174946004319,294,0.0035465324576260705,0.0016577906544722797
Patagonia,External Brand,Tier 3,Training Shoes,Buyout,43498.520000000004,8855.28,8855.28,8855.28,8241.37,8241.37,6126.0,2115.37,0.2566769845304846,26,2,24,0.07692307692307693,34643.24,34643.24,0.7964234185438953,0.20357658145610472,0.1526,0.0509765814561047,0.7964234185438952,343.3904166666667,15,0.0005188389928555742,0.0003411854585101792
Patagonia,External Brand,Tier 3,Training Shoes,Consignment,333767.49,66913.5,66913.5,66913.5,64387.92,15729.94,2742.7400000000002,12987.2,0.8256356985468476,399,15,384,0.03759398496240601,266853.99,266853.99,0.7995206183801784,0.20047938161982162,0.024700000000000003,0.17577938161982162,0.7995206183801784,40.96338541666667,248,0.0009902851379417028,0.0020946897170534707
Puma,External Brand,Tier 3,Accessories,Buyout,90668.0,18521.579999999998,18521.579999999998,18521.579999999998,18094.85,18094.85,14548.92,3545.93,0.19596349237490227,190,4,186,0.021052631578947368,72146.42,72146.42,0.795720871751886,0.20427912824811398,0.1639,0.04037912824811399,0.795720871751886,97.28413978494623,108,0.001139169064108599,0.0005719187437162292
Puma,External Brand,Tier 3,Accessories,Consignment,68853.05,14119.06,14119.06,14119.06,13575.82,2734.14,481.3,2252.84,0.8239665854711171,127,5,122,0.03937007874015748,54733.99,54733.99,0.7949392220097731,0.20506077799022698,0.0456,0.15946077799022698,0.794939222009773,22.410983606557377,85,0.00017212895961789599,0.00036335782787411765
Puma,External Brand,Tier 3,Basketball Shoes,Buyout,583556.98,106586.76,106586.76,106586.76,101760.51,101760.51,55573.92,46186.59,0.45387537857268995,672,32,640,0.047619047619047616,476970.22,476970.22,0.8173498670172705,0.18265013298272947,0.09873699999999999,0.08391313298272948,0.8173498670172705,159.000796875,400,0.006406376672915981,0.007449379014627067
Puma,External Brand,Tier 3,Kids Apparel,Buyout,225688.26,44932.45,44932.45,44932.45,42966.78,42966.78,24090.36,18876.420000000002,0.4393259164405618,660,31,629,0.04696969696969697,180755.81,180755.81,0.8009092276222077,0.19909077237779224,0.11148050632911391,0.08761026604867833,0.8009092276222077,68.30966613672496,395,0.0027049921143507726,0.0030445548593062764
Puma,External Brand,Tier 3,Lifestyle Apparel,Consignment,316405.26,63173.5,63173.5,63173.5,61875.16,15220.49,2683.07,12537.42,0.8237198671002051,626,14,612,0.022364217252396165,253231.76,253231.76,0.800339918495666,0.19966008150433404,0.04697616580310881,0.15268391570122522,0.800339918495666,24.870081699346404,386,0.000958212494083913,0.002022145247041743
Puma,External Brand,Tier 3,Performance Apparel,Buyout,1199234.6400000001,240087.64,240087.64,240087.64,231200.24,231200.24,174914.26,56285.98,0.24345121787070811,793,29,764,0.03656998738965952,959147.0,959147.0,0.7997992786465875,0.20020072135341252,0.146013163064833,0.05418755828857952,0.7997992786465874,302.61811518324606,509,0.014555310545402891,0.009078297363579317
Puma,External Brand,Tier 3,Running Shoes,Buyout,250532.92,49494.51,49494.51,49494.51,47263.01,47263.01,19193.5,28069.51,0.5939001769036716,242,12,230,0.049586776859504134,201038.41,201038.41,0.8024430881179208,0.19755691188207922,0.0806,0.11695691188207921,0.8024430881179208,205.49134782608698,152,0.002975463121753171,0.004527297181819758
Puma,External Brand,Tier 3,Running Shoes,Consignment,80964.65,16426.75,16426.75,16426.75,16223.9,4158.2,725.49,3432.71,0.8255278726371988,65,1,64,0.015384615384615385,64537.9,64537.9,0.7971120729849385,0.20288792701506153,0.0222,0.18068792701506153,0.7971120729849386,64.971875,39,0.00026178126938749847,0.000553657627404415
Puma,External Brand,Tier 3,Sportswear,Buyout,180085.80000000002,34911.48,34911.48,34911.48,33699.4,33699.4,18997.0,14702.4,0.4362807646426939,228,8,220,0.03508771929824561,145174.32,145174.32,0.8061397400572394,0.19386025994276063,0.1093,0.08456025994276063,0.8061397400572393,153.17909090909092,147,0.002121560220671701,0.002371332242208247
Puma,External Brand,Tier 3,Sportswear,Consignment,71608.72,14199.23,14199.23,14199.23,13425.86,3191.33,532.27,2659.06,0.8332137384726744,76,4,72,0.05263157894736842,57409.49,57409.49,0.8017108810211941,0.1982891189788059,0.0432,0.1550891189788059,0.801710881021194,44.32402777777778,50,0.0002009115526993424,0.00042887655838273075
Puma,External Brand,Tier 3,Training Shoes,Buyout,1463298.7,288825.67,288825.67,288825.67,277734.88,277734.88,172079.52,105655.36,0.3804180447194821,1568,62,1506,0.039540816326530615,1174473.03,1174473.03,0.8026201554064116,0.19737984459358843,0.11377026759167493,0.0836095770019135,0.8026201554064116,184.41891102257637,1009,0.017484918820543642,0.0170410247123
Puma,External Brand,Tier 3,Underwear,Buyout,88604.91,17918.58,17918.58,17918.58,17148.58,17148.58,10606.960000000001,6541.62,0.38146715354857363,227,10,217,0.04405286343612335,70686.33,70686.33,0.7977698978532906,0.2022301021467095,0.1252,0.0770301021467095,0.7977698978532906,79.02571428571429,135,0.001079596229280234,0.0010550899460138692
Puma,External Brand,Tier 3,Yoga Apparel,Buyout,299126.42,59084.52,59084.52,59084.52,56853.27,56853.27,47612.61,9240.66,0.16253524203621006,638,27,611,0.04231974921630094,240041.9,240041.9,0.8024764245164302,0.1975235754835698,0.17357333333333333,0.023950242150236473,0.8024764245164302,93.04954173486088,390,0.0035792220646987125,0.001490414830047071
Puma,External Brand,Tier 3,Yoga Apparel,Consignment,701427.12,117375.2,117375.2,117375.2,112106.33,29152.97,5158.91,23994.06,0.8230399852913786,992,44,948,0.04435483870967742,584051.92,584051.92,0.8326623013949047,0.1673376986050953,0.024719155844155846,0.14261854276093944,0.8326623013949048,30.75207805907173,616,0.0018353377646615511,0.003869972800323703
Reebok Underwear,External Brand,Tier 2,Accessories,Buyout,186650.73,37649.24,37649.24,37649.24,35669.39,35669.39,20724.76,14944.63,0.4189763267608445,513,23,490,0.04483430799220273,149001.49,149001.49,0.7982904219019128,0.20170957809808723,0.13022201834862385,0.07148755974946339,0.7982904219019127,72.79467346938776,327,0.0022455817883886646,0.0024104012247573615
Reebok Underwear,External Brand,Tier 2,Accessories,Consignment,86869.12,17947.99,17947.99,17947.99,16865.44,5324.46,985.18,4339.28,0.8149709078479319,197,12,185,0.06091370558375635,68921.13,68921.13,0.7933904476066984,0.2066095523933016,0.0461,0.16050955239330159,0.7933904476066985,28.780864864864864,124,0.0003352036692806888,0.0006998772018153092
Reebok Underwear,External Brand,Tier 2,Bags,Consignment,314713.98,65078.69,65078.69,65078.69,63399.79,18030.9,3055.55,14975.35,0.8305381317626962,202,5,197,0.024752475247524754,249635.29,249635.29,0.7932132217323171,0.20678677826768294,0.0131,0.19368677826768294,0.7932132217323171,91.5274111675127,133,0.0011351430643545396,0.002415356016252671
Reebok Underwear,External Brand,Tier 2,Basketball Shoes,Buyout,72912.42,9370.32,9370.32,9370.32,8973.94,8973.94,3559.82,5414.12,0.6033158233730112,126,5,121,0.03968253968253968,63542.1,63542.1,0.871485269587815,0.12851473041218492,0.0508,0.07771473041218492,0.871485269587815,74.16479338842976,85,0.0005649582522743611,0.0008732368401883035
Reebok Underwear,External Brand,Tier 2,Basketball Shoes,Consignment,293107.98000000004,56813.96,56813.96,56813.96,54511.71,12341.48,2132.02,10209.460000000001,0.8272476234616919,242,10,232,0.04132231404958678,236294.02,236294.02,0.8061671333547453,0.19383286664525473,0.0342,0.15963286664525472,0.8061671333547451,53.19603448275862,143,0.0007769631813093225,0.0016466714055892514
Reebok Underwear,External Brand,Tier 2,Kids Apparel,Consignment,253569.18,46616.33,46616.33,46616.33,44504.68,11573.62,2030.69,9542.93,0.8245415004121441,538,23,515,0.04275092936802974,206952.85,206952.85,0.816159321886043,0.18384067811395693,0.030241246290801188,0.15359943182315575,0.8161593218860431,22.473048543689323,337,0.0007286222247627677,0.0015391675912868883
Reebok Underwear,External Brand,Tier 2,Lifestyle Apparel,Buyout,253388.59,32832.14,32832.14,32832.14,32075.93,32075.93,18123.0,13952.93,0.43499689642669753,307,7,300,0.02280130293159609,220556.45,220556.45,0.8704277094718432,0.12957229052815677,0.0732,0.056372290528156774,0.8704277094718433,106.91976666666666,190,0.0020193539685884622,0.002250451136023691
Reebok Underwear,External Brand,Tier 2,Lifestyle Apparel,Consignment,56596.35,11222.58,11222.58,11222.58,10869.53,2463.03,418.44,2044.59,0.8301116916968123,359,12,347,0.033426183844011144,45373.77,45373.77,0.8017084140585038,0.19829158594149623,0.0496,0.14869158594149623,0.8017084140585037,7.09806916426513,245,0.00015506111296702672,0.00032976943826154635
Reebok Underwear,External Brand,Tier 2,Outdoor Apparel,Buyout,771383.99,151470.32,151470.32,151470.32,145961.87,145961.87,116420.02,29541.85,0.2023942965378561,476,17,459,0.03571428571428571,619913.67,619913.67,0.8036382372934652,0.1963617627065348,0.15447817589576548,0.04188358681076931,0.8036382372934653,317.9997167755991,307,0.009189092302143483,0.0047647691124904565
Reebok Underwear,External Brand,Tier 2,Outdoor Apparel,Consignment,721268.52,92614.58,92614.58,92614.58,89828.85,18271.22,3172.7200000000003,15098.5,0.8263542335979753,318,10,308,0.031446540880503145,628653.9400000001,628653.9400000001,0.8715948673317948,0.1284051326682052,0.0481,0.08030513266820519,0.8715948673317949,59.32214285714286,211,0.0011502725133130322,0.0024352187302060352
Reebok Underwear,External Brand,Tier 2,Performance Apparel,Buyout,447062.19,89078.43000000001,89078.43000000001,89078.43000000001,86189.05,86189.05,56058.18,30130.87,0.34959046421790235,637,29,608,0.04552590266875981,357983.76,357983.76,0.8007471175319031,0.19925288246809691,0.1307085,0.06854438246809691,0.8007471175319031,141.75830592105262,400,0.005426068711534456,0.0048597714330167316
Reebok Underwear,External Brand,Tier 2,Performance Apparel,Consignment,227558.6,29093.19,29093.19,29093.19,27869.74,5128.08,892.0,4236.08,0.8260557557604405,527,22,505,0.04174573055028463,198465.41,198465.41,0.8721507778655696,0.12784922213443042,0.0434,0.08444922213443043,0.8721507778655696,10.154613861386139,345,0.00032284048192021626,0.000683232199135754
Reebok Underwear,External Brand,Tier 2,Running Shoes,Buyout,525405.96,104177.81,104177.81,104177.81,100496.87,100496.87,77281.11,23215.76,0.23100978169767875,318,11,307,0.03459119496855346,421228.15,421228.15,0.8017193980821992,0.19828060191780086,0.1524,0.045880601917800856,0.8017193980821993,327.3513680781759,189,0.006326823673240925,0.0037444417384487243
Reebok Underwear,External Brand,Tier 2,Sportswear,Buyout,421830.22,82835.77,82835.77,82835.77,79758.32,79758.32,64004.399999999994,15753.92,0.19752071006510666,478,18,460,0.03765690376569038,338994.45,338994.45,0.803627701211165,0.19637229878883503,0.1577,0.03867229878883502,0.8036277012111651,173.38765217391307,296,0.005021219338611493,0.0025409306260997756
Reebok Underwear,External Brand,Tier 2,Sportswear,Consignment,237257.1,46469.47,46469.47,46469.47,44583.31,14119.460000000001,2454.45,11665.01,0.8261654482536868,405,15,390,0.037037037037037035,190787.63,190787.63,0.8041387591772806,0.19586124082271933,0.0412,0.15466124082271931,0.8041387591772807,36.203743589743596,250,0.0008888966768952935,0.00188143529754881
Reebok Underwear,External Brand,Tier 2,Training Shoes,Buyout,235980.92,46620.22,46620.22,46620.22,46115.6,46115.6,27052.26,19063.34,0.4133815888766491,161,2,159,0.012422360248447204,189360.7,189360.7,0.8024407227499579,0.19755927725004208,0.1161,0.08145927725004208,0.8024407227499579,290.03522012578617,99,0.002903227431717119,0.0030747029591208347
Reebok Underwear,External Brand,Tier 2,Training Shoes,Consignment,800980.4299999999,146100.67,146100.67,146100.67,139513.43,31876.54,5634.66,26241.88,0.8232348931220265,737,34,703,0.04613297150610583,654879.76,654879.76,0.817597703354625,0.182402296645375,0.026350000000000002,0.15605229664537498,0.8175977033546251,45.34358463726885,474,0.002006801285383428,0.004232520958493835
Reebok Underwear,External Brand,Tier 2,Underwear,Buyout,99140.8,19736.52,19736.52,19736.52,19068.26,19068.26,13309.05,5759.21,0.30203122885884714,430,15,415,0.03488372093023256,79404.28,79404.28,0.800924341946,0.19907565805399996,0.1391,0.05997565805399996,0.800924341946,45.94761445783132,283,0.0012004505093095236,0.0009288959872298507
Reebok Underwear,External Brand,Tier 2,Underwear,Consignment,93498.31999999999,18758.36,18758.36,18758.36,17761.34,3967.85,749.18,3218.67,0.811187418879242,211,11,200,0.052132701421800945,74739.96,74739.96,0.7993722240142924,0.20062777598570758,0.0167,0.1839277759857076,0.7993722240142925,19.83925,137,0.0002497977032704502,0.0005191353757229036
Reebok Underwear,External Brand,Tier 2,Yoga Apparel,Buyout,166599.29,33733.1,33733.1,33733.1,32653.33,32653.33,19120.0,13533.33,0.41445481976876475,221,8,213,0.03619909502262444,132866.19,132866.19,0.7975195452513634,0.20248045474863666,0.12427906976744187,0.07820138498119479,0.7975195452513633,153.30201877934275,129,0.0020557044339206596,0.0021827743615630193
Salomon,External Brand,Tier 3,Accessories,Buyout,141188.89,28648.46,28648.46,28648.46,27540.670000000002,27540.670000000002,11612.49,15928.18,0.5783512165826031,241,9,232,0.03734439834024896,112540.43000000001,112540.43000000001,0.7970912583844239,0.2029087416155761,0.08550551724137932,0.11740322437419677,0.7970912583844239,118.70978448275864,145,0.0017338347247323838,0.002569036809887947
Salomon,External Brand,Tier 3,Basketball Shoes,Buyout,175883.23,34931.77,34931.77,34931.77,34333.89,34333.89,25777.53,8556.36,0.24921032833739493,209,4,205,0.019138755980861243,140951.46,140951.46,0.8013922646292089,0.19860773537079116,0.14615038167938932,0.05245735369140184,0.8013922646292088,167.48239024390244,131,0.002161504811507561,0.0013800449140236259
Salomon,External Brand,Tier 3,Kids Apparel,Buyout,530329.8200000001,104058.7,104058.7,104058.7,99389.07,99389.07,61045.48,38343.59,0.38579282410027577,464,20,444,0.04310344827586207,426271.12,426271.12,0.8037849351937253,0.19621506480627468,0.11989270072992701,0.07632236407634767,0.8037849351937252,223.84925675675677,274,0.006257081647790617,0.006184391068738009
Salomon,External Brand,Tier 3,Kids Apparel,Consignment,107090.09999999999,20488.09,20488.09,20488.09,19855.79,4088.36,711.72,3376.64,0.8259155260299973,234,8,226,0.03418803418803419,86602.01,86602.01,0.808683622482377,0.19131637751762304,0.0283,0.16301637751762305,0.808683622482377,18.090088495575223,148,0.0002573844621502269,0.0005446141651927613
Salomon,External Brand,Tier 3,Lifestyle Apparel,Buyout,348999.31,68985.21,68985.21,68985.21,68125.96,68125.96,54158.32,13967.64,0.2050266887982202,323,4,319,0.01238390092879257,280014.1,280014.1,0.802334251033333,0.19766574896666703,0.15635714285714286,0.041308606109524165,0.8023342510333329,213.56100313479627,210,0.004288899111885419,0.00225282369406067
Salomon,External Brand,Tier 3,Performance Apparel,Consignment,422693.60000000003,83345.81,83345.81,83345.81,79759.87,24701.62,4291.97,20409.65,0.8262474283063217,328,15,313,0.04573170731707317,339347.79,339347.79,0.8028221624363369,0.1971778375636631,0.0409,0.15627783756366312,0.8028221624363368,78.91891373801917,212,0.0015551011109440672,0.0032918476641354845
Salomon,External Brand,Tier 3,Running Shoes,Buyout,2077122.89,412338.32,412338.32,412338.32,394609.46,394609.46,331593.33,63016.13,0.15969239561565501,1573,68,1505,0.04322949777495232,1664784.57,1664784.57,0.8014858331275719,0.19851416687242807,0.16633873873873875,0.032175428133689316,0.801485833127572,262.19897674418604,999,0.024842808270673686,0.010163795084352648
Salomon,External Brand,Tier 3,Sportswear,Buyout,4617.0,873.32,873.32,873.32,873.32,873.32,828.09,45.230000000000004,0.05179086703613796,27,0,27,0.0,3743.68,3743.68,0.8108468702620749,0.18915312973792506,0.1794,0.009753129737925054,0.8108468702620749,32.34518518518519,20,5.4980236203523204e-05,7.29509177515773e-06
Salomon,External Brand,Tier 3,Training Shoes,Consignment,15820.56,3240.88,3240.88,3240.88,3078.01,657.45,108.38,549.07,0.835150962050346,21,1,20,0.047619047619047616,12579.68,12579.68,0.7951475801109442,0.20485241988905578,0.04820000000000001,0.15665241988905576,0.7951475801109443,32.8725,13,4.1390047510656266e-05,8.855883353937331e-05
Salomon,External Brand,Tier 3,Underwear,Buyout,145177.51,29155.4,29155.4,29155.4,28177.49,28177.49,23768.77,4408.72,0.1564624812217128,314,9,305,0.028662420382165606,116022.11,116022.11,0.7991741282792355,0.20082587172076447,0.1556868932038835,0.04513897851688098,0.7991741282792355,92.38521311475411,206,0.0017739260017203466,0.0007110770950911648
Salomon,External Brand,Tier 3,Yoga Apparel,Consignment,208394.0,27825.45,27825.45,27825.45,26051.53,8286.98,1399.82,6887.16,0.8310820105756259,290,19,271,0.06551724137931035,180568.55,180568.55,0.8664767219785598,0.13352327802144015,0.0174,0.11612327802144015,0.8664767219785597,30.579261992619923,180,0.0005217103900218393,0.001110821673008961
Skechers,External Brand,Tier 3,Accessories,Buyout,235092.9,46650.77,46650.77,46650.77,45094.85,45094.85,25427.53,19667.32,0.4361322856157632,475,16,459,0.03368421052631579,188442.13,188442.13,0.8015645304473253,0.1984354695526747,0.11622431506849315,0.08221115448418154,0.8015645304473253,98.2458605664488,292,0.002838965676455879,0.0031721181598805023
Skechers,External Brand,Tier 3,Bags,Consignment,194546.88,40132.62,40132.62,40132.62,38506.47,7169.88,1281.14,5888.74,0.8213163958113664,176,7,169,0.03977272727272727,154414.26,154414.26,0.7937123432665689,0.20628765673343105,0.027599999999999996,0.17868765673343107,0.793712343266569,42.42532544378698,112,0.0004513828790717228,0.0009497877236356915
Skechers,External Brand,Tier 3,Basketball Shoes,Buyout,373552.2,48380.0,48380.0,48380.0,47071.48,47071.48,42893.4,4178.08,0.08876032790980865,276,8,268,0.028985507246376812,325172.2,325172.2,0.8704866414921395,0.12951335850786047,0.1183,0.011213358507860469,0.8704866414921395,175.63985074626868,155,0.00296340526822862,0.000673877449567787
Skechers,External Brand,Tier 3,Basketball Shoes,Consignment,896169.95,176345.62,176345.62,176345.62,168156.84,52858.75,9338.24,43520.51,0.8233359661361648,712,32,680,0.0449438202247191,719824.33,719824.33,0.8032230159022851,0.19677698409771496,0.024945394736842104,0.17183158936087287,0.8032230159022851,77.73345588235294,456,0.003327745340107844,0.007019370208969041
Skechers,External Brand,Tier 3,Kids Apparel,Buyout,382866.36,53758.25,53758.25,53758.25,52021.39,52021.39,49354.17,2667.22,0.051271601931436275,502,18,484,0.035856573705179286,329108.11,329108.11,0.859590040765138,0.14040995923486202,0.13127179487179488,0.009138164363067136,0.859590040765138,107.48221074380166,312,0.0032750289811702468,0.0004301926748736723
Skechers,External Brand,Tier 3,Lifestyle Apparel,Buyout,66469.4,8912.88,8912.88,8912.88,8666.45,8666.45,4674.87,3991.58,0.4605784375378615,131,4,127,0.030534351145038167,57556.52,57556.52,0.8659100277721778,0.13408997222782212,0.0725,0.06158997222782213,0.8659100277721778,68.23976377952756,88,0.000545600087076929,0.0006437970910432033
Skechers,External Brand,Tier 3,Outdoor Apparel,Buyout,1405424.73,281006.93,281006.93,281006.93,269684.83,269684.83,194793.23,74891.6,0.277700455008908,1013,42,971,0.04146100691016782,1124417.8,1124417.8,0.8000555106213336,0.19994448937866632,0.1477980230642504,0.05214646631441591,0.8000555106213337,277.73926879505666,607,0.0169781244605723,0.012079175219730327
Skechers,External Brand,Tier 3,Running Shoes,Buyout,349248.93,44744.38,44744.38,44744.38,42271.86,42271.86,20649.809999999998,21622.05,0.5114998488356084,251,14,237,0.055776892430278883,304504.55,304504.55,0.8718839883059913,0.12811601169400863,0.0626,0.06551601169400863,0.8718839883059913,178.36227848101265,153,0.0026612431268747587,0.0034873941878631257
Skechers,External Brand,Tier 3,Sportswear,Buyout,138478.6,27833.08,27833.08,27833.08,26427.76,26427.76,10987.2,15440.56,0.5842553436235232,442,22,420,0.049773755656108594,110645.52,110645.52,0.7990080777824154,0.20099192221758452,0.0835,0.11749192221758452,0.7990080777824154,62.92323809523809,269,0.0016637709970343314,0.002490389172227049
Skechers,External Brand,Tier 3,Training Shoes,Buyout,413661.94,54525.92,54525.92,54525.92,52506.01,52506.01,31568.56,20937.45,0.39876292256829265,419,15,404,0.03579952267303103,359136.02,359136.02,0.8681872448792365,0.13181275512076357,0.0791,0.052712755120763566,0.8681872448792365,129.9653712871287,250,0.003305538441698978,0.0033769758852039843
Skechers,External Brand,Tier 3,Training Shoes,Consignment,57143.78,11825.93,11825.93,11825.93,11472.74,2925.52,513.59,2411.93,0.8244448850118953,101,3,98,0.0297029702970297,45317.85,45317.85,0.7930495672494889,0.2069504327505111,0.0475,0.15945043275051107,0.7930495672494889,29.852244897959185,65,0.00018417736982793387,0.0003890172607839085
Skechers,External Brand,Tier 3,Underwear,Consignment,84888.48,16209.94,16209.94,16209.94,15398.08,5162.98,907.39,4255.59,0.8242507234194206,136,6,130,0.04411764705882353,68678.54,68678.54,0.809044289637416,0.19095571036258396,0.0411,0.14985571036258397,0.809044289637416,39.715230769230764,78,0.0003250376264302503,0.0006863789433438754
Skechers,External Brand,Tier 3,Yoga Apparel,Consignment,202702.83000000002,40290.22,40290.22,40290.22,39208.39,11052.84,1895.71,9157.13,0.8284866152047798,209,6,203,0.028708133971291867,162412.61,162412.61,0.8012350394910619,0.19876496050893813,0.0125,0.18626496050893812,0.8012350394910618,54.44748768472906,141,0.0006958362958820929,0.001476942377781342
The North Face,External Brand,Tier 3,Accessories,Buyout,10528.96,2129.2,2129.2,2129.2,2045.65,2045.65,1407.0,638.65,0.3121990565345978,104,4,100,0.038461538461538464,8399.76,8399.76,0.7977767984682248,0.20222320153177523,0.13899999999999998,0.06322320153177524,0.7977767984682249,20.456500000000002,60,0.00012878477555734123,0.0001030070829583127
The North Face,External Brand,Tier 3,Bags,Consignment,948831.2,186552.59,186552.59,186552.59,178476.52,46635.93,8402.53,38233.4,0.8198271161312748,680,30,650,0.04411764705882353,762278.61,762278.61,0.8033869564997441,0.1966130435002559,0.0367,0.1599130435002559,0.8033869564997441,71.74758461538461,413,0.002935985030654255,0.006166618657446729
The North Face,External Brand,Tier 3,Basketball Shoes,Buyout,648887.47,128228.42,128228.42,128228.42,122860.25,122860.25,94459.26000000001,28400.99,0.23116500251301786,431,19,412,0.04408352668213457,520659.05,520659.05,0.8023872767954665,0.19761272320453346,0.15073999999999999,0.04687272320453348,0.8023872767954666,298.2044902912621,270,0.0077347198793385145,0.004580761188488546
The North Face,External Brand,Tier 3,Basketball Shoes,Consignment,23683.350000000002,4514.8,4514.8,4514.8,4514.8,1008.1500000000001,194.0,814.15,0.807568318206616,15,0,15,0.0,19168.55,19168.55,0.8093681848218264,0.19063181517817368,0.0206,0.17003181517817367,0.8093681848218262,67.21000000000001,11,6.346851684214483e-05,0.0001313132648406957
The North Face,External Brand,Tier 3,Kids Apparel,Buyout,86680.28,17231.11,17231.11,17231.11,16645.079999999998,16645.079999999998,13706.88,2938.2,0.1765206295193535,68,2,66,0.029411764705882353,69449.17,69449.17,0.801210725207625,0.19878927479237493,0.1629,0.03588927479237494,0.801210725207625,252.19818181818178,39,0.0010478981702314613,0.0004738987100103568
The North Face,External Brand,Tier 3,Lifestyle Apparel,Buyout,593411.23,103307.22,103307.22,103307.22,99006.37,99006.37,49886.86,49119.51,0.4961247442967559,805,36,769,0.04472049689440994,490104.01,490104.01,0.825909563592182,0.1740904364078179,0.08778888888888889,0.08630154751892902,0.8259095635921821,128.74690507152144,513,0.006232988604696347,0.007922426119849169
The North Face,External Brand,Tier 3,Outdoor Apparel,Buyout,334789.33,43886.38,43886.38,43886.38,41937.33,41937.33,25859.34,16077.99,0.38338134545046143,269,12,257,0.04460966542750929,290902.95,290902.95,0.8689134447624123,0.13108655523758775,0.0808,0.05028655523758775,0.8689134447624122,163.18027237354087,174,0.002640182646847776,0.0025931994828668633
The North Face,External Brand,Tier 3,Outdoor Apparel,Consignment,16874.88,3245.34,3245.34,3245.34,3046.91,815.35,164.1,651.25,0.798736738823818,16,1,15,0.0625,13629.539999999999,13629.539999999999,0.8076821879622256,0.19231781203777448,0.0337,0.15861781203777447,0.8076821879622254,54.35666666666667,11,5.1330709921383505e-05,0.00010503932165756072
The North Face,External Brand,Tier 3,Performance Apparel,Buyout,87882.41,17261.29,17261.29,17261.29,16846.49,16846.49,7689.5,9156.99,0.5435547701628054,133,3,130,0.022556390977443608,70621.12,70621.12,0.8035865197597563,0.19641348024024374,0.0895,0.10691348024024375,0.8035865197597561,129.58838461538463,93,0.0010605780234052714,0.0014769197973513502
The North Face,External Brand,Tier 3,Running Shoes,Buyout,558036.78,111350.78,111350.78,111350.78,107664.13,107664.13,70257.72,37406.41,0.3474361423809397,359,11,348,0.03064066852367688,446686.0,446686.0,0.8004597833139242,0.19954021668607577,0.1299,0.06964021668607578,0.8004597833139242,309.379683908046,221,0.00677804160908582,0.006033234444598228
The North Face,External Brand,Tier 3,Training Shoes,Buyout,467096.95999999996,60594.13,60594.13,60594.13,57490.36,57490.36,54756.149999999994,2734.21,0.04755945170633825,344,17,327,0.04941860465116279,406502.83,406502.83,0.870275049531472,0.129724950468528,0.1233,0.006424950468527993,0.8702750495314722,175.811498470948,213,0.003619330339652799,0.00044099741062467423
The North Face,External Brand,Tier 3,Training Shoes,Consignment,99226.40000000001,20600.52,20600.52,20600.52,19726.68,6446.66,1172.35,5274.31,0.8181461407922863,145,6,139,0.041379310344827586,78625.88,78625.88,0.7923887191311989,0.20761128086880104,0.0414,0.16621128086880105,0.7923887191311989,46.378848920863305,92,0.0004058522529242487,0.0008506870550659334
The North Face,External Brand,Tier 3,Underwear,Buyout,48255.35,9583.26,9583.26,9583.26,9099.28,9099.28,6931.32,2167.96,0.23825621367844488,187,10,177,0.053475935828877004,38672.09,38672.09,0.8014052327876597,0.1985947672123402,0.1518,0.046794767212340216,0.8014052327876597,51.40836158192091,99,0.0005728490858814577,0.00034966763574775485
The North Face,External Brand,Tier 3,Underwear,Consignment,158698.75999999998,31323.99,31323.99,31323.99,30135.41,9203.4,1608.86,7594.54,0.8251885172870895,242,9,233,0.0371900826446281,127374.77,127374.77,0.8026198188316027,0.1973801811683973,0.0312,0.1661801811683973,0.8026198188316028,39.49957081545064,156,0.0005794040052621095,0.0012249141342053147
The North Face,External Brand,Tier 3,Yoga Apparel,Buyout,228846.84000000003,30042.33,30042.33,30042.33,29252.02,29252.02,15423.24,13828.78,0.4727461556501055,177,5,172,0.02824858757062147,198804.51,198804.51,0.8687229852070494,0.1312770147929506,0.0694,0.06187701479295059,0.8687229852070494,170.06988372093022,116,0.0018415735000116623,0.002230427133284672
Under Armour,External Brand,Tier 3,Accessories,Buyout,98211.74,18419.77,18419.77,18419.77,17745.19,17745.19,10678.53,7066.66,0.39822960475486596,452,16,436,0.035398230088495575,79791.97,79791.97,0.8124483895713486,0.1875516104286514,0.10801127819548871,0.07954033223316269,0.8124483895713486,40.69997706422018,266,0.001117156068424401,0.0011397730100339623
Under Armour,External Brand,Tier 3,Bags,Consignment,333989.42000000004,58084.52,58084.52,58084.52,54980.33,16835.85,2986.26,13849.59,0.822624934292002,561,29,532,0.05169340463458111,275904.9,275904.9,0.8260887425715462,0.17391125742845384,0.03545519287833828,0.13845606455011555,0.8260887425715461,31.646334586466164,337,0.0010599081776291462,0.002233783552914144
Under Armour,External Brand,Tier 3,Basketball Shoes,Consignment,154146.71,30378.12,30378.12,30378.12,29356.38,7547.5,1390.46,6157.04,0.8157721099701888,109,4,105,0.03669724770642202,123768.59,123768.59,0.8029272243306393,0.1970727756693607,0.0226,0.1744727756693607,0.8029272243306393,71.88095238095238,57,0.0004751561085811517,0.0009930615048268218
Under Armour,External Brand,Tier 3,Kids Apparel,Consignment,189090.44999999998,37560.72,37560.72,37560.72,35603.31,9121.49,1576.07,7545.42,0.8272135363849547,243,13,230,0.053497942386831275,151529.73,151529.73,0.8013610946507346,0.19863890534926543,0.0343,0.16433890534926543,0.8013610946507347,39.65865217391304,144,0.0005742473259836886,0.0012169916290539606
Under Armour,External Brand,Tier 3,Lifestyle Apparel,Buyout,1103826.76,180514.23,180514.23,180514.23,172827.0,172827.0,133855.64,38971.36,0.2254934703489617,1424,62,1362,0.04353932584269663,923312.53,923312.53,0.8364650717473093,0.16353492825269067,0.12160656284760846,0.04192836540508221,0.8364650717473093,126.8920704845815,899,0.010880398115634939,0.0062856433297084
Under Armour,External Brand,Tier 3,Outdoor Apparel,Buyout,263804.8,52403.28,52403.28,52403.28,51279.2,51279.2,34001.939999999995,17277.26,0.33692530304684937,224,5,219,0.022321428571428572,211401.52,211401.52,0.8013558509928553,0.1986441490071447,0.1318,0.0668441490071447,0.8013558509928553,234.15159817351596,146,0.0032283040905140233,0.0027866282848388597
Under Armour,External Brand,Tier 3,Performance Apparel,Buyout,361843.27999999997,73847.95,73847.95,73847.95,70632.67,70632.67,60637.5,9995.17,0.1415091628279095,172,7,165,0.040697674418604654,287995.33,287995.33,0.7959117825816746,0.20408821741832542,0.17470000000000002,0.029388217418325396,0.7959117825816747,428.07678787878785,104,0.004446710118038643,0.0016121088317113262
Under Armour,External Brand,Tier 3,Performance Apparel,Consignment,844320.24,170461.92,170461.92,170461.92,163556.8,42533.14,7550.79,34982.35,0.8224727823997946,462,20,442,0.04329004329004329,673858.32,673858.32,0.7981075048017325,0.20189249519826744,0.025531365313653135,0.1763611298846143,0.7981075048017325,96.22882352941177,271,0.0026776921216478734,0.005642260750844329
Under Armour,External Brand,Tier 3,Running Shoes,Buyout,164123.34,31822.49,31822.49,31822.49,30444.05,30444.05,23065.800000000003,7378.25,0.24235441736562646,386,16,370,0.04145077720207254,132300.85,132300.85,0.8061062491172797,0.1938937508827203,0.1466,0.04729375088272028,0.8061062491172798,82.28121621621621,234,0.0019166182613381928,0.0011900289827560804
Under Armour,External Brand,Tier 3,Running Shoes,Consignment,160357.13,31942.54,31942.54,31942.54,30446.27,9952.86,1792.2,8160.66,0.8199311554668708,137,6,131,0.043795620437956206,128414.59,128414.59,0.8008037434942867,0.1991962565057132,0.0235,0.17569625650571322,0.8008037434942867,75.97603053435115,85,0.0006265865818950647,0.001316222941540099
Under Armour,External Brand,Tier 3,Sportswear,Consignment,41682.36,8360.96,8360.96,8360.96,7992.37,2277.84,409.46,1868.3799999999999,0.8202419836336177,163,7,156,0.04294478527607362,33321.4,33321.4,0.7994125092725076,0.20058749072749238,0.0159,0.18468749072749238,0.7994125092725076,14.601538461538462,98,0.00014340239686922698,0.0003013487413413486
Under Armour,External Brand,Tier 3,Training Shoes,Buyout,453011.68,90888.06,90888.06,90888.06,86850.36,86850.36,51962.64,34887.72,0.40169919848346053,713,30,683,0.04207573632538569,362123.62,362123.62,0.7993692789554565,0.2006307210445435,0.1197,0.08093072104454349,0.7993692789554565,127.16011713030747,444,0.0054677017670052485,0.005626997993057834
Under Armour,External Brand,Tier 3,Training Shoes,Consignment,960373.25,145524.65,145524.65,145524.65,140116.41,44021.28,7649.42,36371.86,0.8262335852115159,1077,42,1035,0.03899721448467967,814848.6,814848.6,0.8484707378094923,0.1515292621905077,0.027434182908545726,0.12409507928196196,0.8484707378094922,42.53263768115942,667,0.0027713786153774466,0.005866373131399257
Under Armour,External Brand,Tier 3,Yoga Apparel,Buyout,586091.5599999999,117941.79,117941.79,117941.79,112715.54,112715.54,68198.96,44516.58,0.3949462514219424,664,32,632,0.04819277108433735,468149.77,468149.77,0.7987655887759244,0.20123441122407565,0.12325417661097851,0.07798023461309714,0.7987655887759245,178.3473734177215,419,0.007096055298181271,0.007180025129696023
Under Armour,External Brand,Tier 3,Yoga Apparel,Consignment,467020.16000000003,90925.2,90925.2,90925.2,86302.34,26363.62,4521.14,21842.48,0.828508376315544,720,31,689,0.043055555555555555,376094.96,376094.96,0.8053077623030235,0.1946922376969765,0.026419718309859157,0.16827251938711735,0.8053077623030235,38.263599419448475,426,0.0016597330357485554,0.00352294707488497
