snapshot_month,sku,brand,brand_tier,category,business_mode,price_band,gender_segment,style_type,core_or_seasonal,clearance_flag,replenishable_flag,gross_margin_pct,sell_through_rate,gmroi,inventory_value,sold_units,ending_inventory_units,inventory_age_days,weeks_of_supply,discount_factor,discount_depth,cost_to_msrp_ratio,price_cost_spread,quadrant_label,recommended_action,action_priority
2026-01-01,SKU00001,Reebok Underwear,Tier 2,Basketball Shoes,Buyout,Mass,Men,Fashion,Seasonal,1,0,0.6188593613526853,0.003525,0.0064578947368421,244186.0,31,8300,288.7236842105263,821.7675,0.12851473041218492,0.871485269587815,0.0508,0.07771473041218492,High Margin + Low Sell-through,Targeted Marketing / Control Inventory,Medium
2026-01-01,SKU00002,Hoka,Tier 1,Bags,Consignment,Premium,Men,Clearance,Seasonal,1,0,0.853743673861295,0.0016828947368421,0.0066855263157894,189096.18,10,8218,132.30263157894737,953.0763157894736,0.22502543479292242,0.7749745652070776,0.0165,0.2085254347929224,High Margin + Low Sell-through,Targeted Marketing / Control Inventory,Medium
2026-01-01,SKU00003,Fila,Tier 3,Bags,Buyout,Premium,Men,Core Basic,Core,0,1,0.4590177389600508,0.0052118421052631,0.0045934210526315,1061955.6,31,7928,139.30263157894737,818.6930263157894,0.19331278062087176,0.8066872193791282,0.1016,0.09171278062087176,Low Margin + Low Sell-through,Clearance / Eliminate,High
2026-01-01,SKU00004,Puma,Tier 3,Accessories,Consignment,Mass,Men,Clearance,Seasonal,1,0,0.806166976060175,0.0029302631578947,0.0023131578947368,195510.48,19,7909,126.89473684210526,887.6315789473684,0.20506077799022698,0.7949392220097731,0.0456,0.15946077799022698,High Margin + Low Sell-through,Targeted Marketing / Control Inventory,Medium
2026-01-01,SKU00005,Nike,Tier 1,Performance Apparel,Buyout,Premium,Women,Performance,Seasonal,0,0,0.2556099576592879,0.002125,0.0008197368421052,2187316.17,12,8777,131.10526315789474,929.2236842105264,0.2264816394273991,0.7735183605726009,0.1697,0.05678163942739911,Low Margin + Low Sell-through,Clearance / Eliminate,High
2026-01-01,SKU00006,Asics,Tier 3,Sportswear,Consignment,Entry,Women,Performance,Seasonal,0,1,0.8429221678776398,0.0073078947368421,0.014375,24093.93,58,8337,128.82894736842104,743.5781578947368,0.19437499533662134,0.8056250046633786,0.0192,0.17517499533662134,High Margin + High Sell-through,Main Push / Monitor Inventory,Low
2026-01-01,SKU00007,On Running,Tier 1,Outdoor Apparel,Buyout,Premium,Women,Fashion,Seasonal,0,1,0.6432469468798101,0.0078631578947368,0.0162697368421052,748602.0,56,8100,129.64473684210526,778.9227631578947,0.23164640476998724,0.7683535952300128,0.0812,0.15044640476998725,High Margin + High Sell-through,Main Push / Monitor Inventory,Low
2026-01-01,SKU00008,Brooks Brothers,Tier 1,Yoga Apparel,Consignment,Mass,Women,Fashion,Seasonal,0,1,0.8282168586001998,0.0148368421052631,0.0158710526315789,123629.94,111,8253,137.27631578947367,537.109605263158,0.23178182788437682,0.7682181721156232,0.0443,0.1874818278843768,High Margin + High Sell-through,Main Push / Monitor Inventory,Low
2026-01-01,SKU00009,Reebok Underwear,Tier 2,Accessories,Consignment,Mass,Men,Clearance,Seasonal,1,0,0.8165195643639218,0.0061118421052631,0.00775,178693.35,49,8781,132.71052631578948,787.6902631578947,0.2066095523933016,0.7933904476066984,0.0461,0.16050955239330159,High Margin + Low Sell-through,Targeted Marketing / Control Inventory,Medium
2026-01-01,SKU00010,Fila,Tier 3,Kids Apparel,Consignment,Mass,Women,Fashion,Seasonal,0,1,0.8256542224072357,0.0023763157894736,0.0031973684210526,162705.51,19,8019,140.93421052631578,882.9956578947368,0.1883574194971574,0.8116425805028427,0.0343,0.1540574194971574,High Margin + Low Sell-through,Targeted Marketing / Control Inventory,Medium
2026-01-01,SKU00011,Champion,Tier 3,Kids Apparel,Buyout,Premium,Men,Core Basic,Core,0,1,0.1429418742586002,0.005753947368421,0.0010368421052631,1490505.6,51,9133,136.9078947368421,770.5746052631579,0.19541328319184956,0.8045867168081504,0.17550000000000002,0.01991328319184954,Low Margin + Low Sell-through,Clearance / Eliminate,High
2026-01-01,SKU00012,Under Armour,Tier 3,Yoga Apparel,Buyout,Mass,Women,Core Basic,Seasonal,0,0,0.3173741790776597,0.0093460526315789,0.0052960526315789,446211.5,61,8050,144.14473684210526,713.6902631578947,0.19881205591775714,0.8011879440822429,0.1281,0.07071205591775714,Low Margin + High Sell-through,Traffic Driver / Control Discount,Medium
2026-01-01,SKU00013,Reebok Underwear,Tier 2,Outdoor Apparel,Consignment,Luxury,Men,Performance,Seasonal,1,0,0.8307304349454913,0.0087223684210526,0.0046631578947368,933037.86,70,8549,307.2105263157895,706.9272368421052,0.1284051326682052,0.8715948673317948,0.0481,0.08030513266820519,High Margin + High Sell-through,Main Push / Monitor Inventory,Low
2026-01-01,SKU00014,On Running,Tier 1,Underwear,Consignment,Entry,Women,Core Basic,Seasonal,1,0,0.815353387461733,0.0076381578947368,0.0064618421052631,51429.0,50,7900,288.5131578947368,758.5684210526315,0.1309636129444104,0.8690363870555896,0.0334,0.09756361294441039,High Margin + High Sell-through,Main Push / Monitor Inventory,Low
2026-01-01,SKU00015,Brand B,Tier 2,Sportswear,Own Brand,Premium,Men,Performance,Seasonal,0,0,0.5037150813076611,0.0269618421052631,0.0308276315789473,1410816.4,226,9095,140.01315789473685,327.3013157894737,0.2558333893204743,0.7441666106795257,0.1317,0.12413338932047427,Low Margin + High Sell-through,Traffic Driver / Control Discount,Medium
2026-01-01,SKU00016,Cole Haan,Tier 2,Underwear,Buyout,Mass,Kids,Fashion,Seasonal,0,1,0.5650224215246636,0.0024657894736842,0.0034710526315789,308187.43,23,10249,199.5394736842105,896.4605263157895,0.15922013843979782,0.8407798615602022,0.072,0.08722013843979783,High Margin + Low Sell-through,Targeted Marketing / Control Inventory,Medium
2026-01-01,SKU00017,Lululemon,Tier 1,Sportswear,Consignment,Entry,Men,Core Basic,Seasonal,0,0,0.8110400568434141,0.0030947368421052,0.004703947368421,116314.8,21,8540,121.23684210526316,871.2675,0.222328058559145,0.777671941440855,0.04809999999999999,0.17422805855914503,High Margin + Low Sell-through,Targeted Marketing / Control Inventory,Medium
2026-01-01,SKU00018,Adidas,Tier 1,Training Shoes,Consignment,Premium,Kids,Core Basic,Core,0,1,0.8283823725411795,0.0028763157894736,0.0053631578947368,261929.85,21,8463,125.30263157894736,879.4561842105263,0.2290579273153251,0.770942072684675,0.026,0.2030579273153251,High Margin + Low Sell-through,Targeted Marketing / Control Inventory,Medium
2026-01-01,SKU00019,Brand A,Tier 2,Bags,Own Brand,Entry,Unisex,Fashion,Seasonal,0,1,0.1902964959568733,0.0045736842105263,0.0011592105263157,492107.77,42,9361,143.93421052631578,820.2257894736842,0.25719423277427517,0.7428057672257249,0.1953,0.061894232774275165,Low Margin + Low Sell-through,Clearance / Eliminate,High
2026-01-01,SKU00020,Salomon,Tier 3,Kids Apparel,Consignment,Mass,Women,Performance,Seasonal,0,0,0.8394844273198477,0.0089381578947368,0.0120697368421052,108636.72,59,8376,143.05263157894737,738.3772368421053,0.19131637751762304,0.808683622482377,0.0283,0.16301637751762305,High Margin + High Sell-through,Main Push / Monitor Inventory,Low
2026-01-01,SKU00021,The North Face,Tier 3,Outdoor Apparel,Buyout,Premium,Unisex,Clearance,Seasonal,1,0,0.382570405714947,0.0105631578947368,0.0074013157894736,799224.66,79,7943,297.82894736842104,661.8809210526315,0.13108655523758775,0.8689134447624123,0.0808,0.05028655523758775,Low Margin + High Sell-through,Traffic Driver / Control Discount,Medium
2026-01-01,SKU00022,Reebok Underwear,Tier 2,Outdoor Apparel,Buyout,Luxury,Unisex,Fashion,Seasonal,0,1,0.1386921805841433,0.0095513157894736,0.0016381578947368,2316266.04,72,8187,139.51315789473685,682.8736842105263,0.19783450829982552,0.8021654917001745,0.1748,0.023034508299825507,Low Margin + High Sell-through,Traffic Driver / Control Discount,Medium
2026-01-01,SKU00023,Brand A,Tier 2,Outdoor Apparel,Own Brand,Premium,Men,Performance,Seasonal,0,1,0.4161628958162933,0.0104197368421052,0.008253947368421,2259951.48,68,9522,137.93421052631578,691.8963157894738,0.25051546731868857,0.7494845326813114,0.149,0.10151546731868857,Low Margin + High Sell-through,Traffic Driver / Control Discount,Medium
2026-01-01,SKU00024,Nike,Tier 1,Lifestyle Apparel,Consignment,Premium,Men,Clearance,Seasonal,1,0,0.8160392888498683,0.0087644736842105,0.010703947368421,169206.1,68,8194,305.7894736842105,703.8390789473684,0.12917425211208403,0.870825747887916,0.0199,0.10927425211208402,High Margin + High Sell-through,Main Push / Monitor Inventory,Low
2026-01-01,SKU00025,Under Armour,Tier 3,Performance Apparel,Consignment,Luxury,Kids,Fashion,Seasonal,0,1,0.8322930891171405,0.0083013157894736,0.0170118421052631,391282.65,53,8783,138.97368421052633,735.27,0.20070076037995002,0.79929923962005,0.0202,0.18050076037995003,High Margin + High Sell-through,Main Push / Monitor Inventory,Low
2026-01-01,SKU00026,Brand A,Tier 2,Performance Apparel,Own Brand,Premium,Women,Core Basic,Seasonal,1,0,-0.6278009115158709,0.0082263157894736,-0.0035736842105263,2131398.08,63,8869,286.32894736842104,719.9482894736842,0.12601437674924343,0.8739856232507566,0.2025,-0.07648562325075658,Low Margin + High Sell-through,Traffic Driver / Control Discount,Medium
2026-01-01,SKU00027,Brand A,Tier 2,Performance Apparel,Own Brand,Luxury,Unisex,Performance,Seasonal,1,0,-0.504344069505112,0.0060263157894736,-0.0021657894736842,3367796.4,40,8955,310.6184210526316,808.7103947368421,0.12803795806339052,0.8719620419366094,0.1894,-0.06136204193660949,Low Margin + Low Sell-through,Clearance / Eliminate,High
2026-01-01,SKU00028,Asics,Tier 3,Outdoor Apparel,Buyout,Premium,Men,Limited,Seasonal,0,1,0.175988683215219,0.0034592105263157,0.0007631578947368,1406314.91,23,7777,139.23684210526315,886.6490789473685,0.2042507807323295,0.7957492192676705,0.1616,0.0426507807323295,Low Margin + Low Sell-through,Clearance / Eliminate,High
2026-01-01,SKU00029,Adidas,Tier 1,Bags,Consignment,Mass,Women,Core Basic,Seasonal,1,0,0.8072909726657447,0.0121092105263157,0.0213776315789473,107392.98,87,8142,328.10526315789474,606.1030263157895,0.1331025875264238,0.8668974124735762,0.0177,0.1154025875264238,High Margin + High Sell-through,Main Push / Monitor Inventory,Low
2026-01-01,SKU00030,Cole Haan,Tier 2,Basketball Shoes,Consignment,Premium,Women,Clearance,Seasonal,1,0,0.7944773906597478,0.0006407894736842,0.0006052631578947,529267.8,4,9690,198.98684210526315,971.7236842105264,0.15879706465442384,0.8412029353455761,0.0433,0.11549706465442383,High Margin + Low Sell-through,Targeted Marketing / Control Inventory,Medium
2026-01-01,SKU00031,Brand B,Tier 2,Running Shoes,Own Brand,Mass,Women,Fashion,Seasonal,0,1,0.1592319741317335,0.0105355263157894,0.0021460526315789,1005510.24,72,8856,124.67105263157896,685.9786842105262,0.25359256799957464,0.7464074320004254,0.2172,0.03639256799957463,Low Margin + High Sell-through,Traffic Driver / Control Discount,Medium
2026-01-01,SKU00032,Cole Haan,Tier 2,Bags,Consignment,Mass,Unisex,Core Basic,Core,0,1,0.8177145052459566,0.0134052631578947,0.0129973684210526,324853.92,115,10392,208.30263157894737,606.411447368421,0.15663720192582167,0.8433627980741784,0.04,0.11663720192582167,High Margin + High Sell-through,Main Push / Monitor Inventory,Low
2026-01-01,SKU00033,Lululemon,Tier 1,Outdoor Apparel,Consignment,Mass,Unisex,Limited,Seasonal,0,1,0.821175418328178,0.0093921052631578,0.0135868421052631,103602.9,68,8423,125.63157894736842,695.5956578947367,0.23119821548743602,0.768801784512564,0.040999999999999995,0.19019821548743604,High Margin + High Sell-through,Main Push / Monitor Inventory,Low
2026-01-01,SKU00034,Lululemon,Tier 1,Yoga Apparel,Consignment,Mass,Unisex,Core Basic,Core,0,1,0.8209868059373281,0.0007184210526315,0.0020223684210526,92095.19,4,7681,136.1184210526316,964.2105263157896,0.21595879651218836,0.7840412034878117,0.0203,0.19565879651218837,High Margin + Low Sell-through,Targeted Marketing / Control Inventory,Medium
2026-01-01,SKU00035,Reebok Underwear,Tier 2,Performance Apparel,Buyout,Mass,Kids,Fashion,Seasonal,0,0,0.1299111153525933,0.0034486842105263,0.0003881578947368,939360.32,25,8882,127.17105263157896,844.4911842105263,0.19347142917391294,0.8065285708260871,0.1623,0.03117142917391294,Low Margin + Low Sell-through,Clearance / Eliminate,High
2026-01-01,SKU00036,Brand A,Tier 2,Performance Apparel,Own Brand,Luxury,Men,Limited,Seasonal,0,1,0.474349496261746,0.0065526315789473,0.0067236842105263,2421481.3,53,9362,125.65789473684212,753.656052631579,0.24897577403304658,0.7510242259669534,0.1265,0.12247577403304657,Low Margin + High Sell-through,Traffic Driver / Control Discount,Medium
2026-01-01,SKU00037,Reebok Underwear,Tier 2,Yoga Apparel,Buyout,Premium,Unisex,Core Basic,Core,0,1,0.4822343540527603,0.0070355263157894,0.0079657894736842,713383.2,43,8080,143.03947368421052,859.0736842105263,0.2065606813797299,0.7934393186202701,0.106,0.10056068137972991,Low Margin + High Sell-through,Traffic Driver / Control Discount,Medium
2026-01-01,SKU00038,Lululemon,Tier 1,Training Shoes,Consignment,Premium,Women,Fashion,Seasonal,0,0,0.8278945019596406,0.0145184210526315,0.1028513157894736,107098.44,117,8341,124.82894736842104,576.8431578947369,0.23072758606019625,0.7692724139398037,0.01,0.22072758606019624,High Margin + High Sell-through,Main Push / Monitor Inventory,Low
2026-01-01,SKU00039,Brand B,Tier 2,Yoga Apparel,Own Brand,Mass,Men,Core Basic,Core,0,1,0.5464745177590855,0.0043,0.0058960526315789,425440.5,37,9050,138.44736842105263,823.6667105263158,0.25651307910494797,0.7434869208950521,0.1235,0.13301307910494797,High Margin + Low Sell-through,Targeted Marketing / Control Inventory,Medium
2026-01-01,SKU00040,Adidas,Tier 1,Accessories,Consignment,Mass,Men,Core Basic,Seasonal,0,0,0.8235035495842653,0.0155078947368421,0.0410368421052631,60000.78,110,7833,135.0921052631579,578.0078947368421,0.23608074371905338,0.7639192562809466,0.0243,0.2117807437190534,High Margin + High Sell-through,Main Push / Monitor Inventory,Low
2026-01-01,SKU00041,Adidas,Tier 1,Yoga Apparel,Consignment,Premium,Men,Performance,Seasonal,0,1,0.832161984235717,0.0054855263157894,0.0099868421052631,408398.6,48,8473,147.28947368421052,758.3452631578947,0.2293979670987369,0.7706020329012631,0.0428,0.18659796709873688,High Margin + Low Sell-through,Targeted Marketing / Control Inventory,Medium
2026-01-01,SKU00042,Cole Haan,Tier 2,Performance Apparel,Consignment,Premium,Women,Core Basic,Core,0,1,0.8216620784583621,0.0036473684210526,0.0024671052631578,624897.6,30,9872,222.56578947368425,840.7411842105263,0.1539672621190503,0.8460327378809497,0.04880000000000001,0.10516726211905028,High Margin + Low Sell-through,Targeted Marketing / Control Inventory,Medium
2026-01-01,SKU00043,Brand A,Tier 2,Running Shoes,Own Brand,Premium,Kids,Fashion,Seasonal,0,1,0.3916788614190059,0.0040828947368421,0.0030565789473684,1203376.79,27,9163,124.82894736842104,860.8332894736842,0.2603140573976267,0.7396859426023733,0.1518,0.1085140573976267,Low Margin + Low Sell-through,Clearance / Eliminate,High
2026-01-01,SKU00044,On Running,Tier 1,Sportswear,Buyout,Mass,Men,Core Basic,Core,0,1,0.5076768138016883,0.0069526315789473,0.0084565789473684,716542.2,53,8042,130.57894736842104,748.2473684210527,0.229362228660585,0.770637771339415,0.11459999999999998,0.11476222866058503,Low Margin + High Sell-through,Traffic Driver / Control Discount,Medium
2026-01-01,SKU00045,On Running,Tier 1,Kids Apparel,Consignment,Premium,Kids,Core Basic,Seasonal,1,0,0.8203955634211912,0.0066921052631578,0.004428947368421,324481.12,57,8732,297.2763157894737,756.4964473684211,0.12568763965677973,0.8743123603432202,0.0339,0.09178763965677973,High Margin + High Sell-through,Main Push / Monitor Inventory,Low
2026-01-01,SKU00046,Nike,Tier 1,Performance Apparel,Consignment,Mass,Men,Fashion,Seasonal,0,1,0.8324824824824824,0.0012723684210526,0.0015131578947368,123601.28,10,7964,136.52631578947367,936.8201315789474,0.22835477854153646,0.7716452214584635,0.0441,0.18425477854153646,High Margin + Low Sell-through,Targeted Marketing / Control Inventory,Medium
2026-01-01,SKU00047,On Running,Tier 1,Running Shoes,Consignment,Premium,Unisex,Fashion,Seasonal,0,1,0.8265795651730122,0.001928947368421,0.0041342105263157,368740.4,14,8335,136.53947368421052,917.592105263158,0.2254299180912187,0.7745700819087813,0.0315,0.1939299180912187,High Margin + Low Sell-through,Targeted Marketing / Control Inventory,Medium
2026-01-01,SKU00048,Adidas,Tier 1,Sportswear,Consignment,Mass,Women,Core Basic,Seasonal,1,0,0.8249584398530377,0.0122907894736842,0.0103697368421052,229309.97,89,8471,293.5657894736842,611.3193421052631,0.1283501555282969,0.8716498444717031,0.0343,0.0940501555282969,High Margin + High Sell-through,Main Push / Monitor Inventory,Low
2026-01-01,SKU00049,Asics,Tier 3,Bags,Buyout,Premium,Unisex,Fashion,Seasonal,0,1,0.2435539016828736,0.0034421052631578,0.0014842105263157,1161132.0,23,8400,134.32894736842104,886.4473684210526,0.1927884626295591,0.8072115373704409,0.149,0.0437884626295591,Low Margin + Low Sell-through,Clearance / Eliminate,High
2026-01-01,SKU00050,Lululemon,Tier 1,Performance Apparel,Consignment,Mass,Unisex,Limited,Seasonal,0,1,0.8258648257658435,0.0129065789473684,0.0540236842105263,80245.9,99,8555,140.4078947368421,605.3680263157895,0.23318446953712968,0.7668155304628703,0.0139,0.21928446953712968,High Margin + High Sell-through,Main Push / Monitor Inventory,Low
2026-01-01,SKU00051,Salomon,Tier 3,Sportswear,Buyout,Entry,Men,Core Basic,Core,0,1,0.0961800567281835,0.0011644736842105,0.0001934210526315,254898.37,8,8311,148.30263157894737,948.9693421052632,0.18915312973792506,0.8108468702620749,0.1794,0.009753129737925054,Low Margin + Low Sell-through,Clearance / Eliminate,High
2026-01-01,SKU00052,Brand B,Tier 2,Kids Apparel,Own Brand,Entry,Women,Fashion,Seasonal,0,0,0.1929298486932599,0.00635,0.0017513157894736,477179.64,55,8946,139.35526315789474,775.5631578947368,0.24247177569753373,0.7575282243024662,0.2002,0.04227177569753374,Low Margin + Low Sell-through,Clearance / Eliminate,High
2026-01-01,SKU00053,Nike,Tier 1,Basketball Shoes,Consignment,Mass,Unisex,Clearance,Seasonal,1,0,0.8107717261730276,0.0127434210526315,0.018728947368421,248369.5,94,7925,125.98684210526316,623.1160526315789,0.23027938853283705,0.769720611467163,0.0486,0.18167938853283705,High Margin + High Sell-through,Main Push / Monitor Inventory,Low
2026-01-01,SKU00054,Adidas,Tier 1,Performance Apparel,Consignment,Premium,Women,Core Basic,Seasonal,1,0,0.8359650618957423,0.0026342105263157,0.0016894736842105,569354.7,24,8405,280.82894736842104,893.1973684210526,0.12804403350673527,0.8719559664932648,0.04889999999999999,0.07914403350673527,High Margin + Low Sell-through,Targeted Marketing / Control Inventory,Medium
2026-01-01,SKU00055,Adidas,Tier 1,Underwear,Consignment,Mass,Kids,Clearance,Seasonal,1,0,0.8425549403010901,0.0019973684210526,0.0079157894736842,62745.0,14,8366,137.30263157894737,929.5,0.22763178806696496,0.7723682119330351,0.0114,0.21623178806696497,High Margin + Low Sell-through,Targeted Marketing / Control Inventory,Medium
2026-01-01,SKU00056,New Balance,Tier 3,Underwear,Buyout,Entry,Women,Performance,Seasonal,0,1,0.2932613781178765,0.0088105263157894,0.0047026315789473,149512.5,63,7974,130.8684210526316,717.2819736842106,0.19591177126828802,0.8040882287317119,0.1369,0.05901177126828802,Low Margin + High Sell-through,Traffic Driver / Control Discount,Medium
2026-01-01,SKU00057,Brand A,Tier 2,Accessories,Own Brand,Mass,Kids,Core Basic,Seasonal,0,0,0.5031933415247283,0.0164473684210526,0.017578947368421,322505.28,117,8244,142.17105263157896,555.6977631578948,0.25587895362705265,0.7441210463729473,0.1271,0.12877895362705266,Low Margin + High Sell-through,Traffic Driver / Control Discount,Medium
2026-01-01,SKU00058,Skechers,Tier 3,Basketball Shoes,Consignment,Premium,Men,Fashion,Seasonal,0,1,0.8310394354410052,0.0031986842105263,0.0048894736842105,294030.6,29,7845,127.84210526315788,848.3421052631579,0.19783313594134305,0.802166864058657,0.0389,0.15893313594134306,High Margin + Low Sell-through,Targeted Marketing / Control Inventory,Medium
2026-01-01,SKU00059,Columbia,Tier 3,Outdoor Apparel,Buyout,Premium,Men,Fashion,Seasonal,0,1,0.549255646413829,0.0039907894736842,0.0056723684210526,900915.96,29,8282,133.85526315789474,852.8701315789473,0.19913541703118268,0.8008645829688174,0.0867,0.11243541703118268,High Margin + Low Sell-through,Targeted Marketing / Control Inventory,Medium
2026-01-01,SKU00060,Brand A,Tier 2,Outdoor Apparel,Own Brand,Mass,Women,Core Basic,Core,0,1,0.2964686706494871,0.0016723684210526,0.0007763157894736,721926.36,14,9676,123.36842105263158,912.3157894736842,0.2593854172676126,0.7406145827323873,0.1778,0.08158541726761259,Low Margin + Low Sell-through,Clearance / Eliminate,High
2026-01-01,SKU00061,Brooks Brothers,Tier 1,Kids Apparel,Consignment,Mass,Women,Core Basic,Core,0,1,0.8222270384492952,0.0044276315789473,0.0071026315789473,206405.68,35,8629,136.18421052631578,820.0701315789474,0.23669437859837403,0.7633056214016259,0.0425,0.19419437859837402,High Margin + Low Sell-through,Targeted Marketing / Control Inventory,Medium
2026-01-01,SKU00062,Salomon,Tier 3,Training Shoes,Consignment,Mass,Men,Performance,Seasonal,0,0,0.8107351048527519,0.0007934210526315,0.0006223684210526,314413.68,8,8652,127.92105263157896,963.0569736842106,0.20485241988905578,0.7951475801109442,0.04820000000000001,0.15665241988905576,High Margin + Low Sell-through,Targeted Marketing / Control Inventory,Medium
2026-01-01,SKU00063,Puma,Tier 3,Kids Apparel,Buyout,Mass,Women,Performance,Seasonal,0,1,0.4571282766353527,0.0129960526315789,0.0116434210526315,287111.22000000003,113,8591,139.75,594.2393421052632,0.1999783224489915,0.8000216775510085,0.1108,0.0891783224489915,Low Margin + High Sell-through,Traffic Driver / Control Discount,Medium
2026-01-01,SKU00064,Reebok Underwear,Tier 2,Training Shoes,Buyout,Premium,Women,Core Basic,Core,0,1,0.4116627870788797,0.0054197368421052,0.0045710526315789,1309907.86,38,7699,149.78947368421052,813.0075,0.19755927725004208,0.8024407227499579,0.1161,0.08145927725004208,Low Margin + Low Sell-through,Clearance / Eliminate,High
2026-01-01,SKU00065,Asics,Tier 3,Sportswear,Buyout,Mass,Kids,Clearance,Seasonal,1,0,0.5030071285738272,0.0037355263157894,0.0038881578947368,410888.27,26,8203,146.6315789473684,871.0482894736842,0.2018834505486063,0.7981165494513938,0.1036,0.0982834505486063,Low Margin + Low Sell-through,Clearance / Eliminate,High
2026-01-01,SKU00066,Hoka,Tier 1,Yoga Apparel,Buyout,Premium,Women,Fashion,Seasonal,0,1,0.6244813477552481,0.0032223684210526,0.0064263157894736,748792.8,21,8055,132.9078947368421,897.3421052631579,0.23240057026162678,0.7675994297383733,0.0881,0.1443005702616268,High Margin + Low Sell-through,Targeted Marketing / Control Inventory,Medium
2026-01-01,SKU00067,Cole Haan,Tier 2,Performance Apparel,Buyout,Luxury,Unisex,Performance,Seasonal,1,0,-0.0821736623622562,0.007825,-0.0006342105263157,2805897.36,75,10668,297.3684210526316,685.9543421052631,0.12795669016232053,0.8720433098376794,0.1395,-0.011543309837679483,Low Margin + High Sell-through,Traffic Driver / Control Discount,Medium
2026-01-01,SKU00068,Brand B,Tier 2,Yoga Apparel,Own Brand,Mass,Men,Performance,Seasonal,0,1,0.5464234896454128,0.0073973684210526,0.009253947368421,861326.7,56,9165,129.98684210526315,778.7736842105263,0.2561367795922748,0.7438632204077251,0.1204,0.13573677959227481,High Margin + High Sell-through,Main Push / Monitor Inventory,Low
2026-01-01,SKU00069,Under Armour,Tier 3,Bags,Consignment,Mass,Men,Fashion,Seasonal,1,0,0.8061262880672199,0.0057631578947368,0.0128684210526315,73129.14,42,8226,296.75,789.6122368421053,0.12594442842094702,0.874055571579053,0.015599999999999998,0.11034442842094702,High Margin + Low Sell-through,Targeted Marketing / Control Inventory,Medium
2026-01-01,SKU00070,Columbia,Tier 3,Bags,Consignment,Premium,Women,Fashion,Seasonal,0,1,0.8172525129454767,0.0027618421052631,0.0021144736842105,440265.58,17,7927,146.8684210526316,889.7894736842105,0.21463401438080829,0.7853659856191917,0.0434,0.1712340143808083,High Margin + Low Sell-through,Targeted Marketing / Control Inventory,Medium
2026-01-01,SKU00071,Cole Haan,Tier 2,Kids Apparel,Buyout,Premium,Women,Performance,Seasonal,0,1,0.5817018500451887,0.0113407894736842,0.0172578947368421,684230.4,104,10182,217.97368421052636,619.083947368421,0.15732978963254712,0.8426702103674528,0.067,0.09032978963254712,High Margin + High Sell-through,Main Push / Monitor Inventory,Low
2026-01-01,SKU00072,Brand B,Tier 2,Training Shoes,Own Brand,Premium,Unisex,Core Basic,Seasonal,1,0,-0.062570846702146,0.0048328947368421,-0.0002973684210526,1080883.62,37,9039,287.9736842105263,808.75,0.12814946801194027,0.8718505319880597,0.1295,-0.0013505319880597333,Low Margin + Low Sell-through,Clearance / Eliminate,High
2026-01-01,SKU00073,The North Face,Tier 3,Basketball Shoes,Consignment,Premium,Men,Limited,Seasonal,0,1,0.8331401078198367,0.000475,0.00075,266944.69,6,8191,149.05263157894737,970.9736842105264,0.19063181517817368,0.8093681848218264,0.0206,0.17003181517817367,High Margin + Low Sell-through,Targeted Marketing / Control Inventory,Medium
2026-01-01,SKU00074,Champion,Tier 3,Outdoor Apparel,Buyout,Premium,Unisex,Limited,Seasonal,0,1,0.5241903000104429,0.0074236842105263,0.0088565789473684,1244025.47,40,7801,134.77631578947367,775.0701315789474,0.20427369924778466,0.7957263007522153,0.1011,0.10317369924778466,High Margin + High Sell-through,Main Push / Monitor Inventory,Low
2026-01-01,SKU00075,Skechers,Tier 3,Training Shoes,Consignment,Mass,Unisex,Performance,Seasonal,0,1,0.8089985431290561,0.0026026315789473,0.0024605263157894,227735.4,18,8466,134.05263157894737,895.6973684210526,0.2069504327505111,0.7930495672494889,0.0475,0.15945043275051107,High Margin + Low Sell-through,Targeted Marketing / Control Inventory,Medium
2026-01-01,SKU00076,Asics,Tier 3,Yoga Apparel,Buyout,Mass,Unisex,Performance,Seasonal,0,1,0.2976003055099271,0.0144828947368421,0.0072736842105263,791635.39,112,7981,141.25,581.3388157894736,0.19949293580236485,0.8005070641976352,0.1383,0.061192935802364845,Low Margin + High Sell-through,Traffic Driver / Control Discount,Medium
2026-01-01,SKU00077,Lululemon,Tier 1,Kids Apparel,Buyout,Premium,Women,Core Basic,Core,0,1,0.1875412853892912,0.003503947368421,0.0008526315789473,1871942.28,26,8697,123.02631578947368,873.3947368421053,0.22988523065200478,0.7701147693479953,0.1718,0.05808523065200477,Low Margin + Low Sell-through,Clearance / Eliminate,High
2026-01-01,SKU00078,Champion,Tier 3,Accessories,Buyout,Mass,Men,Performance,Seasonal,0,1,0.1373771513888661,0.0034315789473684,0.0005565789473684,823848.96,31,8096,129.42105263157896,860.0605263157895,0.19484900328066182,0.8051509967193382,0.178,0.01684900328066183,Low Margin + Low Sell-through,Clearance / Eliminate,High
2026-01-01,SKU00079,Cole Haan,Tier 2,Performance Apparel,Buyout,Luxury,Women,Clearance,Seasonal,1,0,0.363027442176923,0.007253947368421,0.0043894736842105,1576765.26,61,9674,196.5,725.7236842105264,0.15481803245172288,0.8451819675482771,0.0946,0.06021803245172287,Low Margin + High Sell-through,Traffic Driver / Control Discount,Medium
2026-01-01,SKU00080,Nike,Tier 1,Sportswear,Consignment,Premium,Unisex,Clearance,Seasonal,1,0,0.8255387440423161,0.0124999999999999,0.0160921052631578,408298.88,95,7864,135.3684210526316,588.9606578947369,0.22885370567120014,0.7711462943287999,0.0454,0.18345370567120015,High Margin + High Sell-through,Main Push / Monitor Inventory,Low
2026-01-01,SKU00081,Reebok Underwear,Tier 2,Training Shoes,Consignment,Premium,Unisex,Core Basic,Core,0,1,0.8223887514158605,0.0175855263157894,0.026428947368421,244640.5,129,8021,139.05263157894737,552.5130263157895,0.2030639994399355,0.7969360005600645,0.028,0.1750639994399355,High Margin + High Sell-through,Main Push / Monitor Inventory,Low
2026-01-01,SKU00082,Brand B,Tier 2,Basketball Shoes,Own Brand,Premium,Men,Core Basic,Core,0,1,0.5683654994661483,0.0037118421052631,0.0053236842105263,1749707.85,28,9105,141.47368421052633,867.543947368421,0.26582520996647047,0.7341747900335296,0.1203,0.14552520996647045,High Margin + Low Sell-through,Targeted Marketing / Control Inventory,Medium
2026-01-01,SKU00083,Adidas,Tier 1,Underwear,Consignment,Mass,Unisex,Core Basic,Core,0,1,0.8288874562374784,0.0123828947368421,0.0159631578947368,216928.41,100,8497,131.92105263157896,587.7872368421052,0.23231559041902342,0.7676844095809766,0.0453,0.1870155904190234,High Margin + High Sell-through,Main Push / Monitor Inventory,Low
2026-01-01,SKU00084,Cole Haan,Tier 2,Kids Apparel,Buyout,Mass,Unisex,Core Basic,Seasonal,1,0,0.4062567769849624,0.0148618421052631,0.0118381578947368,316369.12,135,9512,313.0657894736842,483.6973684210527,0.13149209502794773,0.8685079049720523,0.0797,0.05179209502794774,Low Margin + High Sell-through,Traffic Driver / Control Discount,Medium
2026-01-01,SKU00085,Brooks Brothers,Tier 1,Accessories,Buyout,Mass,Women,Performance,Seasonal,0,1,0.3817564765406839,0.0036263157894736,0.0024749999999999,492663.06,30,8262,131.76315789473685,837.9297368421053,0.2254704825467784,0.7745295174532216,0.1354,0.09007048254677841,Low Margin + Low Sell-through,Clearance / Eliminate,High
2026-01-01,SKU00086,Brooks Brothers,Tier 1,Accessories,Buyout,Mass,Unisex,Performance,Seasonal,0,0,0.5723902218983674,0.0032631578947368,0.0047644736842105,268757.93,21,7633,133.4078947368421,898.4035526315789,0.2315829671783159,0.7684170328216842,0.1022,0.12938296717831588,High Margin + Low Sell-through,Targeted Marketing / Control Inventory,Medium
2026-01-01,SKU00087,The North Face,Tier 3,Underwear,Consignment,Mass,Men,Fashion,Seasonal,0,1,0.8214898641237725,0.0100605263157894,0.0179763157894736,166851.81,81,8167,139.89473684210526,679.0361842105264,0.1973801811683973,0.8026198188316027,0.0312,0.1661801811683973,High Margin + High Sell-through,Main Push / Monitor Inventory,Low
2026-01-01,SKU00088,The North Face,Tier 3,Performance Apparel,Buyout,Mass,Women,Fashion,Seasonal,0,1,0.5257531439770753,0.0032473684210526,0.0040855263157894,488933.9,27,8266,148.0921052631579,849.1578947368421,0.19641348024024374,0.8035865197597563,0.0895,0.10691348024024375,High Margin + Low Sell-through,Targeted Marketing / Control Inventory,Medium
2026-01-01,SKU00089,Puma,Tier 3,Training Shoes,Buyout,Premium,Unisex,Performance,Seasonal,0,1,0.246624991925818,0.0105907894736842,0.0042973684210526,1470104.85,72,8403,127.67105263157896,697.3710526315789,0.19859975628669546,0.8014002437133045,0.1442,0.054399756286695466,Low Margin + High Sell-through,Traffic Driver / Control Discount,Medium
2026-01-01,SKU00090,Cole Haan,Tier 2,Sportswear,Buyout,Mass,Kids,Limited,Seasonal,0,1,0.5182216694688193,0.0065736842105263,0.0078078947368421,336480.9,55,9830,210.81578947368425,815.7702631578948,0.157880151934424,0.842119848065576,0.0737,0.084180151934424,High Margin + High Sell-through,Main Push / Monitor Inventory,Low
2026-01-01,SKU00091,Brand B,Tier 2,Outdoor Apparel,Own Brand,Premium,Kids,Core Basic,Seasonal,1,0,-0.0624092660866658,0.0109052631578947,-0.0007605263157894,1580767.65,77,8547,288.8157894736842,672.0396052631579,0.13084080459161576,0.8691591954083843,0.1364,-0.005559195408384232,Low Margin + High Sell-through,Traffic Driver / Control Discount,Medium
2026-01-01,SKU00092,Skechers,Tier 3,Accessories,Buyout,Mass,Women,Limited,Seasonal,0,1,0.3867661939923932,0.0067184210526315,0.0046421052631578,414157.2,47,8520,130.81578947368422,789.8402631578947,0.1910279208162533,0.8089720791837467,0.1208,0.0702279208162533,Low Margin + High Sell-through,Traffic Driver / Control Discount,Medium
2026-01-01,SKU00093,Columbia,Tier 3,Running Shoes,Consignment,Premium,Men,Core Basic,Seasonal,0,0,0.8327350387394724,0.0069973684210526,0.0171552631578947,214638.45,61,8467,139.3421052631579,722.6148684210526,0.19708969616491195,0.802910303835088,0.0227,0.17438969616491196,High Margin + High Sell-through,Main Push / Monitor Inventory,Low
2026-01-01,SKU00094,Cole Haan,Tier 2,Training Shoes,Buyout,Premium,Unisex,Fashion,Seasonal,0,1,0.6494410531251508,0.0033171052631578,0.0066171052631578,589491.45,29,10685,208.32894736842104,873.2842105263159,0.1627347036740763,0.8372652963259237,0.0565,0.10623470367407631,High Margin + Low Sell-through,Targeted Marketing / Control Inventory,Medium
2026-01-01,SKU00095,Puma,Tier 3,Lifestyle Apparel,Consignment,Premium,Women,Fashion,Seasonal,0,1,0.8260436117352914,0.0095631578947368,0.0089907894736842,386880.56,69,8228,137.0,723.2263157894737,0.19998805642057776,0.8000119435794222,0.0481,0.15188805642057776,High Margin + High Sell-through,Main Push / Monitor Inventory,Low
2026-01-01,SKU00096,Reebok Underwear,Tier 2,Sportswear,Buyout,Premium,Unisex,Core Basic,Core,0,1,0.2161552731273733,0.013653947368421,0.0043210526315789,1155279.42,113,8303,129.21052631578948,565.7590789473685,0.19637229878883503,0.803627701211165,0.1577,0.03867229878883502,Low Margin + High Sell-through,Traffic Driver / Control Discount,Medium
2026-01-01,SKU00097,Nike,Tier 1,Lifestyle Apparel,Consignment,Mass,Kids,Core Basic,Seasonal,0,0,0.8170680185889312,0.0153513157894736,0.017128947368421,207743.16,117,7881,140.85526315789474,526.5142105263158,0.23394167138645167,0.7660583286135483,0.043,0.19094167138645168,High Margin + High Sell-through,Main Push / Monitor Inventory,Low
2026-01-01,SKU00098,Reebok Underwear,Tier 2,Bags,Consignment,Premium,Women,Performance,Seasonal,0,1,0.8351349254723777,0.0076552631578947,0.0306934210526315,164438.45,52,8041,129.42105263157896,728.5131578947369,0.20678677826768294,0.7932132217323171,0.0131,0.19368677826768294,High Margin + High Sell-through,Main Push / Monitor Inventory,Low
2026-01-01,SKU00099,Adidas,Tier 1,Bags,Buyout,Premium,Unisex,Fashion,Seasonal,0,1,0.5194198890865964,0.0044815789473684,0.00545,841968.6,30,8798,139.3815789473684,855.3069736842106,0.22541217595186322,0.7745878240481368,0.1112,0.11421217595186323,High Margin + Low Sell-through,Targeted Marketing / Control Inventory,Medium
2026-01-01,SKU00100,Brand B,Tier 2,Underwear,Own Brand,Entry,Men,Performance,Seasonal,1,0,-0.1171984805183177,0.0279,-0.0036631578947368,303804.03,237,9159,302.9605263157895,328.2042105263158,0.12973278318105905,0.8702672168189409,0.1454,-0.015667216818940954,Low Margin + High Sell-through,Traffic Driver / Control Discount,Medium
2026-01-01,SKU00101,Brand B,Tier 2,Underwear,Own Brand,Entry,Women,Limited,Seasonal,0,1,0.4357844302021658,0.0114513157894736,0.0104565789473684,195382.0,81,9130,133.69736842105263,671.5701315789474,0.2529450560577746,0.7470549439422254,0.1408,0.11214505605777461,Low Margin + High Sell-through,Traffic Driver / Control Discount,Medium
2026-01-01,SKU00102,Lululemon,Tier 1,Outdoor Apparel,Consignment,Luxury,Men,Core Basic,Core,0,1,0.8212481613038906,0.0210973684210526,0.083775,270261.25,159,8375,128.22368421052633,471.18,0.23055853041818164,0.7694414695818184,0.014600000000000002,0.21595853041818164,High Margin + High Sell-through,Main Push / Monitor Inventory,Low
2026-01-01,SKU00103,Puma,Tier 3,Basketball Shoes,Buyout,Premium,Women,Core Basic,Core,0,1,0.6002982220614972,0.0078013157894736,0.0137065789473684,718813.7,63,8018,126.44736842105264,736.4905263157895,0.19354033838522888,0.8064596616147711,0.0832,0.11034033838522889,High Margin + High Sell-through,Main Push / Monitor Inventory,Low
2026-01-01,SKU00104,The North Face,Tier 3,Outdoor Apparel,Consignment,Premium,Women,Clearance,Seasonal,1,0,0.7919526114281585,0.0008776315789473,0.0013236842105263,284292.92,5,7988,132.57894736842104,972.7061842105264,0.19231781203777448,0.8076821879622256,0.0337,0.15861781203777447,High Margin + Low Sell-through,Targeted Marketing / Control Inventory,Medium
2026-01-01,SKU00105,Nike,Tier 1,Performance Apparel,Buyout,Premium,Kids,Core Basic,Core,0,1,0.3861561991218116,0.0238394736842105,0.0186236842105263,944721.06,168,7593,127.59210526315788,447.7940789473684,0.22981414689314333,0.7701858531068566,0.1432,0.08661414689314334,Low Margin + High Sell-through,Traffic Driver / Control Discount,Medium
2026-01-01,SKU00106,Skechers,Tier 3,Training Shoes,Buyout,Premium,Kids,Clearance,Seasonal,1,0,0.3960525668620787,0.0145605263157894,0.0113802631578947,603240.8,99,7720,300.2763157894737,581.6343421052632,0.13181275512076357,0.8681872448792365,0.0791,0.052712755120763566,Low Margin + High Sell-through,Traffic Driver / Control Discount,Medium
2026-01-01,SKU00107,New Balance,Tier 3,Kids Apparel,Buyout,Mass,Men,Core Basic,Seasonal,1,0,0.2519212420851764,0.0082802631578947,0.0031263157894736,451631.64,58,7593,286.42105263157896,722.8018421052632,0.12835744123213308,0.8716425587678669,0.0952,0.03315744123213307,Low Margin + High Sell-through,Traffic Driver / Control Discount,Medium
2026-01-01,SKU00108,Brand A,Tier 2,Lifestyle Apparel,Own Brand,Mass,Men,Core Basic,Seasonal,1,0,0.1248340460490123,0.0014618421052631,0.0001828947368421,823358.38,13,8971,298.5131578947368,929.171052631579,0.1293389256253447,0.8706610743746553,0.1224,0.006938925625344691,Low Margin + Low Sell-through,Clearance / Eliminate,High
2026-01-01,SKU00109,Brooks Brothers,Tier 1,Sportswear,Buyout,Mass,Unisex,Core Basic,Core,0,1,0.4808103249440336,0.013353947368421,0.0142815789473684,536552.61,81,7887,140.05263157894737,660.3755263157894,0.23440364579927056,0.7655963542007295,0.1266,0.10780364579927057,Low Margin + High Sell-through,Traffic Driver / Control Discount,Medium
2026-01-01,SKU00110,Nike,Tier 1,Underwear,Consignment,Entry,Women,Core Basic,Core,0,1,0.8164301940192902,0.0093552631578947,0.0451644736842105,30361.32,71,8228,141.6315789473684,677.1886842105263,0.2285822313580807,0.7714177686419192,0.0152,0.2133822313580807,High Margin + High Sell-through,Main Push / Monitor Inventory,Low
2026-01-01,SKU00111,Puma,Tier 3,Training Shoes,Buyout,Mass,Men,Core Basic,Core,0,1,0.5839488877124186,0.0225276315789473,0.0348815789473684,412173.23,155,8033,129.73684210526315,425.8571052631579,0.19186904182797093,0.8081309581720291,0.08139999999999999,0.11046904182797095,High Margin + High Sell-through,Main Push / Monitor Inventory,Low
2026-01-01,SKU00112,Nike,Tier 1,Sportswear,Consignment,Mass,Men,Clearance,Seasonal,1,0,0.81480253811914,0.0189460526315789,0.0330631578947368,114081.24,151,8463,140.8421052631579,461.6036842105263,0.22880587130836263,0.7711941286916374,0.0236,0.20520587130836263,High Margin + High Sell-through,Main Push / Monitor Inventory,Low
2026-01-01,SKU00113,Patagonia,Tier 3,Kids Apparel,Buyout,Premium,Women,Clearance,Seasonal,1,0,0.1492476101243368,0.022003947368421,0.0045105263157894,1312321.5,135,7715,131.78947368421052,512.3140789473684,0.1976116166011486,0.8023883833988514,0.1644,0.0332116166011486,Low Margin + High Sell-through,Traffic Driver / Control Discount,Medium
2026-01-01,SKU00114,Adidas,Tier 1,Performance Apparel,Buyout,Mass,Unisex,Core Basic,Core,0,1,0.6470882411999379,0.0050671052631578,0.0100842105263157,337122.0,46,8324,141.01315789473685,791.3026315789474,0.23544831881941083,0.7645516811805891,0.0834,0.15204831881941083,High Margin + Low Sell-through,Targeted Marketing / Control Inventory,Medium
2026-01-01,SKU00115,Champion,Tier 3,Lifestyle Apparel,Buyout,Mass,Men,Fashion,Seasonal,0,1,0.3681515547638561,0.0073223684210526,0.0045381578947368,465758.28,52,8654,139.0921052631579,742.6428947368421,0.1886821299829104,0.8113178700170895,0.1225,0.0661821299829104,Low Margin + High Sell-through,Traffic Driver / Control Discount,Medium
2026-01-01,SKU00116,Columbia,Tier 3,Yoga Apparel,Buyout,Mass,Unisex,Clearance,Seasonal,1,0,0.3243639119924612,0.007925,0.0042210526315789,361759.44,63,8638,138.81578947368422,696.4825,0.19761806144529692,0.8023819385547031,0.1366,0.06101806144529692,Low Margin + High Sell-through,Traffic Driver / Control Discount,Medium
2026-01-01,SKU00117,Cole Haan,Tier 2,Training Shoes,Buyout,Mass,Kids,Core Basic,Core,0,1,0.3586199735979472,0.0043092105263157,0.0026368421052631,601497.81,34,9459,216.52631578947367,806.2105263157895,0.1570239405944338,0.8429760594055662,0.1026,0.05442394059443381,Low Margin + Low Sell-through,Clearance / Eliminate,High
2026-01-01,SKU00118,Hoka,Tier 1,Basketball Shoes,Consignment,Premium,Unisex,Performance,Seasonal,0,1,0.8287909971163714,0.0052065789473684,0.0110171052631578,305753.18,40,7862,146.02631578947367,814.603552631579,0.22841741500291632,0.7715825849970837,0.0365,0.19191741500291631,High Margin + Low Sell-through,Targeted Marketing / Control Inventory,Medium
2026-01-01,SKU00119,Columbia,Tier 3,Yoga Apparel,Buyout,Premium,Kids,Clearance,Seasonal,1,0,0.1502515759191264,0.0091486842105263,0.0023644736842105,1720599.62,50,7921,130.28947368421052,749.7921052631579,0.19676269502270086,0.8032373049772992,0.1673,0.029462695022700852,Low Margin + High Sell-through,Traffic Driver / Control Discount,Medium
2026-01-01,SKU00120,Skechers,Tier 3,Outdoor Apparel,Buyout,Premium,Unisex,Core Basic,Core,0,1,0.1474488287374696,0.0160723684210526,0.002578947368421,1537120.0,110,8000,134.8684210526316,562.0447368421053,0.2025639476973133,0.7974360523026867,0.1698,0.032763947697313306,Low Margin + High Sell-through,Traffic Driver / Control Discount,Medium
2026-01-01,SKU00121,Brooks Brothers,Tier 1,Yoga Apparel,Consignment,Premium,Women,Core Basic,Seasonal,1,0,0.8172266493989369,0.01855,0.0362078947368421,136244.69,146,8773,311.85526315789474,499.9543421052632,0.13057311198694216,0.8694268880130578,0.0155,0.11507311198694216,High Margin + High Sell-through,Main Push / Monitor Inventory,Low
2026-01-01,SKU00122,Champion,Tier 3,Basketball Shoes,Buyout,Premium,Unisex,Fashion,Seasonal,0,1,0.4111059564833668,0.0110592105263157,0.0087473684210526,1162597.05,87,8361,139.6578947368421,628.3659210526315,0.20265992514291517,0.7973400748570848,0.1145,0.08815992514291517,Low Margin + High Sell-through,Traffic Driver / Control Discount,Medium
2026-01-01,SKU00123,Brand A,Tier 2,Lifestyle Apparel,Own Brand,Entry,Women,Performance,Seasonal,0,1,0.3221631912731389,0.0033986842105263,0.0017828947368421,316594.08,29,8712,137.31578947368422,890.3223684210526,0.2557059695267506,0.7442940304732494,0.1838,0.07190596952675063,Low Margin + Low Sell-through,Clearance / Eliminate,High
2026-01-01,SKU00124,Patagonia,Tier 3,Running Shoes,Consignment,Premium,Men,Performance,Seasonal,0,1,0.8344964807048889,0.0227868421052631,0.0352736842105263,388088.82,174,7938,116.35526315789474,418.9209210526316,0.20091833310450855,0.7990816668954914,0.04019999999999999,0.16071833310450856,High Margin + High Sell-through,Main Push / Monitor Inventory,Low
2026-01-01,SKU00125,Columbia,Tier 3,Running Shoes,Buyout,Premium,Unisex,Performance,Seasonal,0,1,0.5546404772290903,0.0140184210526315,0.0196960526315789,936344.75,102,7975,131.89473684210526,590.6657894736842,0.1982594402392054,0.8017405597607946,0.0894,0.1088594402392054,High Margin + High Sell-through,Main Push / Monitor Inventory,Low
2026-01-01,SKU00126,Hoka,Tier 1,Basketball Shoes,Consignment,Mass,Kids,Fashion,Seasonal,0,1,0.8224755479998738,0.0095815789473684,0.0545276315789473,41785.92,69,7914,131.82894736842104,687.6890789473684,0.23047324385706586,0.7695267561429342,0.0117,0.21877324385706587,High Margin + High Sell-through,Main Push / Monitor Inventory,Low
2026-01-01,SKU00127,Skechers,Tier 3,Kids Apparel,Buyout,Premium,Women,Core Basic,Seasonal,1,0,-0.0572559304143621,0.0128657894736842,-0.0005565789473684,994993.34,104,8602,304.5263157894737,618.0022368421053,0.12994346054684838,0.8700565394531516,0.1396,-0.009656539453151619,Low Margin + High Sell-through,Traffic Driver / Control Discount,Medium
2026-01-01,SKU00128,Reebok Underwear,Tier 2,Kids Apparel,Consignment,Entry,Kids,Fashion,Seasonal,0,0,0.8037735849056603,0.0023894736842105,0.0044355263157894,37341.65,17,8545,133.69736842105263,925.6236842105262,0.21090742735196155,0.7890925726480384,0.0261,0.18480742735196154,High Margin + Low Sell-through,Targeted Marketing / Control Inventory,Medium
2026-01-01,SKU00129,Hoka,Tier 1,Training Shoes,Buyout,Mass,Women,Core Basic,Core,0,1,0.3864867811651157,0.0045302631578947,0.0035868421052631,742353.12,30,8604,134.6184210526316,841.8184210526315,0.2396447078617621,0.7603552921382379,0.149,0.0906447078617621,Low Margin + Low Sell-through,Clearance / Eliminate,High
2026-01-01,SKU00130,Reebok Underwear,Tier 2,Performance Apparel,Consignment,Mass,Men,Fashion,Seasonal,1,0,0.8269535764096434,0.0168513157894736,0.0087342105263157,159806.25,124,8523,286.42105263157896,544.5886842105263,0.12784922213443042,0.8721507778655696,0.0434,0.08444922213443043,High Margin + High Sell-through,Main Push / Monitor Inventory,Low
2026-01-01,SKU00131,Cole Haan,Tier 2,Lifestyle Apparel,Buyout,Premium,Women,Core Basic,Seasonal,0,0,0.308914953256393,0.0013973684210526,0.0007342105263157,1590838.24,11,9913,202.5,947.8157894736842,0.15661270193675397,0.843387298063246,0.1248,0.03181270193675398,Low Margin + Low Sell-through,Clearance / Eliminate,High
2026-01-01,SKU00132,Columbia,Tier 3,Running Shoes,Buyout,Premium,Women,Core Basic,Core,0,1,0.386736857678272,0.0015776315789473,0.0009328947368421,955065.6,9,8640,130.28947368421052,927.8947368421052,0.2003204668292916,0.7996795331707084,0.1106,0.0897204668292916,Low Margin + Low Sell-through,Clearance / Eliminate,High
2026-01-01,SKU00133,Brooks Brothers,Tier 1,Performance Apparel,Buyout,Mass,Kids,Performance,Seasonal,0,0,0.6392433061051882,0.0139513157894736,0.0307276315789473,406393.2,102,7992,126.97368421052632,643.3493421052632,0.23338719544984124,0.7666128045501588,0.08469999999999998,0.14868719544984127,High Margin + High Sell-through,Main Push / Monitor Inventory,Low
2026-01-01,SKU00134,Reebok Underwear,Tier 2,Lifestyle Apparel,Buyout,Premium,Men,Performance,Seasonal,1,0,0.4325432609868902,0.0068052631578947,0.0058013157894736,525325.36,55,8696,305.9342105263158,720.359605263158,0.12957229052815677,0.8704277094718432,0.0732,0.056372290528156774,Low Margin + High Sell-through,Traffic Driver / Control Discount,Medium
2026-01-01,SKU00135,Brand A,Tier 2,Sportswear,Own Brand,Mass,Kids,Fashion,Seasonal,0,1,0.438742212993177,0.0016407894736842,0.0014605263157894,499942.08,13,8808,141.23684210526315,924.157894736842,0.25165367145405393,0.7483463285459461,0.1357,0.11595367145405394,Low Margin + Low Sell-through,Clearance / Eliminate,High
2026-01-01,SKU00136,Patagonia,Tier 3,Sportswear,Buyout,Mass,Men,Performance,Seasonal,0,0,0.1357196205424325,0.0064092105263157,0.0010947368421052,1038670.36,42,8038,147.10526315789474,819.796052631579,0.20708962523280589,0.7929103747671942,0.1731,0.03398962523280588,Low Margin + High Sell-through,Traffic Driver / Control Discount,Medium
2026-01-01,SKU00137,Nike,Tier 1,Running Shoes,Buyout,Premium,Women,Performance,Seasonal,0,1,0.3816019258070079,0.0106,0.0081973684210526,1791476.96,71,8528,127.35526315789474,683.4077631578947,0.23075470758243335,0.7692452924175667,0.1518,0.07895470758243336,Low Margin + High Sell-through,Traffic Driver / Control Discount,Medium
2026-01-01,SKU00138,Columbia,Tier 3,Bags,Consignment,Mass,Men,Performance,Seasonal,0,1,0.8124687506601973,0.0081605263157894,0.0122197368421052,110984.37,64,8301,133.96052631578948,702.8360526315789,0.19243878573661852,0.8075612142633815,0.0316,0.16083878573661853,High Margin + High Sell-through,Main Push / Monitor Inventory,Low
2026-01-01,SKU00139,Reebok Underwear,Tier 2,Basketball Shoes,Consignment,Premium,Women,Performance,Seasonal,0,1,0.8245794937300216,0.0133381578947368,0.0163815789473684,327692.0,90,7900,137.69736842105263,644.6552631578948,0.19383286664525473,0.8061671333547453,0.0342,0.15963286664525472,High Margin + High Sell-through,Main Push / Monitor Inventory,Low
2026-01-01,SKU00140,Under Armour,Tier 3,Running Shoes,Consignment,Premium,Unisex,Core Basic,Core,0,1,0.8208647116503044,0.0047552631578947,0.0114828947368421,208794.56,35,7576,135.26315789473685,819.3902631578948,0.1991962565057132,0.8008037434942867,0.0235,0.17569625650571322,High Margin + Low Sell-through,Targeted Marketing / Control Inventory,Medium
2026-01-01,SKU00141,Under Armour,Tier 3,Training Shoes,Consignment,Premium,Women,Performance,Seasonal,0,1,0.8316276181991182,0.0078710526315789,0.033128947368421,124906.32,58,8316,140.8815789473684,703.4122368421052,0.20175326371326327,0.7982467362867367,0.0142,0.18755326371326328,High Margin + High Sell-through,Main Push / Monitor Inventory,Low
2026-01-01,SKU00142,Brand B,Tier 2,Basketball Shoes,Own Brand,Mass,Women,Core Basic,Seasonal,1,0,-0.5872500735175289,0.0169197368421052,-0.0069565789473684,875776.96,125,9136,298.6184210526316,557.9225,0.12964749730759795,0.870352502692402,0.206,-0.07635250269240204,Low Margin + High Sell-through,Traffic Driver / Control Discount,Medium
2026-01-01,SKU00143,Brooks Brothers,Tier 1,Kids Apparel,Consignment,Mass,Women,Core Basic,Seasonal,0,0,0.8250540737261056,0.0104644736842105,0.012225,185156.4,71,8580,140.07894736842104,678.3323684210527,0.22745925300323958,0.7725407469967605,0.047599999999999996,0.17985925300323957,High Margin + High Sell-through,Main Push / Monitor Inventory,Low
2026-01-01,SKU00144,New Balance,Tier 3,Outdoor Apparel,Buyout,Mass,Women,Core Basic,Core,0,1,0.440542025270097,0.0044276315789473,0.0041907894736842,591715.86,32,7747,138.0921052631579,851.2386842105263,0.19313465204030034,0.8068653479596997,0.1015,0.09163465204030033,Low Margin + Low Sell-through,Clearance / Eliminate,High
2026-01-01,SKU00145,Brand A,Tier 2,Running Shoes,Own Brand,Premium,Unisex,Performance,Seasonal,0,1,0.314906381609952,0.0168868421052631,0.0088302631578947,2226263.94,128,8643,134.10526315789474,541.2126315789474,0.25518131773151626,0.7448186822684837,0.1744,0.08078131773151626,Low Margin + High Sell-through,Traffic Driver / Control Discount,Medium
2026-01-01,SKU00146,Fila,Tier 3,Outdoor Apparel,Buyout,Premium,Women,Core Basic,Core,0,1,0.4476492952827764,0.0038776315789473,0.0033855263157894,1205752.95,28,8055,136.5921052631579,876.2894736842105,0.20252368359161518,0.7974763164083848,0.114,0.08852368359161518,Low Margin + Low Sell-through,Clearance / Eliminate,High
2026-01-01,SKU00147,Asics,Tier 3,Underwear,Buyout,Mass,Men,Performance,Seasonal,1,0,0.4125583255565924,0.0042894736842105,0.0034434210526315,309219.12,30,8421,288.63157894736844,840.9868421052631,0.1332794081279367,0.8667205918720633,0.0757,0.0575794081279367,Low Margin + Low Sell-through,Clearance / Eliminate,High
2026-01-01,SKU00148,Brooks Brothers,Tier 1,Training Shoes,Buyout,Premium,Women,Performance,Seasonal,0,1,0.624114403245268,0.01355,0.0253921052631578,783312.06,94,7863,136.0,606.0178947368421,0.22489773805897573,0.7751022619410243,0.0841,0.14079773805897572,High Margin + High Sell-through,Main Push / Monitor Inventory,Low
2026-01-01,SKU00149,Cole Haan,Tier 2,Sportswear,Buyout,Premium,Men,Core Basic,Seasonal,1,0,0.5464191921379327,0.01465,0.0212855263157894,593740.8,120,10308,314.69736842105266,557.19,0.1335056361258093,0.8664943638741907,0.061000000000000006,0.07250563612580929,High Margin + High Sell-through,Main Push / Monitor Inventory,Low
2026-01-01,SKU00150,Columbia,Tier 3,Lifestyle Apparel,Buyout,Mass,Women,Core Basic,Core,0,1,0.2752062778109172,0.004728947368421,0.0018868421052631,854773.92,38,8302,140.98684210526315,824.5631578947368,0.1947380557278904,0.8052619442721096,0.1568,0.03793805572789041,Low Margin + Low Sell-through,Clearance / Eliminate,High
2026-01-01,SKU00151,Champion,Tier 3,Performance Apparel,Consignment,Premium,Men,Fashion,Seasonal,0,1,0.813591810063167,0.0045776315789473,0.0055644736842105,246150.5,32,7765,130.01315789473685,870.0342105263159,0.19762956628692857,0.8023704337130715,0.0283,0.16932956628692858,High Margin + Low Sell-through,Targeted Marketing / Control Inventory,Medium
2026-01-01,SKU00152,Brand A,Tier 2,Performance Apparel,Own Brand,Premium,Men,Limited,Seasonal,0,1,0.4984852182548032,0.0048460526315789,0.0050263157894736,1487989.53,42,8739,136.8684210526316,760.7377631578947,0.2549960053526361,0.7450039946473639,0.1325,0.1224960053526361,Low Margin + Low Sell-through,Clearance / Eliminate,High
2026-01-01,SKU00153,Brand B,Tier 2,Sportswear,Own Brand,Premium,Women,Fashion,Seasonal,0,1,0.4077115837748973,0.0120421052631578,0.0091263157894736,1689673.04,103,9196,136.52631578947367,630.9806578947369,0.2568479728408107,0.7431520271591894,0.1507,0.10614797284081068,Low Margin + High Sell-through,Traffic Driver / Control Discount,Medium
2026-01-01,SKU00154,Brand A,Tier 2,Underwear,Own Brand,Mass,Unisex,Performance,Seasonal,0,1,0.3658909413185207,0.0079171052631578,0.0051197368421052,588245.7,73,9177,145.35526315789474,691.021052631579,0.2496422005717664,0.7503577994282336,0.1557,0.09394220057176639,Low Margin + High Sell-through,Traffic Driver / Control Discount,Medium
2026-01-01,SKU00155,Brand A,Tier 2,Outdoor Apparel,Own Brand,Luxury,Unisex,Performance,Seasonal,0,1,0.2156055985167911,0.0032223684210526,0.0009671052631578,3877344.0,28,9600,130.94736842105263,846.2411842105263,0.2530701990184117,0.7469298009815883,0.1959,0.05717019901841172,Low Margin + Low Sell-through,Clearance / Eliminate,High
2026-01-01,SKU00156,The North Face,Tier 3,Lifestyle Apparel,Buyout,Mass,Women,Performance,Seasonal,0,0,0.519564759037104,0.012325,0.0152210526315789,617819.8,93,7618,136.97368421052633,604.415,0.20367152731748886,0.7963284726825112,0.1026,0.10107152731748886,High Margin + High Sell-through,Main Push / Monitor Inventory,Low
2026-01-01,SKU00157,Brand A,Tier 2,Accessories,Own Brand,Mass,Women,Fashion,Seasonal,0,1,0.2966702201040948,0.0070263157894736,0.0037881578947368,715580.8,48,9280,140.23684210526315,754.1588157894737,0.2543793717590925,0.7456206282409075,0.1737,0.08067937175909248,Low Margin + High Sell-through,Traffic Driver / Control Discount,Medium
2026-01-01,SKU00158,Cole Haan,Tier 2,Bags,Buyout,Premium,Men,Core Basic,Seasonal,1,0,0.5076950055988587,0.0033394736842105,0.0038736842105263,865950.04,32,10282,298.7894736842105,871.3727631578947,0.1309508950166158,0.8690491049833842,0.0638,0.06715089501661581,High Margin + Low Sell-through,Targeted Marketing / Control Inventory,Medium
2026-01-01,SKU00159,Lululemon,Tier 1,Training Shoes,Consignment,Premium,Men,Fashion,Seasonal,1,0,0.8310163283549169,0.0080710526315789,0.0074236842105263,565269.78,52,8171,306.8421052631579,751.890394736842,0.13027248198894942,0.8697275180110506,0.045,0.08527248198894942,High Margin + High Sell-through,Main Push / Monitor Inventory,Low
2026-01-01,SKU00160,Champion,Tier 3,Bags,Consignment,Premium,Kids,Limited,Seasonal,1,0,0.8181727097643247,0.0095592105263157,0.0164342105263157,130131.3,57,7930,296.7631578947368,725.8157894736842,0.13054326781069606,0.869456732189304,0.0192,0.11134326781069606,High Margin + High Sell-through,Main Push / Monitor Inventory,Low
2026-01-01,SKU00161,New Balance,Tier 3,Outdoor Apparel,Consignment,Mass,Women,Core Basic,Core,0,1,0.8270473608737502,0.0091342105263157,0.0133302631578947,81877.44,65,8304,149.0,709.171052631579,0.20212608784435063,0.7978739121556494,0.030499999999999996,0.17162608784435063,High Margin + High Sell-through,Main Push / Monitor Inventory,Low
2026-01-01,SKU00162,Champion,Tier 3,Underwear,Buyout,Entry,Women,Performance,Seasonal,0,1,0.403423150948584,0.0102328947368421,0.0081921052631578,248535.0,77,7875,135.42105263157896,734.9801315789473,0.197964091912198,0.802035908087802,0.1134,0.08456409191219799,Low Margin + High Sell-through,Traffic Driver / Control Discount,Medium
2026-01-01,SKU00163,Adidas,Tier 1,Outdoor Apparel,Consignment,Luxury,Women,Limited,Seasonal,0,1,0.8308192209624358,0.0048394736842105,0.0050263157894736,613989.12,40,8128,131.73684210526315,822.5315789473684,0.22926285868504592,0.7707371413149541,0.0413,0.18796285868504592,High Margin + Low Sell-through,Targeted Marketing / Control Inventory,Medium
2026-01-01,SKU00164,Adidas,Tier 1,Underwear,Buyout,Mass,Women,Core Basic,Core,0,1,0.3648057630616571,0.0093894736842105,0.0061342105263157,740762.88,68,8094,144.78947368421052,670.7447368421052,0.2290820866552572,0.7709179133447428,0.1474,0.0816820866552572,Low Margin + High Sell-through,Traffic Driver / Control Discount,Medium
2026-01-01,SKU00165,Brand B,Tier 2,Underwear,Own Brand,Mass,Unisex,Fashion,Seasonal,1,0,-0.7754306011661417,0.0118868421052631,-0.0060973684210526,1039227.7,84,9415,306.5921052631579,661.7753947368421,0.12898333302961756,0.8710166669703825,0.2189,-0.08991666697038245,Low Margin + High Sell-through,Traffic Driver / Control Discount,Medium
2026-01-01,SKU00166,Brooks Brothers,Tier 1,Underwear,Buyout,Entry,Women,Fashion,Seasonal,0,0,0.6058585839010068,0.0039328947368421,0.00715,137448.96,25,8448,141.72368421052633,902.7398684210526,0.23510474366140097,0.764895256338599,0.0903,0.14480474366140095,High Margin + Low Sell-through,Targeted Marketing / Control Inventory,Medium
2026-01-01,SKU00167,Brand B,Tier 2,Yoga Apparel,Own Brand,Premium,Unisex,Performance,Seasonal,0,0,0.224310546578098,0.0064144736842105,0.0021657894736842,1945301.73,63,9309,129.47368421052633,734.3956578947368,0.25515430082271234,0.7448456991772876,0.1888,0.06635430082271235,Low Margin + High Sell-through,Traffic Driver / Control Discount,Medium
2026-01-01,SKU00168,Cole Haan,Tier 2,Sportswear,Buyout,Entry,Women,Core Basic,Core,0,1,0.6030479663942168,0.0011197368421052,0.001978947368421,121375.83,10,9957,199.92105263157896,949.5701315789474,0.15978820163545912,0.8402117983645409,0.0607,0.09908820163545912,High Margin + Low Sell-through,Targeted Marketing / Control Inventory,Medium
2026-01-01,SKU00169,Brand A,Tier 2,Basketball Shoes,Own Brand,Mass,Women,Performance,Seasonal,0,0,0.3533823469794128,0.0220631578947368,0.0138657894736842,700024.08,180,9294,124.76315789473684,439.56144736842106,0.25126240643840686,0.7487375935615932,0.167,0.08426240643840685,Low Margin + High Sell-through,Traffic Driver / Control Discount,Medium
2026-01-01,SKU00170,Nike,Tier 1,Lifestyle Apparel,Buyout,Premium,Unisex,Limited,Seasonal,0,1,0.5750568814551171,0.0064671052631578,0.0097184210526315,811285.44,48,8004,135.82894736842104,745.9456578947369,0.2369120500988633,0.7630879499011367,0.102,0.1349120500988633,High Margin + High Sell-through,Main Push / Monitor Inventory,Low
2026-01-01,SKU00171,Brooks Brothers,Tier 1,Sportswear,Consignment,Mass,Women,Core Basic,Core,0,1,0.8195572031085648,0.0103894736842105,0.0501197368421052,44231.11,74,8393,140.6184210526316,719.3667105263158,0.23079862291018627,0.7692013770898137,0.0118,0.21899862291018626,High Margin + High Sell-through,Main Push / Monitor Inventory,Low
2026-01-01,SKU00172,Nike,Tier 1,Running Shoes,Consignment,Premium,Kids,Fashion,Seasonal,0,1,0.8271100136053429,0.0055355263157894,0.0088197368421052,325032.4,43,8540,139.57894736842104,816.2342105263158,0.2363545327456973,0.7636454672543027,0.0426,0.1937545327456973,High Margin + Low Sell-through,Targeted Marketing / Control Inventory,Medium
2026-01-01,SKU00173,Champion,Tier 3,Bags,Buyout,Mass,Women,Fashion,Seasonal,0,1,0.5556393180733256,0.0083013157894736,0.0108486842105263,274560.05,59,8615,137.3421052631579,709.1455263157894,0.20521261985893316,0.7947873801410669,0.0924,0.11281261985893316,High Margin + High Sell-through,Main Push / Monitor Inventory,Low
2026-01-01,SKU00174,Nike,Tier 1,Yoga Apparel,Consignment,Mass,Men,Fashion,Seasonal,0,1,0.8023230717915514,0.0084907894736842,0.0124657894736842,81594.48,64,8184,112.85526315789474,708.1086842105263,0.23140731208186985,0.7685926879181302,0.0261,0.20530731208186984,High Margin + High Sell-through,Main Push / Monitor Inventory,Low
2026-01-01,SKU00175,Under Armour,Tier 3,Sportswear,Consignment,Entry,Women,Core Basic,Seasonal,0,0,0.8179925263529718,0.0050157894736842,0.0161236842105263,34396.32,38,8472,134.64473684210526,841.2569736842105,0.20058749072749238,0.7994125092725076,0.0159,0.18468749072749238,High Margin + Low Sell-through,Targeted Marketing / Control Inventory,Medium
2026-01-01,SKU00176,Salomon,Tier 3,Underwear,Buyout,Mass,Women,Fashion,Seasonal,0,0,0.1209742163929993,0.0059684210526315,0.0011065789473684,966994.2,44,8181,140.1184210526316,785.76,0.2007385350491394,0.7992614649508606,0.1797,0.021038535049139412,Low Margin + Low Sell-through,Clearance / Eliminate,High
2026-01-01,SKU00177,Brooks Brothers,Tier 1,Lifestyle Apparel,Buyout,Premium,Unisex,Core Basic,Core,0,1,0.5231761526200636,0.0027381578947368,0.0034671052631578,661241.07,11,7551,129.53947368421052,935.0947368421052,0.2221426798219533,0.7778573201780468,0.0955,0.1266426798219533,High Margin + Low Sell-through,Targeted Marketing / Control Inventory,Medium
2026-01-01,SKU00178,Puma,Tier 3,Training Shoes,Buyout,Premium,Unisex,Clearance,Seasonal,1,0,0.3041320924243371,0.0241644736842105,0.0123907894736842,1253134.08,179,7744,133.67105263157896,405.8459210526316,0.20018815907553866,0.7998118409244613,0.1388,0.061388159075538656,Low Margin + High Sell-through,Traffic Driver / Control Discount,Medium
2026-01-01,SKU00179,Brooks Brothers,Tier 1,Kids Apparel,Buyout,Entry,Men,Fashion,Seasonal,0,1,0.6493307063800197,0.0051723684210526,0.0104447368421052,148010.38,39,7949,137.30263157894737,809.5263157894736,0.2305675244083428,0.7694324755916572,0.0811,0.1494675244083428,High Margin + Low Sell-through,Targeted Marketing / Control Inventory,Medium
2026-01-01,SKU00180,Skechers,Tier 3,Underwear,Consignment,Mass,Women,Core Basic,Seasonal,0,0,0.8305027940603135,0.0043342105263157,0.0059092105263157,202143.81,38,7887,138.71052631578948,818.5921052631579,0.19095571036258396,0.809044289637416,0.0411,0.14985571036258397,High Margin + Low Sell-through,Targeted Marketing / Control Inventory,Medium
2026-01-01,SKU00181,Brand A,Tier 2,Training Shoes,Own Brand,Luxury,Women,Core Basic,Seasonal,0,0,0.332618607863205,0.02035,0.0117894736842105,2584239.84,174,9102,132.05263157894737,442.7621052631579,0.2553524328019983,0.7446475671980017,0.1711,0.08425243280199832,Low Margin + High Sell-through,Traffic Driver / Control Discount,Medium
2026-01-01,SKU00182,The North Face,Tier 3,Basketball Shoes,Buyout,Luxury,Unisex,Core Basic,Core,0,1,0.1732837935053841,0.0095486842105263,0.0024552631578947,2082756.76,64,7994,124.28947368421052,720.8614473684211,0.19617788483465048,0.8038221151653495,0.1619,0.034277884834650496,Low Margin + High Sell-through,Traffic Driver / Control Discount,Medium
2026-01-01,SKU00183,Adidas,Tier 1,Bags,Consignment,Mass,Unisex,Fashion,Seasonal,0,0,0.825857157894401,0.0122605263157894,0.0240815789473684,133118.3,88,7762,142.17105263157896,623.7975,0.23166522027635797,0.7683347797236421,0.0319,0.19976522027635796,High Margin + High Sell-through,Main Push / Monitor Inventory,Low
2026-01-01,SKU00184,The North Face,Tier 3,Kids Apparel,Buyout,Premium,Men,Performance,Seasonal,0,0,0.2351147648799737,0.0017565789473684,0.0006776315789473,1753026.88,14,8441,133.4078947368421,915.1667105263158,0.19878927479237493,0.801210725207625,0.1629,0.03588927479237494,Low Margin + Low Sell-through,Clearance / Eliminate,High
2026-01-01,SKU00185,Adidas,Tier 1,Outdoor Apparel,Buyout,Premium,Men,Core Basic,Seasonal,1,0,0.1168359953050134,0.0081934210526315,0.0011223684210526,865567.57,55,8249,316.1842105263158,735.8097368421053,0.1353136861451145,0.8646863138548855,0.1186,0.016713686145114495,Low Margin + High Sell-through,Traffic Driver / Control Discount,Medium
2026-01-01,SKU00186,New Balance,Tier 3,Sportswear,Consignment,Mass,Unisex,Core Basic,Core,0,1,0.8597580674108907,0.0010355263157894,0.0017210526315789,126263.69,10,8183,142.94736842105263,952.1534210526316,0.2059585782665068,0.7940414217334932,0.0226,0.18335857826650678,High Margin + Low Sell-through,Targeted Marketing / Control Inventory,Medium
2026-01-01,SKU00187,New Balance,Tier 3,Sportswear,Consignment,Premium,Women,Performance,Seasonal,0,1,0.821400858314726,0.0034736842105263,0.0183921052631578,80890.7,21,8305,134.5,896.5751315789474,0.19439212902109382,0.8056078709789062,0.0102,0.18419212902109383,High Margin + Low Sell-through,Targeted Marketing / Control Inventory,Medium
2026-01-01,SKU00188,Brand B,Tier 2,Basketball Shoes,Own Brand,Premium,Men,Fashion,Seasonal,1,0,0.0074255609666855,0.0307921052631578,0.000175,1489135.92,260,9292,306.10526315789474,291.0005263157895,0.12936097919800812,0.8706390208019918,0.1298,-0.000439020801991874,Low Margin + High Sell-through,Traffic Driver / Control Discount,Medium
2026-01-01,SKU00189,Salomon,Tier 3,Basketball Shoes,Buyout,Mass,Unisex,Core Basic,Core,0,1,0.4083783082081678,0.0031013157894736,0.0022684210526315,787693.54,23,8458,132.80263157894737,861.0526315789474,0.20282916454582461,0.7971708354541753,0.1242,0.07862916454582461,Low Margin + Low Sell-through,Clearance / Eliminate,High
2026-01-01,SKU00190,Reebok Underwear,Tier 2,Running Shoes,Buyout,Luxury,Kids,Core Basic,Core,0,1,0.1976596386584961,0.007925,0.0021486842105263,2157829.56,58,8572,129.96052631578948,733.3332894736842,0.19828060191780086,0.8017193980821992,0.1524,0.045880601917800856,Low Margin + High Sell-through,Traffic Driver / Control Discount,Medium
2026-01-01,SKU00191,Under Armour,Tier 3,Basketball Shoes,Consignment,Premium,Women,Limited,Seasonal,0,1,0.8026072850612005,0.003653947368421,0.0074131578947368,252972.94,25,7898,149.53947368421052,892.761447368421,0.1970727756693607,0.8029272243306393,0.0226,0.1744727756693607,High Margin + Low Sell-through,Targeted Marketing / Control Inventory,Medium
2026-01-01,SKU00192,Brand B,Tier 2,Training Shoes,Own Brand,Mass,Men,Performance,Seasonal,0,0,0.4587486440573896,0.0050473684210526,0.0049302631578947,619944.6,43,9164,130.52631578947367,831.1803947368421,0.2596585976100649,0.7403414023899351,0.1468,0.11285859761006486,Low Margin + Low Sell-through,Clearance / Eliminate,High
2026-01-01,SKU00193,Salomon,Tier 3,Running Shoes,Buyout,Premium,Men,Performance,Seasonal,0,1,0.1196263808824743,0.0336855263157894,0.0053407894736842,1791364.48,249,8318,139.46052631578948,343.6018421052632,0.19890385777295666,0.8010961422270433,0.1738,0.02510385777295665,Low Margin + High Sell-through,Traffic Driver / Control Discount,Medium
2026-01-01,SKU00194,Puma,Tier 3,Kids Apparel,Buyout,Mass,Women,Core Basic,Seasonal,0,0,0.4522499190676594,0.0089710526315789,0.008725,389532.24,56,7674,138.6315789473684,762.5411842105262,0.19752282655544443,0.8024771734445556,0.1132,0.08432282655544443,Low Margin + High Sell-through,Traffic Driver / Control Discount,Medium
2026-01-01,SKU00195,Brooks Brothers,Tier 1,Bags,Buyout,Premium,Unisex,Fashion,Seasonal,0,0,0.5979107382740294,0.0016697368421052,0.0029078947368421,1013031.36,15,8228,142.81578947368422,914.5877631578948,0.2231859986613451,0.7768140013386549,0.0843,0.1388859986613451,High Margin + Low Sell-through,Targeted Marketing / Control Inventory,Medium
2026-01-01,SKU00196,Asics,Tier 3,Accessories,Consignment,Entry,Unisex,Fashion,Seasonal,0,1,0.8307494331760524,0.010878947368421,0.0175881578947368,38630.08,80,7916,132.19736842105263,661.1071052631579,0.2025794695758488,0.7974205304241512,0.0356,0.1669794695758488,High Margin + High Sell-through,Main Push / Monitor Inventory,Low
2026-01-01,SKU00197,Adidas,Tier 1,Sportswear,Consignment,Entry,Kids,Performance,Seasonal,0,0,0.82137716274882,0.0135210526315789,0.022028947368421,76239.0,104,7740,141.5921052631579,602.9044736842105,0.22826417319953335,0.7717358268004666,0.0466,0.18166417319953335,High Margin + High Sell-through,Main Push / Monitor Inventory,Low
2026-01-01,SKU00198,Adidas,Tier 1,Running Shoes,Consignment,Premium,Unisex,Core Basic,Seasonal,1,0,0.812422998669417,0.0155802631578947,0.0190697368421052,353065.44,105,8083,294.89473684210526,606.5836842105264,0.13125714579153822,0.8687428542084618,0.0369,0.09435714579153821,High Margin + High Sell-through,Main Push / Monitor Inventory,Low
2026-01-01,SKU00199,Patagonia,Tier 3,Accessories,Buyout,Mass,Unisex,Core Basic,Seasonal,0,0,0.5496330879636858,0.004628947368421,0.0068565789473684,284444.22,35,8418,123.64473684210526,809.8332894736842,0.20213219641827893,0.797867803581721,0.08579999999999999,0.11633219641827894,High Margin + Low Sell-through,Targeted Marketing / Control Inventory,Medium
2026-01-01,SKU00200,Nike,Tier 1,Basketball Shoes,Buyout,Premium,Men,Clearance,Seasonal,1,0,0.4693570750059263,0.0047526315789473,0.0048381578947368,1429615.0,37,8500,136.69736842105263,785.5307894736842,0.23388863541664898,0.766111364583351,0.1355,0.09838863541664897,Low Margin + Low Sell-through,Clearance / Eliminate,High
2026-01-01,SKU00201,Brooks Brothers,Tier 1,Underwear,Buyout,Entry,Women,Core Basic,Seasonal,0,0,0.6070195422347204,0.0039355263157894,0.0072828947368421,76396.8,24,8304,139.73684210526315,878.5877631578948,0.23363080529236505,0.766369194707635,0.0909,0.14273080529236504,High Margin + Low Sell-through,Targeted Marketing / Control Inventory,Medium
2026-01-01,SKU00202,Reebok Underwear,Tier 2,Outdoor Apparel,Buyout,Premium,Unisex,Performance,Seasonal,0,1,0.4862367467220834,0.0019776315789473,0.002125,725894.4,16,7856,129.14473684210526,905.4298684210526,0.19976826555682148,0.8002317344431785,0.10740000000000001,0.09236826555682147,Low Margin + Low Sell-through,Clearance / Eliminate,High
2026-01-01,SKU00203,Under Armour,Tier 3,Outdoor Apparel,Buyout,Premium,Men,Fashion,Seasonal,0,0,0.3287404718565178,0.0065342105263157,0.0035328947368421,1185875.88,49,7638,123.5,759.7394736842105,0.1986441490071447,0.8013558509928553,0.1318,0.0668441490071447,Low Margin + High Sell-through,Traffic Driver / Control Discount,Medium
2026-01-01,SKU00204,Skechers,Tier 3,Accessories,Buyout,Mass,Women,Clearance,Seasonal,1,0,0.5295676166384463,0.0039921052631578,0.0051302631578947,522497.8,31,8780,129.35526315789474,831.9078947368421,0.19844829819758356,0.8015517018024164,0.0915,0.10694829819758356,High Margin + Low Sell-through,Targeted Marketing / Control Inventory,Medium
2026-01-01,SKU00205,On Running,Tier 1,Sportswear,Consignment,Entry,Men,Fashion,Seasonal,0,1,0.8155010566668305,0.0024118421052631,0.0096276315789473,20443.59,19,8413,141.03947368421052,893.2894736842105,0.22571341030903602,0.774286589690964,0.0141,0.21161341030903602,High Margin + Low Sell-through,Targeted Marketing / Control Inventory,Medium
2026-01-01,SKU00206,Skechers,Tier 3,Running Shoes,Buyout,Premium,Women,Performance,Seasonal,1,0,0.5076549788612652,0.0084276315789473,0.0100302631578947,733198.95,66,8415,315.60526315789474,729.1456578947368,0.12811601169400863,0.8718839883059913,0.0626,0.06551601169400863,Low Margin + High Sell-through,Traffic Driver / Control Discount,Medium
2026-01-01,SKU00207,Patagonia,Tier 3,Sportswear,Buyout,Entry,Men,Fashion,Seasonal,0,1,0.5702508062908577,0.0046197368421052,0.0069105263157894,178733.06,40,8503,135.07894736842104,811.7223684210527,0.19609469671932492,0.8039053032806751,0.0834,0.11269469671932492,High Margin + Low Sell-through,Targeted Marketing / Control Inventory,Medium
2026-01-01,SKU00208,Adidas,Tier 1,Training Shoes,Consignment,Premium,Unisex,Clearance,Seasonal,1,0,0.8319429543857053,0.0063236842105263,0.0165697368421052,317395.82,40,8011,124.07894736842104,801.9843421052632,0.22793336457332883,0.7720666354266712,0.029699999999999997,0.19823336457332882,High Margin + Low Sell-through,Targeted Marketing / Control Inventory,Medium
2026-01-01,SKU00209,Skechers,Tier 3,Yoga Apparel,Consignment,Premium,Men,Performance,Seasonal,0,0,0.827774369102639,0.0072302631578947,0.0290894736842105,96437.0,53,7970,124.10526315789474,756.8167105263158,0.19876496050893813,0.8012350394910619,0.0125,0.18626496050893812,High Margin + High Sell-through,Main Push / Monitor Inventory,Low
2026-01-01,SKU00210,Asics,Tier 3,Yoga Apparel,Consignment,Entry,Unisex,Fashion,Seasonal,0,0,0.8068713209000384,0.0040592105263157,0.0081052631578947,49266.65,29,8845,124.72368421052632,873.4298684210526,0.19686821106356006,0.80313178893644,0.0225,0.17436821106356007,High Margin + Low Sell-through,Targeted Marketing / Control Inventory,Medium
2026-01-01,SKU00211,Cole Haan,Tier 2,Lifestyle Apparel,Buyout,Premium,Women,Core Basic,Core,0,1,0.6729476528225745,0.0059447368421052,0.0136013157894736,644220.66,53,9974,205.18421052631575,768.4515789473684,0.15593302095444286,0.8440669790455572,0.0524,0.10353302095444286,High Margin + Low Sell-through,Targeted Marketing / Control Inventory,Medium
2026-01-01,SKU00212,Lululemon,Tier 1,Basketball Shoes,Buyout,Mass,Unisex,Core Basic,Seasonal,0,0,0.4114228139491908,0.0049171052631578,0.0040065789473684,653835.21,34,8309,144.10526315789474,832.0175,0.22651686733780427,0.7734831326621957,0.1303,0.09621686733780427,Low Margin + Low Sell-through,Clearance / Eliminate,High
2026-01-01,SKU00213,Adidas,Tier 1,Lifestyle Apparel,Consignment,Mass,Unisex,Performance,Seasonal,0,1,0.8253271360676675,0.011625,0.0226263157894736,193537.56,98,8422,132.92105263157896,619.1605263157894,0.2298552362047113,0.7701447637952887,0.0324,0.19745523620471128,High Margin + High Sell-through,Main Push / Monitor Inventory,Low
2026-01-01,SKU00214,Skechers,Tier 3,Bags,Consignment,Premium,Unisex,Core Basic,Seasonal,0,0,0.8166324078457694,0.0062578947368421,0.0079078947368421,250021.2,40,8184,132.80263157894737,790.5569736842106,0.20628765673343105,0.7937123432665689,0.027599999999999996,0.17868765673343107,High Margin + Low Sell-through,Targeted Marketing / Control Inventory,Medium
2026-01-01,SKU00215,Brand A,Tier 2,Underwear,Own Brand,Mass,Women,Clearance,Seasonal,1,0,0.2343843549160433,0.0047605263157894,0.0016381578947368,1298886.51,45,9483,127.6842105263158,825.578947368421,0.2525841033337045,0.7474158966662955,0.204,0.048584103333704526,Low Margin + Low Sell-through,Clearance / Eliminate,High
2026-01-01,SKU00216,Columbia,Tier 3,Training Shoes,Buyout,Premium,Kids,Performance,Seasonal,1,0,0.609373437014652,0.0072513157894736,0.0124842105263157,559767.6,54,8148,307.0657894736842,754.5035526315789,0.13096976663648158,0.8690302333635185,0.0526,0.07836976663648157,High Margin + High Sell-through,Main Push / Monitor Inventory,Low
2026-01-01,SKU00217,Nike,Tier 1,Underwear,Consignment,Mass,Women,Fashion,Seasonal,1,0,0.8213769970987095,0.022475,0.014425,221153.26,169,8089,292.63157894736844,397.428947368421,0.12897281263752183,0.8710271873624782,0.0425,0.08647281263752182,High Margin + High Sell-through,Main Push / Monitor Inventory,Low
2026-01-01,SKU00218,Nike,Tier 1,Yoga Apparel,Consignment,Premium,Women,Fashion,Seasonal,0,1,0.829183060349704,0.0017407894736842,0.0097421052631578,87717.0,13,8354,137.8421052631579,917.1973684210526,0.22626981684013503,0.773730183159865,0.0123,0.21396981684013502,High Margin + Low Sell-through,Targeted Marketing / Control Inventory,Medium
2026-01-01,SKU00219,Adidas,Tier 1,Lifestyle Apparel,Buyout,Premium,Men,Core Basic,Core,0,1,0.4558162546099685,0.0044144736842105,0.0040710526315789,1305092.34,35,8817,140.48684210526315,806.0176315789473,0.23348436543470902,0.766515634565291,0.1358,0.09768436543470901,Low Margin + Low Sell-through,Clearance / Eliminate,High
2026-01-01,SKU00220,Nike,Tier 1,Accessories,Consignment,Entry,Unisex,Performance,Seasonal,0,0,0.8216730672900318,0.0047513157894736,0.0099078947368421,46165.6,36,8878,141.9078947368421,809.1930263157894,0.2321703338975227,0.7678296661024773,0.0246,0.2075703338975227,High Margin + Low Sell-through,Targeted Marketing / Control Inventory,Medium
2026-01-01,SKU00221,On Running,Tier 1,Accessories,Consignment,Mass,Unisex,Core Basic,Core,0,1,0.8234362821512081,0.006078947368421,0.0051486842105263,273764.34,42,8311,123.55263157894736,799.9911842105263,0.22991312859207588,0.7700868714079241,0.04750000000000001,0.18241312859207587,High Margin + Low Sell-through,Targeted Marketing / Control Inventory,Medium
2026-01-01,SKU00222,Reebok Underwear,Tier 2,Training Shoes,Consignment,Mass,Women,Limited,Seasonal,0,1,0.8410913208471049,0.0016947368421052,0.001453947368421,327387.84,18,8508,127.17105263157896,918.4736842105264,0.20213659538628234,0.7978634046137176,0.0487,0.15343659538628235,High Margin + Low Sell-through,Targeted Marketing / Control Inventory,Medium
2026-01-01,SKU00223,Brand A,Tier 2,Basketball Shoes,Own Brand,Premium,Women,Performance,Seasonal,0,1,0.2305191263653006,0.0066026315789473,0.0022276315789473,1868397.85,56,8935,133.47368421052633,757.2850000000001,0.24624346271429454,0.7537565372857055,0.1846,0.06164346271429455,Low Margin + High Sell-through,Traffic Driver / Control Discount,Medium
2026-01-01,SKU00224,Under Armour,Tier 3,Accessories,Buyout,Entry,Unisex,Limited,Seasonal,1,0,0.1542765440666204,0.0049552631578947,0.0011684210526315,83677.06,37,7939,306.67105263157896,829.3298684210527,0.12610072712673417,0.8738992728732659,0.1049,0.02120072712673418,Low Margin + Low Sell-through,Clearance / Eliminate,High
2026-01-01,SKU00225,Champion,Tier 3,Performance Apparel,Buyout,Premium,Unisex,Performance,Seasonal,0,1,0.3242867255764483,0.0075065789473684,0.0040013157894736,1775392.8,53,8174,121.28947368421052,726.9676315789474,0.2021461814399445,0.7978538185600554,0.1367,0.06544618143994452,Low Margin + High Sell-through,Traffic Driver / Control Discount,Medium
2026-01-01,SKU00226,Brand B,Tier 2,Basketball Shoes,Own Brand,Premium,Women,Core Basic,Core,0,1,0.3178235602140347,0.0165078947368421,0.0086092105263157,2454130.5,146,8895,152.6184210526316,473.4036842105263,0.25129017683454863,0.7487098231654514,0.1731,0.07819017683454862,Low Margin + High Sell-through,Traffic Driver / Control Discount,Medium
2026-01-01,SKU00227,Champion,Tier 3,Kids Apparel,Buyout,Entry,Men,Performance,Seasonal,0,0,0.1621600405346578,0.0074631578947368,0.0015434210526315,351583.05,56,8385,141.96052631578948,719.9148684210526,0.1947649355711308,0.8052350644288692,0.1638,0.03096493557113081,Low Margin + High Sell-through,Traffic Driver / Control Discount,Medium
2026-01-01,SKU00228,Cole Haan,Tier 2,Accessories,Buyout,Entry,Unisex,Fashion,Seasonal,0,1,0.1442034309810561,0.0047513157894736,0.0007473684210526,247306.08,43,9924,199.06578947368425,790.188552631579,0.15516704713584967,0.8448329528641503,0.13,0.025167047135849663,Low Margin + Low Sell-through,Clearance / Eliminate,High
2026-01-01,SKU00229,Brand B,Tier 2,Training Shoes,Own Brand,Premium,Women,Clearance,Seasonal,1,0,-0.3135346848858006,0.0121078947368421,-0.0034157894736842,2301401.27,98,9181,293.4078947368421,574.9840789473684,0.12764779478603389,0.8723522052139661,0.1664,-0.03875220521396611,Low Margin + High Sell-through,Traffic Driver / Control Discount,Medium
2026-01-01,SKU00230,Salomon,Tier 3,Yoga Apparel,Consignment,Mass,Unisex,Performance,Seasonal,1,0,0.8220008433480919,0.0083934210526315,0.0196276315789473,102630.33,62,8217,306.5263157894737,715.286052631579,0.13352327802144015,0.8664767219785598,0.0174,0.11612327802144015,High Margin + High Sell-through,Main Push / Monitor Inventory,Low
2026-01-01,SKU00231,Puma,Tier 3,Basketball Shoes,Buyout,Premium,Unisex,Fashion,Seasonal,0,1,0.1936384532179556,0.0090236842105263,0.0029092105263157,1068059.27,54,8059,129.1315789473684,784.9588157894738,0.19911523134629194,0.8008847686537081,0.162,0.03711523134629194,Low Margin + High Sell-through,Traffic Driver / Control Discount,Medium
2026-01-01,SKU00232,Reebok Underwear,Tier 2,Sportswear,Consignment,Mass,Women,Clearance,Seasonal,1,0,0.823545635267389,0.0120144736842105,0.0160092105263157,210736.44,104,8737,132.6184210526316,595.2267105263159,0.19586124082271933,0.8041387591772806,0.0412,0.15466124082271931,High Margin + High Sell-through,Main Push / Monitor Inventory,Low
2026-01-01,SKU00233,Brand A,Tier 2,Bags,Own Brand,Premium,Women,Core Basic,Core,0,1,0.4738927893883686,0.0078302631578947,0.0077776315789473,1869626.22,55,9086,138.3684210526316,771.0484210526316,0.2503753368232547,0.7496246631767454,0.1344,0.1159753368232547,Low Margin + High Sell-through,Traffic Driver / Control Discount,Medium
2026-01-01,SKU00234,New Balance,Tier 3,Accessories,Buyout,Mass,Women,Core Basic,Core,0,1,0.2795305923030667,0.001228947368421,0.0005131578947368,581451.11,11,8341,138.72368421052633,934.328947368421,0.20282282269219729,0.7971771773078027,0.1415,0.0613228226921973,Low Margin + Low Sell-through,Clearance / Eliminate,High
2026-01-01,SKU00235,Brand B,Tier 2,Underwear,Own Brand,Entry,Women,Core Basic,Core,0,1,0.2183181417230226,0.0039407894736842,0.0012578947368421,485016.74,34,9122,143.55263157894737,836.6535526315789,0.25409322885660535,0.7459067711433947,0.2003,0.05379322885660534,Low Margin + Low Sell-through,Clearance / Eliminate,High
2026-01-01,SKU00236,Adidas,Tier 1,Kids Apparel,Consignment,Mass,Unisex,Performance,Seasonal,0,1,0.8131347228406856,0.0032236842105263,0.011525,64474.02,23,8406,138.17105263157896,879.6377631578947,0.22750113517414766,0.7724988648258524,0.0125,0.21500113517414765,High Margin + Low Sell-through,Targeted Marketing / Control Inventory,Medium
2026-01-01,SKU00237,Puma,Tier 3,Yoga Apparel,Consignment,Mass,Men,Core Basic,Core,0,1,0.8233401710847705,0.0204578947368421,0.0449736842105263,83891.43,148,7833,137.93421052631578,442.4653947368421,0.20541824159683605,0.7945817584031639,0.0199,0.18551824159683605,High Margin + High Sell-through,Main Push / Monitor Inventory,Low
2026-01-01,SKU00238,Puma,Tier 3,Lifestyle Apparel,Consignment,Entry,Men,Fashion,Seasonal,0,1,0.8364872745057467,0.0142105263157894,0.0168407894736842,71105.48,93,7831,131.1315789473684,629.2967105263158,0.19858759875594034,0.8014124012440597,0.0463,0.15228759875594033,High Margin + High Sell-through,Main Push / Monitor Inventory,Low
2026-01-01,SKU00239,On Running,Tier 1,Lifestyle Apparel,Consignment,Mass,Women,Core Basic,Core,0,1,0.8141579160144709,0.0047776315789473,0.0057907894736842,158103.0,36,7985,137.97368421052633,812.5718421052632,0.2349102013156485,0.7650897986843515,0.0416,0.1933102013156485,High Margin + Low Sell-through,Targeted Marketing / Control Inventory,Medium
2026-01-01,SKU00240,Columbia,Tier 3,Bags,Buyout,Mass,Women,Fashion,Seasonal,0,1,0.1452123353205269,0.0019657894736842,0.0004052631578947,506486.54,18,8722,138.1184210526316,903.407894736842,0.20167556883336352,0.7983244311666364,0.1752,0.026475568833363522,Low Margin + Low Sell-through,Clearance / Eliminate,High
2026-01-01,SKU00241,Reebok Underwear,Tier 2,Performance Apparel,Buyout,Mass,Men,Core Basic,Seasonal,0,0,0.3613808836231053,0.0105815789473684,0.0074868421052631,402937.6,80,8320,123.82894736842104,656.5481578947368,0.19709933699855028,0.8029006630014497,0.12300000000000001,0.07409933699855027,Low Margin + High Sell-through,Traffic Driver / Control Discount,Medium
2026-01-01,SKU00242,Skechers,Tier 3,Basketball Shoes,Buyout,Premium,Unisex,Performance,Seasonal,1,0,0.05936860252128,0.0088671052631578,0.0005828947368421,1358984.55,84,8491,295.69736842105266,684.5473684210526,0.12951335850786047,0.8704866414921395,0.1183,0.011213358507860469,Low Margin + High Sell-through,Traffic Driver / Control Discount,Medium
2026-01-01,SKU00243,Brand B,Tier 2,Accessories,Own Brand,Mass,Unisex,Performance,Seasonal,0,1,0.1839805329032551,0.006928947368421,0.0017118421052631,900745.32,59,9246,138.02631578947367,736.1271052631579,0.2502984825800834,0.7497015174199166,0.2021,0.04819848258008341,Low Margin + High Sell-through,Traffic Driver / Control Discount,Medium
2026-01-01,SKU00244,Reebok Underwear,Tier 2,Underwear,Consignment,Mass,Unisex,Core Basic,Core,0,1,0.8132678586263236,0.010003947368421,0.0231368421052631,59362.8,57,8022,131.25,736.8394736842106,0.20062777598570758,0.7993722240142924,0.0167,0.1839277759857076,High Margin + High Sell-through,Main Push / Monitor Inventory,Low
2026-01-01,SKU00245,Brand A,Tier 2,Kids Apparel,Own Brand,Entry,Men,Fashion,Seasonal,0,1,0.4807356066244048,0.0039197368421052,0.0040921052631578,297119.04,38,9748,151.82894736842104,808.0263157894736,0.25603393175727385,0.7439660682427262,0.13,0.12603393175727384,Low Margin + Low Sell-through,Clearance / Eliminate,High
2026-01-01,SKU00246,Reebok Underwear,Tier 2,Accessories,Buyout,Entry,Kids,Core Basic,Core,0,1,0.1283593755219015,0.0079184210526315,0.0012697368421052,369408.96,59,8352,121.07894736842104,714.618552631579,0.20163088757018208,0.7983691124298179,0.1728,0.028830887570182068,Low Margin + High Sell-through,Traffic Driver / Control Discount,Medium
2026-01-01,SKU00247,Cole Haan,Tier 2,Lifestyle Apparel,Buyout,Premium,Unisex,Performance,Seasonal,0,1,0.1620462031044003,0.0015842105263157,0.0003052631578947,1227774.56,15,10096,212.7894736842105,916.9298684210526,0.1655346450455488,0.8344653549544512,0.1346,0.030934645045548798,Low Margin + Low Sell-through,Clearance / Eliminate,High
2026-01-01,SKU00248,Adidas,Tier 1,Kids Apparel,Buyout,Entry,Women,Core Basic,Seasonal,1,0,0.0094854943035011,0.0067934210526315,-5.263157894736839e-06,253276.2,56,8277,308.9078947368421,737.7560526315789,0.12662558897951282,0.8733744110204872,0.134,-0.007374411020487193,Low Margin + High Sell-through,Traffic Driver / Control Discount,Medium
2026-01-01,SKU00249,Brooks Brothers,Tier 1,Running Shoes,Buyout,Mass,Women,Core Basic,Seasonal,0,0,0.4282980564430244,0.0059907894736842,0.0050618421052631,491465.92,47,8404,140.77631578947367,778.2578947368421,0.23410590088537897,0.765894099114621,0.1362,0.09790590088537898,Low Margin + Low Sell-through,Clearance / Eliminate,High
2026-01-01,SKU00250,Under Armour,Tier 3,Running Shoes,Buyout,Mass,Kids,Fashion,Seasonal,0,0,0.2392632421919689,0.013378947368421,0.0053105263157894,502522.74,96,8061,142.27631578947367,526.1009210526315,0.1938937508827203,0.8061062491172797,0.1466,0.04729375088272028,Low Margin + High Sell-through,Traffic Driver / Control Discount,Medium
2026-01-01,SKU00251,Nike,Tier 1,Bags,Consignment,Mass,Women,Fashion,Seasonal,0,1,0.8222962123793822,0.0143263157894736,0.0261460526315789,259988.48,114,8704,151.60526315789474,547.5323684210526,0.23198164091981296,0.768018359080187,0.0374,0.19458164091981295,High Margin + High Sell-through,Main Push / Monitor Inventory,Low
2026-01-01,SKU00252,Asics,Tier 3,Training Shoes,Consignment,Premium,Men,Performance,Seasonal,0,1,0.828209078207287,0.0210578947368421,0.0302381578947368,343345.2,156,8140,135.77631578947367,443.3403947368421,0.19870891009055913,0.8012910899094409,0.0348,0.16390891009055913,High Margin + High Sell-through,Main Push / Monitor Inventory,Low
2026-01-01,SKU00253,Asics,Tier 3,Sportswear,Consignment,Premium,Unisex,Core Basic,Core,0,1,0.8245501734757,0.0251986842105263,0.0304447368421052,360080.97,206,8341,143.30263157894737,351.98355263157896,0.1962786464047037,0.8037213535952963,0.0484,0.1478786464047037,High Margin + High Sell-through,Main Push / Monitor Inventory,Low
2026-01-01,SKU00254,Fila,Tier 3,Lifestyle Apparel,Consignment,Mass,Women,Clearance,Seasonal,1,0,0.8326933330724415,0.0192644736842105,0.0262671052631578,78343.74,134,7377,134.07894736842104,524.2530263157895,0.19739144749090215,0.8026085525090978,0.027500000000000004,0.16989144749090215,High Margin + High Sell-through,Main Push / Monitor Inventory,Low
2026-01-01,SKU00255,Skechers,Tier 3,Outdoor Apparel,Buyout,Premium,Men,Core Basic,Core,0,1,0.3960476819765371,0.0175302631578947,0.0139460526315789,1457917.29,117,8091,153.1578947368421,575.4497368421053,0.1990820833300764,0.8009179166699236,0.1171,0.08198208333007641,Low Margin + High Sell-through,Traffic Driver / Control Discount,Medium
2026-01-01,SKU00256,Brand B,Tier 2,Training Shoes,Own Brand,Premium,Women,Limited,Seasonal,0,1,0.107559096071584,0.0039763157894736,0.0008131578947368,1880571.98,34,9506,139.14473684210526,837.7148684210526,0.2418448664652012,0.7581551335347988,0.2098,0.032044866465201216,Low Margin + Low Sell-through,Clearance / Eliminate,High
2026-01-01,SKU00257,Brand B,Tier 2,Yoga Apparel,Own Brand,Entry,Kids,Core Basic,Core,0,1,0.3614873877345347,0.0011631578947368,0.0007434210526315,447488.76,9,9348,144.48684210526315,953.0219736842104,0.271944573283859,0.728055426716141,0.1619,0.11004457328385903,Low Margin + Low Sell-through,Clearance / Eliminate,High
2026-01-01,SKU00258,Under Armour,Tier 3,Yoga Apparel,Consignment,Premium,Unisex,Fashion,Seasonal,0,1,0.8325346297666183,0.0148105263157894,0.0332644736842105,194871.42,107,8181,120.8157894736842,558.0969736842105,0.19400460668577796,0.8059953933142221,0.025,0.16900460668577796,High Margin + High Sell-through,Main Push / Monitor Inventory,Low
2026-01-01,SKU00259,Brand A,Tier 2,Outdoor Apparel,Own Brand,Premium,Unisex,Core Basic,Core,0,1,0.3818750163716852,0.0045618421052631,0.0028907894736842,1651754.34,40,9333,125.11842105263158,815.6789473684211,0.2552907942968723,0.7447092057031277,0.1622,0.09309079429687228,Low Margin + Low Sell-through,Clearance / Eliminate,High
2026-01-01,SKU00260,Brand A,Tier 2,Running Shoes,Own Brand,Premium,Kids,Core Basic,Core,0,1,0.195367607592758,0.0408473684210526,0.0115052631578947,2095848.72,344,9324,118.0,247.89934210526317,0.25268796164743756,0.7473120383525624,0.1994,0.05328796164743757,Low Margin + High Sell-through,Traffic Driver / Control Discount,Medium
2026-01-01,SKU00261,Patagonia,Tier 3,Running Shoes,Buyout,Premium,Men,Clearance,Seasonal,1,0,0.559814985001936,0.0023921052631578,0.0032421052631578,915832.5,17,8250,134.71052631578948,931.372894736842,0.1974720037614015,0.8025279962385985,0.0893,0.1081720037614015,High Margin + Low Sell-through,Targeted Marketing / Control Inventory,Medium
2026-01-01,SKU00262,Under Armour,Tier 3,Bags,Consignment,Mass,Men,Core Basic,Core,0,1,0.8236167497316471,0.011675,0.0139684210526315,250733.3,93,8465,131.0921052631579,624.2826315789474,0.20356307893322362,0.7964369210667763,0.0484,0.15516307893322362,High Margin + High Sell-through,Main Push / Monitor Inventory,Low
2026-01-01,SKU00263,Champion,Tier 3,Sportswear,Buyout,Premium,Women,Clearance,Seasonal,1,0,0.4387474519668647,0.0093013157894736,0.0083302631578947,862935.68,72,8002,125.75,687.7865789473684,0.20452782112940726,0.7954721788705927,0.1145,0.09002782112940726,Low Margin + High Sell-through,Traffic Driver / Control Discount,Medium
2026-01-01,SKU00264,Puma,Tier 3,Performance Apparel,Buyout,Mass,Women,Performance,Seasonal,0,1,0.601029576849551,0.0030052631578947,0.004828947368421,315907.02,22,8182,135.10526315789474,875.6052631578947,0.1984729335614697,0.8015270664385303,0.0855,0.11297293356146969,High Margin + Low Sell-through,Targeted Marketing / Control Inventory,Medium
2026-01-01,SKU00265,New Balance,Tier 3,Running Shoes,Buyout,Mass,Kids,Core Basic,Core,0,1,0.079547274272641,0.0084907894736842,0.000725,988064.72,67,8054,127.48684210526316,755.5990789473684,0.20137286249362432,0.7986271375063757,0.1791,0.022272862493624312,Low Margin + High Sell-through,Traffic Driver / Control Discount,Medium
2026-01-01,SKU00266,Nike,Tier 1,Bags,Consignment,Mass,Men,Core Basic,Core,0,1,0.8278618453920709,0.007753947368421,0.0136815789473684,203241.72,53,7796,137.73684210526315,775.4226315789474,0.2288245949832536,0.7711754050167464,0.0386,0.19022459498325361,High Margin + High Sell-through,Main Push / Monitor Inventory,Low
2026-01-01,SKU00267,Puma,Tier 3,Basketball Shoes,Buyout,Mass,Women,Performance,Seasonal,1,0,0.5839432158101704,0.0074618421052631,0.0115657894736842,267586.47,59,7971,296.38157894736844,759.8798684210527,0.13220802787839636,0.8677919721216036,0.0539,0.07830802787839636,High Margin + High Sell-through,Main Push / Monitor Inventory,Low
2026-01-01,SKU00268,Under Armour,Tier 3,Performance Apparel,Buyout,Luxury,Unisex,Fashion,Seasonal,0,1,0.1560128080213019,0.0069723684210526,0.0012828947368421,3063480.0,54,8336,139.85526315789474,774.5122368421053,0.20408821741832542,0.7959117825816746,0.17470000000000002,0.029388217418325396,Low Margin + High Sell-through,Traffic Driver / Control Discount,Medium
2026-01-01,SKU00269,Salomon,Tier 3,Basketball Shoes,Buyout,Premium,Unisex,Clearance,Seasonal,1,0,0.1616357481381178,0.0045815789473684,0.0010671052631578,1245204.27,31,8313,133.43421052631578,850.2675,0.19602647125653264,0.8039735287434674,0.1647,0.03132647125653262,Low Margin + Low Sell-through,Clearance / Eliminate,High
2026-01-01,SKU00270,The North Face,Tier 3,Underwear,Buyout,Entry,Unisex,Limited,Seasonal,0,1,0.2366514249433308,0.0045868421052631,0.0017460526315789,313906.56,35,8016,137.93421052631578,839.5964473684211,0.1985947672123402,0.8014052327876597,0.1518,0.046794767212340216,Low Margin + Low Sell-through,Clearance / Eliminate,High
2026-01-01,SKU00271,Asics,Tier 3,Outdoor Apparel,Buyout,Luxury,Women,Performance,Seasonal,1,0,0.1503064745510037,0.0054078947368421,0.0011526315789473,1810945.22,42,8414,304.2236842105263,828.9736842105264,0.12877236718289156,0.8712276328171085,0.11329999999999998,0.015472367182891578,Low Margin + Low Sell-through,Clearance / Eliminate,High
2026-01-01,SKU00272,Brand A,Tier 2,Lifestyle Apparel,Own Brand,Mass,Men,Core Basic,Core,0,1,0.3060760486083888,0.0018815789473684,0.0008276315789473,812079.25,13,9175,132.78947368421052,948.8868421052632,0.2610766723528695,0.7389233276471305,0.1504,0.11067667235286952,Low Margin + Low Sell-through,Clearance / Eliminate,High
2026-01-01,SKU00273,The North Face,Tier 3,Basketball Shoes,Buyout,Premium,Women,Core Basic,Core,0,1,0.370640461031654,0.0065118421052631,0.004225,1493983.52,47,8276,124.02631578947368,775.1123684210527,0.20024362604995227,0.7997563739500477,0.134,0.06624362604995226,Low Margin + High Sell-through,Traffic Driver / Control Discount,Medium
2026-01-01,SKU00274,Reebok Underwear,Tier 2,Underwear,Buyout,Entry,Unisex,Fashion,Seasonal,0,1,0.3053783141770614,0.0148578947368421,0.0071552631578947,265860.3,122,8290,138.78947368421052,546.8222368421052,0.19907565805399996,0.800924341946,0.1391,0.05997565805399996,Low Margin + High Sell-through,Traffic Driver / Control Discount,Medium
2026-01-01,SKU00275,Skechers,Tier 3,Outdoor Apparel,Buyout,Luxury,Women,Performance,Seasonal,0,1,0.2096944554270117,0.0042118421052631,0.0013644736842105,2530203.55,28,8561,126.61842105263158,864.0578947368421,0.1968594294790953,0.8031405705209047,0.1715,0.02535942947909528,Low Margin + Low Sell-through,Clearance / Eliminate,High
2026-01-01,SKU00276,New Balance,Tier 3,Lifestyle Apparel,Consignment,Mass,Women,Fashion,Seasonal,0,1,0.8207942485729558,0.0192131578947368,0.0245447368421052,205389.31,152,8533,131.25,453.8,0.2004195490631882,0.7995804509368118,0.048,0.15241954906318822,High Margin + High Sell-through,Main Push / Monitor Inventory,Low
2026-01-01,SKU00277,Cole Haan,Tier 2,Underwear,Buyout,Mass,Men,Performance,Seasonal,0,1,0.3768931626541944,0.0247697368421052,0.0167842105263157,464642.52,235,10194,228.0,338.57947368421054,0.15469678501262357,0.8453032149873765,0.0959,0.05879678501262357,Low Margin + High Sell-through,Traffic Driver / Control Discount,Medium
2026-01-01,SKU00278,Champion,Tier 3,Running Shoes,Buyout,Premium,Unisex,Fashion,Seasonal,0,1,0.4205035218083489,0.0042894736842105,0.0036144736842105,797625.92,31,8428,127.88157894736842,845.8682894736842,0.19428706815539237,0.8057129318446077,0.10549999999999998,0.08878706815539239,Low Margin + Low Sell-through,Clearance / Eliminate,High
2026-01-01,SKU00279,Columbia,Tier 3,Yoga Apparel,Buyout,Entry,Men,Fashion,Seasonal,1,0,0.5624246887133485,0.0072236842105263,0.0105026315789473,61312.37,51,7973,299.44736842105266,750.109605263158,0.13066070062476093,0.8693392993752391,0.0564,0.07426070062476092,High Margin + High Sell-through,Main Push / Monitor Inventory,Low
2026-01-01,SKU00280,Salomon,Tier 3,Running Shoes,Buyout,Premium,Unisex,Fashion,Seasonal,0,1,0.3726547257135079,0.0054802631578947,0.0039881578947368,899305.32,38,7724,130.3684210526316,786.5569736842106,0.19842130884328954,0.8015786911567104,0.126,0.07242130884328954,Low Margin + Low Sell-through,Clearance / Eliminate,High
2026-01-01,SKU00281,Hoka,Tier 1,Underwear,Buyout,Mass,Women,Core Basic,Core,0,1,0.6463629574309186,0.0027407894736842,0.0054894736842105,522470.13,16,8827,128.85526315789474,934.7684210526317,0.23835049067645983,0.7616495093235401,0.0927,0.14565049067645983,High Margin + Low Sell-through,Targeted Marketing / Control Inventory,Medium
2026-01-01,SKU00282,Adidas,Tier 1,Performance Apparel,Consignment,Luxury,Men,Core Basic,Core,0,1,0.8277671077818595,0.0072749999999999,0.0097473684210526,638732.85,56,8421,135.89473684210526,800.374605263158,0.23250759282106498,0.7674924071789351,0.0434,0.18910759282106498,High Margin + High Sell-through,Main Push / Monitor Inventory,Low
2026-01-01,SKU00283,Cole Haan,Tier 2,Lifestyle Apparel,Buyout,Premium,Women,Fashion,Seasonal,0,1,0.5766623424921887,0.0045157894736842,0.0068697368421052,661170.92,43,9833,212.82894736842104,798.028947368421,0.15645995690894376,0.8435400430910562,0.0671,0.08935995690894376,High Margin + Low Sell-through,Targeted Marketing / Control Inventory,Medium
2026-01-01,SKU00284,Adidas,Tier 1,Underwear,Consignment,Mass,Men,Limited,Seasonal,0,0,0.8337876217524732,0.0060526315789473,0.0054078947368421,217982.57,44,8779,148.56578947368422,806.2719736842105,0.2356274566146686,0.7643725433853314,0.049,0.18662745661466862,High Margin + Low Sell-through,Targeted Marketing / Control Inventory,Medium
2026-01-01,SKU00285,Hoka,Tier 1,Lifestyle Apparel,Consignment,Mass,Men,Fashion,Seasonal,1,0,0.8170317962721612,0.0084671052631578,0.0265434210526315,36633.96,57,7569,284.89473684210526,688.9526315789474,0.13028856076275644,0.8697114392372436,0.0113,0.11898856076275643,High Margin + High Sell-through,Main Push / Monitor Inventory,Low
2026-01-01,SKU00286,Brooks Brothers,Tier 1,Accessories,Consignment,Mass,Men,Core Basic,Core,0,1,0.7998324256388774,0.0019421052631578,0.0032802631578947,124206.4,17,8336,132.10526315789474,922.3210526315788,0.23220725509309112,0.7677927449069089,0.0387,0.19350725509309114,High Margin + Low Sell-through,Targeted Marketing / Control Inventory,Medium
2026-01-01,SKU00287,Under Armour,Tier 3,Yoga Apparel,Consignment,Entry,Kids,Performance,Seasonal,0,0,0.8243405735922429,0.0122263157894736,0.0165394736842105,48732.75,87,8055,129.78947368421052,610.5490789473685,0.19913039397708207,0.8008696060229179,0.0286,0.17053039397708208,High Margin + High Sell-through,Main Push / Monitor Inventory,Low
2026-01-01,SKU00288,Lululemon,Tier 1,Outdoor Apparel,Buyout,Luxury,Unisex,Fashion,Seasonal,0,1,0.1963987941486127,0.0043631578947368,0.0013302631578947,2570298.0,29,7582,139.32894736842104,833.4868421052631,0.23436506559593007,0.7656349344040699,0.1798,0.05456506559593008,Low Margin + Low Sell-through,Clearance / Eliminate,High
2026-01-01,SKU00289,Brand A,Tier 2,Lifestyle Apparel,Own Brand,Premium,Men,Core Basic,Seasonal,0,0,0.3792618353939911,0.0020355263157894,0.0013657894736842,1234379.44,17,9128,155.0,916.2851315789474,0.2501332593209261,0.7498667406790739,0.1426,0.10753325932092611,Low Margin + Low Sell-through,Clearance / Eliminate,High
2026-01-01,SKU00290,Brand B,Tier 2,Lifestyle Apparel,Own Brand,Entry,Unisex,Fashion,Seasonal,0,0,0.5762460369140772,0.0060394736842105,0.009003947368421,232841.85,48,9385,129.06578947368422,769.5492105263157,0.257409780496879,0.742590219503121,0.109,0.14840978049687903,High Margin + Low Sell-through,Targeted Marketing / Control Inventory,Medium
2026-01-01,SKU00291,Brooks Brothers,Tier 1,Kids Apparel,Consignment,Premium,Women,Performance,Seasonal,0,1,0.8066101270184342,0.0088105263157894,0.0427052631578947,108393.84,67,7976,137.1184210526316,696.9294736842105,0.22518204457797408,0.7748179554220259,0.0105,0.21468204457797407,High Margin + High Sell-through,Main Push / Monitor Inventory,Low
2026-01-01,SKU00292,New Balance,Tier 3,Kids Apparel,Buyout,Premium,Women,Core Basic,Seasonal,1,0,0.0733778843675772,0.0240394736842105,0.0022631578947368,830003.88,164,8038,292.0131578947368,424.7167105263158,0.12833568191266645,0.8716643180873336,0.1209,0.007435681912666456,Low Margin + High Sell-through,Traffic Driver / Control Discount,Medium
2026-01-01,SKU00293,Under Armour,Tier 3,Lifestyle Apparel,Buyout,Premium,Kids,Core Basic,Seasonal,1,0,-0.053128439833951,0.0202763157894736,-0.0010421052631578,1092317.24,152,8252,301.05263157894734,464.3072368421052,0.1313355718981094,0.8686644281018906,0.1328,-0.001464428101890597,Low Margin + High Sell-through,Traffic Driver / Control Discount,Medium
2026-01-01,SKU00294,Nike,Tier 1,Performance Apparel,Consignment,Luxury,Unisex,Fashion,Seasonal,0,0,0.8349071397209344,0.0046986842105263,0.0147605263157894,251366.4,36,8728,133.39473684210526,841.1052631578947,0.22913360975415195,0.770866390245848,0.015,0.21413360975415197,High Margin + Low Sell-through,Targeted Marketing / Control Inventory,Medium
2026-01-01,SKU00295,Cole Haan,Tier 2,Underwear,Buyout,Mass,Kids,Core Basic,Seasonal,0,0,0.1257673398883869,0.0045684210526315,0.0006815789473684,666613.15,41,10385,216.80263157894737,809.2421052631579,0.15573519801548305,0.8442648019845169,0.1303,0.02543519801548305,Low Margin + Low Sell-through,Clearance / Eliminate,High
2026-01-01,SKU00296,On Running,Tier 1,Performance Apparel,Buyout,Luxury,Men,Fashion,Seasonal,0,0,0.4766930592289145,0.0015578947368421,0.0013947368421052,1988173.36,11,8717,127.03947368421052,926.3157894736842,0.2342096272701298,0.7657903727298702,0.1275,0.10670962727012981,Low Margin + Low Sell-through,Clearance / Eliminate,High
2026-01-01,SKU00297,Puma,Tier 3,Performance Apparel,Buyout,Luxury,Women,Limited,Seasonal,0,1,0.1752452781046534,0.0090171052631578,0.0021828947368421,2279851.4,65,7697,127.64473684210526,695.6105263157895,0.20248991732049132,0.7975100826795087,0.1696,0.03288991732049132,Low Margin + High Sell-through,Traffic Driver / Control Discount,Medium
2026-01-01,SKU00298,Brand A,Tier 2,Underwear,Own Brand,Entry,Unisex,Fashion,Seasonal,0,1,0.3235640105515815,0.0044394736842105,0.0024881578947368,315573.53,35,9701,126.57894736842104,820.3421052631579,0.25399398470739043,0.7460060152926096,0.1698,0.08419398470739042,Low Margin + Low Sell-through,Clearance / Eliminate,High
2026-01-01,SKU00299,Puma,Tier 3,Yoga Apparel,Buyout,Premium,Men,Fashion,Seasonal,0,1,0.2065663956868816,0.0044342105263157,0.0012407894736842,1302559.79,35,8101,149.19736842105263,799.6,0.1961771989282306,0.8038228010717694,0.1547,0.041477198928230596,Low Margin + Low Sell-through,Clearance / Eliminate,High
2026-01-01,SKU00300,Brand A,Tier 2,Kids Apparel,Own Brand,Mass,Men,Core Basic,Seasonal,0,0,0.280809560240397,0.0160105263157894,0.0071092105263157,989756.6,132,9290,134.22368421052633,555.8357894736841,0.25977607256960294,0.740223927430397,0.1891,0.07067607256960295,Low Margin + High Sell-through,Traffic Driver / Control Discount,Medium
2026-01-01,SKU00301,Lululemon,Tier 1,Outdoor Apparel,Consignment,Premium,Men,Clearance,Seasonal,1,0,0.8325355050153939,0.0026763157894736,0.0034118421052631,428039.66,21,8326,145.1578947368421,880.9078947368421,0.2242108863892521,0.7757891136107479,0.0337,0.1905108863892521,High Margin + Low Sell-through,Targeted Marketing / Control Inventory,Medium
2026-01-01,SKU00302,Cole Haan,Tier 2,Training Shoes,Buyout,Premium,Men,Clearance,Seasonal,1,0,0.5448206430288938,0.0151907894736842,0.0210881578947368,795744.0,142,9824,216.19736842105263,535.8323684210527,0.1589560927775317,0.8410439072224682,0.0713,0.0876560927775317,High Margin + High Sell-through,Main Push / Monitor Inventory,Low
2026-01-01,SKU00303,Adidas,Tier 1,Lifestyle Apparel,Consignment,Mass,Women,Core Basic,Core,0,1,0.8163459005723068,0.0108671052631578,0.0763302631578947,61163.02,80,8069,138.23684210526315,698.7530263157895,0.23035795123605612,0.7696420487639439,0.0108,0.21955795123605612,High Margin + High Sell-through,Main Push / Monitor Inventory,Low
2026-01-01,SKU00304,Hoka,Tier 1,Outdoor Apparel,Buyout,Premium,Men,Clearance,Seasonal,1,0,0.5297546561932033,0.0169013157894736,0.0227947368421052,1058038.52,110,8228,133.26315789473685,540.8411842105263,0.23379237755411925,0.7662076224458807,0.11270000000000001,0.12109237755411924,High Margin + High Sell-through,Main Push / Monitor Inventory,Low
2026-01-01,SKU00305,New Balance,Tier 3,Training Shoes,Buyout,Premium,Women,Fashion,Seasonal,0,0,0.318196347014833,0.014475,0.0076486842105263,1366411.68,113,8496,131.1578947368421,561.3086842105263,0.1955238604806775,0.8044761395193225,0.1296,0.0659238604806775,Low Margin + High Sell-through,Traffic Driver / Control Discount,Medium
2026-01-01,SKU00306,Salomon,Tier 3,Lifestyle Apparel,Buyout,Premium,Men,Clearance,Seasonal,1,0,0.169877712610369,0.0097434210526315,0.0022592105263157,1456010.42,68,8102,126.94736842105264,665.5096052631579,0.19765823987279432,0.8023417601272057,0.1576,0.04005823987279433,Low Margin + High Sell-through,Traffic Driver / Control Discount,Medium
2026-01-01,SKU00307,Adidas,Tier 1,Running Shoes,Consignment,Premium,Women,Fashion,Seasonal,0,1,0.8362478064635072,0.0043394736842105,0.0038315789473684,375521.6,33,8308,134.73684210526315,827.3246052631579,0.2337808927477973,0.7662191072522027,0.0442,0.18958089274779727,High Margin + Low Sell-through,Targeted Marketing / Control Inventory,Medium
2026-01-01,SKU00308,Champion,Tier 3,Lifestyle Apparel,Consignment,Mass,Men,Performance,Seasonal,0,1,0.8461771742426796,0.0018118421052631,0.0021381578947368,131479.53,15,8499,141.72368421052633,917.2411842105264,0.18636683407720764,0.8136331659227923,0.0306,0.15576683407720765,High Margin + Low Sell-through,Targeted Marketing / Control Inventory,Medium
2026-01-01,SKU00309,New Balance,Tier 3,Bags,Buyout,Premium,Unisex,Performance,Seasonal,1,0,0.1490706051625797,0.0055763157894736,0.0011368421052631,1236720.24,50,8318,305.67105263157896,790.1359210526316,0.13310399099527853,0.8668960090047215,0.11600000000000002,0.017103990995278512,Low Margin + Low Sell-through,Clearance / Eliminate,High
2026-01-01,SKU00310,Skechers,Tier 3,Accessories,Buyout,Mass,Men,Clearance,Seasonal,1,0,0.2322461827823566,0.0042986842105263,0.0018473684210526,482583.8,30,8210,140.25,871.8710526315789,0.20822095597405837,0.7917790440259416,0.1466,0.06162095597405837,Low Margin + Low Sell-through,Clearance / Eliminate,High
2026-01-01,SKU00311,Patagonia,Tier 3,Training Shoes,Buyout,Luxury,Men,Core Basic,Core,0,1,0.2079561234067971,0.0008486842105263,0.0004092105263157,2228843.0,4,8732,135.05263157894737,972.4868421052632,0.20357658145610472,0.7964234185438953,0.1526,0.0509765814561047,Low Margin + Low Sell-through,Clearance / Eliminate,High
2026-01-01,SKU00312,Reebok Underwear,Tier 2,Lifestyle Apparel,Consignment,Entry,Unisex,Core Basic,Core,0,1,0.8240827347651907,0.0097881578947368,0.0089684210526315,58728.2,76,7510,125.8157894736842,664.5692105263158,0.19829158594149623,0.8017084140585038,0.0496,0.14869158594149623,High Margin + High Sell-through,Main Push / Monitor Inventory,Low
2026-01-01,SKU00313,On Running,Tier 1,Performance Apparel,Consignment,Luxury,Unisex,Performance,Seasonal,0,0,0.8124271472152772,0.0067013157894736,0.0124342105263157,444061.69,48,8809,133.4078947368421,775.3543421052632,0.22786157742980387,0.7721384225701962,0.0246,0.20326157742980386,High Margin + High Sell-through,Main Push / Monitor Inventory,Low
2026-01-01,SKU00314,Cole Haan,Tier 2,Performance Apparel,Consignment,Luxury,Unisex,Core Basic,Core,0,1,0.8325376411029376,0.0043763157894736,0.0060802631578947,517412.39,39,10417,225.8815789473684,831.8157894736842,0.1559578680135804,0.8440421319864196,0.0302,0.12575786801358038,High Margin + Low Sell-through,Targeted Marketing / Control Inventory,Medium
2026-01-01,SKU00315,Under Armour,Tier 3,Training Shoes,Buyout,Mass,Kids,Core Basic,Core,0,1,0.3911324188285488,0.025103947368421,0.0186828947368421,600195.12,180,7889,132.77631578947367,403.23697368421057,0.2006307210445435,0.7993692789554565,0.1197,0.08093072104454349,Low Margin + High Sell-through,Traffic Driver / Control Discount,Medium
2026-01-01,SKU00316,Brand A,Tier 2,Lifestyle Apparel,Own Brand,Entry,Unisex,Core Basic,Seasonal,1,0,-0.5629032431406126,0.041303947368421,-0.0168118421052631,471846.57,338,9139,310.4736842105263,178.85342105263155,0.12932928453071368,0.8706707154692863,0.20369999999999996,-0.07437071546928628,Low Margin + High Sell-through,Traffic Driver / Control Discount,Medium
2026-01-01,SKU00317,On Running,Tier 1,Underwear,Consignment,Entry,Women,Core Basic,Seasonal,1,0,0.8004539106145252,0.0029592105263157,0.0020276315789473,65861.31,18,8121,310.2368421052632,904.842105263158,0.13519194534049275,0.8648080546595073,0.0355,0.09969194534049275,High Margin + Low Sell-through,Targeted Marketing / Control Inventory,Medium
2026-01-01,SKU00318,Asics,Tier 3,Training Shoes,Buyout,Mass,Unisex,Core Basic,Core,0,1,0.5755066325289674,0.0064460526315789,0.0101118421052631,517191.92,46,8066,144.26315789473685,781.1492105263158,0.19654529347593017,0.8034547065240698,0.08530000000000001,0.11124529347593015,High Margin + High Sell-through,Main Push / Monitor Inventory,Low
2026-01-01,SKU00319,The North Face,Tier 3,Yoga Apparel,Buyout,Premium,Women,Core Basic,Seasonal,1,0,0.4454357643822787,0.0061355263157894,0.0051460526315789,743991.99,42,8297,298.8684210526316,774.5702631578947,0.1312770147929506,0.8687229852070494,0.0694,0.06187701479295059,Low Margin + Low Sell-through,Clearance / Eliminate,High
2026-01-01,SKU00320,Columbia,Tier 3,Kids Apparel,Consignment,Entry,Women,Performance,Seasonal,0,1,0.8172447094390326,0.0040552631578947,0.0182381578947368,35270.2,26,8540,139.07894736842104,860.3763157894737,0.1969058313985456,0.8030941686014544,0.0162,0.1807058313985456,High Margin + Low Sell-through,Targeted Marketing / Control Inventory,Medium
2026-01-01,SKU00321,Skechers,Tier 3,Sportswear,Buyout,Mass,Unisex,Core Basic,Core,0,1,0.5819480448188156,0.0181065789473684,0.0277973684210526,213439.44,131,8159,148.07894736842104,517.0198684210527,0.20099192221758452,0.7990080777824154,0.0835,0.11749192221758452,High Margin + High Sell-through,Main Push / Monitor Inventory,Low
2026-01-01,SKU00322,Brand A,Tier 2,Bags,Own Brand,Entry,Women,Performance,Seasonal,0,1,0.2101526868927225,0.0012868421052631,0.0004302631578947,484207.75,12,9725,131.6578947368421,941.6052631578948,0.24928555206480185,0.7507144479351981,0.18849999999999997,0.06078555206480188,Low Margin + Low Sell-through,Clearance / Eliminate,High
2026-01-01,SKU00323,The North Face,Tier 3,Bags,Consignment,Premium,Women,Core Basic,Core,0,1,0.8190825177725459,0.0255828947368421,0.0351276315789473,409288.41,169,7983,135.07894736842104,476.6152631578948,0.1966130435002559,0.8033869564997441,0.0367,0.1599130435002559,High Margin + High Sell-through,Main Push / Monitor Inventory,Low
2026-01-01,SKU00324,Fila,Tier 3,Outdoor Apparel,Buyout,Mass,Unisex,Fashion,Seasonal,0,1,0.543415205681055,0.0065513157894736,0.0091,381223.15,49,8351,140.5921052631579,789.7631578947369,0.1969096796665835,0.8030903203334165,0.0967,0.10020967966658349,High Margin + High Sell-through,Main Push / Monitor Inventory,Low
2026-01-01,SKU00325,Under Armour,Tier 3,Lifestyle Apparel,Buyout,Mass,Men,Performance,Seasonal,0,0,0.3507991011390812,0.0175342105263157,0.0110947368421052,760055.54,134,8446,125.11842105263158,486.7321052631579,0.2008142527890196,0.7991857472109805,0.12470000000000002,0.07611425278901958,Low Margin + High Sell-through,Traffic Driver / Control Discount,Medium
2026-01-01,SKU00326,New Balance,Tier 3,Running Shoes,Buyout,Premium,Kids,Core Basic,Seasonal,1,0,0.3485438277392066,0.0111407894736842,0.0072105263157894,488159.76,69,7446,298.7631578947368,731.0551315789475,0.1262847346201508,0.8737152653798492,0.0809,0.0453847346201508,Low Margin + High Sell-through,Traffic Driver / Control Discount,Medium
2026-01-01,SKU00327,Salomon,Tier 3,Accessories,Buyout,Mass,Women,Core Basic,Core,0,1,0.5904416455221853,0.004128947368421,0.0065631578947368,382765.61,29,7753,129.81578947368422,842.8069736842106,0.20314939879355215,0.7968506012064478,0.0872,0.11594939879355215,High Margin + Low Sell-through,Targeted Marketing / Control Inventory,Medium
2026-01-01,SKU00328,Lululemon,Tier 1,Running Shoes,Consignment,Luxury,Kids,Fashion,Seasonal,0,1,0.817611139943448,0.0140763157894736,0.0215434210526315,361674.52,110,8494,137.82894736842104,570.4252631578947,0.23209531687917387,0.7679046831208262,0.0266,0.20549531687917388,High Margin + High Sell-through,Main Push / Monitor Inventory,Low
2026-01-01,SKU00329,Columbia,Tier 3,Bags,Consignment,Premium,Men,Fashion,Seasonal,0,1,0.8301423610470221,0.0219486842105263,0.0269644736842105,292077.12,155,7638,127.84210526315788,388.65223684210525,0.1997352954230361,0.8002647045769639,0.0384,0.16133529542303612,High Margin + High Sell-through,Main Push / Monitor Inventory,Low
2026-01-01,SKU00330,Adidas,Tier 1,Kids Apparel,Buyout,Mass,Kids,Core Basic,Seasonal,1,0,-0.0084509566698032,0.0200223684210526,6.973684210526316e-05,577723.08,156,8899,306.07894736842104,444.3730263157895,0.12745896943992666,0.8725410305600734,0.1325,-0.005041030560073351,Low Margin + High Sell-through,Traffic Driver / Control Discount,Medium
2026-01-01,SKU00331,Brooks Brothers,Tier 1,Yoga Apparel,Buyout,Mass,Men,Fashion,Seasonal,1,0,0.3303469744134841,0.0018368421052631,0.001003947368421,306089.28,15,8676,295.44736842105266,915.3377631578948,0.12519182807524534,0.8748081719247547,0.0784,0.046791828075245345,Low Margin + Low Sell-through,Clearance / Eliminate,High
2026-01-01,SKU00332,Under Armour,Tier 3,Yoga Apparel,Buyout,Premium,Women,Fashion,Seasonal,0,1,0.3981566641512088,0.0151052631578947,0.0123407894736842,979505.28,102,7488,143.57894736842104,586.813947368421,0.20166374278050528,0.7983362572194947,0.12090000000000001,0.08076374278050527,Low Margin + High Sell-through,Traffic Driver / Control Discount,Medium
2026-01-01,SKU00333,Brand B,Tier 2,Accessories,Own Brand,Entry,Women,Performance,Seasonal,0,1,0.4135601560577835,0.0055736842105263,0.0044184210526315,152161.9,48,8755,134.51315789473685,796.8618421052631,0.25599849252543866,0.7440015074745614,0.1601,0.09589849252543867,Low Margin + Low Sell-through,Clearance / Eliminate,High
2026-01-01,SKU00334,Champion,Tier 3,Outdoor Apparel,Buyout,Premium,Men,Limited,Seasonal,0,1,0.1246520878365726,0.0061223684210526,0.001003947368421,1688139.0,50,8765,135.23684210526315,797.9413157894737,0.19780257158803172,0.8021974284119683,0.1709,0.02690257158803172,Low Margin + Low Sell-through,Clearance / Eliminate,High
2026-01-01,SKU00335,Adidas,Tier 1,Sportswear,Consignment,Mass,Women,Core Basic,Seasonal,1,0,0.8368035473298632,0.00465,0.0056210526315789,69996.43,39,8323,289.4342105263158,840.4648684210526,0.1337342436223242,0.8662657563776758,0.027,0.1067342436223242,High Margin + Low Sell-through,Targeted Marketing / Control Inventory,Medium
2026-01-01,SKU00336,Cole Haan,Tier 2,Running Shoes,Buyout,Premium,Women,Fashion,Seasonal,0,0,0.6511030639237743,0.0055368421052631,0.0111605263157894,835832.8,52,9998,190.8421052631579,774.2736842105263,0.15683210487740795,0.843167895122592,0.0578,0.09903210487740796,High Margin + Low Sell-through,Targeted Marketing / Control Inventory,Medium
2026-01-01,SKU00337,Brand A,Tier 2,Outdoor Apparel,Own Brand,Luxury,Men,Core Basic,Core,0,1,0.5560468226333534,0.0068171052631578,0.0101302631578947,1792998.84,53,8517,135.01315789473685,795.0921052631579,0.25328131338547905,0.746718686614521,0.1138,0.13948131338547903,High Margin + High Sell-through,Main Push / Monitor Inventory,Low
2026-01-01,SKU00338,Brooks Brothers,Tier 1,Basketball Shoes,Buyout,Premium,Women,Core Basic,Core,0,1,0.3568979647257932,0.0021302631578947,0.001325,1333951.19,16,8047,139.25,891.828947368421,0.2316167881676487,0.7683832118323513,0.148,0.0836167881676487,Low Margin + Low Sell-through,Clearance / Eliminate,High
2026-01-01,SKU00339,Brand A,Tier 2,Training Shoes,Own Brand,Mass,Men,Performance,Seasonal,0,1,0.4095823948443275,0.020753947368421,0.0166842105263157,731799.7,172,9190,130.3684210526316,426.9843421052632,0.2522376217240054,0.7477623782759946,0.1473,0.10493762172400539,Low Margin + High Sell-through,Traffic Driver / Control Discount,Medium
2026-01-01,SKU00340,The North Face,Tier 3,Running Shoes,Buyout,Premium,Men,Limited,Seasonal,0,1,0.3369891295827962,0.0125381578947368,0.0068842105263157,1726563.28,106,8552,131.1315789473684,582.8356578947369,0.19954021668607577,0.8004597833139242,0.1299,0.06964021668607578,Low Margin + High Sell-through,Traffic Driver / Control Discount,Medium
2026-01-01,SKU00341,Adidas,Tier 1,Basketball Shoes,Consignment,Mass,Unisex,Fashion,Seasonal,0,1,0.8293427192146858,0.0113881578947368,0.0235065789473684,119566.46,83,8438,150.9078947368421,701.8748684210526,0.2309150464004265,0.7690849535995735,0.0255,0.20541504640042652,High Margin + High Sell-through,Main Push / Monitor Inventory,Low
2026-01-01,SKU00342,Champion,Tier 3,Accessories,Buyout,Mass,Women,Performance,Seasonal,0,1,0.4373632815292453,0.0054118421052631,0.0045578947368421,581916.15,44,8133,142.05263157894737,808.085,0.1944711002146367,0.8055288997853634,0.1141,0.08037110021463671,Low Margin + Low Sell-through,Clearance / Eliminate,High
2026-01-01,SKU00343,Cole Haan,Tier 2,Outdoor Apparel,Buyout,Mass,Men,Clearance,Seasonal,1,0,0.3132915021543603,0.0032171052631578,0.0016052631578947,697901.4,30,9990,214.23684210526315,867.6447368421053,0.1586762886195922,0.8413237113804077,0.1152,0.04347628861959221,Low Margin + Low Sell-through,Clearance / Eliminate,High
2026-01-01,SKU00344,Lululemon,Tier 1,Underwear,Consignment,Mass,Men,Limited,Seasonal,0,1,0.8187015161623693,0.0066723684210526,0.0118894736842105,179736.95,55,8395,137.77631578947367,740.9667105263158,0.22947008847509862,0.7705299115249014,0.0376,0.19187008847509862,High Margin + High Sell-through,Main Push / Monitor Inventory,Low
2026-01-01,SKU00345,New Balance,Tier 3,Running Shoes,Consignment,Mass,Men,Performance,Seasonal,0,0,0.817774410185671,0.0093907894736842,0.012953947368421,146473.45,58,8215,138.25,693.4780263157895,0.1952440688517507,0.8047559311482493,0.029499999999999995,0.1657440688517507,High Margin + High Sell-through,Main Push / Monitor Inventory,Low
2026-01-01,SKU00346,Salomon,Tier 3,Kids Apparel,Buyout,Premium,Men,Core Basic,Core,0,1,0.3708058417366386,0.0161013157894736,0.0105710526315789,1185736.4,133,8506,131.85526315789474,531.6793421052631,0.19620399512346862,0.8037960048765314,0.1212,0.07500399512346861,Low Margin + High Sell-through,Traffic Driver / Control Discount,Medium
2026-01-01,SKU00347,Skechers,Tier 3,Kids Apparel,Buyout,Mass,Men,Fashion,Seasonal,0,1,0.5536254582992205,0.002978947368421,0.0038776315789473,408348.0,22,7960,127.32894736842104,871.171052631579,0.20218992814782788,0.7978100718521721,0.099,0.10318992814782788,High Margin + Low Sell-through,Targeted Marketing / Control Inventory,Medium
2026-01-01,SKU00348,Hoka,Tier 1,Outdoor Apparel,Consignment,Premium,Unisex,Performance,Seasonal,0,1,0.8331596150537853,0.0046684210526315,0.0086592105263157,349007.04,35,8124,135.23684210526315,849.7018421052632,0.23048683242144993,0.76951316757855,0.0346,0.19588683242144994,High Margin + Low Sell-through,Targeted Marketing / Control Inventory,Medium
2026-01-01,SKU00349,Brooks Brothers,Tier 1,Lifestyle Apparel,Buyout,Mass,Men,Performance,Seasonal,0,1,0.5752227214486612,0.0115276315789473,0.017528947368421,328982.13,80,8109,136.8421052631579,615.6140789473684,0.23514263982109532,0.7648573601789047,0.10040000000000002,0.1347426398210953,High Margin + High Sell-through,Main Push / Monitor Inventory,Low
2026-01-01,SKU00350,Columbia,Tier 3,Accessories,Consignment,Mass,Women,Limited,Seasonal,0,1,0.8258227014453763,0.0143355263157894,0.0191710526315789,174512.24,93,7868,138.60526315789474,604.8719736842105,0.20185839719139875,0.7981416028086012,0.0354,0.16645839719139877,High Margin + High Sell-through,Main Push / Monitor Inventory,Low
2026-01-01,SKU00351,Nike,Tier 1,Kids Apparel,Consignment,Mass,Men,Core Basic,Seasonal,1,0,0.821649801366329,0.0336855263157894,0.0726302631578947,50749.2,251,7992,305.2236842105263,283.8152631578947,0.12814220046656027,0.8718577995334398,0.0176,0.11054220046656027,High Margin + High Sell-through,Main Push / Monitor Inventory,Low
2026-01-01,SKU00352,Brand B,Tier 2,Accessories,Own Brand,Mass,Women,Core Basic,Seasonal,0,0,0.1851937873040099,0.0018368421052631,0.0005131578947368,1198562.19,17,9219,138.10526315789474,930.6052631578948,0.2714836930788252,0.7285163069211749,0.2176,0.05388369307882521,Low Margin + Low Sell-through,Clearance / Eliminate,High
2026-01-01,SKU00353,On Running,Tier 1,Bags,Consignment,Entry,Kids,Core Basic,Seasonal,0,0,0.8317106909081281,0.0163921052631578,0.0431302631578947,37241.75,118,8185,133.82894736842104,545.255394736842,0.23136262298075677,0.7686373770192432,0.0164,0.21496262298075677,High Margin + High Sell-through,Main Push / Monitor Inventory,Low
2026-01-01,SKU00354,Patagonia,Tier 3,Sportswear,Buyout,Mass,Women,Core Basic,Core,0,1,0.1559564805269826,0.0062276315789473,0.0013671052631578,980048.52,45,8338,138.07894736842104,794.9007894736842,0.20206448494925489,0.7979355150507451,0.1784,0.023664484949254883,Low Margin + Low Sell-through,Clearance / Eliminate,High
2026-01-01,SKU00355,Hoka,Tier 1,Yoga Apparel,Consignment,Premium,Men,Fashion,Seasonal,0,1,0.8193285158479835,0.004753947368421,0.0086421052631578,405859.2,39,8040,140.26315789473685,811.3447368421052,0.22657616759054455,0.7734238324094554,0.0414,0.18517616759054456,High Margin + Low Sell-through,Targeted Marketing / Control Inventory,Medium
2026-01-01,SKU00356,Brand B,Tier 2,Running Shoes,Own Brand,Premium,Women,Limited,Seasonal,0,1,0.2105863550607739,0.0127855263157894,0.0038223684210526,2309857.2,106,8946,139.1184210526316,594.4653947368421,0.25239050351685854,0.7476094964831415,0.1994,0.05299050351685855,Low Margin + High Sell-through,Traffic Driver / Control Discount,Medium
2026-01-01,SKU00357,The North Face,Tier 3,Lifestyle Apparel,Buyout,Mass,Unisex,Performance,Seasonal,1,0,0.4873281100095938,0.0065578947368421,0.0071736842105263,384940.0,54,8104,300.80263157894734,723.6402631578948,0.12803325156902512,0.8719667484309749,0.0655,0.06253325156902512,Low Margin + High Sell-through,Traffic Driver / Control Discount,Medium
2026-01-01,SKU00358,Reebok Underwear,Tier 2,Performance Apparel,Buyout,Premium,Women,Clearance,Seasonal,1,0,0.3972702497486606,0.0064315789473684,0.0046210526315789,1624878.6,51,8543,144.94736842105263,777.2103947368421,0.20277578352643433,0.7972242164735657,0.1232,0.07957578352643432,Low Margin + High Sell-through,Traffic Driver / Control Discount,Medium
2026-01-01,SKU00359,Brand B,Tier 2,Basketball Shoes,Own Brand,Mass,Women,Limited,Seasonal,0,1,0.4181003960240237,0.0012894736842105,0.0009763157894736,865993.02,9,8782,140.0921052631579,938.8026315789474,0.260517192862344,0.739482807137656,0.1573,0.10321719286234399,Low Margin + Low Sell-through,Clearance / Eliminate,High
2026-01-01,SKU00360,Salomon,Tier 3,Running Shoes,Buyout,Luxury,Women,Core Basic,Core,0,1,0.1473048533475426,0.0123065789473684,0.0027144736842105,2069655.28,95,7876,145.75,618.856447368421,0.19793649908547908,0.8020635009145209,0.1635,0.03443649908547908,Low Margin + High Sell-through,Traffic Driver / Control Discount,Medium
2026-01-01,SKU00361,The North Face,Tier 3,Accessories,Buyout,Entry,Men,Fashion,Seasonal,0,1,0.2924230087647876,0.0029,0.0012802631578947,110210.31,21,7833,134.3815789473684,899.1272368421053,0.20222320153177523,0.7977767984682248,0.13899999999999998,0.06322320153177524,Low Margin + Low Sell-through,Clearance / Eliminate,High
2026-01-01,SKU00362,Brooks Brothers,Tier 1,Outdoor Apparel,Buyout,Luxury,Women,Core Basic,Seasonal,0,0,0.5318711762668821,0.0025776315789473,0.0032947368421052,1665755.55,21,8215,140.26315789473685,909.142894736842,0.23995030232666706,0.760049697673333,0.1132,0.12675030232666706,High Margin + Low Sell-through,Targeted Marketing / Control Inventory,Medium
2026-01-01,SKU00363,Under Armour,Tier 3,Accessories,Buyout,Mass,Unisex,Fashion,Seasonal,0,1,0.353488982161595,0.0042815789473684,0.0028973684210526,417683.46,36,8474,135.07894736842104,850.859605263158,0.19682982885725406,0.8031701711427459,0.1185,0.07832982885725406,Low Margin + Low Sell-through,Clearance / Eliminate,High
2026-01-01,SKU00364,Brand A,Tier 2,Outdoor Apparel,Own Brand,Premium,Unisex,Performance,Seasonal,0,1,0.5562381616674936,0.0131578947368421,0.0186434210526315,1575428.7,112,9062,131.32894736842104,557.7309210526316,0.24923970983171426,0.7507602901682857,0.1147,0.13453970983171426,High Margin + High Sell-through,Main Push / Monitor Inventory,Low
2026-01-01,SKU00365,On Running,Tier 1,Performance Apparel,Consignment,Mass,Kids,Core Basic,Core,0,1,0.8434777889338145,0.0048552631578947,0.0127460526315789,93804.5,38,8726,128.78947368421052,800.9605263157895,0.23478811819800002,0.765211881802,0.0168,0.217988118198,High Margin + Low Sell-through,Targeted Marketing / Control Inventory,Medium
2026-01-01,SKU00366,Brand B,Tier 2,Kids Apparel,Own Brand,Mass,Men,Core Basic,Core,0,1,0.4263782660722368,0.0079565789473684,0.0070697368421052,797604.64,57,9128,124.72368421052632,764.585,0.2490680200545531,0.7509319799454469,0.145,0.10406802005455312,Low Margin + High Sell-through,Traffic Driver / Control Discount,Medium
2026-01-01,SKU00367,Adidas,Tier 1,Yoga Apparel,Consignment,Entry,Kids,Performance,Seasonal,0,0,0.8095823308465893,0.0098657894736842,0.0382657894736842,44116.62,81,8583,137.03947368421052,662.9318421052632,0.2336525871203658,0.7663474128796341,0.0177,0.2159525871203658,High Margin + High Sell-through,Main Push / Monitor Inventory,Low
2026-01-01,SKU00368,Puma,Tier 3,Sportswear,Buyout,Mass,Men,Core Basic,Seasonal,0,0,0.4298184135074865,0.0067552631578947,0.0057578947368421,708242.7,57,8202,132.1315789473684,767.3825,0.19386025994276063,0.8061397400572394,0.1093,0.08456025994276063,Low Margin + High Sell-through,Traffic Driver / Control Discount,Medium
2026-01-01,SKU00369,Adidas,Tier 1,Bags,Consignment,Entry,Women,Performance,Seasonal,0,1,0.8230747247662725,0.0044763157894736,0.0070631578947368,103595.4,34,8590,147.71052631578948,853.7473684210527,0.22830242854107327,0.7716975714589267,0.0422,0.18610242854107328,High Margin + Low Sell-through,Targeted Marketing / Control Inventory,Medium
2026-01-01,SKU00370,Hoka,Tier 1,Sportswear,Buyout,Mass,Kids,Limited,Seasonal,0,0,0.565869049106585,0.0019328947368421,0.0026118421052631,505739.02,11,8006,130.56578947368422,926.4342105263158,0.23113609709568173,0.7688639029043183,0.11279999999999998,0.11833609709568174,High Margin + Low Sell-through,Targeted Marketing / Control Inventory,Medium
2026-01-01,SKU00371,Brand A,Tier 2,Sportswear,Own Brand,Premium,Unisex,Fashion,Seasonal,0,1,0.2692292963931014,0.0137671052631578,0.005503947368421,1672473.0,103,8850,124.26315789473684,589.1052631578947,0.2514243628839476,0.7485756371160524,0.1864,0.06502436288394758,Low Margin + High Sell-through,Traffic Driver / Control Discount,Medium
2026-01-01,SKU00372,Under Armour,Tier 3,Kids Apparel,Consignment,Mass,Unisex,Clearance,Seasonal,1,0,0.8083474025827069,0.0088236842105263,0.0116894736842105,209725.28,57,7849,146.30263157894737,705.3990789473685,0.19863890534926543,0.8013610946507346,0.0343,0.16433890534926543,High Margin + High Sell-through,Main Push / Monitor Inventory,Low
2026-01-01,SKU00373,New Balance,Tier 3,Outdoor Apparel,Buyout,Premium,Men,Core Basic,Core,0,1,0.2796980710092256,0.0003,9.473684210526316e-05,1752033.6,3,8160,143.17105263157896,981.842105263158,0.21169179520796266,0.7883082047920373,0.1526,0.05909179520796265,Low Margin + Low Sell-through,Clearance / Eliminate,High
2026-01-01,SKU00374,Asics,Tier 3,Sportswear,Buyout,Mass,Men,Core Basic,Core,0,1,0.3976209027548003,0.0182736842105263,0.0145302631578947,532997.5,129,8702,131.55263157894737,525.1640789473685,0.1950327945886546,0.8049672054113454,0.1145,0.0805327945886546,Low Margin + High Sell-through,Traffic Driver / Control Discount,Medium
2026-01-01,SKU00375,Salomon,Tier 3,Lifestyle Apparel,Buyout,Entry,Women,Core Basic,Seasonal,0,0,0.4168463518119218,0.0002013157894736,0.0001552631578947,334773.12,2,7986,128.96052631578948,986.5,0.1980393554100964,0.8019606445899036,0.1402,0.05783935541009641,Low Margin + Low Sell-through,Clearance / Eliminate,High
2026-01-01,SKU00376,Puma,Tier 3,Sportswear,Consignment,Premium,Men,Core Basic,Core,0,1,0.8462282673647668,0.003825,0.0037684210526315,356072.04,33,8753,130.94736842105263,861.8026315789474,0.1982891189788059,0.8017108810211941,0.0432,0.1550891189788059,High Margin + Low Sell-through,Targeted Marketing / Control Inventory,Medium
2026-01-01,SKU00377,Reebok Underwear,Tier 2,Kids Apparel,Consignment,Mass,Kids,Fashion,Seasonal,1,0,0.8237616729688513,0.0047842105263157,0.0043605263157894,120322.62,34,8163,292.19736842105266,809.9605263157895,0.1347104471721735,0.8652895528278265,0.0401,0.09461044717217351,High Margin + Low Sell-through,Targeted Marketing / Control Inventory,Medium
2026-01-01,SKU00378,Cole Haan,Tier 2,Sportswear,Buyout,Entry,Women,Core Basic,Seasonal,1,0,-0.0940837165796243,0.0059315789473684,-0.0004842105263157,388465.44,55,10148,300.0,792.8893421052632,0.12792207334715272,0.8720779266528473,0.1296,-0.0016779266528472725,Low Margin + Low Sell-through,Clearance / Eliminate,High
2026-01-01,SKU00379,Brand B,Tier 2,Kids Apparel,Own Brand,Premium,Unisex,Performance,Seasonal,0,1,0.2523191171418045,0.0043381578947368,0.0017921052631578,1285139.76,36,8538,127.65789473684212,846.221052631579,0.2429883637865032,0.7570116362134968,0.1818,0.06118836378650322,Low Margin + Low Sell-through,Clearance / Eliminate,High
2026-01-01,SKU00380,Cole Haan,Tier 2,Performance Apparel,Buyout,Luxury,Kids,Fashion,Seasonal,0,0,0.5415282686743828,0.0023052631578947,0.0028368421052631,1235648.75,29,9905,200.0394736842105,886.642105263158,0.15731940513662598,0.842680594863374,0.0672,0.09011940513662599,High Margin + Low Sell-through,Targeted Marketing / Control Inventory,Medium
2026-01-01,SKU00381,Columbia,Tier 3,Accessories,Buyout,Entry,Men,Performance,Seasonal,0,1,0.5912576725479113,0.0085486842105263,0.0145355263157894,196842.0,66,7950,143.48684210526315,690.6513157894736,0.20423109843081313,0.7957689015691869,0.0841,0.12013109843081314,High Margin + High Sell-through,Main Push / Monitor Inventory,Low
2026-01-01,SKU00382,Fila,Tier 3,Training Shoes,Buyout,Premium,Men,Clearance,Seasonal,1,0,0.1888217064197289,0.0131131578947368,0.0035473684210526,1989187.47,94,8637,125.5,596.5176315789473,0.1976479056746398,0.8023520943253601,0.15750000000000003,0.04014790567463977,Low Margin + High Sell-through,Traffic Driver / Control Discount,Medium
2026-01-01,SKU00383,Puma,Tier 3,Running Shoes,Buyout,Premium,Women,Performance,Seasonal,0,1,0.5839307642263608,0.0081421052631578,0.0148828947368421,726432.25,62,8705,134.27631578947367,747.1977631578948,0.19755691188207922,0.8024430881179208,0.0806,0.11695691188207921,High Margin + High Sell-through,Main Push / Monitor Inventory,Low
2026-01-01,SKU00384,Fila,Tier 3,Running Shoes,Consignment,Premium,Kids,Performance,Seasonal,0,1,0.8235796863672784,0.0090776315789473,0.0255342105263157,104112.9,68,7978,126.73684210526316,721.6588157894737,0.193976194177874,0.806023805822126,0.0137,0.18027619417787402,High Margin + High Sell-through,Main Push / Monitor Inventory,Low
2026-01-01,SKU00385,Reebok Underwear,Tier 2,Outdoor Apparel,Buyout,Luxury,Men,Clearance,Seasonal,1,0,0.3627124635461159,0.0043302631578947,0.002628947368421,2101593.9,29,8049,136.1578947368421,871.1368421052631,0.19305822658278737,0.8069417734172126,0.1337,0.05935822658278736,Low Margin + Low Sell-through,Clearance / Eliminate,High
2026-01-01,SKU00386,Lululemon,Tier 1,Basketball Shoes,Buyout,Mass,Men,Performance,Seasonal,0,0,0.3615514270022537,0.0075868421052631,0.0052078947368421,735306.88,56,7634,140.4078947368421,753.2310526315789,0.23257380439403658,0.7674261956059634,0.1485,0.08407380439403658,Low Margin + High Sell-through,Traffic Driver / Control Discount,Medium
2026-01-01,SKU00387,Puma,Tier 3,Performance Apparel,Buyout,Premium,Unisex,Performance,Seasonal,0,0,0.1063425619783153,0.0084815789473684,0.0013013157894736,2299664.08,63,8428,138.10526315789474,722.1999999999999,0.20096783262760437,0.7990321673723957,0.1744,0.02656783262760437,Low Margin + High Sell-through,Traffic Driver / Control Discount,Medium
2026-01-01,SKU00388,Brand B,Tier 2,Kids Apparel,Own Brand,Entry,Kids,Performance,Seasonal,0,1,0.4430138194421164,0.0152828947368421,0.013928947368421,176666.56,116,9488,140.47368421052633,514.7442105263158,0.25105172362154127,0.7489482763784587,0.1439,0.10715172362154127,Low Margin + High Sell-through,Traffic Driver / Control Discount,Medium
2026-01-01,SKU00389,Skechers,Tier 3,Lifestyle Apparel,Buyout,Mass,Men,Fashion,Seasonal,1,0,0.4765626333122877,0.0026407894736842,0.0026328947368421,304934.04,25,8284,299.3157894736842,872.3684210526316,0.13408997222782212,0.8659100277721778,0.0725,0.06158997222782213,Low Margin + Low Sell-through,Clearance / Eliminate,High
2026-01-01,SKU00390,Adidas,Tier 1,Yoga Apparel,Buyout,Mass,Women,Core Basic,Seasonal,0,0,0.4822635263225171,0.004575,0.0053986842105263,564761.04,36,8508,121.73684210526316,830.7359210526316,0.23043361086839348,0.7695663891316065,0.12,0.11043361086839348,Low Margin + Low Sell-through,Clearance / Eliminate,High
2026-01-01,SKU00391,Adidas,Tier 1,Basketball Shoes,Consignment,Mass,Women,Core Basic,Seasonal,0,0,0.8133447147531655,0.0004842105263157,0.000753947368421,172738.86,4,8106,151.71052631578948,975.3552631578948,0.25495135243314804,0.745048647566852,0.0328,0.22215135243314804,High Margin + Low Sell-through,Targeted Marketing / Control Inventory,Medium
2026-01-01,SKU00392,Under Armour,Tier 3,Training Shoes,Consignment,Premium,Unisex,Core Basic,Seasonal,1,0,0.8284483044281635,0.0236302631578947,0.0324578947368421,209271.48,174,8052,299.6578947368421,421.3427631578948,0.12999737246130003,0.8700026275387,0.0308,0.09919737246130003,High Margin + High Sell-through,Main Push / Monitor Inventory,Low
2026-01-01,SKU00393,Brand B,Tier 2,Accessories,Own Brand,Mass,Kids,Core Basic,Core,0,1,0.3407667526743023,0.0204605263157894,0.0116144736842105,762221.4,190,10020,144.92105263157896,408.11276315789473,0.25056335116758593,0.749436648832414,0.1661,0.08446335116758594,Low Margin + High Sell-through,Traffic Driver / Control Discount,Medium
2026-01-01,SKU00394,Nike,Tier 1,Outdoor Apparel,Consignment,Luxury,Men,Core Basic,Seasonal,1,0,0.8388498449909217,0.0077118421052631,0.0133947368421052,293221.3,63,8170,312.4868421052632,733.6931578947368,0.12596207215408628,0.8740379278459137,0.0221,0.10386207215408627,High Margin + High Sell-through,Main Push / Monitor Inventory,Low
2026-01-01,SKU00395,Brand B,Tier 2,Kids Apparel,Own Brand,Premium,Men,Core Basic,Seasonal,0,0,0.5074779458885617,0.011103947368421,0.0124328947368421,1032937.36,98,9269,134.18421052631578,622.3381578947368,0.2488718487722747,0.7511281512277252,0.12329999999999999,0.1255718487722747,Low Margin + High Sell-through,Traffic Driver / Control Discount,Medium
2026-01-01,SKU00396,Adidas,Tier 1,Training Shoes,Buyout,Premium,Women,Fashion,Seasonal,0,1,0.3389227425895533,0.0179157894736842,0.0106105263157894,1868695.36,126,8288,137.42105263157896,521.8477631578947,0.22618237072960506,0.7738176292703949,0.1498,0.07638237072960508,Low Margin + High Sell-through,Traffic Driver / Control Discount,Medium
2026-01-01,SKU00397,Asics,Tier 3,Underwear,Consignment,Mass,Women,Fashion,Seasonal,0,1,0.8286752725905502,0.0012618421052631,0.0016644736842105,98402.4,9,8304,120.39473684210526,940.0526315789474,0.19283573681838664,0.8071642631816134,0.0334,0.15943573681838663,High Margin + Low Sell-through,Targeted Marketing / Control Inventory,Medium
2026-01-01,SKU00398,Lululemon,Tier 1,Sportswear,Buyout,Premium,Women,Performance,Seasonal,0,1,0.3999700468139311,0.0034802631578947,0.0026105263157894,1361772.0,23,8406,140.96052631578948,864.2236842105264,0.2317107016649799,0.7682892983350201,0.1357,0.09601070166497991,Low Margin + Low Sell-through,Clearance / Eliminate,High
2026-01-01,SKU00399,Asics,Tier 3,Performance Apparel,Consignment,Mass,Women,Core Basic,Core,0,1,0.8227594775625318,0.0187171052631578,0.0167355263157894,277047.75,147,8475,131.56578947368422,505.1975000000001,0.2064904251943643,0.7935095748056357,0.0434,0.1630904251943643,High Margin + High Sell-through,Main Push / Monitor Inventory,Low
2026-01-01,SKU00400,Hoka,Tier 1,Sportswear,Buyout,Entry,Women,Core Basic,Core,0,1,0.4674034879907587,0.0060421052631578,0.0060157894736842,205094.76,45,8482,125.19736842105264,772.5306578947369,0.23353504557772853,0.7664649544222715,0.1221,0.11143504557772853,Low Margin + Low Sell-through,Clearance / Eliminate,High
2026-01-01,SKU00401,Reebok Underwear,Tier 2,Yoga Apparel,Buyout,Mass,Women,Fashion,Seasonal,0,1,0.2122035860919787,0.0029605263157894,0.0009513157894736,755462.5,24,8125,124.4342105263158,878.3026315789474,0.1902501398277054,0.8097498601722946,0.1584,0.031850139827705376,Low Margin + Low Sell-through,Clearance / Eliminate,High
2026-01-01,SKU00402,Puma,Tier 3,Performance Apparel,Buyout,Premium,Kids,Fashion,Seasonal,0,1,0.4341671532772802,0.0081447368421052,0.0070210526315789,1325142.99,52,8221,118.67105263157896,717.8815789473684,0.19646951722194034,0.8035304827780596,0.10890000000000001,0.08756951722194033,Low Margin + High Sell-through,Traffic Driver / Control Discount,Medium
2026-01-01,SKU00403,Nike,Tier 1,Outdoor Apparel,Consignment,Mass,Unisex,Fashion,Seasonal,0,1,0.8254492930751924,0.0065144736842105,0.0202526315789473,116771.22,36,8009,127.92105263157896,815.8456578947367,0.2273121936743315,0.7726878063256685,0.0203,0.2070121936743315,High Margin + High Sell-through,Main Push / Monitor Inventory,Low
2026-01-01,SKU00404,Lululemon,Tier 1,Accessories,Consignment,Mass,Men,Core Basic,Core,0,1,0.8391744245218068,0.0185131578947368,0.0426355263157894,86389.66,131,7811,137.39473684210526,580.2110526315789,0.2333424555123603,0.7666575444876397,0.0248,0.2085424555123603,High Margin + High Sell-through,Main Push / Monitor Inventory,Low
2026-01-01,SKU00405,Under Armour,Tier 3,Performance Apparel,Consignment,Premium,Men,Core Basic,Seasonal,0,0,0.7967729188355387,0.0081394736842105,0.0143644736842105,345950.22,57,7931,138.1578947368421,725.7798684210526,0.2040827383927772,0.7959172616072228,0.0314,0.1726827383927772,High Margin + High Sell-through,Main Push / Monitor Inventory,Low
2026-01-01,SKU00406,Cole Haan,Tier 2,Running Shoes,Buyout,Premium,Unisex,Fashion,Seasonal,0,1,0.4218028774604075,0.0035644736842105,0.002478947368421,1209520.94,31,10001,213.26315789473685,859.0877631578948,0.15574068993841153,0.8442593100615885,0.08730000000000002,0.06844068993841151,Low Margin + Low Sell-through,Clearance / Eliminate,High
2026-01-01,SKU00407,Brand B,Tier 2,Performance Apparel,Own Brand,Mass,Men,Core Basic,Core,0,1,0.2228212442706496,0.0046644736842105,0.0015828947368421,915533.86,36,9062,133.23684210526315,839.561447368421,0.25252689952675417,0.7474731004732458,0.19919999999999996,0.05332689952675421,Low Margin + Low Sell-through,Clearance / Eliminate,High
2026-01-01,SKU00408,Brand A,Tier 2,Performance Apparel,Own Brand,Luxury,Men,Clearance,Seasonal,1,0,0.4411897448275163,0.0087355263157894,0.0076684210526315,2713566.61,79,9487,137.98684210526315,674.3839473684211,0.2478861177520331,0.7521138822479669,0.1387,0.1091861177520331,Low Margin + High Sell-through,Traffic Driver / Control Discount,Medium
2026-01-01,SKU00409,Puma,Tier 3,Yoga Apparel,Consignment,Premium,Unisex,Core Basic,Seasonal,1,0,0.8386541876294762,0.0051302631578947,0.0069473684210526,189502.5,33,8250,313.75,829.8902631578948,0.12661691482249354,0.8733830851775064,0.025199999999999997,0.10141691482249354,High Margin + Low Sell-through,Targeted Marketing / Control Inventory,Medium
2026-01-01,SKU00410,Brand B,Tier 2,Sportswear,Own Brand,Premium,Unisex,Fashion,Seasonal,0,0,0.435898418782942,0.0026565789473684,0.0022815789473684,1687557.3,24,9174,142.6184210526316,876.25,0.2490560409261706,0.7509439590738294,0.1459,0.10315604092617059,Low Margin + Low Sell-through,Clearance / Eliminate,High
2026-01-01,SKU00411,New Balance,Tier 3,Running Shoes,Buyout,Premium,Women,Performance,Seasonal,0,1,0.1362327529917696,0.0145855263157894,0.0029026315789473,2277887.44,95,8308,131.82894736842104,600.6817105263158,0.19715698322512076,0.8028430167748792,0.1732,0.02395698322512077,Low Margin + High Sell-through,Traffic Driver / Control Discount,Medium
2026-01-01,SKU00412,Cole Haan,Tier 2,Training Shoes,Buyout,Premium,Women,Clearance,Seasonal,1,0,0.6729706506130531,0.0204355263157894,0.0488328947368421,573781.05,185,9915,214.97368421052636,444.8465789473684,0.15715981808666485,0.8428401819133351,0.0534,0.10375981808666485,High Margin + High Sell-through,Main Push / Monitor Inventory,Low
2026-01-01,SKU00413,The North Face,Tier 3,Training Shoes,Buyout,Premium,Women,Core Basic,Seasonal,1,0,0.0121800575988719,0.0118986842105263,0.0004421052631578,1292546.55,83,7719,313.0921052631579,664.1561842105264,0.129724950468528,0.870275049531472,0.1233,0.006424950468527993,Low Margin + High Sell-through,Traffic Driver / Control Discount,Medium
2026-01-01,SKU00414,Cole Haan,Tier 2,Training Shoes,Buyout,Premium,Women,Performance,Seasonal,0,1,0.453581637791388,0.0040815789473684,0.0039407894736842,1302246.4,37,9632,209.93421052631575,843.3334210526315,0.1620122504126564,0.8379877495873436,0.0857,0.07631225041265641,Low Margin + Low Sell-through,Clearance / Eliminate,High
2026-01-01,SKU00415,Brooks Brothers,Tier 1,Kids Apparel,Buyout,Premium,Unisex,Core Basic,Core,0,1,0.6085931878879526,0.00385,0.0067921052631578,730986.24,29,8256,120.6842105263158,858.8202631578947,0.22608606888012986,0.7739139311198702,0.0875,0.13858606888012986,High Margin + Low Sell-through,Targeted Marketing / Control Inventory,Medium
2026-01-01,SKU00416,Fila,Tier 3,Outdoor Apparel,Consignment,Luxury,Unisex,Performance,Seasonal,0,1,0.8138173909329951,0.0099328947368421,0.0227434210526315,279213.75,79,8273,133.55263157894737,668.0126315789473,0.20110413280957962,0.7988958671904204,0.017,0.1841041328095796,High Margin + High Sell-through,Main Push / Monitor Inventory,Low
2026-01-01,SKU00417,Asics,Tier 3,Kids Apparel,Consignment,Mass,Men,Fashion,Seasonal,0,0,0.822815513749156,0.0088486842105263,0.0090578947368421,292555.7,62,8431,131.78947368421052,715.0350000000001,0.2026342122799501,0.79736578772005,0.045,0.15763421227995011,High Margin + High Sell-through,Main Push / Monitor Inventory,Low
2026-01-01,SKU00418,The North Face,Tier 3,Training Shoes,Consignment,Mass,Men,Performance,Seasonal,0,0,0.8088482175186806,0.0049657894736842,0.0070078947368421,231396.1,41,8165,144.97368421052633,770.4911842105263,0.20761128086880104,0.7923887191311989,0.0414,0.16621128086880105,High Margin + Low Sell-through,Targeted Marketing / Control Inventory,Medium
2026-01-01,SKU00419,Lululemon,Tier 1,Yoga Apparel,Consignment,Premium,Women,Core Basic,Seasonal,0,0,0.8344408390841369,0.0061578947368421,0.0113078947368421,240292.5,37,8050,132.98684210526315,782.8684210526316,0.2299559062307563,0.7700440937692437,0.0358,0.1941559062307563,High Margin + Low Sell-through,Targeted Marketing / Control Inventory,Medium
2026-01-01,SKU00420,Salomon,Tier 3,Underwear,Buyout,Entry,Men,Core Basic,Seasonal,0,0,0.3849259874109428,0.0043473684210526,0.0030460526315789,182748.5,29,7450,152.77631578947367,823.9518421052632,0.2010562968996139,0.7989437031003861,0.1278,0.07325629689961391,Low Margin + Low Sell-through,Clearance / Eliminate,High
2026-01-01,SKU00421,Cole Haan,Tier 2,Bags,Buyout,Entry,Men,Limited,Seasonal,0,1,0.5963732085405089,0.0030815789473684,0.0053644736842105,160135.2,30,9670,206.17105263157896,865.2851315789474,0.1575334756924799,0.8424665243075201,0.0642,0.09333347569247992,High Margin + Low Sell-through,Targeted Marketing / Control Inventory,Medium
2026-01-01,SKU00422,Nike,Tier 1,Bags,Consignment,Premium,Men,Performance,Seasonal,0,1,0.8274669673865314,0.0062407894736842,0.0201723684210526,140294.7,35,8190,123.73684210526316,862.3859210526316,0.23783860273284863,0.7621613972671514,0.0124,0.22543860273284863,High Margin + Low Sell-through,Targeted Marketing / Control Inventory,Medium
2026-01-01,SKU00423,Salomon,Tier 3,Underwear,Buyout,Mass,Men,Limited,Seasonal,0,0,0.1822983063194318,0.0001907894736842,4.473684210526315e-05,722979.8,2,8051,140.6184210526316,987.2368421052632,0.20171673819742486,0.7982832618025751,0.1329,0.06881673819742487,Low Margin + Low Sell-through,Clearance / Eliminate,High
2026-01-01,SKU00424,Asics,Tier 3,Underwear,Buyout,Mass,Unisex,Clearance,Seasonal,1,0,0.2878753781700293,0.0160618421052631,0.0074842105263157,613574.13,113,8237,139.60526315789474,593.8711842105263,0.19489584509872934,0.8051041549012706,0.1362,0.058695845098729355,Low Margin + High Sell-through,Traffic Driver / Control Discount,Medium
2026-01-01,SKU00425,New Balance,Tier 3,Lifestyle Apparel,Buyout,Mass,Women,Core Basic,Core,0,1,0.5348648922173869,0.000378947368421,0.0004842105263157,375447.24,2,8169,136.06578947368422,981.0263157894736,0.20668153689384622,0.7933184631061538,0.104,0.10268153689384622,High Margin + Low Sell-through,Targeted Marketing / Control Inventory,Medium
2026-01-01,SKU00426,Cole Haan,Tier 2,Lifestyle Apparel,Buyout,Entry,Women,Fashion,Seasonal,0,1,0.4800766471773203,0.0073776315789473,0.0077592105263157,167570.04,65,10293,195.9078947368421,731.3571052631579,0.15922743509552778,0.8407725649044722,0.0832,0.07602743509552778,Low Margin + High Sell-through,Traffic Driver / Control Discount,Medium
2026-01-01,SKU00427,Salomon,Tier 3,Kids Apparel,Buyout,Premium,Women,Performance,Seasonal,0,1,0.5594499064365699,0.0006592105263157,0.0007776315789473,624353.04,4,8419,146.44736842105263,966.842105263158,0.19666447561421369,0.8033355243857863,0.0814,0.11526447561421369,High Margin + Low Sell-through,Targeted Marketing / Control Inventory,Medium
2026-01-01,SKU00428,Asics,Tier 3,Sportswear,Consignment,Mass,Men,Performance,Seasonal,0,0,0.8185464198758106,0.0126855263157894,0.0265828947368421,147590.08,107,8096,142.85526315789474,623.3990789473685,0.2015587339370561,0.7984412660629439,0.0314,0.1701587339370561,High Margin + High Sell-through,Main Push / Monitor Inventory,Low
2026-01-01,SKU00429,Patagonia,Tier 3,Training Shoes,Consignment,Premium,Kids,Clearance,Seasonal,1,0,0.8240055006800125,0.0128973684210526,0.0225065789473684,160897.86,86,7803,125.61842105263158,612.9868421052631,0.20047938161982162,0.7995206183801784,0.024700000000000003,0.17577938161982162,High Margin + High Sell-through,Main Push / Monitor Inventory,Low
2026-01-01,SKU00430,Brand A,Tier 2,Performance Apparel,Own Brand,Premium,Unisex,Core Basic,Core,0,1,0.2606844104302751,0.0060592105263157,0.0026157894736842,1944673.28,50,9344,131.6315789473684,777.0771052631579,0.25849531489723204,0.741504685102768,0.1979,0.06059531489723205,Low Margin + Low Sell-through,Clearance / Eliminate,High
2026-01-01,SKU00431,Nike,Tier 1,Training Shoes,Buyout,Premium,Unisex,Core Basic,Core,0,1,0.2468922811503565,0.0053671052631578,0.0020381578947368,1971103.2,43,7880,137.26315789473685,783.0710526315789,0.22629262386090526,0.7737073761390947,0.1657,0.060592623860905276,Low Margin + Low Sell-through,Clearance / Eliminate,High
2026-01-01,SKU00432,Puma,Tier 3,Yoga Apparel,Consignment,Premium,Unisex,Clearance,Seasonal,1,0,0.8290385040938261,0.0050934210526315,0.0044052631578947,461099.08,35,8138,293.92105263157896,846.3201315789474,0.1278319116513359,0.8721680883486641,0.0457,0.0821319116513359,High Margin + Low Sell-through,Targeted Marketing / Control Inventory,Medium
2026-01-01,SKU00433,Puma,Tier 3,Yoga Apparel,Buyout,Entry,Kids,Fashion,Seasonal,0,0,0.105131510630023,0.0123763157894736,0.0016434210526315,410123.48,92,8324,127.34210526315788,584.6753947368421,0.1992583559279502,0.8007416440720498,0.1794,0.019858355927950183,Low Margin + High Sell-through,Traffic Driver / Control Discount,Medium
2026-01-01,SKU00434,Nike,Tier 1,Kids Apparel,Buyout,Mass,Men,Limited,Seasonal,0,1,0.5195031758754707,0.0011276315789473,0.0014078947368421,745461.2,8,8360,134.42105263157896,943.842105263158,0.24592963252219244,0.7540703674778075,0.1193,0.12662963252219245,High Margin + Low Sell-through,Targeted Marketing / Control Inventory,Medium
2026-01-01,SKU00435,New Balance,Tier 3,Outdoor Apparel,Buyout,Mass,Women,Core Basic,Core,0,1,0.1706701439993287,0.0035802631578947,0.0008118421052631,781835.56,26,8569,147.4078947368421,892.0877631578948,0.21118238012208118,0.7888176198779189,0.1608,0.05038238012208118,Low Margin + Low Sell-through,Clearance / Eliminate,High
2026-01-01,SKU00436,Brand A,Tier 2,Outdoor Apparel,Own Brand,Mass,Men,Fashion,Seasonal,0,1,0.5435748000464569,0.0046223684210526,0.0064868421052631,790545.04,40,9041,127.67105263157896,825.546447368421,0.24868041209327685,0.7513195879067232,0.1164,0.13228041209327684,High Margin + Low Sell-through,Targeted Marketing / Control Inventory,Medium
2026-01-01,SKU00437,Salomon,Tier 3,Accessories,Buyout,Mass,Men,Core Basic,Core,0,1,0.5642076502732241,0.0041276315789473,0.0059315789473684,394692.32,29,7733,118.85526315789474,824.9561842105263,0.20260031683039037,0.7973996831696096,0.0833,0.11930031683039037,High Margin + Low Sell-through,Targeted Marketing / Control Inventory,Medium
2026-01-01,SKU00438,Fila,Tier 3,Running Shoes,Buyout,Mass,Women,Core Basic,Core,0,1,0.3015185804716455,0.0135184210526315,0.0067934210526315,641977.6,110,8290,131.89473684210526,567.2280263157895,0.19644129463192536,0.8035587053680746,0.1407,0.05574129463192537,Low Margin + High Sell-through,Traffic Driver / Control Discount,Medium
2026-01-01,SKU00439,On Running,Tier 1,Bags,Buyout,Premium,Men,Fashion,Seasonal,0,1,0.2308946777171266,0.0043999999999999,0.0014394736842105,2093865.26,39,8662,130.92105263157896,807.811447368421,0.2252048521693874,0.7747951478306125,0.1767,0.04850485216938741,Low Margin + Low Sell-through,Clearance / Eliminate,High
2026-01-01,SKU00440,New Balance,Tier 3,Basketball Shoes,Buyout,Premium,Men,Core Basic,Core,0,1,0.4753031860949913,0.0039355263157894,0.0038578947368421,1049776.14,23,8102,133.68421052631578,863.4253947368421,0.19673659286085232,0.8032634071391477,0.0932,0.10353659286085232,Low Margin + Low Sell-through,Clearance / Eliminate,High
2026-01-01,SKU00441,Nike,Tier 1,Basketball Shoes,Consignment,Mass,Unisex,Clearance,Seasonal,1,0,0.8249896892209904,0.0071657894736842,0.0349447368421052,47393.92,57,7952,127.36842105263158,786.2856578947368,0.23060293067356238,0.7693970693264376,0.0147,0.2159029306735624,High Margin + High Sell-through,Main Push / Monitor Inventory,Low
2026-01-01,SKU00442,Under Armour,Tier 3,Lifestyle Apparel,Buyout,Mass,Women,Clearance,Seasonal,1,0,0.5422533441243447,0.0075855263157894,0.0097473684210526,268375.8,58,8547,130.5921052631579,719.7877631578948,0.19623670954664707,0.8037632904533529,0.0896,0.10663670954664707,High Margin + High Sell-through,Main Push / Monitor Inventory,Low
2026-01-01,SKU00443,Reebok Underwear,Tier 2,Kids Apparel,Consignment,Mass,Men,Fashion,Seasonal,0,1,0.8195874291176356,0.014203947368421,0.0239736842105263,115876.0,87,7856,124.34210526315788,639.4548684210527,0.19438609796895162,0.8056139020310484,0.0269,0.1674860979689516,High Margin + High Sell-through,Main Push / Monitor Inventory,Low
2026-01-01,SKU00444,Skechers,Tier 3,Basketball Shoes,Consignment,Premium,Kids,Fashion,Seasonal,0,1,0.8294335518386784,0.0083605263157894,0.0148592105263157,278550.66,58,7862,123.73684210526316,662.9825,0.2007376519476116,0.7992623480523884,0.028399999999999998,0.17233765194761158,High Margin + High Sell-through,Main Push / Monitor Inventory,Low
2026-01-01,SKU00445,Brand B,Tier 2,Underwear,Own Brand,Mass,Women,Performance,Seasonal,0,1,0.419968593283015,0.0062263157894736,0.0052210526315789,451098.05,48,9455,141.67105263157896,798.9556578947368,0.2519859490646915,0.7480140509353085,0.1517,0.10028594906469152,Low Margin + Low Sell-through,Clearance / Eliminate,High
2026-01-01,SKU00446,Reebok Underwear,Tier 2,Training Shoes,Consignment,Premium,Men,Fashion,Seasonal,1,0,0.8076009176817611,0.0054934210526315,0.0119907894736842,145412.7,35,7890,301.44736842105266,829.9938157894736,0.1349769712700581,0.8650230287299419,0.015400000000000002,0.11957697127005809,High Margin + Low Sell-through,Targeted Marketing / Control Inventory,Medium
2026-01-01,SKU00447,Brand B,Tier 2,Running Shoes,Own Brand,Premium,Unisex,Limited,Seasonal,0,1,0.5107710358410085,0.0113486842105263,0.0137052631578947,1208663.95,93,9439,135.69736842105263,655.8194736842105,0.24802862263934847,0.7519713773606516,0.1223,0.12572862263934848,High Margin + High Sell-through,Main Push / Monitor Inventory,Low
2026-01-01,SKU00448,Nike,Tier 1,Yoga Apparel,Consignment,Premium,Men,Fashion,Seasonal,0,1,0.8141430609333606,0.0038684210526315,0.0162907894736842,109778.9,30,8162,127.23684210526316,848.4780263157895,0.23129903536317653,0.7687009646368235,0.0162,0.21509903536317654,High Margin + Low Sell-through,Targeted Marketing / Control Inventory,Medium
2026-01-01,SKU00449,Puma,Tier 3,Underwear,Buyout,Mass,Kids,Fashion,Seasonal,0,1,0.3673784952828582,0.0076302631578947,0.0051973684210526,373443.2,57,7640,129.6184210526316,735.5893421052632,0.2022301021467095,0.7977698978532906,0.1252,0.0770301021467095,Low Margin + High Sell-through,Traffic Driver / Control Discount,Medium
2026-01-01,SKU00450,Adidas,Tier 1,Accessories,Buyout,Mass,Men,Clearance,Seasonal,1,0,0.3866746933283616,0.0146736842105263,0.0108815789473684,710776.0,126,8200,148.67105263157896,579.374605263158,0.2306688165300815,0.7693311834699185,0.144,0.08666881653008152,Low Margin + High Sell-through,Traffic Driver / Control Discount,Medium
2026-01-01,SKU00451,Brand B,Tier 2,Sportswear,Own Brand,Mass,Women,Core Basic,Seasonal,1,0,0.0754774801636601,0.0115184210526315,0.0011131578947368,613890.0,94,8616,294.38157894736844,639.1030263157895,0.13313098212692046,0.8668690178730796,0.12459999999999999,0.008530982126920467,Low Margin + High Sell-through,Traffic Driver / Control Discount,Medium
2026-01-01,SKU00452,Patagonia,Tier 3,Bags,Consignment,Mass,Men,Fashion,Seasonal,0,0,0.8318788546646998,0.0059118421052631,0.0096815789473684,121868.7,44,8130,131.39473684210526,826.4913157894737,0.19218665777400212,0.8078133422259979,0.0382,0.1539866577740021,High Margin + Low Sell-through,Targeted Marketing / Control Inventory,Medium
2026-01-01,SKU00453,Under Armour,Tier 3,Accessories,Buyout,Entry,Unisex,Fashion,Seasonal,0,1,0.5493078802135167,0.0046223684210526,0.0060855263157894,97734.6,41,8044,143.05263157894737,809.1507894736842,0.20349308121402657,0.7965069187859735,0.1011,0.10239308121402657,High Margin + Low Sell-through,Targeted Marketing / Control Inventory,Medium
2026-01-01,SKU00454,Adidas,Tier 1,Performance Apparel,Consignment,Premium,Kids,Performance,Seasonal,1,0,0.8206396029651305,0.0104394736842105,0.0155368421052631,251725.11,78,8229,315.6578947368421,674.390394736842,0.1292222172650455,0.8707777827349545,0.0234,0.10582221726504551,High Margin + High Sell-through,Main Push / Monitor Inventory,Low
2026-01-01,SKU00455,Cole Haan,Tier 2,Performance Apparel,Buyout,Luxury,Men,Limited,Seasonal,0,1,0.404281336178007,0.0082973684210526,0.0066276315789473,2067885.6,77,9768,213.07894736842104,661.4517105263158,0.15967443691841485,0.8403255630815851,0.095,0.06467443691841485,Low Margin + High Sell-through,Traffic Driver / Control Discount,Medium
2026-01-01,SKU00456,Fila,Tier 3,Running Shoes,Buyout,Premium,Women,Performance,Seasonal,1,0,0.5291443005999369,0.0131671052631578,0.0167828947368421,775608.07,96,8119,307.07894736842104,577.9547368421053,0.1323155815201622,0.8676844184798378,0.0637,0.0686155815201622,High Margin + High Sell-through,Main Push / Monitor Inventory,Low
2026-01-01,SKU00457,New Balance,Tier 3,Basketball Shoes,Consignment,Mass,Women,Fashion,Seasonal,0,1,0.8289667113129267,0.0024105263157894,0.0069131578947368,80624.88,21,8568,141.46052631578948,886.5526315789474,0.1903680259512839,0.8096319740487161,0.0174,0.1729680259512839,High Margin + Low Sell-through,Targeted Marketing / Control Inventory,Medium
2026-01-01,SKU00458,The North Face,Tier 3,Lifestyle Apparel,Buyout,Mass,Unisex,Core Basic,Core,0,1,0.5285596615753828,0.0038026315789473,0.0046842105263157,526356.18,31,8799,150.43421052631578,840.8684210526316,0.19296104224986171,0.8070389577501382,0.0951,0.09786104224986171,High Margin + Low Sell-through,Targeted Marketing / Control Inventory,Medium
2026-01-01,SKU00459,Salomon,Tier 3,Performance Apparel,Consignment,Premium,Women,Clearance,Seasonal,1,0,0.8174055002629484,0.0132526315789473,0.0187513157894736,432643.68,91,8208,152.53947368421052,608.6184210526316,0.1971778375636631,0.8028221624363369,0.0409,0.15627783756366312,High Margin + High Sell-through,Main Push / Monitor Inventory,Low
2026-01-01,SKU00460,Patagonia,Tier 3,Lifestyle Apparel,Buyout,Premium,Women,Performance,Seasonal,0,1,0.5287937449718423,0.0103105263157894,0.0128802631578947,652897.88,69,8012,131.22368421052633,697.0563157894736,0.201919520354954,0.798080479645046,0.0929,0.109019520354954,High Margin + High Sell-through,Main Push / Monitor Inventory,Low
2026-01-01,SKU00461,Brand A,Tier 2,Outdoor Apparel,Own Brand,Luxury,Men,Performance,Seasonal,0,1,0.4665037795890431,0.0150592105263157,0.0144302631578947,2879581.98,122,9561,129.46052631578948,564.5806578947368,0.2521975906832628,0.7478024093167372,0.1341,0.11809759068326281,Low Margin + High Sell-through,Traffic Driver / Control Discount,Medium
2026-01-01,SKU00462,Brand A,Tier 2,Sportswear,Own Brand,Premium,Men,Performance,Seasonal,0,0,0.2159934606694991,0.0121184210526315,0.0039631578947368,1871099.51,87,9023,136.51315789473685,650.7456578947368,0.2560061303584901,0.7439938696415098,0.2053,0.050706130358490115,Low Margin + High Sell-through,Traffic Driver / Control Discount,Medium
2026-01-01,SKU00463,Skechers,Tier 3,Basketball Shoes,Consignment,Premium,Men,Core Basic,Core,0,1,0.8060241478689008,0.0103342105263157,0.0349684210526315,185010.4,76,8230,140.5,706.5293421052633,0.1938587019558095,0.8061412980441904,0.0162,0.17765870195580952,High Margin + High Sell-through,Main Push / Monitor Inventory,Low
2026-01-01,SKU00464,Reebok Underwear,Tier 2,Accessories,Buyout,Mass,Women,Fashion,Seasonal,0,1,0.6131297884606075,0.0076513157894736,0.0133315789473684,336103.56,66,8411,145.02631578947367,710.8456578947367,0.20175722911692623,0.7982427708830737,0.0818,0.11995722911692623,High Margin + High Sell-through,Main Push / Monitor Inventory,Low
2026-01-01,SKU00465,Under Armour,Tier 3,Training Shoes,Consignment,Premium,Men,Core Basic,Core,0,1,0.8259313435622918,0.0023315789473684,0.0020118421052631,256721.16,11,8284,143.55263157894737,952.1184210526316,0.19498685315914308,0.8050131468408569,0.0368,0.15818685315914308,High Margin + Low Sell-through,Targeted Marketing / Control Inventory,Medium
2026-01-01,SKU00466,Champion,Tier 3,Accessories,Buyout,Mass,Men,Clearance,Seasonal,1,0,0.3298693119193827,0.0019644736842105,0.0010460526315789,622905.5,16,8075,132.22368421052633,917.407894736842,0.1910602850539291,0.8089397149460709,0.1189,0.0721602850539291,Low Margin + Low Sell-through,Clearance / Eliminate,High
2026-01-01,SKU00467,Cole Haan,Tier 2,Kids Apparel,Buyout,Mass,Unisex,Core Basic,Core,0,1,0.4154227378704572,0.0062368421052631,0.0048697368421052,283602.4,52,9986,212.23684210526315,758.6263157894737,0.1572211438366089,0.8427788561633911,0.0922,0.0650211438366089,Low Margin + Low Sell-through,Clearance / Eliminate,High
2026-01-01,SKU00468,Brooks Brothers,Tier 1,Performance Apparel,Buyout,Luxury,Unisex,Limited,Seasonal,0,1,0.3592013078223028,0.0063197368421052,0.0041302631578947,2271671.28,51,8597,140.57894736842104,755.1131578947368,0.22885879773239606,0.771141202267604,0.15130000000000002,0.07755879773239605,Low Margin + Low Sell-through,Clearance / Eliminate,High
2026-01-01,SKU00469,New Balance,Tier 3,Lifestyle Apparel,Consignment,Premium,Men,Core Basic,Core,0,1,0.8279910902812855,0.0025434210526315,0.0034960526315789,332239.94,20,8482,138.82894736842104,895.1280263157894,0.19798608236244997,0.80201391763755,0.0343,0.16368608236244997,High Margin + Low Sell-through,Targeted Marketing / Control Inventory,Medium
2026-01-01,SKU00470,Fila,Tier 3,Bags,Buyout,Premium,Men,Core Basic,Core,0,1,0.1667574012895824,0.0030973684210526,0.0008276315789473,2111245.11,25,8411,125.42105263157896,893.6359210526316,0.1947464118405594,0.8052535881594406,0.1774,0.017346411840559406,Low Margin + Low Sell-through,Clearance / Eliminate,High
2026-01-01,SKU00471,Brooks Brothers,Tier 1,Outdoor Apparel,Buyout,Luxury,Women,Performance,Seasonal,0,0,0.4684197360033745,0.0050210526315789,0.0049236842105263,2056737.48,41,8302,138.27631578947367,782.9982894736843,0.22870474440502472,0.7712952555949752,0.12419999999999999,0.10450474440502473,Low Margin + Low Sell-through,Clearance / Eliminate,High
2026-01-01,SKU00472,Brand A,Tier 2,Performance Apparel,Own Brand,Mass,Women,Performance,Seasonal,1,0,0.1804502554423294,0.0338368421052631,0.0090210526315789,369374.74,276,9193,291.4342105263158,244.4827631578947,0.127097279034841,0.872902720965159,0.10560000000000001,0.021497279034840985,Low Margin + High Sell-through,Traffic Driver / Control Discount,Medium
2026-01-01,SKU00473,Puma,Tier 3,Running Shoes,Consignment,Premium,Men,Core Basic,Core,0,1,0.8219350716200146,0.0011223684210526,0.0026513157894736,226182.0,8,8195,121.59210526315788,937.7894736842104,0.20288792701506153,0.7971120729849385,0.0222,0.18068792701506153,High Margin + Low Sell-through,Targeted Marketing / Control Inventory,Medium
2026-01-01,SKU00474,Nike,Tier 1,Running Shoes,Consignment,Mass,Men,Performance,Seasonal,1,0,0.8423678084469571,0.0038960526315789,0.0032697368421052,240266.04,30,8331,303.4868421052632,847.2868421052632,0.12729354666041237,0.8727064533395876,0.0382,0.08909354666041237,High Margin + Low Sell-through,Targeted Marketing / Control Inventory,Medium
2026-01-01,SKU00475,Brand A,Tier 2,Basketball Shoes,Own Brand,Premium,Men,Limited,Seasonal,0,1,0.4873183199646336,0.0160197368421052,0.0174894736842105,1927860.0,130,9200,137.96052631578948,528.7023684210526,0.2529975951738951,0.7470024048261049,0.1311,0.12189759517389509,Low Margin + High Sell-through,Traffic Driver / Control Discount,Medium
2026-01-01,SKU00476,New Balance,Tier 3,Training Shoes,Buyout,Mass,Unisex,Core Basic,Core,0,1,0.1345658569175895,0.0096815789473684,0.0014644736842105,805830.53,72,8027,126.63157894736842,643.092894736842,0.19629143634506585,0.8037085636549341,0.1654,0.03089143634506586,Low Margin + High Sell-through,Traffic Driver / Control Discount,Medium
2026-01-01,SKU00477,Brand B,Tier 2,Accessories,Own Brand,Mass,Unisex,Performance,Seasonal,0,1,0.3761903125876809,0.0067723684210526,0.0048144736842105,711614.1,53,8655,124.36842105263158,762.9648684210526,0.2492168480509608,0.7507831519490392,0.1602,0.0890168480509608,Low Margin + High Sell-through,Traffic Driver / Control Discount,Medium
2026-01-01,SKU00478,Columbia,Tier 3,Basketball Shoes,Buyout,Premium,Women,Core Basic,Seasonal,1,0,-0.1599186934222033,0.0015842105263157,-0.0002684210526315,1617021.25,13,8567,293.8421052631579,938.0832894736842,0.13195059510906032,0.8680494048909397,0.1364,-0.004449404890939673,Low Margin + Low Sell-through,Clearance / Eliminate,High
2026-01-01,SKU00479,Nike,Tier 1,Running Shoes,Buyout,Premium,Unisex,Core Basic,Core,0,1,0.3131494820836846,0.0038434210526315,0.0017684210526315,1339938.51,31,8413,131.77631578947367,845.4964473684211,0.22727537264158545,0.7727246273584145,0.1493,0.07797537264158547,Low Margin + Low Sell-through,Clearance / Eliminate,High
2026-01-01,SKU00480,Adidas,Tier 1,Running Shoes,Consignment,Mass,Unisex,Performance,Seasonal,0,1,0.8210598119180741,0.020375,0.0570394736842105,69505.2,135,7740,117.6842105263158,507.8705263157895,0.2334457943555715,0.7665542056444286,0.0164,0.2170457943555715,High Margin + High Sell-through,Main Push / Monitor Inventory,Low
2026-01-01,SKU00481,New Balance,Tier 3,Yoga Apparel,Buyout,Premium,Men,Core Basic,Seasonal,0,0,0.3955312740771871,0.0028078947368421,0.0018618421052631,1340894.88,20,8632,130.72368421052633,908.2526315789472,0.19699726860750422,0.8030027313924958,0.1212,0.07579726860750421,Low Margin + Low Sell-through,Clearance / Eliminate,High
2026-01-01,SKU00482,Columbia,Tier 3,Accessories,Consignment,Mass,Men,Core Basic,Core,0,1,0.823373030453671,0.0025302631578947,0.0069565789473684,74080.24,17,8476,145.80263157894737,922.1447368421052,0.2084953530622767,0.7915046469377233,0.0181,0.1903953530622767,High Margin + Low Sell-through,Targeted Marketing / Control Inventory,Medium
2026-01-01,SKU00483,Adidas,Tier 1,Performance Apparel,Buyout,Premium,Women,Core Basic,Seasonal,0,0,0.3022909831150075,0.0130868421052631,0.0068381578947368,1471745.03,98,8491,136.94736842105263,543.0685526315789,0.2288580321333472,0.7711419678666528,0.1618,0.06705803213334721,Low Margin + High Sell-through,Traffic Driver / Control Discount,Medium
2026-01-01,SKU00484,Brand A,Tier 2,Basketball Shoes,Own Brand,Premium,Women,Performance,Seasonal,1,0,-0.3201300276698034,0.0089671052631578,-0.0022578947368421,2160651.0,77,9525,292.13157894736844,658.5448684210527,0.1303983332466468,0.8696016667533533,0.18030000000000002,-0.049901666753353224,Low Margin + High Sell-through,Traffic Driver / Control Discount,Medium
2026-01-01,SKU00485,Columbia,Tier 3,Yoga Apparel,Consignment,Entry,Women,Core Basic,Seasonal,1,0,0.8558670820353064,0.0008881578947368,0.0015105263157894,48445.68,9,8324,294.75,965.6210526315788,0.13219725917949074,0.8678027408205092,0.0202,0.11199725917949074,High Margin + Low Sell-through,Targeted Marketing / Control Inventory,Medium
2026-01-01,SKU00486,Lululemon,Tier 1,Yoga Apparel,Buyout,Entry,Women,Limited,Seasonal,0,1,0.2570215049999417,0.0019776315789473,0.0007802631578947,406436.04,13,8298,138.8684210526316,906.688552631579,0.22619093672285162,0.7738090632771484,0.1692,0.05699093672285163,Low Margin + Low Sell-through,Clearance / Eliminate,High
2026-01-01,SKU00487,New Balance,Tier 3,Outdoor Apparel,Consignment,Luxury,Unisex,Core Basic,Core,0,1,0.8071621783208535,0.0047855263157894,0.0058434210526315,509768.2,38,8482,126.63157894736842,835.9928947368421,0.19808776793920596,0.8019122320607941,0.029,0.16908776793920596,High Margin + Low Sell-through,Targeted Marketing / Control Inventory,Medium
2026-01-01,SKU00488,Adidas,Tier 1,Yoga Apparel,Consignment,Mass,Women,Core Basic,Core,0,1,0.8251479042340203,0.0084,0.0096171052631578,160025.18,65,8078,135.52631578947367,708.9384210526316,0.23025359531824027,0.7697464046817597,0.0492,0.18105359531824028,High Margin + High Sell-through,Main Push / Monitor Inventory,Low
2026-01-01,SKU00489,Puma,Tier 3,Accessories,Buyout,Mass,Unisex,Fashion,Seasonal,0,1,0.2234829104538019,0.0076065789473684,0.0023894736842105,645080.34,65,8247,124.98684210526316,795.7902631578947,0.20427912824811398,0.795720871751886,0.1639,0.04037912824811399,Low Margin + High Sell-through,Traffic Driver / Control Discount,Medium
2026-01-01,SKU00490,Columbia,Tier 3,Running Shoes,Buyout,Premium,Women,Performance,Seasonal,0,0,0.489573400968763,0.0030973684210526,0.0032342105263157,791974.21,22,8137,126.5657894736842,891.8069736842106,0.21093550316774073,0.7890644968322593,0.10749999999999998,0.10343550316774075,Low Margin + Low Sell-through,Clearance / Eliminate,High
2026-01-01,SKU00491,Adidas,Tier 1,Accessories,Consignment,Mass,Men,Performance,Seasonal,0,1,0.8344448803452335,0.0064842105263157,0.0154815789473684,84673.12,42,7958,128.60526315789474,780.2325,0.23367001049606825,0.7663299895039317,0.0233,0.21037001049606824,High Margin + High Sell-through,Main Push / Monitor Inventory,Low
2026-01-01,SKU00492,Lululemon,Tier 1,Kids Apparel,Buyout,Entry,Women,Fashion,Seasonal,0,1,0.3020329749621184,0.0047881578947368,0.0022052631578947,200989.95,33,8571,141.4078947368421,821.4078947368421,0.23103733389246478,0.7689626661075353,0.1577,0.07333733389246477,Low Margin + Low Sell-through,Clearance / Eliminate,High
2026-01-01,SKU00493,New Balance,Tier 3,Performance Apparel,Buyout,Luxury,Unisex,Core Basic,Core,0,1,0.437737789937637,0.0182421052631578,0.0171302631578947,1922166.4,133,8120,144.8421052631579,473.2528947368421,0.19722547363055404,0.8027745263694459,0.1117,0.08552547363055404,Low Margin + High Sell-through,Traffic Driver / Control Discount,Medium
2026-01-01,SKU00494,Hoka,Tier 1,Lifestyle Apparel,Buyout,Mass,Women,Performance,Seasonal,0,1,0.5105235012889991,0.0016263157894736,0.0019578947368421,700354.34,14,7994,133.73684210526315,920.8157894736842,0.23224389501536924,0.7677561049846308,0.1195,0.11274389501536924,High Margin + Low Sell-through,Targeted Marketing / Control Inventory,Medium
2026-01-01,SKU00495,Nike,Tier 1,Underwear,Consignment,Mass,Women,Fashion,Seasonal,0,1,0.836526401219842,0.0057736842105263,0.0074223684210526,125589.2,39,8395,135.89473684210526,809.3763157894737,0.22790268184893336,0.7720973181510666,0.0403,0.18760268184893336,High Margin + Low Sell-through,Targeted Marketing / Control Inventory,Medium
2026-01-01,SKU00496,Cole Haan,Tier 2,Performance Apparel,Buyout,Mass,Women,Clearance,Seasonal,1,0,0.325550596916335,0.003553947368421,0.0019381578947368,671081.28,31,9939,219.5394736842105,859.078947368421,0.1575559991941244,0.8424440008058756,0.1098,0.04775599919412442,Low Margin + Low Sell-through,Clearance / Eliminate,High
2026-01-01,SKU00497,Columbia,Tier 3,Lifestyle Apparel,Buyout,Mass,Men,Clearance,Seasonal,1,0,0.5558484940507412,0.0066855263157894,0.0106184210526315,346042.65,46,8245,143.5,816.4298684210526,0.19773280800083856,0.8022671919991614,0.0906,0.10713280800083856,High Margin + High Sell-through,Main Push / Monitor Inventory,Low
2026-01-01,SKU00498,Brooks Brothers,Tier 1,Performance Apparel,Buyout,Mass,Unisex,Performance,Seasonal,0,1,0.4432596963642136,0.0023565789473684,0.0021394736842105,436526.65,18,8785,141.19736842105263,918.6447368421052,0.23943485585093022,0.7605651441490697,0.1358,0.10363485585093021,Low Margin + Low Sell-through,Clearance / Eliminate,High
2026-01-01,SKU00499,New Balance,Tier 3,Kids Apparel,Buyout,Mass,Unisex,Core Basic,Seasonal,0,0,0.2649447328314843,0.016575,0.0065592105263157,375789.0,125,8205,130.27631578947367,529.4648684210526,0.1988955295844788,0.8011044704155212,0.1436,0.05529552958447878,Low Margin + High Sell-through,Traffic Driver / Control Discount,Medium
2026-01-01,SKU00500,Hoka,Tier 1,Kids Apparel,Consignment,Mass,Unisex,Core Basic,Core,0,1,0.8184015348184244,0.0245421052631578,0.0282407894736842,235877.82,177,7934,142.32894736842104,392.85263157894735,0.22911153675232998,0.77088846324767,0.0481,0.18101153675232998,High Margin + High Sell-through,Main Push / Monitor Inventory,Low
2026-02-01,SKU00001,Reebok Underwear,Tier 2,Basketball Shoes,Buyout,Mass,Men,Fashion,Seasonal,1,0,0.5999326551360172,0.0029973684210526,0.0054355263157894,240743.86,21,8183,313.10526315789474,859.5921052631579,0.12851473041218492,0.871485269587815,0.0508,0.07771473041218492,High Margin + Low Sell-through,Targeted Marketing / Control Inventory,Medium
2026-02-01,SKU00002,Hoka,Tier 1,Bags,Consignment,Premium,Men,Clearance,Seasonal,1,0,0.8309567021000778,0.0010460526315789,0.0041894736842105,189740.46,7,8246,132.8421052631579,950.0526315789474,0.22502543479292242,0.7749745652070776,0.0165,0.2085254347929224,High Margin + Low Sell-through,Targeted Marketing / Control Inventory,Medium
2026-02-01,SKU00003,Fila,Tier 3,Bags,Buyout,Premium,Men,Core Basic,Core,0,1,0.4358520490185697,0.0043697368421052,0.0035736842105263,1092228.3,35,8154,137.53947368421052,849.3526315789474,0.19331278062087176,0.8066872193791282,0.1016,0.09171278062087176,Low Margin + Low Sell-through,Clearance / Eliminate,High
2026-02-01,SKU00004,Puma,Tier 3,Accessories,Consignment,Mass,Men,Clearance,Seasonal,1,0,0.8310992576172168,0.005428947368421,0.0050710526315789,202901.76,37,8208,134.75,800.5921052631579,0.20506077799022698,0.7949392220097731,0.0456,0.15946077799022698,High Margin + Low Sell-through,Targeted Marketing / Control Inventory,Medium
2026-02-01,SKU00005,Nike,Tier 1,Performance Apparel,Buyout,Premium,Women,Performance,Seasonal,0,0,0.3535604197019547,0.0010328947368421,0.0007171052631578,1879791.03,6,7543,132.47368421052633,962.0877631578948,0.2264816394273991,0.7735183605726009,0.1697,0.05678163942739911,Low Margin + Low Sell-through,Clearance / Eliminate,High
2026-02-01,SKU00006,Asics,Tier 3,Sportswear,Consignment,Entry,Women,Performance,Seasonal,0,1,0.8349300880372864,0.0072460526315789,0.0158513157894736,24241.32,57,8388,140.56578947368422,740.3772368421053,0.19437499533662134,0.8056250046633786,0.0192,0.17517499533662134,High Margin + High Sell-through,Main Push / Monitor Inventory,Low
2026-02-01,SKU00007,On Running,Tier 1,Outdoor Apparel,Buyout,Premium,Women,Fashion,Seasonal,0,1,0.6314780577327248,0.0061513157894736,0.0118907894736842,781133.84,41,8452,120.35526315789474,792.7851315789474,0.23164640476998724,0.7683535952300128,0.0812,0.15044640476998725,High Margin + Low Sell-through,Targeted Marketing / Control Inventory,Medium
2026-02-01,SKU00008,Brooks Brothers,Tier 1,Yoga Apparel,Consignment,Mass,Women,Fashion,Seasonal,0,1,0.8164557738051448,0.0131473684210526,0.013725,120589.0,95,8050,147.55263157894737,617.2034210526316,0.23178182788437682,0.7682181721156232,0.0443,0.1874818278843768,High Margin + High Sell-through,Main Push / Monitor Inventory,Low
2026-02-01,SKU00009,Reebok Underwear,Tier 2,Accessories,Consignment,Mass,Men,Clearance,Seasonal,1,0,0.8063401489935015,0.00455,0.0053881578947368,173097.1,33,8506,137.4078947368421,856.7368421052631,0.2066095523933016,0.7933904476066984,0.0461,0.16050955239330159,High Margin + Low Sell-through,Targeted Marketing / Control Inventory,Medium
2026-02-01,SKU00010,Fila,Tier 3,Kids Apparel,Consignment,Mass,Women,Fashion,Seasonal,0,1,0.8264419329696024,0.0025592105263157,0.0032565789473684,168285.26,18,8294,142.22368421052633,888.1052631578947,0.1883574194971574,0.8116425805028427,0.0343,0.1540574194971574,High Margin + Low Sell-through,Targeted Marketing / Control Inventory,Medium
2026-02-01,SKU00011,Champion,Tier 3,Kids Apparel,Buyout,Premium,Men,Core Basic,Core,0,1,0.1166768270101812,0.0049947368421052,0.0008578947368421,1405804.8,38,8614,141.05263157894737,798.5571052631578,0.19541328319184956,0.8045867168081504,0.17550000000000002,0.01991328319184954,Low Margin + Low Sell-through,Clearance / Eliminate,High
2026-02-01,SKU00012,Under Armour,Tier 3,Yoga Apparel,Buyout,Mass,Women,Core Basic,Seasonal,0,0,0.3762650717442304,0.0051526315789473,0.0036302631578947,443938.87,33,8009,131.30263157894737,817.5921052631579,0.19881205591775714,0.8011879440822429,0.1281,0.07071205591775714,Low Margin + Low Sell-through,Clearance / Eliminate,High
2026-02-01,SKU00013,Reebok Underwear,Tier 2,Outdoor Apparel,Consignment,Luxury,Men,Performance,Seasonal,1,0,0.8193409085871758,0.0136447368421052,0.0069960526315789,866462.46,92,7939,298.57894736842104,617.4428947368422,0.1284051326682052,0.8715948673317948,0.0481,0.08030513266820519,High Margin + High Sell-through,Main Push / Monitor Inventory,Low
2026-02-01,SKU00014,On Running,Tier 1,Underwear,Consignment,Entry,Women,Core Basic,Seasonal,1,0,0.8237638256343526,0.005475,0.0043434210526315,52978.38,43,8138,302.7236842105263,799.2325,0.1309636129444104,0.8690363870555896,0.0334,0.09756361294441039,High Margin + Low Sell-through,Targeted Marketing / Control Inventory,Medium
2026-02-01,SKU00015,Brand B,Tier 2,Sportswear,Own Brand,Premium,Men,Performance,Seasonal,0,0,0.4708416214035487,0.0303618421052631,0.0333618421052631,1459679.2,219,9410,148.44736842105263,405.85210526315785,0.2558333893204743,0.7441666106795257,0.1317,0.12413338932047427,Low Margin + High Sell-through,Traffic Driver / Control Discount,Medium
2026-02-01,SKU00016,Cole Haan,Tier 2,Underwear,Buyout,Mass,Kids,Fashion,Seasonal,0,1,0.5085848526632961,0.0022934210526315,0.0029276315789473,318110.53,16,10579,202.42105263157896,913.5569736842106,0.15922013843979782,0.8407798615602022,0.072,0.08722013843979783,High Margin + Low Sell-through,Targeted Marketing / Control Inventory,Medium
2026-02-01,SKU00017,Lululemon,Tier 1,Sportswear,Consignment,Entry,Men,Core Basic,Seasonal,0,0,0.8336460493542688,0.0061486842105263,0.0090592105263157,112242.42,42,8241,129.68421052631578,795.7693421052631,0.222328058559145,0.777671941440855,0.04809999999999999,0.17422805855914503,High Margin + Low Sell-through,Targeted Marketing / Control Inventory,Medium
2026-02-01,SKU00018,Adidas,Tier 1,Training Shoes,Consignment,Premium,Kids,Core Basic,Core,0,1,0.8206350816678503,0.0036210526315789,0.0065,256513.6,28,8288,120.64473684210526,840.5131578947369,0.2290579273153251,0.770942072684675,0.026,0.2030579273153251,High Margin + Low Sell-through,Targeted Marketing / Control Inventory,Medium
2026-02-01,SKU00019,Brand A,Tier 2,Bags,Own Brand,Entry,Unisex,Fashion,Seasonal,0,1,0.2886528661397819,0.0075368421052631,0.0033394736842105,513608.9,59,9770,137.60526315789474,725.8772368421053,0.25719423277427517,0.7428057672257249,0.1953,0.061894232774275165,Low Margin + High Sell-through,Traffic Driver / Control Discount,Medium
2026-02-01,SKU00020,Salomon,Tier 3,Kids Apparel,Consignment,Mass,Women,Performance,Seasonal,0,0,0.8265955995761155,0.006853947368421,0.0088986842105263,111295.57,55,8581,128.1184210526316,752.7886842105263,0.19131637751762304,0.808683622482377,0.0283,0.16301637751762305,High Margin + High Sell-through,Main Push / Monitor Inventory,Low
2026-02-01,SKU00021,The North Face,Tier 3,Outdoor Apparel,Buyout,Premium,Unisex,Clearance,Seasonal,1,0,0.3551162650964369,0.0061697368421052,0.003903947368421,846214.2,48,8410,291.55263157894734,755.1227631578947,0.13108655523758775,0.8689134447624123,0.0808,0.05028655523758775,Low Margin + Low Sell-through,Clearance / Eliminate,High
2026-02-01,SKU00022,Reebok Underwear,Tier 2,Outdoor Apparel,Buyout,Luxury,Unisex,Fashion,Seasonal,0,1,0.1033034157866682,0.0067802631578947,0.0009605263157894,2288539.88,55,8089,128.77631578947367,753.6622368421052,0.19783450829982552,0.8021654917001745,0.1748,0.023034508299825507,Low Margin + High Sell-through,Traffic Driver / Control Discount,Medium
2026-02-01,SKU00023,Brand A,Tier 2,Outdoor Apparel,Own Brand,Premium,Men,Performance,Seasonal,0,1,0.3799890598691142,0.0075065789473684,0.0050710526315789,2265647.64,66,9546,112.77631578947368,714.892105263158,0.25051546731868857,0.7494845326813114,0.149,0.10151546731868857,Low Margin + High Sell-through,Traffic Driver / Control Discount,Medium
2026-02-01,SKU00024,Nike,Tier 1,Lifestyle Apparel,Consignment,Premium,Men,Clearance,Seasonal,1,0,0.8057786578266254,0.0068447368421052,0.0084197368421052,170548.35,49,8259,307.13157894736844,765.2571052631579,0.12917425211208403,0.870825747887916,0.0199,0.10927425211208402,High Margin + High Sell-through,Main Push / Monitor Inventory,Low
2026-02-01,SKU00025,Under Armour,Tier 3,Performance Apparel,Consignment,Luxury,Kids,Fashion,Seasonal,0,1,0.8400450239806745,0.0056828947368421,0.0120697368421052,358271.1,43,8042,132.47368421052633,794.3815789473684,0.20070076037995002,0.79929923962005,0.0202,0.18050076037995003,High Margin + Low Sell-through,Targeted Marketing / Control Inventory,Medium
2026-02-01,SKU00026,Brand A,Tier 2,Performance Apparel,Own Brand,Premium,Women,Core Basic,Seasonal,1,0,-0.5865056649389936,0.0056,-0.0022552631578947,2186431.36,45,9098,275.64473684210526,786.3061842105262,0.12601437674924343,0.8739856232507566,0.2025,-0.07648562325075658,Low Margin + Low Sell-through,Clearance / Eliminate,High
2026-02-01,SKU00027,Brand A,Tier 2,Performance Apparel,Own Brand,Luxury,Unisex,Performance,Seasonal,1,0,-0.4497492093756996,0.0027184210526315,-0.0010052631578947,3500552.64,26,9308,308.5657894736842,895.0544736842105,0.12803795806339052,0.8719620419366094,0.1894,-0.06136204193660949,Low Margin + Low Sell-through,Clearance / Eliminate,High
2026-02-01,SKU00028,Asics,Tier 3,Outdoor Apparel,Buyout,Premium,Men,Limited,Seasonal,0,1,0.1511106739601333,0.002678947368421,0.0005986842105263,1579007.56,21,8732,131.17105263157896,866.078947368421,0.2042507807323295,0.7957492192676705,0.1616,0.0426507807323295,Low Margin + Low Sell-through,Clearance / Eliminate,High
2026-02-01,SKU00029,Adidas,Tier 1,Bags,Consignment,Mass,Women,Core Basic,Seasonal,1,0,0.8347070837588313,0.0118197368421052,0.0232513157894736,110242.02,78,8358,311.9605263157895,699.6355263157895,0.1331025875264238,0.8668974124735762,0.0177,0.1154025875264238,High Margin + High Sell-through,Main Push / Monitor Inventory,Low
2026-02-01,SKU00030,Cole Haan,Tier 2,Basketball Shoes,Consignment,Premium,Women,Clearance,Seasonal,1,0,0.8489863467107985,0.0010381578947368,0.0009618421052631,553573.7,11,10135,219.5921052631579,951.1930263157894,0.15879706465442384,0.8412029353455761,0.0433,0.11549706465442383,High Margin + Low Sell-through,Targeted Marketing / Control Inventory,Medium
2026-02-01,SKU00031,Brand B,Tier 2,Running Shoes,Own Brand,Mass,Women,Fashion,Seasonal,0,1,0.1219757778149531,0.0051894736842105,0.000853947368421,1036052.5,49,9125,129.56578947368422,789.9507894736843,0.25359256799957464,0.7464074320004254,0.2172,0.03639256799957463,Low Margin + Low Sell-through,Clearance / Eliminate,High
2026-02-01,SKU00032,Cole Haan,Tier 2,Bags,Consignment,Mass,Unisex,Core Basic,Core,0,1,0.8294232858695031,0.0162210526315789,0.0156578947368421,321602.88,131,10288,208.1578947368421,556.1734210526316,0.15663720192582167,0.8433627980741784,0.04,0.11663720192582167,High Margin + High Sell-through,Main Push / Monitor Inventory,Low
2026-02-01,SKU00033,Lululemon,Tier 1,Outdoor Apparel,Consignment,Mass,Unisex,Limited,Seasonal,0,1,0.8195331138378756,0.0082921052631578,0.0127552631578947,103135.5,65,8385,136.02631578947367,707.4693421052631,0.23119821548743602,0.768801784512564,0.040999999999999995,0.19019821548743604,High Margin + High Sell-through,Main Push / Monitor Inventory,Low
2026-02-01,SKU00034,Lululemon,Tier 1,Yoga Apparel,Consignment,Mass,Unisex,Core Basic,Core,0,1,0.8626093294460642,0.0001644736842105,0.0003263157894736,97958.3,1,8170,131.35526315789474,990.0131578947368,0.21595879651218836,0.7840412034878117,0.0203,0.19565879651218837,High Margin + Low Sell-through,Targeted Marketing / Control Inventory,Medium
2026-02-01,SKU00035,Reebok Underwear,Tier 2,Performance Apparel,Buyout,Mass,Kids,Fashion,Seasonal,0,0,0.1774320388769023,0.0035236842105263,0.0009197368421052,932803.2,27,8820,135.27631578947367,855.6447368421053,0.19347142917391294,0.8065285708260871,0.1623,0.03117142917391294,Low Margin + Low Sell-through,Clearance / Eliminate,High
2026-02-01,SKU00036,Brand A,Tier 2,Performance Apparel,Own Brand,Luxury,Men,Limited,Seasonal,0,1,0.5307436393447827,0.003025,0.0037644736842105,2324487.55,24,8987,131.1315789473684,892.4806578947369,0.24897577403304658,0.7510242259669534,0.1265,0.12247577403304657,High Margin + Low Sell-through,Targeted Marketing / Control Inventory,Medium
2026-02-01,SKU00037,Reebok Underwear,Tier 2,Yoga Apparel,Buyout,Premium,Unisex,Core Basic,Core,0,1,0.4502405081025545,0.0024078947368421,0.0021855263157894,753201.99,24,8531,125.03947368421052,884.7052631578948,0.2065606813797299,0.7934393186202701,0.106,0.10056068137972991,Low Margin + Low Sell-through,Clearance / Eliminate,High
2026-02-01,SKU00038,Lululemon,Tier 1,Training Shoes,Consignment,Premium,Women,Fashion,Seasonal,0,0,0.8229135059129645,0.0153236842105263,0.1145144736842105,109255.56,106,8509,134.48684210526315,614.6967105263158,0.23072758606019625,0.7692724139398037,0.01,0.22072758606019624,High Margin + High Sell-through,Main Push / Monitor Inventory,Low
2026-02-01,SKU00039,Brand B,Tier 2,Yoga Apparel,Own Brand,Mass,Men,Core Basic,Core,0,1,0.5148802713580014,0.0034421052631578,0.0038171052631578,430376.55,23,9155,143.94736842105263,856.0088157894737,0.25651307910494797,0.7434869208950521,0.1235,0.13301307910494797,High Margin + Low Sell-through,Targeted Marketing / Control Inventory,Medium
2026-02-01,SKU00040,Adidas,Tier 1,Accessories,Consignment,Mass,Men,Core Basic,Seasonal,0,0,0.8181598888713286,0.0065828947368421,0.0168907894736842,65584.92,56,8562,147.05263157894737,756.6097368421052,0.23608074371905338,0.7639192562809466,0.0243,0.2117807437190534,High Margin + High Sell-through,Main Push / Monitor Inventory,Low
2026-02-01,SKU00041,Adidas,Tier 1,Yoga Apparel,Consignment,Premium,Men,Performance,Seasonal,0,1,0.8374801913263451,0.0055065789473684,0.0105934210526315,351474.4,37,7292,134.3684210526316,788.5571052631578,0.2293979670987369,0.7706020329012631,0.0428,0.18659796709873688,High Margin + Low Sell-through,Targeted Marketing / Control Inventory,Medium
2026-02-01,SKU00042,Cole Haan,Tier 2,Performance Apparel,Consignment,Premium,Women,Core Basic,Core,0,1,0.8293905637709692,0.0035249999999999,0.0028026315789473,644394.0,31,10180,219.43421052631575,864.2192105263158,0.1539672621190503,0.8460327378809497,0.04880000000000001,0.10516726211905028,High Margin + Low Sell-through,Targeted Marketing / Control Inventory,Medium
2026-02-01,SKU00043,Brand A,Tier 2,Running Shoes,Own Brand,Premium,Kids,Fashion,Seasonal,0,1,0.4271096397273612,0.0042710526315789,0.0038644736842105,1235683.97,28,9409,143.5921052631579,863.3157894736842,0.2603140573976267,0.7396859426023733,0.1518,0.1085140573976267,Low Margin + Low Sell-through,Clearance / Eliminate,High
2026-02-01,SKU00044,On Running,Tier 1,Sportswear,Buyout,Mass,Men,Core Basic,Core,0,1,0.497870421932505,0.0078710526315789,0.0093434210526315,702197.1,59,7881,129.39473684210526,726.9421052631578,0.229362228660585,0.770637771339415,0.11459999999999998,0.11476222866058503,Low Margin + High Sell-through,Traffic Driver / Control Discount,Medium
2026-02-01,SKU00045,On Running,Tier 1,Kids Apparel,Consignment,Premium,Kids,Core Basic,Seasonal,1,0,0.8093999841968782,0.0059499999999999,0.003875,319167.24,53,8589,287.1184210526316,744.8039473684211,0.12568763965677973,0.8743123603432202,0.0339,0.09178763965677973,High Margin + Low Sell-through,Targeted Marketing / Control Inventory,Medium
2026-02-01,SKU00046,Nike,Tier 1,Performance Apparel,Consignment,Mass,Men,Fashion,Seasonal,0,1,0.839025511376695,0.0018960526315789,0.0021855263157894,128753.92,11,8296,124.61842105263158,959.0281578947368,0.22835477854153646,0.7716452214584635,0.0441,0.18425477854153646,High Margin + Low Sell-through,Targeted Marketing / Control Inventory,Medium
2026-02-01,SKU00047,On Running,Tier 1,Running Shoes,Consignment,Premium,Unisex,Fashion,Seasonal,0,1,0.8182671624248786,0.0017105263157894,0.0037776315789473,356087.76,13,8049,144.97368421052633,906.8815789473684,0.2254299180912187,0.7745700819087813,0.0315,0.1939299180912187,High Margin + Low Sell-through,Targeted Marketing / Control Inventory,Medium
2026-02-01,SKU00048,Adidas,Tier 1,Sportswear,Consignment,Mass,Women,Core Basic,Seasonal,1,0,0.8230335916124433,0.0113881578947368,0.0097644736842105,236889.57,90,8751,291.6842105263158,641.7623684210527,0.1283501555282969,0.8716498444717031,0.0343,0.0940501555282969,High Margin + High Sell-through,Main Push / Monitor Inventory,Low
2026-02-01,SKU00049,Asics,Tier 3,Bags,Buyout,Premium,Unisex,Fashion,Seasonal,0,1,0.2349457604604826,0.0010552631578947,0.0003526315789473,1097822.66,10,7942,133.57894736842104,956.7894736842104,0.1927884626295591,0.8072115373704409,0.149,0.0437884626295591,Low Margin + Low Sell-through,Clearance / Eliminate,High
2026-02-01,SKU00050,Lululemon,Tier 1,Performance Apparel,Consignment,Mass,Unisex,Limited,Seasonal,0,1,0.8225432155756983,0.0119828947368421,0.0451026315789473,75274.5,84,8025,140.85526315789474,647.6048684210526,0.23318446953712968,0.7668155304628703,0.0139,0.21928446953712968,High Margin + High Sell-through,Main Push / Monitor Inventory,Low
2026-02-01,SKU00051,Salomon,Tier 3,Sportswear,Buyout,Entry,Men,Core Basic,Core,0,1,0.0251801101850543,0.0009592105263157,2.631578947368421e-05,258824.13,9,8439,131.01315789473685,956.0832894736842,0.18915312973792506,0.8108468702620749,0.1794,0.009753129737925054,Low Margin + Low Sell-through,Clearance / Eliminate,High
2026-02-01,SKU00052,Brand B,Tier 2,Kids Apparel,Own Brand,Entry,Women,Fashion,Seasonal,0,0,0.1534761002608687,0.0034868421052631,0.0006894736842105,498302.28,32,9342,151.5,838.1272368421053,0.24247177569753373,0.7575282243024662,0.2002,0.04227177569753374,Low Margin + Low Sell-through,Clearance / Eliminate,High
2026-02-01,SKU00053,Nike,Tier 1,Basketball Shoes,Consignment,Mass,Unisex,Clearance,Seasonal,1,0,0.826753154502215,0.0133355263157894,0.0192921052631578,250531.96,86,7994,130.67105263157896,644.7319736842105,0.23027938853283705,0.769720611467163,0.0486,0.18167938853283705,High Margin + High Sell-through,Main Push / Monitor Inventory,Low
2026-02-01,SKU00054,Adidas,Tier 1,Performance Apparel,Consignment,Premium,Women,Core Basic,Seasonal,1,0,0.816814403736534,0.0023078947368421,0.0014802631578947,572944.92,17,8458,302.38157894736844,911.9105263157894,0.12804403350673527,0.8719559664932648,0.04889999999999999,0.07914403350673527,High Margin + Low Sell-through,Targeted Marketing / Control Inventory,Medium
2026-02-01,SKU00055,Adidas,Tier 1,Underwear,Consignment,Mass,Kids,Clearance,Seasonal,1,0,0.8165059371514793,0.0017118421052631,0.0067473684210526,60997.5,10,8133,122.92105263157896,959.4236842105264,0.22763178806696496,0.7723682119330351,0.0114,0.21623178806696497,High Margin + Low Sell-through,Targeted Marketing / Control Inventory,Medium
2026-02-01,SKU00056,New Balance,Tier 3,Underwear,Buyout,Entry,Women,Performance,Seasonal,0,1,0.3211204645624882,0.0082605263157894,0.0043131578947368,154293.75,52,8229,135.35526315789474,749.6911842105263,0.19591177126828802,0.8040882287317119,0.1369,0.05901177126828802,Low Margin + High Sell-through,Traffic Driver / Control Discount,Medium
2026-02-01,SKU00057,Brand A,Tier 2,Accessories,Own Brand,Mass,Kids,Core Basic,Seasonal,0,0,0.5148603416104492,0.0130078947368421,0.0165144736842105,379972.56,108,9713,132.72368421052633,601.1718421052632,0.25587895362705265,0.7441210463729473,0.1271,0.12877895362705266,High Margin + High Sell-through,Main Push / Monitor Inventory,Low
2026-02-01,SKU00058,Skechers,Tier 3,Basketball Shoes,Consignment,Premium,Men,Fashion,Seasonal,0,1,0.8127404176079354,0.005553947368421,0.0086263157894736,326825.6,41,8720,148.42105263157896,807.6517105263158,0.19783313594134305,0.802166864058657,0.0389,0.15893313594134306,High Margin + Low Sell-through,Targeted Marketing / Control Inventory,Medium
2026-02-01,SKU00059,Columbia,Tier 3,Outdoor Apparel,Buyout,Premium,Men,Fashion,Seasonal,0,1,0.544510510007537,0.0036171052631578,0.0047315789473684,875679.0,25,8050,134.31578947368422,840.328947368421,0.19913541703118268,0.8008645829688174,0.0867,0.11243541703118268,High Margin + Low Sell-through,Targeted Marketing / Control Inventory,Medium
2026-02-01,SKU00060,Brand A,Tier 2,Outdoor Apparel,Own Brand,Mass,Women,Core Basic,Core,0,1,0.2990219566504129,0.0024565789473684,0.0011736842105263,674623.62,20,9042,134.67105263157896,893.0263157894736,0.2593854172676126,0.7406145827323873,0.1778,0.08158541726761259,Low Margin + Low Sell-through,Clearance / Eliminate,High
2026-02-01,SKU00061,Brooks Brothers,Tier 1,Kids Apparel,Consignment,Mass,Women,Core Basic,Core,0,1,0.8437793042799391,0.0083855263157894,0.0139552631578947,192101.52,55,8031,135.4078947368421,735.4403947368421,0.23669437859837403,0.7633056214016259,0.0425,0.19419437859837402,High Margin + High Sell-through,Main Push / Monitor Inventory,Low
2026-02-01,SKU00062,Salomon,Tier 3,Training Shoes,Consignment,Mass,Men,Performance,Seasonal,0,0,0.7932398417835312,0.0004697368421052,0.0003631578947368,286104.82,2,7873,135.3684210526316,981.8684210526316,0.20485241988905578,0.7951475801109442,0.04820000000000001,0.15665241988905576,High Margin + Low Sell-through,Targeted Marketing / Control Inventory,Medium
2026-02-01,SKU00063,Puma,Tier 3,Kids Apparel,Buyout,Mass,Women,Performance,Seasonal,0,1,0.4538682012691872,0.0139763157894736,0.0144026315789473,275080.02,102,8231,135.43421052631578,611.8613157894737,0.1999783224489915,0.8000216775510085,0.1108,0.0891783224489915,Low Margin + High Sell-through,Traffic Driver / Control Discount,Medium
2026-02-01,SKU00064,Reebok Underwear,Tier 2,Training Shoes,Buyout,Premium,Women,Core Basic,Core,0,1,0.4511127122086074,0.0055078947368421,0.0055907894736842,1385109.74,39,8141,133.44736842105263,815.4648684210526,0.19755927725004208,0.8024407227499579,0.1161,0.08145927725004208,Low Margin + Low Sell-through,Clearance / Eliminate,High
2026-02-01,SKU00065,Asics,Tier 3,Sportswear,Buyout,Mass,Kids,Clearance,Seasonal,1,0,0.4302836963939469,0.0033315789473684,0.0027986842105263,400419.46,21,7994,140.28947368421052,909.4325,0.2018834505486063,0.7981165494513938,0.1036,0.0982834505486063,Low Margin + Low Sell-through,Clearance / Eliminate,High
2026-02-01,SKU00066,Hoka,Tier 1,Yoga Apparel,Buyout,Premium,Women,Fashion,Seasonal,0,1,0.6142533511247357,0.0042671052631578,0.0079828947368421,792205.12,32,8522,135.98684210526315,846.892105263158,0.23240057026162678,0.7675994297383733,0.0881,0.1443005702616268,High Margin + Low Sell-through,Targeted Marketing / Control Inventory,Medium
2026-02-01,SKU00067,Cole Haan,Tier 2,Performance Apparel,Buyout,Luxury,Unisex,Performance,Seasonal,1,0,-0.0755759567757666,0.0089118421052631,-0.0006513157894736,2642561.94,72,10047,293.55263157894734,745.5507894736842,0.12795669016232053,0.8720433098376794,0.1395,-0.011543309837679483,Low Margin + High Sell-through,Traffic Driver / Control Discount,Medium
2026-02-01,SKU00068,Brand B,Tier 2,Yoga Apparel,Own Brand,Mass,Men,Performance,Seasonal,0,1,0.5249946235866475,0.0061815789473684,0.0078302631578947,893561.84,51,9508,146.64473684210526,771.6227631578947,0.2561367795922748,0.7438632204077251,0.1204,0.13573677959227481,High Margin + Low Sell-through,Targeted Marketing / Control Inventory,Medium
2026-02-01,SKU00069,Under Armour,Tier 3,Bags,Consignment,Mass,Men,Fashion,Seasonal,1,0,0.8297057274027245,0.0074881578947368,0.0169723684210526,75831.7,60,8530,307.7894736842105,769.4965789473684,0.12594442842094702,0.874055571579053,0.015599999999999998,0.11034442842094702,High Margin + High Sell-through,Main Push / Monitor Inventory,Low
2026-02-01,SKU00070,Columbia,Tier 3,Bags,Consignment,Premium,Women,Fashion,Seasonal,0,1,0.8029312581063554,0.001125,0.0009184210526315,439543.56,7,7914,125.64473684210526,956.5131578947368,0.21463401438080829,0.7853659856191917,0.0434,0.1712340143808083,High Margin + Low Sell-through,Targeted Marketing / Control Inventory,Medium
2026-02-01,SKU00071,Cole Haan,Tier 2,Kids Apparel,Buyout,Premium,Women,Performance,Seasonal,0,1,0.5715389745380166,0.0131763157894736,0.0204842105263157,641827.2,124,9551,205.32894736842104,576.4598684210526,0.15732978963254712,0.8426702103674528,0.067,0.09032978963254712,High Margin + High Sell-through,Main Push / Monitor Inventory,Low
2026-02-01,SKU00072,Brand B,Tier 2,Training Shoes,Own Brand,Premium,Unisex,Core Basic,Seasonal,1,0,-0.0494293044793532,0.0061328947368421,-0.0002657894736842,1099418.52,51,9194,312.2368421052632,755.4359210526316,0.12814946801194027,0.8718505319880597,0.1295,-0.0013505319880597333,Low Margin + Low Sell-through,Clearance / Eliminate,High
2026-02-01,SKU00073,The North Face,Tier 3,Basketball Shoes,Consignment,Premium,Men,Limited,Seasonal,0,1,0.7627267007686626,0.0005368421052631,0.0010513157894736,269486.71,5,8269,130.98684210526315,971.4430263157894,0.19063181517817368,0.8093681848218264,0.0206,0.17003181517817367,High Margin + Low Sell-through,Targeted Marketing / Control Inventory,Medium
2026-02-01,SKU00074,Champion,Tier 3,Outdoor Apparel,Buyout,Premium,Unisex,Limited,Seasonal,0,1,0.4851351028870705,0.0035710526315789,0.0039947368421052,1240995.54,23,7782,132.56578947368422,891.4342105263158,0.20427369924778466,0.7957263007522153,0.1011,0.10317369924778466,Low Margin + Low Sell-through,Clearance / Eliminate,High
2026-02-01,SKU00075,Skechers,Tier 3,Training Shoes,Consignment,Mass,Unisex,Performance,Seasonal,0,1,0.8071247241927447,0.0037407894736842,0.0036552631578947,212805.9,30,7911,121.60526315789474,858.9069736842106,0.2069504327505111,0.7930495672494889,0.0475,0.15945043275051107,High Margin + Low Sell-through,Targeted Marketing / Control Inventory,Medium
2026-02-01,SKU00076,Asics,Tier 3,Yoga Apparel,Buyout,Mass,Unisex,Performance,Seasonal,0,1,0.2961504346283484,0.0103197368421052,0.0050868421052631,843015.81,76,8499,128.18421052631578,650.438552631579,0.19949293580236485,0.8005070641976352,0.1383,0.061192935802364845,Low Margin + High Sell-through,Traffic Driver / Control Discount,Medium
2026-02-01,SKU00077,Lululemon,Tier 1,Kids Apparel,Buyout,Premium,Women,Core Basic,Core,0,1,0.2536226955121921,0.0031618421052631,0.0012526315789473,1729883.88,26,8037,131.25,865.0832894736842,0.22988523065200478,0.7701147693479953,0.1718,0.05808523065200477,Low Margin + Low Sell-through,Clearance / Eliminate,High
2026-02-01,SKU00078,Champion,Tier 3,Accessories,Buyout,Mass,Men,Performance,Seasonal,0,1,0.1432245422815504,0.0051657894736842,0.0010486842105263,807669.12,33,7937,124.53947368421052,817.3157894736842,0.19484900328066182,0.8051509967193382,0.178,0.01684900328066183,Low Margin + Low Sell-through,Clearance / Eliminate,High
2026-02-01,SKU00079,Cole Haan,Tier 2,Performance Apparel,Buyout,Luxury,Women,Clearance,Seasonal,1,0,0.3704753691044616,0.0094434210526315,0.0066749999999999,1657771.29,85,10171,206.30263157894737,689.108552631579,0.15481803245172288,0.8451819675482771,0.0946,0.06021803245172287,Low Margin + High Sell-through,Traffic Driver / Control Discount,Medium
2026-02-01,SKU00080,Nike,Tier 1,Sportswear,Consignment,Premium,Unisex,Clearance,Seasonal,1,0,0.8217354371446415,0.0058802631578947,0.0074276315789473,431818.64,47,8317,137.94736842105263,788.4157894736842,0.22885370567120014,0.7711462943287999,0.0454,0.18345370567120015,High Margin + Low Sell-through,Targeted Marketing / Control Inventory,Medium
2026-02-01,SKU00081,Reebok Underwear,Tier 2,Training Shoes,Consignment,Premium,Unisex,Core Basic,Core,0,1,0.8258451442063498,0.0131184210526315,0.0198776315789473,231342.5,97,7585,133.9078947368421,575.8430263157894,0.2030639994399355,0.7969360005600645,0.028,0.1750639994399355,High Margin + High Sell-through,Main Push / Monitor Inventory,Low
2026-02-01,SKU00082,Brand B,Tier 2,Basketball Shoes,Own Brand,Premium,Men,Core Basic,Core,0,1,0.5426182725789138,0.0033197368421052,0.0042105263157894,1754512.1,30,9130,133.85526315789474,861.5509210526316,0.26582520996647047,0.7341747900335296,0.1203,0.14552520996647045,High Margin + Low Sell-through,Targeted Marketing / Control Inventory,Medium
2026-02-01,SKU00083,Adidas,Tier 1,Underwear,Consignment,Mass,Unisex,Core Basic,Core,0,1,0.8253212237722022,0.0183973684210526,0.0241078947368421,206512.17,138,8089,140.17105263157896,513.4760526315789,0.23231559041902342,0.7676844095809766,0.0453,0.1870155904190234,High Margin + High Sell-through,Main Push / Monitor Inventory,Low
2026-02-01,SKU00084,Cole Haan,Tier 2,Kids Apparel,Buyout,Mass,Unisex,Core Basic,Seasonal,1,0,0.411720139437265,0.0121723684210526,0.0098026315789473,344141.22000000003,127,10347,300.19736842105266,562.1963157894737,0.13149209502794773,0.8685079049720523,0.0797,0.05179209502794774,Low Margin + High Sell-through,Traffic Driver / Control Discount,Medium
2026-02-01,SKU00085,Brooks Brothers,Tier 1,Accessories,Buyout,Mass,Women,Performance,Seasonal,0,1,0.4092530215969883,0.0035828947368421,0.0031407894736842,499281.99,24,8373,121.34210526315788,864.8201315789474,0.2254704825467784,0.7745295174532216,0.1354,0.09007048254677841,Low Margin + Low Sell-through,Clearance / Eliminate,High
2026-02-01,SKU00086,Brooks Brothers,Tier 1,Accessories,Buyout,Mass,Unisex,Performance,Seasonal,0,0,0.5520356234096692,0.0024368421052631,0.0033105263157894,301679.28,18,8568,137.82894736842104,889.6447368421053,0.2315829671783159,0.7684170328216842,0.1022,0.12938296717831588,High Margin + Low Sell-through,Targeted Marketing / Control Inventory,Medium
2026-02-01,SKU00087,The North Face,Tier 3,Underwear,Consignment,Mass,Men,Fashion,Seasonal,0,1,0.8320327416652066,0.0082407894736842,0.0143644736842105,170651.79,58,8353,130.51315789473685,721.0676315789474,0.1973801811683973,0.8026198188316027,0.0312,0.1661801811683973,High Margin + High Sell-through,Main Push / Monitor Inventory,Low
2026-02-01,SKU00088,The North Face,Tier 3,Performance Apparel,Buyout,Mass,Women,Fashion,Seasonal,0,1,0.5323090765329771,0.0037986842105263,0.0049118421052631,476571.55,29,8057,129.73684210526315,831.9430263157894,0.19641348024024374,0.8035865197597563,0.0895,0.10691348024024375,High Margin + Low Sell-through,Targeted Marketing / Control Inventory,Medium
2026-02-01,SKU00089,Puma,Tier 3,Training Shoes,Buyout,Premium,Unisex,Performance,Seasonal,0,1,0.3157898087665781,0.0053052631578947,0.0025815789473684,1537460.6,43,8788,139.1184210526316,774.1930263157894,0.19859975628669546,0.8014002437133045,0.1442,0.054399756286695466,Low Margin + Low Sell-through,Clearance / Eliminate,High
2026-02-01,SKU00090,Cole Haan,Tier 2,Sportswear,Buyout,Mass,Kids,Limited,Seasonal,0,1,0.5665741945138305,0.0049184210526315,0.0071973684210526,336754.74,44,9838,221.22368421052636,814.3315789473684,0.157880151934424,0.842119848065576,0.0737,0.084180151934424,High Margin + Low Sell-through,Targeted Marketing / Control Inventory,Medium
2026-02-01,SKU00091,Brand B,Tier 2,Outdoor Apparel,Own Brand,Premium,Kids,Core Basic,Seasonal,1,0,-0.0783429972609955,0.0105,-0.0007828947368421,1663995.15,89,8997,290.94736842105266,641.8018421052632,0.13084080459161576,0.8691591954083843,0.1364,-0.005559195408384232,Low Margin + High Sell-through,Traffic Driver / Control Discount,Medium
2026-02-01,SKU00092,Skechers,Tier 3,Accessories,Buyout,Mass,Women,Limited,Seasonal,0,1,0.3684432346445015,0.0049052631578947,0.0033644736842105,425337.5,41,8750,133.98684210526315,821.0122368421053,0.1910279208162533,0.8089720791837467,0.1208,0.0702279208162533,Low Margin + Low Sell-through,Clearance / Eliminate,High
2026-02-01,SKU00093,Columbia,Tier 3,Running Shoes,Consignment,Premium,Men,Core Basic,Seasonal,0,0,0.8153518214416184,0.00545,0.0128434210526315,200797.35,42,7921,128.3421052631579,793.8394736842106,0.19708969616491195,0.802910303835088,0.0227,0.17438969616491196,High Margin + Low Sell-through,Targeted Marketing / Control Inventory,Medium
2026-02-01,SKU00094,Cole Haan,Tier 2,Training Shoes,Buyout,Premium,Unisex,Fashion,Seasonal,0,1,0.6606163900257281,0.0029894736842105,0.0068578947368421,523949.49,17,9497,213.75,904.0657894736842,0.1627347036740763,0.8372652963259237,0.0565,0.10623470367407631,High Margin + Low Sell-through,Targeted Marketing / Control Inventory,Medium
2026-02-01,SKU00095,Puma,Tier 3,Lifestyle Apparel,Consignment,Premium,Women,Fashion,Seasonal,0,1,0.81416478646907,0.0073355263157894,0.0068684210526315,429668.76,54,9138,132.5,763.8246052631579,0.19998805642057776,0.8000119435794222,0.0481,0.15188805642057776,High Margin + High Sell-through,Main Push / Monitor Inventory,Low
2026-02-01,SKU00096,Reebok Underwear,Tier 2,Sportswear,Buyout,Premium,Unisex,Core Basic,Core,0,1,0.2353541885420134,0.0120223684210526,0.0045605263157894,1172671.92,103,8428,128.6184210526316,644.3514473684211,0.19637229878883503,0.803627701211165,0.1577,0.03867229878883502,Low Margin + High Sell-through,Traffic Driver / Control Discount,Medium
2026-02-01,SKU00097,Nike,Tier 1,Lifestyle Apparel,Consignment,Mass,Kids,Core Basic,Seasonal,0,0,0.8241453746497007,0.0159197368421052,0.0182631578947368,207505.92,92,7872,139.0921052631579,591.4455263157895,0.23394167138645167,0.7660583286135483,0.043,0.19094167138645168,High Margin + High Sell-through,Main Push / Monitor Inventory,Low
2026-02-01,SKU00098,Reebok Underwear,Tier 2,Bags,Consignment,Premium,Women,Performance,Seasonal,0,1,0.8283911397125879,0.0053157894736842,0.0216052631578947,169796.35,40,8303,127.25,787.2938157894737,0.20678677826768294,0.7932132217323171,0.0131,0.19368677826768294,High Margin + Low Sell-through,Targeted Marketing / Control Inventory,Medium
2026-02-01,SKU00099,Adidas,Tier 1,Bags,Buyout,Premium,Unisex,Fashion,Seasonal,0,1,0.5405223737276742,0.0025197368421052,0.0031934210526315,808952.1,21,8453,137.10526315789474,876.561447368421,0.22541217595186322,0.7745878240481368,0.1112,0.11421217595186323,High Margin + Low Sell-through,Targeted Marketing / Control Inventory,Medium
2026-02-01,SKU00100,Brand B,Tier 2,Underwear,Own Brand,Entry,Men,Performance,Seasonal,1,0,-0.1243604450996369,0.0344565789473684,-0.0042934210526315,276007.57,255,8321,305.7368421052632,297.13723684210527,0.12973278318105905,0.8702672168189409,0.1454,-0.015667216818940954,Low Margin + High Sell-through,Traffic Driver / Control Discount,Medium
2026-02-01,SKU00101,Brand B,Tier 2,Underwear,Own Brand,Entry,Women,Limited,Seasonal,0,1,0.4495780678495644,0.0085394736842105,0.007975,210276.4,68,9826,144.67105263157896,703.592894736842,0.2529450560577746,0.7470549439422254,0.1408,0.11214505605777461,Low Margin + High Sell-through,Traffic Driver / Control Discount,Medium
2026-02-01,SKU00102,Lululemon,Tier 1,Outdoor Apparel,Consignment,Luxury,Men,Core Basic,Core,0,1,0.8245337129272121,0.0162881578947368,0.0643763157894736,277489.73,123,8599,126.14473684210526,570.1455263157894,0.23055853041818164,0.7694414695818184,0.014600000000000002,0.21595853041818164,High Margin + High Sell-through,Main Push / Monitor Inventory,Low
2026-02-01,SKU00103,Puma,Tier 3,Basketball Shoes,Buyout,Premium,Women,Core Basic,Core,0,1,0.5816673730018863,0.0084171052631578,0.013328947368421,764445.5499999999,73,8527,137.1578947368421,719.2989473684211,0.19354033838522888,0.8064596616147711,0.0832,0.11034033838522889,High Margin + High Sell-through,Main Push / Monitor Inventory,Low
2026-02-01,SKU00104,The North Face,Tier 3,Outdoor Apparel,Consignment,Premium,Women,Clearance,Seasonal,1,0,0.0,0.0,0.0,294293.71,0,8269,131.47368421052633,999.0,0.19231781203777448,0.8076821879622256,0.0337,0.15861781203777447,Low Margin + Low Sell-through,Clearance / Eliminate,High
2026-02-01,SKU00105,Nike,Tier 1,Performance Apparel,Buyout,Premium,Kids,Core Basic,Core,0,1,0.3793429221520716,0.0186921052631578,0.0137013157894736,1025594.06,147,8243,143.3684210526316,490.7152631578948,0.22981414689314333,0.7701858531068566,0.1432,0.08661414689314334,Low Margin + High Sell-through,Traffic Driver / Control Discount,Medium
2026-02-01,SKU00106,Skechers,Tier 3,Training Shoes,Buyout,Premium,Kids,Clearance,Seasonal,1,0,0.4017855874427995,0.0127894736842105,0.0094486842105263,680911.96,97,8714,301.2105263157895,607.5959210526316,0.13181275512076357,0.8681872448792365,0.0791,0.052712755120763566,Low Margin + High Sell-through,Traffic Driver / Control Discount,Medium
2026-02-01,SKU00107,New Balance,Tier 3,Kids Apparel,Buyout,Mass,Men,Core Basic,Seasonal,1,0,0.2612817798634225,0.0085986842105263,0.0041342105263157,480836.32,65,8084,290.85526315789474,742.6711842105263,0.12835744123213308,0.8716425587678669,0.0952,0.03315744123213307,Low Margin + High Sell-through,Traffic Driver / Control Discount,Medium
2026-02-01,SKU00108,Brand A,Tier 2,Lifestyle Apparel,Own Brand,Mass,Men,Core Basic,Seasonal,1,0,0.0710761367374307,0.0018197368421052,0.0001118421052631,807388.66,12,8797,311.3684210526316,939.0394736842104,0.1293389256253447,0.8706610743746553,0.1224,0.006938925625344691,Low Margin + Low Sell-through,Clearance / Eliminate,High
2026-02-01,SKU00109,Brooks Brothers,Tier 1,Sportswear,Buyout,Mass,Unisex,Core Basic,Core,0,1,0.4628942294666031,0.0101934210526315,0.0099960526315789,564240.82,88,8294,134.75,650.8451315789474,0.23440364579927056,0.7655963542007295,0.1266,0.10780364579927057,Low Margin + High Sell-through,Traffic Driver / Control Discount,Medium
2026-02-01,SKU00110,Nike,Tier 1,Underwear,Consignment,Entry,Women,Core Basic,Core,0,1,0.8099472386889119,0.0056407894736842,0.0265355263157894,30586.41,51,8289,141.06578947368422,771.1228947368421,0.2285822313580807,0.7714177686419192,0.0152,0.2133822313580807,High Margin + Low Sell-through,Targeted Marketing / Control Inventory,Medium
2026-02-01,SKU00111,Puma,Tier 3,Training Shoes,Buyout,Mass,Men,Core Basic,Core,0,1,0.5784155157869786,0.0204381578947368,0.0320236842105263,433774.74,165,8454,136.17105263157896,469.83960526315786,0.19186904182797093,0.8081309581720291,0.08139999999999999,0.11046904182797095,High Margin + High Sell-through,Main Push / Monitor Inventory,Low
2026-02-01,SKU00112,Nike,Tier 1,Sportswear,Consignment,Mass,Men,Clearance,Seasonal,1,0,0.816222600882968,0.0146144736842105,0.0241368421052631,111668.32,105,8284,143.8421052631579,538.5938157894736,0.22880587130836263,0.7711941286916374,0.0236,0.20520587130836263,High Margin + High Sell-through,Main Push / Monitor Inventory,Low
2026-02-01,SKU00113,Patagonia,Tier 3,Kids Apparel,Buyout,Premium,Women,Clearance,Seasonal,1,0,0.1728227386924942,0.0146486842105263,0.0037894736842105,1413871.2,113,8312,118.21052631578948,505.4193421052632,0.1976116166011486,0.8023883833988514,0.1644,0.0332116166011486,Low Margin + High Sell-through,Traffic Driver / Control Discount,Medium
2026-02-01,SKU00114,Adidas,Tier 1,Performance Apparel,Buyout,Mass,Unisex,Core Basic,Core,0,1,0.6351819449865838,0.0062802631578947,0.012453947368421,317601.0,33,7842,130.27631578947367,823.8184210526315,0.23544831881941083,0.7645516811805891,0.0834,0.15204831881941083,High Margin + Low Sell-through,Targeted Marketing / Control Inventory,Medium
2026-02-01,SKU00115,Champion,Tier 3,Lifestyle Apparel,Buyout,Mass,Men,Fashion,Seasonal,0,1,0.3677429543152291,0.0088828947368421,0.0053671052631578,412315.02,61,7661,130.6578947368421,689.6763157894737,0.1886821299829104,0.8113178700170895,0.1225,0.0661821299829104,Low Margin + High Sell-through,Traffic Driver / Control Discount,Medium
2026-02-01,SKU00116,Columbia,Tier 3,Yoga Apparel,Buyout,Mass,Unisex,Clearance,Seasonal,1,0,0.3016508254127064,0.0078986842105263,0.0039723684210526,348190.32,58,8314,134.22368421052633,727.359605263158,0.19761806144529692,0.8023819385547031,0.1366,0.06101806144529692,Low Margin + High Sell-through,Traffic Driver / Control Discount,Medium
2026-02-01,SKU00117,Cole Haan,Tier 2,Training Shoes,Buyout,Mass,Kids,Core Basic,Core,0,1,0.3616154071646849,0.0026815789473684,0.0016131578947368,657520.6,25,10340,208.8815789473684,873.0219736842105,0.1570239405944338,0.8429760594055662,0.1026,0.05442394059443381,Low Margin + Low Sell-through,Clearance / Eliminate,High
2026-02-01,SKU00118,Hoka,Tier 1,Basketball Shoes,Consignment,Premium,Unisex,Performance,Seasonal,0,1,0.8194998523528015,0.0061144736842105,0.0116644736842105,306375.42,43,7878,142.1578947368421,795.5411842105262,0.22841741500291632,0.7715825849970837,0.0365,0.19191741500291631,High Margin + Low Sell-through,Targeted Marketing / Control Inventory,Medium
2026-02-01,SKU00119,Columbia,Tier 3,Yoga Apparel,Buyout,Premium,Kids,Clearance,Seasonal,1,0,0.1028946407901801,0.0063592105263157,0.0007526315789473,1692143.8,37,7790,145.14473684210526,800.1886842105263,0.19676269502270086,0.8032373049772992,0.1673,0.029462695022700852,Low Margin + Low Sell-through,Clearance / Eliminate,High
2026-02-01,SKU00120,Skechers,Tier 3,Outdoor Apparel,Buyout,Premium,Unisex,Core Basic,Core,0,1,0.1098504000237932,0.0113947368421052,0.0018263157894736,1526168.02,81,7943,121.63157894736842,635.6617105263158,0.2025639476973133,0.7974360523026867,0.1698,0.032763947697313306,Low Margin + High Sell-through,Traffic Driver / Control Discount,Medium
2026-02-01,SKU00121,Brooks Brothers,Tier 1,Yoga Apparel,Consignment,Premium,Women,Core Basic,Seasonal,1,0,0.8170573438226011,0.0180999999999999,0.0326749999999999,126895.63,144,8171,303.85526315789474,485.5360526315789,0.13057311198694216,0.8694268880130578,0.0155,0.11507311198694216,High Margin + High Sell-through,Main Push / Monitor Inventory,Low
2026-02-01,SKU00122,Champion,Tier 3,Basketball Shoes,Buyout,Premium,Unisex,Fashion,Seasonal,0,1,0.4586411619264764,0.0097105263157894,0.0098907894736842,1192492.8,71,8576,144.23684210526315,695.6026315789474,0.20265992514291517,0.7973400748570848,0.1145,0.08815992514291517,Low Margin + High Sell-through,Traffic Driver / Control Discount,Medium
2026-02-01,SKU00123,Brand A,Tier 2,Lifestyle Apparel,Own Brand,Entry,Women,Performance,Seasonal,0,1,0.22586142621292,0.0040302631578947,0.0016342105263157,325860.78,32,8967,137.78947368421052,873.3727631578947,0.2557059695267506,0.7442940304732494,0.1838,0.07190596952675063,Low Margin + Low Sell-through,Clearance / Eliminate,High
2026-02-01,SKU00124,Patagonia,Tier 3,Running Shoes,Consignment,Premium,Men,Performance,Seasonal,0,1,0.8339896215423868,0.019103947368421,0.0300828947368421,402755.82,146,8238,139.75,446.646447368421,0.20091833310450855,0.7990816668954914,0.04019999999999999,0.16071833310450856,High Margin + High Sell-through,Main Push / Monitor Inventory,Low
2026-02-01,SKU00125,Columbia,Tier 3,Running Shoes,Buyout,Premium,Unisex,Performance,Seasonal,0,1,0.536134295442274,0.0168486842105263,0.0222710526315789,902295.85,117,7685,139.22368421052633,586.338947368421,0.1982594402392054,0.8017405597607946,0.0894,0.1088594402392054,High Margin + High Sell-through,Main Push / Monitor Inventory,Low
2026-02-01,SKU00126,Hoka,Tier 1,Basketball Shoes,Consignment,Mass,Kids,Fashion,Seasonal,0,1,0.8339219300084979,0.0079934210526315,0.0449434210526315,43000.32,57,8144,123.23684210526316,700.6921052631578,0.23047324385706586,0.7695267561429342,0.0117,0.21877324385706587,High Margin + High Sell-through,Main Push / Monitor Inventory,Low
2026-02-01,SKU00127,Skechers,Tier 3,Kids Apparel,Buyout,Premium,Women,Core Basic,Seasonal,1,0,-0.1104827649263966,0.0113960526315789,-0.0011960526315789,960986.36,84,8308,293.5394736842105,615.4417105263158,0.12994346054684838,0.8700565394531516,0.1396,-0.009656539453151619,Low Margin + High Sell-through,Traffic Driver / Control Discount,Medium
2026-02-01,SKU00128,Reebok Underwear,Tier 2,Kids Apparel,Consignment,Entry,Kids,Fashion,Seasonal,0,0,0.800114302043149,0.001678947368421,0.0027342105263157,36624.97,9,8381,130.43421052631578,956.9736842105264,0.21090742735196155,0.7890925726480384,0.0261,0.18480742735196154,High Margin + Low Sell-through,Targeted Marketing / Control Inventory,Medium
2026-02-01,SKU00129,Hoka,Tier 1,Training Shoes,Buyout,Mass,Women,Core Basic,Core,0,1,0.3711660228673932,0.0068736842105263,0.0043973684210526,722249.88,49,8371,127.17105263157896,749.6622368421052,0.2396447078617621,0.7603552921382379,0.149,0.0906447078617621,Low Margin + High Sell-through,Traffic Driver / Control Discount,Medium
2026-02-01,SKU00130,Reebok Underwear,Tier 2,Performance Apparel,Consignment,Mass,Men,Fashion,Seasonal,1,0,0.8203175984337612,0.011578947368421,0.0056236842105263,165393.75,104,8821,290.5131578947368,568.8552631578947,0.12784922213443042,0.8721507778655696,0.0434,0.08444922213443043,High Margin + High Sell-through,Main Push / Monitor Inventory,Low
2026-02-01,SKU00131,Cole Haan,Tier 2,Lifestyle Apparel,Buyout,Premium,Women,Core Basic,Seasonal,0,0,0.1020339646923873,0.0007552631578947,5e-05,1595171.2,6,9940,199.31578947368425,971.4868421052632,0.15661270193675397,0.843387298063246,0.1248,0.03181270193675398,Low Margin + Low Sell-through,Clearance / Eliminate,High
2026-02-01,SKU00132,Columbia,Tier 3,Running Shoes,Buyout,Premium,Women,Core Basic,Core,0,1,0.5185346502807671,0.002003947368421,0.0024197368421052,920466.58,13,8327,139.22368421052633,938.4605263157896,0.2003204668292916,0.7996795331707084,0.1106,0.0897204668292916,High Margin + Low Sell-through,Targeted Marketing / Control Inventory,Medium
2026-02-01,SKU00133,Brooks Brothers,Tier 1,Performance Apparel,Buyout,Mass,Kids,Performance,Seasonal,0,0,0.6300894526390832,0.0118381578947368,0.0232236842105263,414427.5,90,8150,135.85526315789474,662.2286842105262,0.23338719544984124,0.7666128045501588,0.08469999999999998,0.14868719544984127,High Margin + High Sell-through,Main Push / Monitor Inventory,Low
2026-02-01,SKU00134,Reebok Underwear,Tier 2,Lifestyle Apparel,Buyout,Premium,Men,Performance,Seasonal,1,0,0.4227424749163879,0.0107697368421052,0.0093407894736842,507081.54,75,8394,289.3421052631579,725.12,0.12957229052815677,0.8704277094718432,0.0732,0.056372290528156774,Low Margin + High Sell-through,Traffic Driver / Control Discount,Medium
2026-02-01,SKU00135,Brand A,Tier 2,Sportswear,Own Brand,Mass,Kids,Fashion,Seasonal,0,1,0.4792885358430288,0.0028473684210526,0.0020986842105263,518445.84,17,9134,125.09210526315788,910.1272368421052,0.25165367145405393,0.7483463285459461,0.1357,0.11595367145405394,Low Margin + Low Sell-through,Clearance / Eliminate,High
2026-02-01,SKU00136,Patagonia,Tier 3,Sportswear,Buyout,Mass,Men,Performance,Seasonal,0,0,0.1839567975722529,0.0057342105263157,0.0010302631578947,1004943.94,37,7777,137.1184210526316,797.3552631578947,0.20708962523280589,0.7929103747671942,0.1731,0.03398962523280588,Low Margin + Low Sell-through,Clearance / Eliminate,High
2026-02-01,SKU00137,Nike,Tier 1,Running Shoes,Buyout,Premium,Women,Performance,Seasonal,0,1,0.3289538833013111,0.0043078947368421,0.0021486842105263,1767949.12,34,8416,127.39473684210526,815.8157894736842,0.23075470758243335,0.7692452924175667,0.1518,0.07895470758243336,Low Margin + Low Sell-through,Clearance / Eliminate,High
2026-02-01,SKU00138,Columbia,Tier 3,Bags,Consignment,Mass,Men,Performance,Seasonal,0,1,0.8330845567128681,0.0076723684210526,0.0117105263157894,116466.07,56,8711,143.0,727.3728947368421,0.19243878573661852,0.8075612142633815,0.0316,0.16083878573661853,High Margin + High Sell-through,Main Push / Monitor Inventory,Low
2026-02-01,SKU00139,Reebok Underwear,Tier 2,Basketball Shoes,Consignment,Premium,Women,Performance,Seasonal,0,1,0.8174984621078375,0.006478947368421,0.0079842105263157,335988.0,39,8100,128.53947368421052,816.8027631578948,0.19383286664525473,0.8061671333547453,0.0342,0.15963286664525472,High Margin + High Sell-through,Main Push / Monitor Inventory,Low
2026-02-01,SKU00140,Under Armour,Tier 3,Running Shoes,Consignment,Premium,Unisex,Core Basic,Core,0,1,0.8123679577464789,0.0028723684210526,0.007025,219019.32,19,7947,134.19736842105263,874.7280263157895,0.1991962565057132,0.8008037434942867,0.0235,0.17569625650571322,High Margin + Low Sell-through,Targeted Marketing / Control Inventory,Medium
2026-02-01,SKU00141,Under Armour,Tier 3,Training Shoes,Consignment,Premium,Women,Performance,Seasonal,0,1,0.8180342623680271,0.0080197368421052,0.0325934210526315,128991.76,61,8588,141.18421052631578,741.1990789473684,0.20175326371326327,0.7982467362867367,0.0142,0.18755326371326328,High Margin + High Sell-through,Main Push / Monitor Inventory,Low
2026-02-01,SKU00142,Brand B,Tier 2,Basketball Shoes,Own Brand,Mass,Women,Core Basic,Seasonal,1,0,-0.5687927247285061,0.0158868421052631,-0.0065407894736842,813851.4,109,8490,288.89473684210526,570.5668421052632,0.12964749730759795,0.870352502692402,0.206,-0.07635250269240204,Low Margin + High Sell-through,Traffic Driver / Control Discount,Medium
2026-02-01,SKU00143,Brooks Brothers,Tier 1,Kids Apparel,Consignment,Mass,Women,Core Basic,Seasonal,0,0,0.8279451109806005,0.0123894736842105,0.015003947368421,169705.12,77,7864,127.86842105263158,627.1818421052632,0.22745925300323958,0.7725407469967605,0.047599999999999996,0.17985925300323957,High Margin + High Sell-through,Main Push / Monitor Inventory,Low
2026-02-01,SKU00144,New Balance,Tier 3,Outdoor Apparel,Buyout,Mass,Women,Core Basic,Core,0,1,0.4828811872473815,0.003753947368421,0.0041052631578947,639835.26,30,8377,134.3421052631579,841.671052631579,0.19313465204030034,0.8068653479596997,0.1015,0.09163465204030033,Low Margin + Low Sell-through,Clearance / Eliminate,High
2026-02-01,SKU00145,Brand A,Tier 2,Running Shoes,Own Brand,Premium,Unisex,Performance,Seasonal,0,1,0.3157354713087428,0.0121776315789473,0.0062197368421052,2330326.26,101,9047,134.92105263157896,607.5026315789473,0.25518131773151626,0.7448186822684837,0.1744,0.08078131773151626,Low Margin + High Sell-through,Traffic Driver / Control Discount,Medium
2026-02-01,SKU00146,Fila,Tier 3,Outdoor Apparel,Buyout,Premium,Women,Core Basic,Core,0,1,0.4066899763600073,0.0022644736842105,0.0020052631578947,1204555.43,14,8047,144.76315789473685,907.407894736842,0.20252368359161518,0.7974763164083848,0.114,0.08852368359161518,Low Margin + Low Sell-through,Clearance / Eliminate,High
2026-02-01,SKU00147,Asics,Tier 3,Underwear,Buyout,Mass,Men,Performance,Seasonal,1,0,0.4495784148397976,0.004653947368421,0.0042197368421052,287150.4,36,7820,287.1578947368421,864.9705263157894,0.1332794081279367,0.8667205918720633,0.0757,0.0575794081279367,Low Margin + Low Sell-through,Clearance / Eliminate,High
2026-02-01,SKU00148,Brooks Brothers,Tier 1,Training Shoes,Buyout,Premium,Women,Performance,Seasonal,0,1,0.6291366555361597,0.0100723684210526,0.0204947368421052,811305.28,82,8144,134.3684210526316,690.1746052631579,0.22489773805897573,0.7751022619410243,0.0841,0.14079773805897572,High Margin + High Sell-through,Main Push / Monitor Inventory,Low
2026-02-01,SKU00149,Cole Haan,Tier 2,Sportswear,Buyout,Premium,Men,Core Basic,Seasonal,1,0,0.5480782767844573,0.0113986842105263,0.0151960526315789,582796.8,107,10118,300.32894736842104,603.7880263157895,0.1335056361258093,0.8664943638741907,0.061000000000000006,0.07250563612580929,High Margin + High Sell-through,Main Push / Monitor Inventory,Low
2026-02-01,SKU00150,Columbia,Tier 3,Lifestyle Apparel,Buyout,Mass,Women,Core Basic,Core,0,1,0.1491269266973178,0.0051881578947368,0.0008921052631578,808236.0,41,7850,136.55263157894737,829.6372368421053,0.1947380557278904,0.8052619442721096,0.1568,0.03793805572789041,Low Margin + Low Sell-through,Clearance / Eliminate,High
2026-02-01,SKU00151,Champion,Tier 3,Performance Apparel,Consignment,Premium,Men,Fashion,Seasonal,0,1,0.8351818638352825,0.0048644736842105,0.0056342105263157,262507.7,36,8281,132.53947368421052,872.1578947368421,0.19762956628692857,0.8023704337130715,0.0283,0.16932956628692858,High Margin + Low Sell-through,Targeted Marketing / Control Inventory,Medium
2026-02-01,SKU00152,Brand A,Tier 2,Performance Apparel,Own Brand,Premium,Men,Limited,Seasonal,0,1,0.4848813414927823,0.0065223684210526,0.0070999999999999,1551840.78,50,9114,144.85526315789474,774.140394736842,0.2549960053526361,0.7450039946473639,0.1325,0.1224960053526361,Low Margin + High Sell-through,Traffic Driver / Control Discount,Medium
2026-02-01,SKU00153,Brand B,Tier 2,Sportswear,Own Brand,Premium,Women,Fashion,Seasonal,0,1,0.4114145671155544,0.0101868421052631,0.0082631578947368,1739466.58,87,9467,134.3815789473684,665.5819736842105,0.2568479728408107,0.7431520271591894,0.1507,0.10614797284081068,Low Margin + High Sell-through,Traffic Driver / Control Discount,Medium
2026-02-01,SKU00154,Brand A,Tier 2,Underwear,Own Brand,Mass,Unisex,Performance,Seasonal,0,1,0.3983737712397023,0.0095447368421052,0.0071223684210526,578887.1,79,9031,143.51315789473685,637.8307894736841,0.2496422005717664,0.7503577994282336,0.1557,0.09394220057176639,Low Margin + High Sell-through,Traffic Driver / Control Discount,Medium
2026-02-01,SKU00155,Brand A,Tier 2,Outdoor Apparel,Own Brand,Luxury,Unisex,Performance,Seasonal,0,1,0.2308942971475309,0.0025881578947368,0.0009486842105263,3809086.59,21,9431,142.5,877.2368421052631,0.2530701990184117,0.7469298009815883,0.1959,0.05717019901841172,Low Margin + Low Sell-through,Clearance / Eliminate,High
2026-02-01,SKU00156,The North Face,Tier 3,Lifestyle Apparel,Buyout,Mass,Women,Performance,Seasonal,0,0,0.484377177874305,0.0095486842105263,0.0104934210526315,690323.2,78,8512,133.43421052631578,668.6325,0.20367152731748886,0.7963284726825112,0.1026,0.10107152731748886,Low Margin + High Sell-through,Traffic Driver / Control Discount,Medium
2026-02-01,SKU00157,Brand A,Tier 2,Accessories,Own Brand,Mass,Women,Fashion,Seasonal,0,1,0.337662027795054,0.0071052631578947,0.0042710526315789,701007.01,54,9091,145.44736842105263,764.8815789473684,0.2543793717590925,0.7456206282409075,0.1737,0.08067937175909248,Low Margin + High Sell-through,Traffic Driver / Control Discount,Medium
2026-02-01,SKU00158,Cole Haan,Tier 2,Bags,Buyout,Premium,Men,Core Basic,Seasonal,1,0,0.5021098938733575,0.0034302631578947,0.0035986842105263,816176.02,29,9691,292.9078947368421,877.1,0.1309508950166158,0.8690491049833842,0.0638,0.06715089501661581,Low Margin + Low Sell-through,Clearance / Eliminate,High
2026-02-01,SKU00159,Lululemon,Tier 1,Training Shoes,Consignment,Premium,Men,Fashion,Seasonal,1,0,0.8380955578685828,0.0048565789473684,0.0040710526315789,603803.04,38,8728,302.7368421052632,854.328947368421,0.13027248198894942,0.8697275180110506,0.045,0.08527248198894942,High Margin + Low Sell-through,Targeted Marketing / Control Inventory,Medium
2026-02-01,SKU00160,Champion,Tier 3,Bags,Consignment,Premium,Kids,Limited,Seasonal,1,0,0.8090274989033801,0.0067210526315789,0.0125921052631578,130180.53,49,7933,298.07894736842104,780.7543421052632,0.13054326781069606,0.869456732189304,0.0192,0.11134326781069606,High Margin + High Sell-through,Main Push / Monitor Inventory,Low
2026-02-01,SKU00161,New Balance,Tier 3,Outdoor Apparel,Consignment,Mass,Women,Core Basic,Core,0,1,0.8285669569176484,0.0056526315789473,0.0079815789473684,86590.52,47,8782,130.3815789473684,793.8464473684211,0.20212608784435063,0.7978739121556494,0.030499999999999996,0.17162608784435063,High Margin + Low Sell-through,Targeted Marketing / Control Inventory,Medium
2026-02-01,SKU00162,Champion,Tier 3,Underwear,Buyout,Entry,Women,Performance,Seasonal,0,1,0.4219195533964126,0.0084828947368421,0.0070026315789473,274287.96,67,8691,143.72368421052633,693.2881578947369,0.197964091912198,0.802035908087802,0.1134,0.08456409191219799,Low Margin + High Sell-through,Traffic Driver / Control Discount,Medium
2026-02-01,SKU00163,Adidas,Tier 1,Outdoor Apparel,Consignment,Luxury,Women,Limited,Seasonal,0,1,0.8246569938193135,0.0070394736842105,0.0080631578947368,607794.84,51,8046,143.92105263157896,774.4490789473684,0.22926285868504592,0.7707371413149541,0.0413,0.18796285868504592,High Margin + High Sell-through,Main Push / Monitor Inventory,Low
2026-02-01,SKU00164,Adidas,Tier 1,Underwear,Buyout,Mass,Women,Core Basic,Core,0,1,0.3564463106715655,0.0075118421052631,0.0049697368421052,747901.44,56,8172,143.96052631578948,719.6402631578948,0.2290820866552572,0.7709179133447428,0.1474,0.0816820866552572,Low Margin + High Sell-through,Traffic Driver / Control Discount,Medium
2026-02-01,SKU00165,Brand B,Tier 2,Underwear,Own Brand,Mass,Unisex,Fashion,Seasonal,1,0,-0.6824219940788352,0.0061,-0.002778947368421,1050044.94,59,9513,299.94736842105266,743.6402631578948,0.12898333302961756,0.8710166669703825,0.2189,-0.08991666697038245,Low Margin + Low Sell-through,Clearance / Eliminate,High
2026-02-01,SKU00166,Brooks Brothers,Tier 1,Underwear,Buyout,Entry,Women,Fashion,Seasonal,0,0,0.6348081322570899,0.0035276315789473,0.0069118421052631,125490.51,26,7713,133.6184210526316,851.7368421052631,0.23510474366140097,0.764895256338599,0.0903,0.14480474366140095,High Margin + Low Sell-through,Targeted Marketing / Control Inventory,Medium
2026-02-01,SKU00167,Brand B,Tier 2,Yoga Apparel,Own Brand,Premium,Unisex,Performance,Seasonal,0,0,0.2889938455549207,0.0048065789473684,0.0020578947368421,1996917.32,43,9556,133.51315789473685,822.4956578947368,0.25515430082271234,0.7448456991772876,0.1888,0.06635430082271235,Low Margin + Low Sell-through,Clearance / Eliminate,High
2026-02-01,SKU00168,Cole Haan,Tier 2,Sportswear,Buyout,Entry,Women,Core Basic,Core,0,1,0.6040150727650727,0.0006447368421052,0.0011657894736842,124569.61,5,10219,209.26315789473685,962.4868421052632,0.15978820163545912,0.8402117983645409,0.0607,0.09908820163545912,High Margin + Low Sell-through,Targeted Marketing / Control Inventory,Medium
2026-02-01,SKU00169,Brand A,Tier 2,Basketball Shoes,Own Brand,Mass,Women,Performance,Seasonal,0,0,0.3434910925911766,0.022678947368421,0.0139447368421052,628771.36,171,8348,133.0,466.5585526315789,0.25126240643840686,0.7487375935615932,0.167,0.08426240643840685,Low Margin + High Sell-through,Traffic Driver / Control Discount,Medium
2026-02-01,SKU00170,Nike,Tier 1,Lifestyle Apparel,Buyout,Premium,Unisex,Limited,Seasonal,0,1,0.5637065443818138,0.0063381578947368,0.0103105263157894,826793.52,43,8157,132.21052631578948,821.5421052631579,0.2369120500988633,0.7630879499011367,0.102,0.1349120500988633,High Margin + Low Sell-through,Targeted Marketing / Control Inventory,Medium
2026-02-01,SKU00171,Brooks Brothers,Tier 1,Sportswear,Consignment,Mass,Women,Core Basic,Core,0,1,0.8201768439423791,0.0069342105263157,0.0341,44573.66,55,8458,132.67105263157896,722.6227631578947,0.23079862291018627,0.7692013770898137,0.0118,0.21899862291018626,High Margin + High Sell-through,Main Push / Monitor Inventory,Low
2026-02-01,SKU00172,Nike,Tier 1,Running Shoes,Consignment,Premium,Kids,Fashion,Seasonal,0,1,0.8176408621131451,0.0043526315789473,0.0068657894736842,304746.42,31,8007,131.1315789473684,859.7622368421053,0.2363545327456973,0.7636454672543027,0.0426,0.1937545327456973,High Margin + Low Sell-through,Targeted Marketing / Control Inventory,Medium
2026-02-01,SKU00173,Champion,Tier 3,Bags,Buyout,Mass,Women,Fashion,Seasonal,0,1,0.511511897407791,0.0042986842105263,0.0048355263157894,265923.28,33,8344,136.05263157894737,829.0219736842105,0.20521261985893316,0.7947873801410669,0.0924,0.11281261985893316,High Margin + Low Sell-through,Targeted Marketing / Control Inventory,Medium
2026-02-01,SKU00174,Nike,Tier 1,Yoga Apparel,Consignment,Mass,Men,Fashion,Seasonal,0,1,0.8259326369643999,0.0068749999999999,0.0104973684210526,88952.34,58,8922,130.05263157894737,748.2193421052631,0.23140731208186985,0.7685926879181302,0.0261,0.20530731208186984,High Margin + High Sell-through,Main Push / Monitor Inventory,Low
2026-02-01,SKU00175,Under Armour,Tier 3,Sportswear,Consignment,Entry,Women,Core Basic,Seasonal,0,0,0.8160568570676494,0.0059605263157894,0.0199,33385.38,38,8223,152.28947368421052,826.9386842105263,0.20058749072749238,0.7994125092725076,0.0159,0.18468749072749238,High Margin + Low Sell-through,Targeted Marketing / Control Inventory,Medium
2026-02-01,SKU00176,Salomon,Tier 3,Underwear,Buyout,Mass,Women,Fashion,Seasonal,0,0,0.0868130838509878,0.0068026315789473,0.0008578947368421,974677.2,47,8246,133.27631578947367,781.0307894736842,0.2007385350491394,0.7992614649508606,0.1797,0.021038535049139412,Low Margin + High Sell-through,Traffic Driver / Control Discount,Medium
2026-02-01,SKU00177,Brooks Brothers,Tier 1,Lifestyle Apparel,Buyout,Premium,Unisex,Core Basic,Core,0,1,0.6455915351719362,0.0011263157894736,0.0022723684210526,680681.61,9,7773,141.3421052631579,945.6227631578948,0.2221426798219533,0.7778573201780468,0.0955,0.1266426798219533,High Margin + Low Sell-through,Targeted Marketing / Control Inventory,Medium
2026-02-01,SKU00178,Puma,Tier 3,Training Shoes,Buyout,Premium,Unisex,Clearance,Seasonal,1,0,0.2990789501290309,0.018753947368421,0.0084407894736842,1263814.2,128,7810,131.32894736842104,516.1967105263158,0.20018815907553866,0.7998118409244613,0.1388,0.061388159075538656,Low Margin + High Sell-through,Traffic Driver / Control Discount,Medium
2026-02-01,SKU00179,Brooks Brothers,Tier 1,Kids Apparel,Buyout,Entry,Men,Fashion,Seasonal,0,1,0.6507638794161777,0.0025894736842105,0.005728947368421,144807.74,22,7777,130.26315789473685,895.9035526315789,0.2305675244083428,0.7694324755916572,0.0811,0.1494675244083428,High Margin + Low Sell-through,Targeted Marketing / Control Inventory,Medium
2026-02-01,SKU00180,Skechers,Tier 3,Underwear,Consignment,Mass,Women,Core Basic,Seasonal,0,0,0.8288934894128751,0.0046210526315789,0.0077592105263157,200913.57,31,7839,120.76315789473684,836.0834210526315,0.19095571036258396,0.809044289637416,0.0411,0.14985571036258397,High Margin + Low Sell-through,Targeted Marketing / Control Inventory,Medium
2026-02-01,SKU00181,Brand A,Tier 2,Training Shoes,Own Brand,Luxury,Women,Core Basic,Seasonal,0,0,0.329478151378072,0.0176776315789473,0.009828947368421,2722508.88,158,9589,148.18421052631578,492.076447368421,0.2553524328019983,0.7446475671980017,0.1711,0.08425243280199832,Low Margin + High Sell-through,Traffic Driver / Control Discount,Medium
2026-02-01,SKU00182,The North Face,Tier 3,Basketball Shoes,Buyout,Luxury,Unisex,Core Basic,Core,0,1,0.1826330398305312,0.0082407894736842,0.0022223684210526,2122098.3,63,8145,138.21052631578948,689.9815789473683,0.19617788483465048,0.8038221151653495,0.1619,0.034277884834650496,Low Margin + High Sell-through,Traffic Driver / Control Discount,Medium
2026-02-01,SKU00183,Adidas,Tier 1,Bags,Consignment,Mass,Unisex,Fashion,Seasonal,0,0,0.8347690807346693,0.00775,0.014853947368421,149805.25,61,8735,130.18421052631578,736.0982894736842,0.23166522027635797,0.7683347797236421,0.0319,0.19976522027635796,High Margin + High Sell-through,Main Push / Monitor Inventory,Low
2026-02-01,SKU00184,The North Face,Tier 3,Kids Apparel,Buyout,Premium,Men,Performance,Seasonal,0,0,0.1716376466978599,0.0019421052631578,0.0004355263157894,1853959.36,13,8927,135.93421052631578,930.3640789473684,0.19878927479237493,0.801210725207625,0.1629,0.03588927479237494,Low Margin + Low Sell-through,Clearance / Eliminate,High
2026-02-01,SKU00185,Adidas,Tier 1,Outdoor Apparel,Buyout,Premium,Men,Core Basic,Seasonal,1,0,0.164129353409972,0.0073631578947368,0.0017526315789473,836501.96,45,7972,296.3157894736842,802.3267105263158,0.1353136861451145,0.8646863138548855,0.1186,0.016713686145114495,Low Margin + High Sell-through,Traffic Driver / Control Discount,Medium
2026-02-01,SKU00186,New Balance,Tier 3,Sportswear,Consignment,Mass,Unisex,Core Basic,Core,0,1,0.8390678379697413,0.0015552631578947,0.0030921052631578,139811.23,13,9061,142.19736842105263,948.657894736842,0.2059585782665068,0.7940414217334932,0.0226,0.18335857826650678,High Margin + Low Sell-through,Targeted Marketing / Control Inventory,Medium
2026-02-01,SKU00187,New Balance,Tier 3,Sportswear,Consignment,Premium,Women,Performance,Seasonal,0,1,0.8355872469469716,0.0010960526315789,0.0061657894736842,83491.28,10,8572,134.1578947368421,940.3157894736842,0.19439212902109382,0.8056078709789062,0.0102,0.18419212902109383,High Margin + Low Sell-through,Targeted Marketing / Control Inventory,Medium
2026-02-01,SKU00188,Brand B,Tier 2,Basketball Shoes,Own Brand,Premium,Men,Fashion,Seasonal,1,0,-0.0347143010868395,0.0255907894736842,-0.0005355263157894,1514296.74,228,9449,315.82894736842104,351.6327631578947,0.12936097919800812,0.8706390208019918,0.1298,-0.000439020801991874,Low Margin + High Sell-through,Traffic Driver / Control Discount,Medium
2026-02-01,SKU00189,Salomon,Tier 3,Basketball Shoes,Buyout,Mass,Unisex,Core Basic,Core,0,1,0.4025319523548155,0.0043934210526315,0.0038105263157894,784433.99,27,8423,121.75,874.5648684210526,0.20282916454582461,0.7971708354541753,0.1242,0.07862916454582461,Low Margin + Low Sell-through,Clearance / Eliminate,High
2026-02-01,SKU00190,Reebok Underwear,Tier 2,Running Shoes,Buyout,Luxury,Kids,Core Basic,Core,0,1,0.2505941479471884,0.0091144736842105,0.0033631578947368,2137942.89,77,8493,142.10526315789474,674.6334210526315,0.19828060191780086,0.8017193980821992,0.1524,0.045880601917800856,Low Margin + High Sell-through,Traffic Driver / Control Discount,Medium
2026-02-01,SKU00191,Under Armour,Tier 3,Basketball Shoes,Consignment,Premium,Women,Limited,Seasonal,0,1,0.8200877506428995,0.0039842105263157,0.0084671052631578,263414.72000000003,23,8224,134.1315789473684,899.927105263158,0.1970727756693607,0.8029272243306393,0.0226,0.1744727756693607,High Margin + Low Sell-through,Targeted Marketing / Control Inventory,Medium
2026-02-01,SKU00192,Brand B,Tier 2,Training Shoes,Own Brand,Mass,Men,Performance,Seasonal,0,0,0.3963163248915778,0.0035078947368421,0.0025368421052631,649981.2,30,9608,130.57894736842104,855.561447368421,0.2596585976100649,0.7403414023899351,0.1468,0.11285859761006486,Low Margin + Low Sell-through,Clearance / Eliminate,High
2026-02-01,SKU00193,Salomon,Tier 3,Running Shoes,Buyout,Premium,Men,Performance,Seasonal,0,1,0.1536504131338239,0.0271263157894736,0.0063276315789473,1776504.64,196,8249,117.67105263157896,386.8084210526316,0.19890385777295666,0.8010961422270433,0.1738,0.02510385777295665,Low Margin + High Sell-through,Traffic Driver / Control Discount,Medium
2026-02-01,SKU00194,Puma,Tier 3,Kids Apparel,Buyout,Mass,Women,Core Basic,Seasonal,0,0,0.4145801377051449,0.0042776315789473,0.0032565789473684,425368.8,40,8380,129.81578947368422,808.8215789473685,0.19752282655544443,0.8024771734445556,0.1132,0.08432282655544443,Low Margin + Low Sell-through,Clearance / Eliminate,High
2026-02-01,SKU00195,Brooks Brothers,Tier 1,Bags,Buyout,Premium,Unisex,Fashion,Seasonal,0,0,0.6483745796983348,0.0024105263157894,0.0051684210526315,950486.4,15,7720,136.07894736842104,931.3702631578948,0.2231859986613451,0.7768140013386549,0.0843,0.1388859986613451,High Margin + Low Sell-through,Targeted Marketing / Control Inventory,Medium
2026-02-01,SKU00196,Asics,Tier 3,Accessories,Consignment,Entry,Unisex,Fashion,Seasonal,0,1,0.8255556483957219,0.0076236842105263,0.0121197368421052,39342.56,57,8062,152.28947368421052,746.488552631579,0.2025794695758488,0.7974205304241512,0.0356,0.1669794695758488,High Margin + High Sell-through,Main Push / Monitor Inventory,Low
2026-02-01,SKU00197,Adidas,Tier 1,Sportswear,Consignment,Entry,Kids,Performance,Seasonal,0,0,0.8258593193134676,0.0142131578947368,0.0221631578947368,84394.8,118,8568,139.27631578947367,538.467894736842,0.22826417319953335,0.7717358268004666,0.0466,0.18166417319953335,High Margin + High Sell-through,Main Push / Monitor Inventory,Low
2026-02-01,SKU00198,Adidas,Tier 1,Running Shoes,Consignment,Premium,Unisex,Core Basic,Seasonal,1,0,0.8312944151706273,0.0123131578947368,0.0146223684210526,364029.12,95,8334,305.10526315789474,617.188947368421,0.13125714579153822,0.8687428542084618,0.0369,0.09435714579153821,High Margin + High Sell-through,Main Push / Monitor Inventory,Low
2026-02-01,SKU00199,Patagonia,Tier 3,Accessories,Buyout,Mass,Unisex,Core Basic,Seasonal,0,0,0.5728228164954362,0.0057157894736842,0.008703947368421,280490.79,45,8301,140.0,807.4798684210526,0.20213219641827893,0.797867803581721,0.08579999999999999,0.11633219641827894,High Margin + Low Sell-through,Targeted Marketing / Control Inventory,Medium
2026-02-01,SKU00200,Nike,Tier 1,Basketball Shoes,Buyout,Premium,Men,Clearance,Seasonal,1,0,0.4120289147641127,0.0040276315789473,0.00345,1334419.46,27,7934,127.17105263157896,818.4868421052631,0.23388863541664898,0.766111364583351,0.1355,0.09838863541664897,Low Margin + Low Sell-through,Clearance / Eliminate,High
2026-02-01,SKU00201,Brooks Brothers,Tier 1,Underwear,Buyout,Entry,Women,Core Basic,Seasonal,0,0,0.6168095227656356,0.0054421052631578,0.0099907894736842,72781.2,38,7911,134.3815789473684,821.3552631578947,0.23363080529236505,0.766369194707635,0.0909,0.14273080529236504,High Margin + Low Sell-through,Targeted Marketing / Control Inventory,Medium
2026-02-01,SKU00202,Reebok Underwear,Tier 2,Outdoor Apparel,Buyout,Premium,Unisex,Performance,Seasonal,0,1,0.4610581211830096,0.0021328947368421,0.0021592105263157,842503.2,17,9118,153.69736842105263,908.2193421052632,0.19976826555682148,0.8002317344431785,0.10740000000000001,0.09236826555682147,Low Margin + Low Sell-through,Clearance / Eliminate,High
2026-02-01,SKU00203,Under Armour,Tier 3,Outdoor Apparel,Buyout,Premium,Men,Fashion,Seasonal,0,0,0.3281558527925371,0.0086249999999999,0.0043763157894736,1315828.5,57,8475,123.39473684210526,747.2105263157895,0.1986441490071447,0.8013558509928553,0.1318,0.0668441490071447,Low Margin + High Sell-through,Traffic Driver / Control Discount,Medium
2026-02-01,SKU00204,Skechers,Tier 3,Accessories,Buyout,Mass,Women,Clearance,Seasonal,1,0,0.5211994553050433,0.0045302631578947,0.0055749999999999,498574.78,40,8378,128.02631578947367,798.7481578947369,0.19844829819758356,0.8015517018024164,0.0915,0.10694829819758356,High Margin + Low Sell-through,Targeted Marketing / Control Inventory,Medium
2026-02-01,SKU00205,On Running,Tier 1,Sportswear,Consignment,Entry,Men,Fashion,Seasonal,0,1,0.817087062652563,0.001625,0.0069881578947368,20008.62,11,8234,125.10526315789474,928.157894736842,0.22571341030903602,0.774286589690964,0.0141,0.21161341030903602,High Margin + Low Sell-through,Targeted Marketing / Control Inventory,Medium
2026-02-01,SKU00206,Skechers,Tier 3,Running Shoes,Buyout,Premium,Women,Performance,Seasonal,1,0,0.5382050359671666,0.0064394736842105,0.0083934210526315,676912.97,47,7769,299.3684210526316,766.8377631578948,0.12811601169400863,0.8718839883059913,0.0626,0.06551601169400863,High Margin + High Sell-through,Main Push / Monitor Inventory,Low
2026-02-01,SKU00207,Patagonia,Tier 3,Sportswear,Buyout,Entry,Men,Fashion,Seasonal,0,1,0.5428778542950343,0.0016276315789473,0.0022552631578947,176483.92,12,8396,155.76315789473685,915.4342105263158,0.19609469671932492,0.8039053032806751,0.0834,0.11269469671932492,High Margin + Low Sell-through,Targeted Marketing / Control Inventory,Medium
2026-02-01,SKU00208,Adidas,Tier 1,Training Shoes,Consignment,Premium,Unisex,Clearance,Seasonal,1,0,0.8194971114069706,0.0088736842105263,0.02105,301904.4,65,7620,138.6578947368421,704.2815789473684,0.22793336457332883,0.7720666354266712,0.029699999999999997,0.19823336457332882,High Margin + High Sell-through,Main Push / Monitor Inventory,Low
2026-02-01,SKU00209,Skechers,Tier 3,Yoga Apparel,Consignment,Premium,Men,Performance,Seasonal,0,0,0.8213431430201042,0.0050921052631578,0.021275,95977.2,41,7932,136.35526315789474,788.6578947368421,0.19876496050893813,0.8012350394910619,0.0125,0.18626496050893812,High Margin + Low Sell-through,Targeted Marketing / Control Inventory,Medium
2026-02-01,SKU00210,Asics,Tier 3,Yoga Apparel,Consignment,Entry,Unisex,Fashion,Seasonal,0,0,0.8345138441725691,0.0038973684210526,0.007753947368421,43780.2,26,7860,125.03947368421052,831.671052631579,0.19686821106356006,0.80313178893644,0.0225,0.17436821106356007,High Margin + Low Sell-through,Targeted Marketing / Control Inventory,Medium
2026-02-01,SKU00211,Cole Haan,Tier 2,Lifestyle Apparel,Buyout,Premium,Women,Core Basic,Core,0,1,0.6769079614245508,0.0073710526315789,0.0182276315789473,597909.63,53,9257,227.01315789473685,778.9056578947369,0.15593302095444286,0.8440669790455572,0.0524,0.10353302095444286,High Margin + High Sell-through,Main Push / Monitor Inventory,Low
2026-02-01,SKU00212,Lululemon,Tier 1,Basketball Shoes,Buyout,Mass,Unisex,Core Basic,Seasonal,0,0,0.4402475458813487,0.0044302631578947,0.0040486842105263,657140.19,37,8351,114.84210526315788,810.9693421052631,0.22651686733780427,0.7734831326621957,0.1303,0.09621686733780427,Low Margin + Low Sell-through,Clearance / Eliminate,High
2026-02-01,SKU00213,Adidas,Tier 1,Lifestyle Apparel,Consignment,Mass,Unisex,Performance,Seasonal,0,1,0.8252070623409156,0.0066065789473684,0.0127684210526315,186321.84,52,8108,142.32894736842104,717.0307894736842,0.2298552362047113,0.7701447637952887,0.0324,0.19745523620471128,High Margin + High Sell-through,Main Push / Monitor Inventory,Low
2026-02-01,SKU00214,Skechers,Tier 3,Bags,Consignment,Premium,Unisex,Core Basic,Seasonal,0,0,0.8145715724817332,0.0057355263157894,0.0071486842105263,259888.85,38,8507,144.0,810.5911842105263,0.20628765673343105,0.7937123432665689,0.027599999999999996,0.17868765673343107,High Margin + Low Sell-through,Targeted Marketing / Control Inventory,Medium
2026-02-01,SKU00215,Brand A,Tier 2,Underwear,Own Brand,Mass,Women,Clearance,Seasonal,1,0,0.2278740275846518,0.0059394736842105,0.0018763157894736,1306282.89,45,9537,127.57894736842104,806.8159210526316,0.2525841033337045,0.7474158966662955,0.204,0.048584103333704526,Low Margin + Low Sell-through,Clearance / Eliminate,High
2026-02-01,SKU00216,Columbia,Tier 3,Training Shoes,Buyout,Premium,Kids,Performance,Seasonal,1,0,0.5971225834196688,0.0071763157894736,0.0113815789473684,552348.0,45,8040,304.88157894736844,772.9201315789473,0.13096976663648158,0.8690302333635185,0.0526,0.07836976663648157,High Margin + High Sell-through,Main Push / Monitor Inventory,Low
2026-02-01,SKU00217,Nike,Tier 1,Underwear,Consignment,Mass,Women,Fashion,Seasonal,1,0,0.8211469185084217,0.025325,0.0171565789473684,217489.7,180,7955,301.88157894736844,469.4996052631579,0.12897281263752183,0.8710271873624782,0.0425,0.08647281263752182,High Margin + High Sell-through,Main Push / Monitor Inventory,Low
2026-02-01,SKU00218,Nike,Tier 1,Yoga Apparel,Consignment,Premium,Women,Fashion,Seasonal,0,1,0.8458182398104481,0.0030894736842105,0.0181671052631578,92190.0,27,8780,137.57894736842104,875.5481578947368,0.22626981684013503,0.773730183159865,0.0123,0.21396981684013502,High Margin + Low Sell-through,Targeted Marketing / Control Inventory,Medium
2026-02-01,SKU00219,Adidas,Tier 1,Lifestyle Apparel,Buyout,Premium,Men,Core Basic,Core,0,1,0.4256576882977538,0.0025592105263157,0.0021697368421052,1241591.76,23,8388,143.31578947368422,878.3332894736842,0.23348436543470902,0.766515634565291,0.1358,0.09768436543470901,Low Margin + Low Sell-through,Clearance / Eliminate,High
2026-02-01,SKU00220,Nike,Tier 1,Accessories,Consignment,Entry,Unisex,Performance,Seasonal,0,0,0.8314451006387851,0.0081894736842105,0.0182881578947368,42354.0,42,8145,130.42105263157896,783.3894736842105,0.2321703338975227,0.7678296661024773,0.0246,0.2075703338975227,High Margin + High Sell-through,Main Push / Monitor Inventory,Low
2026-02-01,SKU00221,On Running,Tier 1,Accessories,Consignment,Mass,Unisex,Core Basic,Core,0,1,0.8112796700602775,0.0044394736842105,0.0036105263157894,276399.54,24,8391,117.65789473684212,853.521052631579,0.22991312859207588,0.7700868714079241,0.04750000000000001,0.18241312859207587,High Margin + Low Sell-through,Targeted Marketing / Control Inventory,Medium
2026-02-01,SKU00222,Reebok Underwear,Tier 2,Training Shoes,Consignment,Mass,Women,Limited,Seasonal,0,1,0.8540011157255315,0.0028921052631578,0.0026999999999999,304800.08,20,7921,149.39473684210526,910.771052631579,0.20213659538628234,0.7978634046137176,0.0487,0.15343659538628235,High Margin + Low Sell-through,Targeted Marketing / Control Inventory,Medium
2026-02-01,SKU00223,Brand A,Tier 2,Basketball Shoes,Own Brand,Premium,Women,Performance,Seasonal,0,1,0.2718908655295776,0.0055815789473684,0.0022710526315789,1908337.86,47,9126,133.35526315789474,784.5035526315789,0.24624346271429454,0.7537565372857055,0.1846,0.06164346271429455,Low Margin + Low Sell-through,Clearance / Eliminate,High
2026-02-01,SKU00224,Under Armour,Tier 3,Accessories,Buyout,Entry,Unisex,Limited,Seasonal,1,0,0.1198084845785547,0.0037657894736842,0.0006407894736842,84277.84,30,7996,274.5263157894737,860.4605263157895,0.12610072712673417,0.8738992728732659,0.1049,0.02120072712673418,Low Margin + Low Sell-through,Clearance / Eliminate,High
2026-02-01,SKU00225,Champion,Tier 3,Performance Apparel,Buyout,Premium,Unisex,Performance,Seasonal,0,1,0.3054673108338257,0.0092315789473684,0.0041697368421052,1638122.4,69,7542,134.18421052631578,670.0447368421053,0.2021461814399445,0.7978538185600554,0.1367,0.06544618143994452,Low Margin + High Sell-through,Traffic Driver / Control Discount,Medium
2026-02-01,SKU00226,Brand B,Tier 2,Basketball Shoes,Own Brand,Premium,Women,Core Basic,Core,0,1,0.3071848802264595,0.013253947368421,0.0068447368421052,2582148.1,118,9359,131.07894736842104,545.0034210526316,0.25129017683454863,0.7487098231654514,0.1731,0.07819017683454862,Low Margin + High Sell-through,Traffic Driver / Control Discount,Medium
2026-02-01,SKU00227,Champion,Tier 3,Kids Apparel,Buyout,Entry,Men,Performance,Seasonal,0,0,0.189924198515791,0.0099592105263157,0.0024210526315789,353469.9,68,8430,140.32894736842104,699.0482894736842,0.1947649355711308,0.8052350644288692,0.1638,0.03096493557113081,Low Margin + High Sell-through,Traffic Driver / Control Discount,Medium
2026-02-01,SKU00228,Cole Haan,Tier 2,Accessories,Buyout,Entry,Unisex,Fashion,Seasonal,0,1,0.2180319005136523,0.0066907894736842,0.0020157894736842,258096.44,65,10357,226.32894736842104,743.2847368421053,0.15516704713584967,0.8448329528641503,0.13,0.025167047135849663,Low Margin + High Sell-through,Traffic Driver / Control Discount,Medium
2026-02-01,SKU00229,Brand B,Tier 2,Training Shoes,Own Brand,Premium,Women,Clearance,Seasonal,1,0,-0.2926870546582762,0.0141526315789473,-0.0036592105263157,2234221.71,110,8913,298.75,594.7168421052633,0.12764779478603389,0.8723522052139661,0.1664,-0.03875220521396611,Low Margin + High Sell-through,Traffic Driver / Control Discount,Medium
2026-02-01,SKU00230,Salomon,Tier 3,Yoga Apparel,Consignment,Mass,Unisex,Performance,Seasonal,1,0,0.8240969803351527,0.0078605263157894,0.0170131578947368,101281.41,62,8109,294.88157894736844,686.8290789473684,0.13352327802144015,0.8664767219785598,0.0174,0.11612327802144015,High Margin + High Sell-through,Main Push / Monitor Inventory,Low
2026-02-01,SKU00231,Puma,Tier 3,Basketball Shoes,Buyout,Premium,Unisex,Fashion,Seasonal,0,1,0.2236322230579246,0.0074105263157894,0.0024907894736842,1070047.22,56,8074,145.47368421052633,749.4080263157895,0.19911523134629194,0.8008847686537081,0.162,0.03711523134629194,Low Margin + High Sell-through,Traffic Driver / Control Discount,Medium
2026-02-01,SKU00232,Reebok Underwear,Tier 2,Sportswear,Consignment,Mass,Women,Clearance,Seasonal,1,0,0.8314262139896638,0.0111197368421052,0.0163131578947368,199448.28,83,8269,133.23684210526315,659.1107894736842,0.19586124082271933,0.8041387591772806,0.0412,0.15466124082271931,High Margin + High Sell-through,Main Push / Monitor Inventory,Low
2026-02-01,SKU00233,Brand A,Tier 2,Bags,Own Brand,Premium,Women,Core Basic,Core,0,1,0.4630639563708478,0.0047710526315789,0.0047513157894736,1904812.89,45,9257,135.89473684210526,787.3184210526315,0.2503753368232547,0.7496246631767454,0.1344,0.1159753368232547,Low Margin + Low Sell-through,Clearance / Eliminate,High
2026-02-01,SKU00234,New Balance,Tier 3,Accessories,Buyout,Mass,Women,Core Basic,Core,0,1,0.3234184627529133,0.0023302631578947,0.0012355263157894,595044.5599999999,15,8536,140.03947368421052,923.6492105263158,0.20282282269219729,0.7971771773078027,0.1415,0.0613228226921973,Low Margin + Low Sell-through,Clearance / Eliminate,High
2026-02-01,SKU00235,Brand B,Tier 2,Underwear,Own Brand,Entry,Women,Core Basic,Core,0,1,0.1978494305576098,0.0052697368421052,0.0014960526315789,495757.08,51,9324,142.72368421052633,794.3377631578948,0.25409322885660535,0.7459067711433947,0.2003,0.05379322885660534,Low Margin + Low Sell-through,Clearance / Eliminate,High
2026-02-01,SKU00236,Adidas,Tier 1,Kids Apparel,Consignment,Mass,Unisex,Performance,Seasonal,0,1,0.8123026018950218,0.0013907894736842,0.0053157894736842,62441.47,13,8141,129.6578947368421,934.1105263157892,0.22750113517414766,0.7724988648258524,0.0125,0.21500113517414765,High Margin + Low Sell-through,Targeted Marketing / Control Inventory,Medium
2026-02-01,SKU00237,Puma,Tier 3,Yoga Apparel,Consignment,Mass,Men,Core Basic,Core,0,1,0.8280078097849781,0.0275513157894736,0.0637815789473684,85165.92,188,7952,146.72368421052633,395.1143421052631,0.20541824159683605,0.7945817584031639,0.0199,0.18551824159683605,High Margin + High Sell-through,Main Push / Monitor Inventory,Low
2026-02-01,SKU00238,Puma,Tier 3,Lifestyle Apparel,Consignment,Entry,Men,Fashion,Seasonal,0,1,0.8300860043445494,0.011428947368421,0.0130934210526315,73548.0,80,8100,138.80263157894737,609.5393421052631,0.19858759875594034,0.8014124012440597,0.0463,0.15228759875594033,High Margin + High Sell-through,Main Push / Monitor Inventory,Low
2026-02-01,SKU00239,On Running,Tier 1,Lifestyle Apparel,Consignment,Mass,Women,Core Basic,Core,0,1,0.818919812965463,0.0053763157894736,0.0062802631578947,171646.2,44,8669,143.6315789473684,787.7982894736842,0.2349102013156485,0.7650897986843515,0.0416,0.1933102013156485,High Margin + Low Sell-through,Targeted Marketing / Control Inventory,Medium
2026-02-01,SKU00240,Columbia,Tier 3,Bags,Buyout,Mass,Women,Fashion,Seasonal,0,1,0.1936961955012496,0.0028118421052631,0.0008342105263157,481574.51,22,8293,136.94736842105263,897.1342105263158,0.20167556883336352,0.7983244311666364,0.1752,0.026475568833363522,Low Margin + Low Sell-through,Clearance / Eliminate,High
2026-02-01,SKU00241,Reebok Underwear,Tier 2,Performance Apparel,Buyout,Mass,Men,Core Basic,Seasonal,0,0,0.3861745547552115,0.0114657894736842,0.0082078947368421,394220.2,89,8140,128.80263157894737,652.4815789473683,0.19709933699855028,0.8029006630014497,0.12300000000000001,0.07409933699855027,Low Margin + High Sell-through,Traffic Driver / Control Discount,Medium
2026-02-01,SKU00242,Skechers,Tier 3,Basketball Shoes,Buyout,Premium,Unisex,Performance,Seasonal,1,0,0.1034990376954032,0.0122,0.0017921052631578,1241667.9,89,7758,297.25,650.193947368421,0.12951335850786047,0.8704866414921395,0.1183,0.011213358507860469,Low Margin + High Sell-through,Traffic Driver / Control Discount,Medium
2026-02-01,SKU00243,Brand B,Tier 2,Accessories,Own Brand,Mass,Unisex,Performance,Seasonal,0,1,0.2287774991306019,0.0043236842105263,0.0015013157894736,920229.32,28,9446,124.0,860.7631578947369,0.2502984825800834,0.7497015174199166,0.2021,0.04819848258008341,Low Margin + Low Sell-through,Clearance / Eliminate,High
2026-02-01,SKU00244,Reebok Underwear,Tier 2,Underwear,Consignment,Mass,Unisex,Core Basic,Core,0,1,0.8187244587945146,0.00585,0.0144078947368421,62004.6,43,8379,135.69736842105263,791.4972368421053,0.20062777598570758,0.7993722240142924,0.0167,0.1839277759857076,High Margin + Low Sell-through,Targeted Marketing / Control Inventory,Medium
2026-02-01,SKU00245,Brand A,Tier 2,Kids Apparel,Own Brand,Entry,Men,Fashion,Seasonal,0,1,0.5258491055224268,0.007225,0.0088092105263157,276758.4,60,9080,125.44736842105264,749.3667105263158,0.25603393175727385,0.7439660682427262,0.13,0.12603393175727384,High Margin + High Sell-through,Main Push / Monitor Inventory,Low
2026-02-01,SKU00246,Reebok Underwear,Tier 2,Accessories,Buyout,Entry,Kids,Core Basic,Core,0,1,0.0851351264002275,0.0078802631578947,0.0007881578947368,369718.57,64,8359,145.55263157894737,668.5877631578948,0.20163088757018208,0.7983691124298179,0.1728,0.028830887570182068,Low Margin + High Sell-through,Traffic Driver / Control Discount,Medium
2026-02-01,SKU00247,Cole Haan,Tier 2,Lifestyle Apparel,Buyout,Premium,Unisex,Performance,Seasonal,0,1,0.2576495185190837,0.0031552631578947,0.001178947368421,1154078.9,28,9490,205.3947368421053,902.5017105263158,0.1655346450455488,0.8344653549544512,0.1346,0.030934645045548798,Low Margin + Low Sell-through,Clearance / Eliminate,High
2026-02-01,SKU00248,Adidas,Tier 1,Kids Apparel,Buyout,Entry,Women,Core Basic,Seasonal,1,0,-0.1023201825192458,0.0113236842105263,-0.0012065789473684,252939.6,81,8266,311.3684210526316,658.9471052631579,0.12662558897951282,0.8733744110204872,0.134,-0.007374411020487193,Low Margin + High Sell-through,Traffic Driver / Control Discount,Medium
2026-02-01,SKU00249,Brooks Brothers,Tier 1,Running Shoes,Buyout,Mass,Women,Core Basic,Seasonal,0,0,0.3833151930341251,0.0036302631578947,0.0025565789473684,479594.48,28,8201,142.71052631578948,848.7411842105263,0.23410590088537897,0.765894099114621,0.1362,0.09790590088537898,Low Margin + Low Sell-through,Clearance / Eliminate,High
2026-02-01,SKU00250,Under Armour,Tier 3,Running Shoes,Buyout,Mass,Kids,Fashion,Seasonal,0,0,0.2372182101105215,0.0131868421052631,0.004328947368421,511375.02,92,8203,124.97368421052632,591.5657894736842,0.1938937508827203,0.8061062491172797,0.1466,0.04729375088272028,Low Margin + High Sell-through,Traffic Driver / Control Discount,Medium
2026-02-01,SKU00251,Nike,Tier 1,Bags,Consignment,Mass,Women,Fashion,Seasonal,0,1,0.8271715744936862,0.0152631578947368,0.0291894736842105,238183.38,107,7974,133.03947368421052,576.3144736842105,0.23198164091981296,0.768018359080187,0.0374,0.19458164091981295,High Margin + High Sell-through,Main Push / Monitor Inventory,Low
2026-02-01,SKU00252,Asics,Tier 3,Training Shoes,Consignment,Premium,Men,Performance,Seasonal,0,1,0.8286587594272234,0.0170065789473684,0.0235078947368421,340181.7,122,8065,131.5921052631579,543.8494736842105,0.19870891009055913,0.8012910899094409,0.0348,0.16390891009055913,High Margin + High Sell-through,Main Push / Monitor Inventory,Low
2026-02-01,SKU00253,Asics,Tier 3,Sportswear,Consignment,Premium,Unisex,Core Basic,Core,0,1,0.828761175235,0.0263973684210526,0.0307131578947368,352957.92,181,8176,137.23684210526315,408.9785526315789,0.1962786464047037,0.8037213535952963,0.0484,0.1478786464047037,High Margin + High Sell-through,Main Push / Monitor Inventory,Low
2026-02-01,SKU00254,Fila,Tier 3,Lifestyle Apparel,Consignment,Mass,Women,Clearance,Seasonal,1,0,0.8194019140455705,0.0126960526315789,0.016525,87668.1,97,8255,139.8684210526316,607.5886842105263,0.19739144749090215,0.8026085525090978,0.027500000000000004,0.16989144749090215,High Margin + High Sell-through,Main Push / Monitor Inventory,Low
2026-02-01,SKU00255,Skechers,Tier 3,Outdoor Apparel,Buyout,Premium,Men,Core Basic,Core,0,1,0.4149223641363366,0.0120776315789473,0.009975,1451250.26,90,8054,124.11842105263158,619.531447368421,0.1990820833300764,0.8009179166699236,0.1171,0.08198208333007641,Low Margin + High Sell-through,Traffic Driver / Control Discount,Medium
2026-02-01,SKU00256,Brand B,Tier 2,Training Shoes,Own Brand,Premium,Women,Limited,Seasonal,0,1,0.1185224791694515,0.0016618421052631,0.000153947368421,1904905.07,14,9629,135.96052631578948,939.1210526315788,0.2418448664652012,0.7581551335347988,0.2098,0.032044866465201216,Low Margin + Low Sell-through,Clearance / Eliminate,High
2026-02-01,SKU00257,Brand B,Tier 2,Yoga Apparel,Own Brand,Entry,Kids,Core Basic,Core,0,1,0.4262737154979206,0.001328947368421,0.0010355263157894,441074.18,10,9214,134.44736842105263,948.8947368421052,0.271944573283859,0.728055426716141,0.1619,0.11004457328385903,Low Margin + Low Sell-through,Clearance / Eliminate,High
2026-02-01,SKU00258,Under Armour,Tier 3,Yoga Apparel,Consignment,Premium,Unisex,Fashion,Seasonal,0,1,0.8327128822216598,0.014178947368421,0.036528947368421,198325.32,107,8326,129.22368421052633,564.5564473684211,0.19400460668577796,0.8059953933142221,0.025,0.16900460668577796,High Margin + High Sell-through,Main Push / Monitor Inventory,Low
2026-02-01,SKU00259,Brand A,Tier 2,Outdoor Apparel,Own Brand,Premium,Unisex,Core Basic,Core,0,1,0.3624311666923987,0.0033605263157894,0.0022552631578947,1669452.34,21,9433,132.1184210526316,895.0964473684211,0.2552907942968723,0.7447092057031277,0.1622,0.09309079429687228,Low Margin + Low Sell-through,Clearance / Eliminate,High
2026-02-01,SKU00260,Brand A,Tier 2,Running Shoes,Own Brand,Premium,Kids,Core Basic,Core,0,1,0.2206609484882397,0.0284486842105263,0.0091,2185985.5,252,9725,134.5921052631579,332.2211842105264,0.25268796164743756,0.7473120383525624,0.1994,0.05328796164743757,Low Margin + High Sell-through,Traffic Driver / Control Discount,Medium
2026-02-01,SKU00261,Patagonia,Tier 3,Running Shoes,Buyout,Premium,Men,Clearance,Seasonal,1,0,0.5683400085546525,0.000425,0.0006894736842105,893519.49,3,8049,131.55263157894737,980.3947368421052,0.1974720037614015,0.8025279962385985,0.0893,0.1081720037614015,High Margin + Low Sell-through,Targeted Marketing / Control Inventory,Medium
2026-02-01,SKU00262,Under Armour,Tier 3,Bags,Consignment,Mass,Men,Core Basic,Core,0,1,0.8246072498318968,0.0087907894736842,0.0099315789473684,235182.8,71,7940,116.63157894736842,680.1360526315789,0.20356307893322362,0.7964369210667763,0.0484,0.15516307893322362,High Margin + High Sell-through,Main Push / Monitor Inventory,Low
2026-02-01,SKU00263,Champion,Tier 3,Sportswear,Buyout,Premium,Women,Clearance,Seasonal,1,0,0.4414652302765566,0.0086407894736842,0.0077657894736842,861965.12,59,7993,146.3684210526316,681.8859210526316,0.20452782112940726,0.7954721788705927,0.1145,0.09002782112940726,Low Margin + High Sell-through,Traffic Driver / Control Discount,Medium
2026-02-01,SKU00264,Puma,Tier 3,Performance Apparel,Buyout,Mass,Women,Performance,Seasonal,0,1,0.5571047197947734,0.0012368421052631,0.0017197368421052,339883.83,11,8803,136.42105263157896,943.671052631579,0.1984729335614697,0.8015270664385303,0.0855,0.11297293356146969,High Margin + Low Sell-through,Targeted Marketing / Control Inventory,Medium
2026-02-01,SKU00265,New Balance,Tier 3,Running Shoes,Buyout,Mass,Kids,Core Basic,Core,0,1,0.1316847235588116,0.0079092105263157,0.0012973684210526,1010637.84,57,8238,142.18421052631578,735.9736842105264,0.20137286249362432,0.7986271375063757,0.1791,0.022272862493624312,Low Margin + High Sell-through,Traffic Driver / Control Discount,Medium
2026-02-01,SKU00266,Nike,Tier 1,Bags,Consignment,Mass,Men,Core Basic,Core,0,1,0.8290381991814461,0.0042947368421052,0.0075131578947368,216224.58,30,8294,117.72368421052632,856.6315789473684,0.2288245949832536,0.7711754050167464,0.0386,0.19022459498325361,High Margin + Low Sell-through,Targeted Marketing / Control Inventory,Medium
2026-02-01,SKU00267,Puma,Tier 3,Basketball Shoes,Buyout,Mass,Women,Performance,Seasonal,1,0,0.578114095485113,0.0074,0.0111894736842105,261443.16,47,7788,294.44736842105266,783.296447368421,0.13220802787839636,0.8677919721216036,0.0539,0.07830802787839636,High Margin + High Sell-through,Main Push / Monitor Inventory,Low
2026-02-01,SKU00268,Under Armour,Tier 3,Performance Apparel,Buyout,Luxury,Unisex,Fashion,Seasonal,0,1,0.121262076028166,0.0042526315789473,0.0007144736842105,3142860.0,35,8552,138.10526315789474,815.4825,0.20408821741832542,0.7959117825816746,0.17470000000000002,0.029388217418325396,Low Margin + Low Sell-through,Clearance / Eliminate,High
2026-02-01,SKU00269,Salomon,Tier 3,Basketball Shoes,Buyout,Premium,Unisex,Clearance,Seasonal,1,0,0.1895392726359803,0.0033618421052631,0.0008513157894736,1182741.84,25,7896,127.40789473684212,860.3071052631578,0.19602647125653264,0.8039735287434674,0.1647,0.03132647125653262,Low Margin + Low Sell-through,Clearance / Eliminate,High
2026-02-01,SKU00270,The North Face,Tier 3,Underwear,Buyout,Entry,Unisex,Limited,Seasonal,0,1,0.2281892422255927,0.00585,0.0021118421052631,340809.48,46,8703,136.85526315789474,828.828947368421,0.1985947672123402,0.8014052327876597,0.1518,0.046794767212340216,Low Margin + Low Sell-through,Clearance / Eliminate,High
2026-02-01,SKU00271,Asics,Tier 3,Outdoor Apparel,Buyout,Luxury,Women,Performance,Seasonal,1,0,0.0775797245436658,0.0042605263157894,0.0004618421052631,1895100.15,33,8805,297.5131578947368,847.8552631578947,0.12877236718289156,0.8712276328171085,0.11329999999999998,0.015472367182891578,Low Margin + Low Sell-through,Clearance / Eliminate,High
2026-02-01,SKU00272,Brand A,Tier 2,Lifestyle Apparel,Own Brand,Mass,Men,Core Basic,Core,0,1,0.4625333981054165,0.0044421052631578,0.0044223684210526,791810.46,25,8946,134.23684210526315,900.6394736842107,0.2610766723528695,0.7389233276471305,0.1504,0.11067667235286952,Low Margin + Low Sell-through,Clearance / Eliminate,High
2026-02-01,SKU00273,The North Face,Tier 3,Basketball Shoes,Buyout,Premium,Women,Core Basic,Core,0,1,0.3191028669234933,0.00565,0.0030828947368421,1389281.92,37,7696,134.5,794.8507894736842,0.20024362604995227,0.7997563739500477,0.134,0.06624362604995226,Low Margin + Low Sell-through,Clearance / Eliminate,High
2026-02-01,SKU00274,Reebok Underwear,Tier 2,Underwear,Buyout,Entry,Unisex,Fashion,Seasonal,0,1,0.3010855838588721,0.0146381578947368,0.0069052631578947,269869.05,112,8415,127.46052631578948,545.8498684210526,0.19907565805399996,0.800924341946,0.1391,0.05997565805399996,Low Margin + High Sell-through,Traffic Driver / Control Discount,Medium
2026-02-01,SKU00275,Skechers,Tier 3,Outdoor Apparel,Buyout,Luxury,Women,Performance,Seasonal,0,1,0.112997099560325,0.0030684210526315,0.0004210526315789,2627143.95,28,8889,140.56578947368422,890.188552631579,0.1968594294790953,0.8031405705209047,0.1715,0.02535942947909528,Low Margin + Low Sell-through,Clearance / Eliminate,High
2026-02-01,SKU00276,New Balance,Tier 3,Lifestyle Apparel,Consignment,Mass,Women,Fashion,Seasonal,0,1,0.8262704109644752,0.0153513157894736,0.0198763157894736,200840.08,119,8344,134.1184210526316,554.4823684210527,0.2004195490631882,0.7995804509368118,0.048,0.15241954906318822,High Margin + High Sell-through,Main Push / Monitor Inventory,Low
2026-02-01,SKU00277,Cole Haan,Tier 2,Underwear,Buyout,Mass,Men,Performance,Seasonal,0,1,0.3742925957728371,0.0209552631578947,0.0141973684210526,480823.42,200,10549,207.1578947368421,388.8469736842105,0.15469678501262357,0.8453032149873765,0.0959,0.05879678501262357,Low Margin + High Sell-through,Traffic Driver / Control Discount,Medium
2026-02-01,SKU00278,Champion,Tier 3,Running Shoes,Buyout,Premium,Unisex,Fashion,Seasonal,0,1,0.4569204765978757,0.006978947368421,0.0058697368421052,753429.04,44,7961,133.47368421052633,779.6227631578947,0.19428706815539237,0.8057129318446077,0.10549999999999998,0.08878706815539239,Low Margin + High Sell-through,Traffic Driver / Control Discount,Medium
2026-02-01,SKU00279,Columbia,Tier 3,Yoga Apparel,Buyout,Entry,Men,Fashion,Seasonal,1,0,0.5812759943000799,0.0066092105263157,0.0106381578947368,65457.28,47,8512,309.6184210526316,770.2630263157895,0.13066070062476093,0.8693392993752391,0.0564,0.07426070062476092,High Margin + High Sell-through,Main Push / Monitor Inventory,Low
2026-02-01,SKU00280,Salomon,Tier 3,Running Shoes,Buyout,Premium,Unisex,Fashion,Seasonal,0,1,0.3160116098261279,0.0041118421052631,0.0022328947368421,963341.82,32,8274,135.28947368421052,843.8719736842105,0.19842130884328954,0.8015786911567104,0.126,0.07242130884328954,Low Margin + Low Sell-through,Clearance / Eliminate,High
2026-02-01,SKU00281,Hoka,Tier 1,Underwear,Buyout,Mass,Women,Core Basic,Core,0,1,0.5797252131398634,0.0028460526315789,0.0039210526315789,473460.81,14,7999,138.96052631578948,913.8815789473684,0.23835049067645983,0.7616495093235401,0.0927,0.14565049067645983,High Margin + Low Sell-through,Targeted Marketing / Control Inventory,Medium
2026-02-01,SKU00282,Adidas,Tier 1,Performance Apparel,Consignment,Luxury,Men,Core Basic,Core,0,1,0.8291038403566986,0.0044842105263157,0.0060565789473684,639263.7999999999,31,8428,139.10526315789474,857.7605263157895,0.23250759282106498,0.7674924071789351,0.0434,0.18910759282106498,High Margin + Low Sell-through,Targeted Marketing / Control Inventory,Medium
2026-02-01,SKU00283,Cole Haan,Tier 2,Lifestyle Apparel,Buyout,Premium,Women,Fashion,Seasonal,0,1,0.5797925209948993,0.0064407894736842,0.0104894736842105,650547.0,42,9675,204.55263157894737,831.4598684210526,0.15645995690894376,0.8435400430910562,0.0671,0.08935995690894376,High Margin + High Sell-through,Main Push / Monitor Inventory,Low
2026-02-01,SKU00284,Adidas,Tier 1,Underwear,Consignment,Mass,Men,Limited,Seasonal,0,0,0.8072508591065293,0.004875,0.0042868421052631,199583.54,35,8038,138.0921052631579,815.7631578947369,0.2356274566146686,0.7643725433853314,0.049,0.18662745661466862,High Margin + Low Sell-through,Targeted Marketing / Control Inventory,Medium
2026-02-01,SKU00285,Hoka,Tier 1,Lifestyle Apparel,Consignment,Mass,Men,Fashion,Seasonal,1,0,0.8268848612541001,0.0075381578947368,0.0255868421052631,40268.8,48,8320,288.57894736842104,783.3798684210527,0.13028856076275644,0.8697114392372436,0.0113,0.11898856076275643,High Margin + High Sell-through,Main Push / Monitor Inventory,Low
2026-02-01,SKU00286,Brooks Brothers,Tier 1,Accessories,Consignment,Mass,Men,Core Basic,Core,0,1,0.8303972593715001,0.0043605263157894,0.0080421052631578,114849.2,26,7708,133.64473684210526,874.2148684210526,0.23220725509309112,0.7677927449069089,0.0387,0.19350725509309114,High Margin + Low Sell-through,Targeted Marketing / Control Inventory,Medium
2026-02-01,SKU00287,Under Armour,Tier 3,Yoga Apparel,Consignment,Entry,Kids,Performance,Seasonal,0,0,0.8237990030492814,0.0078894736842105,0.0111,50257.35,60,8307,123.3157894736842,777.2973684210526,0.19913039397708207,0.8008696060229179,0.0286,0.17053039397708208,High Margin + High Sell-through,Main Push / Monitor Inventory,Low
2026-02-01,SKU00288,Lululemon,Tier 1,Outdoor Apparel,Buyout,Luxury,Unisex,Fashion,Seasonal,0,1,0.2803747429067419,0.0078157894736842,0.0034565789473684,2778105.0,54,8195,149.27631578947367,743.9605263157895,0.23436506559593007,0.7656349344040699,0.1798,0.05456506559593008,Low Margin + High Sell-through,Traffic Driver / Control Discount,Medium
2026-02-01,SKU00289,Brand A,Tier 2,Lifestyle Apparel,Own Brand,Premium,Men,Core Basic,Seasonal,0,0,0.4684372758212925,0.0027763157894736,0.0028065789473684,1220585.98,24,9026,142.39473684210526,903.9263157894736,0.2501332593209261,0.7498667406790739,0.1426,0.10753325932092611,Low Margin + Low Sell-through,Clearance / Eliminate,High
2026-02-01,SKU00290,Brand B,Tier 2,Lifestyle Apparel,Own Brand,Entry,Unisex,Fashion,Seasonal,0,0,0.576826969818433,0.0078355263157894,0.0118934210526315,225299.61,60,9081,133.23684210526315,736.1856578947369,0.257409780496879,0.742590219503121,0.109,0.14840978049687903,High Margin + High Sell-through,Main Push / Monitor Inventory,Low
2026-02-01,SKU00291,Brooks Brothers,Tier 1,Kids Apparel,Consignment,Premium,Women,Performance,Seasonal,0,1,0.8128127304780783,0.0063184210526315,0.0352776315789473,107891.01,44,7939,140.32894736842104,772.0306578947369,0.22518204457797408,0.7748179554220259,0.0105,0.21468204457797407,High Margin + Low Sell-through,Targeted Marketing / Control Inventory,Medium
2026-02-01,SKU00292,New Balance,Tier 3,Kids Apparel,Buyout,Premium,Women,Core Basic,Seasonal,1,0,0.0217313346287272,0.0201328947368421,0.000378947368421,828661.5,149,8025,287.4342105263158,521.7776315789473,0.12833568191266645,0.8716643180873336,0.1209,0.007435681912666456,Low Margin + High Sell-through,Traffic Driver / Control Discount,Medium
2026-02-01,SKU00293,Under Armour,Tier 3,Lifestyle Apparel,Buyout,Premium,Kids,Core Basic,Seasonal,1,0,-0.0040830525853229,0.0145684210526315,7.894736842105273e-06,1089272.73,116,8229,290.3157894736842,562.2003947368421,0.1313355718981094,0.8686644281018906,0.1328,-0.001464428101890597,Low Margin + High Sell-through,Traffic Driver / Control Discount,Medium
2026-02-01,SKU00294,Nike,Tier 1,Performance Apparel,Consignment,Luxury,Unisex,Fashion,Seasonal,0,0,0.8040980681635308,0.0039486842105263,0.0119223684210526,231436.8,30,8036,126.84210526315788,869.8973684210526,0.22913360975415195,0.770866390245848,0.015,0.21413360975415197,High Margin + Low Sell-through,Targeted Marketing / Control Inventory,Medium
2026-02-01,SKU00295,Cole Haan,Tier 2,Underwear,Buyout,Mass,Kids,Core Basic,Seasonal,0,0,0.1507625324737804,0.0033447368421052,0.0007328947368421,643055.42,33,10018,199.97368421052636,834.5613157894737,0.15573519801548305,0.8442648019845169,0.1303,0.02543519801548305,Low Margin + Low Sell-through,Clearance / Eliminate,High
2026-02-01,SKU00296,On Running,Tier 1,Performance Apparel,Buyout,Luxury,Men,Fashion,Seasonal,0,0,0.4810145921574874,0.0017460526315789,0.0016723684210526,1745724.32,14,7654,130.94736842105263,923.3815789473684,0.2342096272701298,0.7657903727298702,0.1275,0.10670962727012981,Low Margin + Low Sell-through,Clearance / Eliminate,High
2026-02-01,SKU00297,Puma,Tier 3,Performance Apparel,Buyout,Luxury,Women,Limited,Seasonal,0,1,0.176257549086841,0.0057078947368421,0.0013921052631578,2446908.2,44,8261,130.77631578947367,767.9755263157895,0.20248991732049132,0.7975100826795087,0.1696,0.03288991732049132,Low Margin + Low Sell-through,Clearance / Eliminate,High
2026-02-01,SKU00298,Brand A,Tier 2,Underwear,Own Brand,Entry,Unisex,Fashion,Seasonal,0,1,0.3090141822378622,0.0036671052631578,0.0017236842105263,292932.65,30,9005,118.3157894736842,869.6815789473685,0.25399398470739043,0.7460060152926096,0.1698,0.08419398470739042,Low Margin + Low Sell-through,Clearance / Eliminate,High
2026-02-01,SKU00299,Puma,Tier 3,Yoga Apparel,Buyout,Premium,Men,Fashion,Seasonal,0,1,0.2093242297580995,0.0041868421052631,0.0012776315789473,1350957.58,39,8402,147.30263157894737,838.2157894736843,0.1961771989282306,0.8038228010717694,0.1547,0.041477198928230596,Low Margin + Low Sell-through,Clearance / Eliminate,High
2026-02-01,SKU00300,Brand A,Tier 2,Kids Apparel,Own Brand,Mass,Men,Core Basic,Seasonal,0,0,0.2760614953174881,0.0120223684210526,0.0055026315789473,1001902.16,107,9404,142.23684210526315,569.6697368421053,0.25977607256960294,0.740223927430397,0.1891,0.07067607256960295,Low Margin + High Sell-through,Traffic Driver / Control Discount,Medium
2026-02-01,SKU00301,Lululemon,Tier 1,Outdoor Apparel,Consignment,Premium,Men,Clearance,Seasonal,1,0,0.8305342887223887,0.0019434210526315,0.0026776315789473,434620.14,12,8454,146.98684210526315,934.609605263158,0.2242108863892521,0.7757891136107479,0.0337,0.1905108863892521,High Margin + Low Sell-through,Targeted Marketing / Control Inventory,Medium
2026-02-01,SKU00302,Cole Haan,Tier 2,Training Shoes,Buyout,Premium,Men,Clearance,Seasonal,1,0,0.5511170120648848,0.0180618421052631,0.0244973684210526,798498.0,144,9858,220.8947368421053,509.3478947368421,0.1589560927775317,0.8410439072224682,0.0713,0.0876560927775317,High Margin + High Sell-through,Main Push / Monitor Inventory,Low
2026-02-01,SKU00303,Adidas,Tier 1,Lifestyle Apparel,Consignment,Mass,Women,Core Basic,Core,0,1,0.8105684172127624,0.0086249999999999,0.0565921052631578,59980.54,70,7913,127.82894736842104,724.1715789473684,0.23035795123605612,0.7696420487639439,0.0108,0.21955795123605612,High Margin + High Sell-through,Main Push / Monitor Inventory,Low
2026-02-01,SKU00304,Hoka,Tier 1,Outdoor Apparel,Buyout,Premium,Men,Clearance,Seasonal,1,0,0.5027743943700095,0.0138013157894736,0.0161618421052631,1036178.22,104,8058,136.72368421052633,602.982894736842,0.23379237755411925,0.7662076224458807,0.11270000000000001,0.12109237755411924,Low Margin + High Sell-through,Traffic Driver / Control Discount,Medium
2026-02-01,SKU00305,New Balance,Tier 3,Training Shoes,Buyout,Premium,Women,Fashion,Seasonal,0,0,0.3142756365449887,0.0079631578947368,0.0040565789473684,1358852.67,66,8449,122.38157894736842,714.3888157894737,0.1955238604806775,0.8044761395193225,0.1296,0.0659238604806775,Low Margin + High Sell-through,Traffic Driver / Control Discount,Medium
2026-02-01,SKU00306,Salomon,Tier 3,Lifestyle Apparel,Buyout,Premium,Men,Clearance,Seasonal,1,0,0.1929501770867685,0.0102210526315789,0.0027934210526315,1442352.46,67,8026,148.64473684210526,708.3560526315789,0.19765823987279432,0.8023417601272057,0.1576,0.04005823987279433,Low Margin + High Sell-through,Traffic Driver / Control Discount,Medium
2026-02-01,SKU00307,Adidas,Tier 1,Running Shoes,Consignment,Premium,Women,Fashion,Seasonal,0,1,0.8238866866928864,0.0076157894736842,0.0068368421052631,382392.0,60,8460,142.44736842105263,781.2825,0.2337808927477973,0.7662191072522027,0.0442,0.18958089274779727,High Margin + High Sell-through,Main Push / Monitor Inventory,Low
2026-02-01,SKU00308,Champion,Tier 3,Lifestyle Apparel,Consignment,Mass,Men,Performance,Seasonal,0,1,0.792988459084846,0.0032986842105263,0.0043223684210526,124208.63,18,8029,125.42105263157896,940.7426315789476,0.18636683407720764,0.8136331659227923,0.0306,0.15576683407720765,High Margin + Low Sell-through,Targeted Marketing / Control Inventory,Medium
2026-02-01,SKU00309,New Balance,Tier 3,Bags,Buyout,Premium,Unisex,Performance,Seasonal,1,0,0.1122843903864073,0.0040355263157894,0.0006078947368421,1221108.84,28,8213,296.0131578947368,821.561447368421,0.13310399099527853,0.8668960090047215,0.11600000000000002,0.017103990995278512,Low Margin + Low Sell-through,Clearance / Eliminate,High
2026-02-01,SKU00310,Skechers,Tier 3,Accessories,Buyout,Mass,Men,Clearance,Seasonal,1,0,0.318667500298562,0.0039368421052631,0.002025,466595.64,33,7938,123.76315789473684,840.0577631578948,0.20822095597405837,0.7917790440259416,0.1466,0.06162095597405837,Low Margin + Low Sell-through,Clearance / Eliminate,High
2026-02-01,SKU00311,Patagonia,Tier 3,Training Shoes,Buyout,Luxury,Men,Core Basic,Core,0,1,0.3343590679723052,0.0002368421052631,0.0001328947368421,2075948.25,2,8133,133.17105263157896,984.2894736842104,0.20357658145610472,0.7964234185438953,0.1526,0.0509765814561047,Low Margin + Low Sell-through,Clearance / Eliminate,High
2026-02-01,SKU00312,Reebok Underwear,Tier 2,Lifestyle Apparel,Consignment,Entry,Unisex,Core Basic,Core,0,1,0.8291199749235953,0.0115407894736842,0.0097197368421052,63928.5,90,8175,133.67105263157896,618.9367105263158,0.19829158594149623,0.8017084140585038,0.0496,0.14869158594149623,High Margin + High Sell-through,Main Push / Monitor Inventory,Low
2026-02-01,SKU00313,On Running,Tier 1,Performance Apparel,Consignment,Luxury,Unisex,Performance,Seasonal,0,0,0.8216300017578824,0.0068355263157894,0.0133013157894736,387199.21,46,7681,141.81578947368422,753.4184210526316,0.22786157742980387,0.7721384225701962,0.0246,0.20326157742980386,High Margin + High Sell-through,Main Push / Monitor Inventory,Low
2026-02-01,SKU00314,Cole Haan,Tier 2,Performance Apparel,Consignment,Luxury,Unisex,Core Basic,Core,0,1,0.819544529208315,0.0021013157894736,0.0026697368421052,492925.08,20,9924,208.47368421052636,898.6097368421052,0.1559578680135804,0.8440421319864196,0.0302,0.12575786801358038,High Margin + Low Sell-through,Targeted Marketing / Control Inventory,Medium
2026-02-01,SKU00315,Under Armour,Tier 3,Training Shoes,Buyout,Mass,Kids,Core Basic,Core,0,1,0.4076162035923862,0.0191894736842105,0.0152618421052631,651625.2,159,8565,129.03947368421052,489.48407894736846,0.2006307210445435,0.7993692789554565,0.1197,0.08093072104454349,Low Margin + High Sell-through,Traffic Driver / Control Discount,Medium
2026-02-01,SKU00316,Brand A,Tier 2,Lifestyle Apparel,Own Brand,Entry,Unisex,Core Basic,Seasonal,1,0,-0.5483705404091689,0.034253947368421,-0.0146197368421052,484082.88,298,9376,294.5131578947368,245.88223684210524,0.12932928453071368,0.8706707154692863,0.20369999999999996,-0.07437071546928628,Low Margin + High Sell-through,Traffic Driver / Control Discount,Medium
2026-02-01,SKU00317,On Running,Tier 1,Underwear,Consignment,Entry,Women,Core Basic,Seasonal,1,0,0.8251505749224312,0.0011381578947368,0.0006723684210526,69445.93,10,8563,312.60526315789474,935.9605263157896,0.13519194534049275,0.8648080546595073,0.0355,0.09969194534049275,High Margin + Low Sell-through,Targeted Marketing / Control Inventory,Medium
2026-02-01,SKU00318,Asics,Tier 3,Training Shoes,Buyout,Mass,Unisex,Core Basic,Core,0,1,0.5696509100671447,0.0062763157894736,0.0095407894736842,536556.16,47,8368,137.05263157894737,800.7455263157896,0.19654529347593017,0.8034547065240698,0.08530000000000001,0.11124529347593015,High Margin + Low Sell-through,Targeted Marketing / Control Inventory,Medium
2026-02-01,SKU00319,The North Face,Tier 3,Yoga Apparel,Buyout,Premium,Women,Core Basic,Seasonal,1,0,0.5108483131066915,0.010253947368421,0.012775,747668.46,57,8338,302.8421052631579,754.0123684210527,0.1312770147929506,0.8687229852070494,0.0694,0.06187701479295059,High Margin + High Sell-through,Main Push / Monitor Inventory,Low
2026-02-01,SKU00320,Columbia,Tier 3,Kids Apparel,Consignment,Entry,Women,Performance,Seasonal,0,1,0.791834940520344,0.0028894736842105,0.0095144736842105,34312.04,24,8308,124.27631578947368,905.475,0.1969058313985456,0.8030941686014544,0.0162,0.1807058313985456,High Margin + Low Sell-through,Targeted Marketing / Control Inventory,Medium
2026-02-01,SKU00321,Skechers,Tier 3,Sportswear,Buyout,Mass,Unisex,Core Basic,Core,0,1,0.5657874093628283,0.0098973684210526,0.0151368421052631,218959.2,73,8370,133.6184210526316,673.6667105263158,0.20099192221758452,0.7990080777824154,0.0835,0.11749192221758452,High Margin + High Sell-through,Main Push / Monitor Inventory,Low
2026-02-01,SKU00322,Brand A,Tier 2,Bags,Own Brand,Entry,Women,Performance,Seasonal,0,1,0.3019767278844806,0.0004723684210526,0.0001263157894736,463694.27,3,9313,125.23684210526316,976.828947368421,0.24928555206480185,0.7507144479351981,0.18849999999999997,0.06078555206480188,Low Margin + Low Sell-through,Clearance / Eliminate,High
2026-02-01,SKU00323,The North Face,Tier 3,Bags,Consignment,Premium,Women,Core Basic,Core,0,1,0.8220675843793301,0.0188434210526315,0.025228947368421,421029.24,146,8212,130.27631578947367,526.3444736842106,0.1966130435002559,0.8033869564997441,0.0367,0.1599130435002559,High Margin + High Sell-through,Main Push / Monitor Inventory,Low
2026-02-01,SKU00324,Fila,Tier 3,Outdoor Apparel,Buyout,Mass,Unisex,Fashion,Seasonal,0,1,0.4634559781856363,0.0053684210526315,0.0055065789473684,377936.35,45,8279,137.10526315789474,781.0376315789474,0.1969096796665835,0.8030903203334165,0.0967,0.10020967966658349,Low Margin + Low Sell-through,Clearance / Eliminate,High
2026-02-01,SKU00325,Under Armour,Tier 3,Lifestyle Apparel,Buyout,Mass,Men,Performance,Seasonal,0,0,0.3855553195867647,0.0175763157894736,0.0132828947368421,817019.21,145,9079,131.67105263157896,484.1480263157895,0.2008142527890196,0.7991857472109805,0.12470000000000002,0.07611425278901958,Low Margin + High Sell-through,Traffic Driver / Control Discount,Medium
2026-02-01,SKU00326,New Balance,Tier 3,Running Shoes,Buyout,Premium,Kids,Core Basic,Seasonal,1,0,0.3610136452241715,0.006803947368421,0.0042934210526315,513924.84,46,7839,308.17105263157896,709.3597368421052,0.1262847346201508,0.8737152653798492,0.0809,0.0453847346201508,Low Margin + High Sell-through,Traffic Driver / Control Discount,Medium
2026-02-01,SKU00327,Salomon,Tier 3,Accessories,Buyout,Mass,Women,Core Basic,Core,0,1,0.5936209962859402,0.0047578947368421,0.0076684210526315,411647.06,33,8338,131.60526315789474,862.278947368421,0.20314939879355215,0.7968506012064478,0.0872,0.11594939879355215,High Margin + Low Sell-through,Targeted Marketing / Control Inventory,Medium
2026-02-01,SKU00328,Lululemon,Tier 1,Running Shoes,Consignment,Luxury,Kids,Fashion,Seasonal,0,1,0.8232205610197334,0.0121631578947368,0.0191684210526315,353414.0,94,8300,134.75,635.2536842105263,0.23209531687917387,0.7679046831208262,0.0266,0.20549531687917388,High Margin + High Sell-through,Main Push / Monitor Inventory,Low
2026-02-01,SKU00329,Columbia,Tier 3,Bags,Consignment,Premium,Men,Fashion,Seasonal,0,1,0.8240320661297521,0.0191013157894736,0.0232710526315789,327449.12,154,8563,132.3684210526316,494.50828947368416,0.1997352954230361,0.8002647045769639,0.0384,0.16133529542303612,High Margin + High Sell-through,Main Push / Monitor Inventory,Low
2026-02-01,SKU00330,Adidas,Tier 1,Kids Apparel,Buyout,Mass,Kids,Core Basic,Seasonal,1,0,-0.0595348342710696,0.0228105263157894,-0.0015618421052631,544484.04,175,8387,305.69736842105266,376.4855263157895,0.12745896943992666,0.8725410305600734,0.1325,-0.005041030560073351,Low Margin + High Sell-through,Traffic Driver / Control Discount,Medium
2026-02-01,SKU00331,Brooks Brothers,Tier 1,Yoga Apparel,Buyout,Mass,Men,Fashion,Seasonal,1,0,0.3484238107880369,0.0021907894736842,0.0013263157894736,294623.28,16,8351,296.14473684210526,905.2676315789472,0.12519182807524534,0.8748081719247547,0.0784,0.046791828075245345,Low Margin + Low Sell-through,Clearance / Eliminate,High
2026-02-01,SKU00332,Under Armour,Tier 3,Yoga Apparel,Buyout,Premium,Women,Fashion,Seasonal,0,1,0.3974682378187394,0.0128802631578947,0.0097973684210526,1040331.93,102,7953,139.32894736842104,584.6330263157895,0.20166374278050528,0.7983362572194947,0.12090000000000001,0.08076374278050527,Low Margin + High Sell-through,Traffic Driver / Control Discount,Medium
2026-02-01,SKU00333,Brand B,Tier 2,Accessories,Own Brand,Entry,Women,Performance,Seasonal,0,1,0.3174380143651327,0.0043986842105263,0.0023526315789473,175955.12,45,10124,125.11842105263158,819.7736842105263,0.25599849252543866,0.7440015074745614,0.1601,0.09589849252543867,Low Margin + Low Sell-through,Clearance / Eliminate,High
2026-02-01,SKU00334,Champion,Tier 3,Outdoor Apparel,Buyout,Premium,Men,Limited,Seasonal,0,1,0.1527400865553956,0.0040855263157894,0.0007934210526315,1557941.4,29,8089,130.68421052631578,828.2938157894737,0.19780257158803172,0.8021974284119683,0.1709,0.02690257158803172,Low Margin + Low Sell-through,Clearance / Eliminate,High
2026-02-01,SKU00335,Adidas,Tier 1,Sportswear,Consignment,Mass,Women,Core Basic,Seasonal,1,0,0.8289537712895377,0.0044052631578947,0.005128947368421,67843.47,32,8067,296.35526315789474,803.5088157894737,0.1337342436223242,0.8662657563776758,0.027,0.1067342436223242,High Margin + Low Sell-through,Targeted Marketing / Control Inventory,Medium
2026-02-01,SKU00336,Cole Haan,Tier 2,Running Shoes,Buyout,Premium,Women,Fashion,Seasonal,0,0,0.6207341587991896,0.0027565789473684,0.0050986842105263,887246.8,29,10613,212.0921052631579,864.2806578947369,0.15683210487740795,0.843167895122592,0.0578,0.09903210487740796,High Margin + Low Sell-through,Targeted Marketing / Control Inventory,Medium
2026-02-01,SKU00337,Brand A,Tier 2,Outdoor Apparel,Own Brand,Luxury,Men,Core Basic,Core,0,1,0.5669075792973718,0.0042381578947368,0.0062921052631578,1888785.44,32,8972,126.14473684210526,841.3597368421052,0.25328131338547905,0.746718686614521,0.1138,0.13948131338547903,High Margin + Low Sell-through,Targeted Marketing / Control Inventory,Medium
2026-02-01,SKU00338,Brooks Brothers,Tier 1,Basketball Shoes,Buyout,Premium,Women,Core Basic,Core,0,1,0.3547191911828455,0.0027592105263157,0.0017947368421052,1447669.41,22,8733,144.10526315789474,891.5921052631579,0.2316167881676487,0.7683832118323513,0.148,0.0836167881676487,Low Margin + Low Sell-through,Clearance / Eliminate,High
2026-02-01,SKU00339,Brand A,Tier 2,Training Shoes,Own Brand,Mass,Men,Performance,Seasonal,0,1,0.4382411352369388,0.0165855263157894,0.0144684210526315,696443.98,132,8746,134.25,498.7359210526316,0.2522376217240054,0.7477623782759946,0.1473,0.10493762172400539,Low Margin + High Sell-through,Traffic Driver / Control Discount,Medium
2026-02-01,SKU00340,The North Face,Tier 3,Running Shoes,Buyout,Premium,Men,Limited,Seasonal,0,1,0.3751831355848572,0.0074947368421052,0.0053460526315789,1655094.22,53,8198,128.93421052631578,750.5026315789473,0.19954021668607577,0.8004597833139242,0.1299,0.06964021668607578,Low Margin + High Sell-through,Traffic Driver / Control Discount,Medium
2026-02-01,SKU00341,Adidas,Tier 1,Basketball Shoes,Consignment,Mass,Unisex,Fashion,Seasonal,0,1,0.810217260581976,0.007778947368421,0.0157355263157894,120940.95,63,8535,134.19736842105263,743.2459210526316,0.2309150464004265,0.7690849535995735,0.0255,0.20541504640042652,High Margin + High Sell-through,Main Push / Monitor Inventory,Low
2026-02-01,SKU00342,Champion,Tier 3,Accessories,Buyout,Mass,Women,Performance,Seasonal,0,1,0.3450586812252771,0.0035131578947368,0.0021671052631578,569466.45,28,7959,135.93421052631578,872.0088157894737,0.1944711002146367,0.8055288997853634,0.1141,0.08037110021463671,Low Margin + Low Sell-through,Clearance / Eliminate,High
2026-02-01,SKU00343,Cole Haan,Tier 2,Outdoor Apparel,Buyout,Mass,Men,Clearance,Seasonal,1,0,0.3091620577369978,0.0029881578947368,0.0015776315789473,706424.32,28,10112,206.6578947368421,858.9867105263157,0.1586762886195922,0.8413237113804077,0.1152,0.04347628861959221,Low Margin + Low Sell-through,Clearance / Eliminate,High
2026-02-01,SKU00344,Lululemon,Tier 1,Underwear,Consignment,Mass,Men,Limited,Seasonal,0,1,0.8327712609970674,0.0063513157894736,0.0106592105263157,181920.77,50,8497,126.38157894736842,750.5990789473684,0.22947008847509862,0.7705299115249014,0.0376,0.19187008847509862,High Margin + Low Sell-through,Targeted Marketing / Control Inventory,Medium
2026-02-01,SKU00345,New Balance,Tier 3,Running Shoes,Consignment,Mass,Men,Performance,Seasonal,0,0,0.8212618220998443,0.0067565789473684,0.0097381578947368,147953.34,50,8298,133.5,830.9326315789473,0.1952440688517507,0.8047559311482493,0.029499999999999995,0.1657440688517507,High Margin + High Sell-through,Main Push / Monitor Inventory,Low
2026-02-01,SKU00346,Salomon,Tier 3,Kids Apparel,Buyout,Premium,Men,Core Basic,Core,0,1,0.3989637802140946,0.011878947368421,0.0086947368421052,1177930.0,90,8450,124.55263157894736,636.838947368421,0.19620399512346862,0.8037960048765314,0.1212,0.07500399512346861,Low Margin + High Sell-through,Traffic Driver / Control Discount,Medium
2026-02-01,SKU00347,Skechers,Tier 3,Kids Apparel,Buyout,Mass,Men,Fashion,Seasonal,0,1,0.4782665547939981,0.0030144736842105,0.0028855263157894,424199.7,28,8269,134.8421052631579,879.3244736842106,0.20218992814782788,0.7978100718521721,0.099,0.10318992814782788,Low Margin + Low Sell-through,Clearance / Eliminate,High
2026-02-01,SKU00348,Hoka,Tier 1,Outdoor Apparel,Consignment,Premium,Unisex,Performance,Seasonal,0,1,0.8089784570373274,0.0034697368421052,0.0058868421052631,367866.48,30,8563,123.34210526315788,848.4490789473684,0.23048683242144993,0.76951316757855,0.0346,0.19588683242144994,High Margin + Low Sell-through,Targeted Marketing / Control Inventory,Medium
2026-02-01,SKU00349,Brooks Brothers,Tier 1,Lifestyle Apparel,Buyout,Mass,Men,Performance,Seasonal,0,1,0.5710861469644136,0.0081697368421052,0.0115552631578947,327481.04,58,8072,147.1578947368421,696.6535526315789,0.23514263982109532,0.7648573601789047,0.10040000000000002,0.1347426398210953,High Margin + High Sell-through,Main Push / Monitor Inventory,Low
2026-02-01,SKU00350,Columbia,Tier 3,Accessories,Consignment,Mass,Women,Limited,Seasonal,0,1,0.8217744358585197,0.011428947368421,0.0159131578947368,170630.74,79,7693,120.8157894736842,641.0653947368421,0.20185839719139875,0.7981416028086012,0.0354,0.16645839719139877,High Margin + High Sell-through,Main Push / Monitor Inventory,Low
2026-02-01,SKU00351,Nike,Tier 1,Kids Apparel,Consignment,Mass,Men,Core Basic,Seasonal,1,0,0.8200392470296322,0.0309802631578947,0.0654328947368421,52901.85,235,8331,318.2105263157895,298.08171052631576,0.12814220046656027,0.8718577995334398,0.0176,0.11054220046656027,High Margin + High Sell-through,Main Push / Monitor Inventory,Low
2026-02-01,SKU00352,Brand B,Tier 2,Accessories,Own Brand,Mass,Women,Core Basic,Seasonal,0,0,0.2032675773230624,0.0009947368421052,0.0003197368421052,1170220.01,10,9001,127.6842105263158,943.8684210526316,0.2714836930788252,0.7285163069211749,0.2176,0.05388369307882521,Low Margin + Low Sell-through,Clearance / Eliminate,High
2026-02-01,SKU00353,On Running,Tier 1,Bags,Consignment,Entry,Kids,Core Basic,Seasonal,0,0,0.823351081169184,0.0093960526315789,0.0248118421052631,37755.9,71,8298,130.8421052631579,699.3571052631579,0.23136262298075677,0.7686373770192432,0.0164,0.21496262298075677,High Margin + High Sell-through,Main Push / Monitor Inventory,Low
2026-02-01,SKU00354,Patagonia,Tier 3,Sportswear,Buyout,Mass,Women,Core Basic,Core,0,1,0.1436975427626087,0.0057907894736842,0.0011263157894736,1048456.8,48,8920,119.44736842105264,759.4667105263158,0.20206448494925489,0.7979355150507451,0.1784,0.023664484949254883,Low Margin + Low Sell-through,Clearance / Eliminate,High
2026-02-01,SKU00355,Hoka,Tier 1,Yoga Apparel,Consignment,Premium,Men,Fashion,Seasonal,0,1,0.8245287775284428,0.0025894736842105,0.0044052631578947,431654.48,26,8551,140.39473684210526,898.0702631578947,0.22657616759054455,0.7734238324094554,0.0414,0.18517616759054456,High Margin + Low Sell-through,Targeted Marketing / Control Inventory,Medium
2026-02-01,SKU00356,Brand B,Tier 2,Running Shoes,Own Brand,Premium,Women,Limited,Seasonal,0,1,0.1980846906444463,0.0070592105263157,0.0018960526315789,2415202.8,58,9354,136.46052631578948,718.7192105263158,0.25239050351685854,0.7476094964831415,0.1994,0.05299050351685855,Low Margin + High Sell-through,Traffic Driver / Control Discount,Medium
2026-02-01,SKU00357,The North Face,Tier 3,Lifestyle Apparel,Buyout,Mass,Unisex,Performance,Seasonal,1,0,0.5051657524877594,0.0082092105263157,0.0098986842105263,410922.5,69,8651,310.9736842105263,661.4253947368421,0.12803325156902512,0.8719667484309749,0.0655,0.06253325156902512,Low Margin + High Sell-through,Traffic Driver / Control Discount,Medium
2026-02-01,SKU00358,Reebok Underwear,Tier 2,Performance Apparel,Buyout,Premium,Women,Clearance,Seasonal,1,0,0.4183853441234843,0.0040828947368421,0.0034828947368421,1454269.2,31,7646,136.31578947368422,847.6438157894737,0.20277578352643433,0.7972242164735657,0.1232,0.07957578352643432,Low Margin + Low Sell-through,Clearance / Eliminate,High
2026-02-01,SKU00359,Brand B,Tier 2,Basketball Shoes,Own Brand,Mass,Women,Limited,Seasonal,0,1,0.3348968967864173,0.0015355263157894,0.0008368421052631,826844.85,11,8385,142.1184210526316,945.4473684210526,0.260517192862344,0.739482807137656,0.1573,0.10321719286234399,Low Margin + Low Sell-through,Clearance / Eliminate,High
2026-02-01,SKU00360,Salomon,Tier 3,Running Shoes,Buyout,Luxury,Women,Core Basic,Core,0,1,0.1701549822669193,0.0206223684210526,0.0048013157894736,2100926.1,130,7995,138.35526315789474,440.2310526315789,0.19793649908547908,0.8020635009145209,0.1635,0.03443649908547908,Low Margin + High Sell-through,Traffic Driver / Control Discount,Medium
2026-02-01,SKU00361,The North Face,Tier 3,Accessories,Buyout,Entry,Men,Fashion,Seasonal,0,1,0.2945796891538076,0.0044434210526315,0.0022671052631578,117892.53,36,8379,142.85526315789474,858.3044736842105,0.20222320153177523,0.7977767984682248,0.13899999999999998,0.06322320153177524,Low Margin + Low Sell-through,Clearance / Eliminate,High
2026-02-01,SKU00362,Brooks Brothers,Tier 1,Outdoor Apparel,Buyout,Luxury,Women,Core Basic,Seasonal,0,0,0.5175764862254213,0.0020513157894736,0.0024513157894736,1639192.68,15,8084,128.4078947368421,899.7763157894736,0.23995030232666706,0.760049697673333,0.1132,0.12675030232666706,High Margin + Low Sell-through,Targeted Marketing / Control Inventory,Medium
2026-02-01,SKU00363,Under Armour,Tier 3,Accessories,Buyout,Mass,Unisex,Fashion,Seasonal,0,1,0.4251895043731778,0.0038276315789473,0.0032263157894736,395059.35,28,8015,137.73684210526315,841.7552631578948,0.19682982885725406,0.8031701711427459,0.1185,0.07832982885725406,Low Margin + Low Sell-through,Clearance / Eliminate,High
2026-02-01,SKU00364,Brand A,Tier 2,Outdoor Apparel,Own Brand,Premium,Unisex,Performance,Seasonal,0,1,0.5172262780629356,0.0173302631578947,0.0208960526315789,1553871.3,135,8938,125.59210526315788,536.8331578947368,0.24923970983171426,0.7507602901682857,0.1147,0.13453970983171426,High Margin + High Sell-through,Main Push / Monitor Inventory,Low
2026-02-01,SKU00365,On Running,Tier 1,Performance Apparel,Consignment,Mass,Kids,Core Basic,Core,0,1,0.8372585825720602,0.0068342105263157,0.0161171052631578,89590.5,44,8334,139.76315789473685,775.078947368421,0.23478811819800002,0.765211881802,0.0168,0.217988118198,High Margin + High Sell-through,Main Push / Monitor Inventory,Low
2026-02-01,SKU00366,Brand B,Tier 2,Kids Apparel,Own Brand,Mass,Men,Core Basic,Core,0,1,0.407535379725207,0.0033381578947368,0.0025828947368421,810624.26,25,9277,148.22368421052633,873.2368421052631,0.2490680200545531,0.7509319799454469,0.145,0.10406802005455312,Low Margin + Low Sell-through,Clearance / Eliminate,High
2026-02-01,SKU00367,Adidas,Tier 1,Yoga Apparel,Consignment,Entry,Kids,Performance,Seasonal,0,0,0.8291833249233397,0.0067421052631578,0.0262763157894736,40431.24,49,7866,129.93421052631578,756.1336842105263,0.2336525871203658,0.7663474128796341,0.0177,0.2159525871203658,High Margin + High Sell-through,Main Push / Monitor Inventory,Low
2026-02-01,SKU00368,Puma,Tier 3,Sportswear,Buyout,Mass,Men,Core Basic,Seasonal,0,0,0.4189864593902823,0.0079960526315789,0.0065171052631578,703061.7,50,8142,134.6184210526316,772.8255263157895,0.19386025994276063,0.8061397400572394,0.1093,0.08456025994276063,Low Margin + High Sell-through,Traffic Driver / Control Discount,Medium
2026-02-01,SKU00369,Adidas,Tier 1,Bags,Consignment,Entry,Women,Performance,Seasonal,0,1,0.8166386297599022,0.0023473684210526,0.0040381578947368,98409.6,16,8160,133.71052631578948,905.7851315789474,0.22830242854107327,0.7716975714589267,0.0422,0.18610242854107328,High Margin + Low Sell-through,Targeted Marketing / Control Inventory,Medium
2026-02-01,SKU00370,Hoka,Tier 1,Sportswear,Buyout,Mass,Kids,Limited,Seasonal,0,0,0.450145797971885,0.0017868421052631,0.0015828947368421,522542.24,14,8272,124.44736842105264,933.171052631579,0.23113609709568173,0.7688639029043183,0.11279999999999998,0.11833609709568174,Low Margin + Low Sell-through,Clearance / Eliminate,High
2026-02-01,SKU00371,Brand A,Tier 2,Sportswear,Own Brand,Premium,Unisex,Fashion,Seasonal,0,1,0.255391838979503,0.0121947368421052,0.0046276315789473,1688725.28,96,8936,140.32894736842104,626.1285526315789,0.2514243628839476,0.7485756371160524,0.1864,0.06502436288394758,Low Margin + High Sell-through,Traffic Driver / Control Discount,Medium
2026-02-01,SKU00372,Under Armour,Tier 3,Kids Apparel,Consignment,Mass,Unisex,Clearance,Seasonal,1,0,0.8489830317346329,0.0054381578947368,0.0072776315789473,217874.88,43,8154,150.3815789473684,769.7657894736842,0.19863890534926543,0.8013610946507346,0.0343,0.16433890534926543,High Margin + Low Sell-through,Targeted Marketing / Control Inventory,Medium
2026-02-01,SKU00373,New Balance,Tier 3,Outdoor Apparel,Buyout,Premium,Men,Core Basic,Core,0,1,0.3643119374703932,0.0001960526315789,0.0001131578947368,1768136.85,1,8235,141.30263157894737,989.328947368421,0.21169179520796266,0.7883082047920373,0.1526,0.05909179520796265,Low Margin + Low Sell-through,Clearance / Eliminate,High
2026-02-01,SKU00374,Asics,Tier 3,Sportswear,Buyout,Mass,Men,Core Basic,Core,0,1,0.411356448749247,0.0127986842105263,0.01075,511131.25,97,8345,137.1315789473684,565.9076315789474,0.1950327945886546,0.8049672054113454,0.1145,0.0805327945886546,Low Margin + High Sell-through,Traffic Driver / Control Discount,Medium
2026-02-01,SKU00375,Salomon,Tier 3,Lifestyle Apparel,Buyout,Entry,Women,Core Basic,Seasonal,0,0,0.2332876085962505,0.0005934210526315,0.0001986842105263,338839.36,4,8083,144.81578947368422,973.4605263157896,0.1980393554100964,0.8019606445899036,0.1402,0.05783935541009641,Low Margin + Low Sell-through,Clearance / Eliminate,High
2026-02-01,SKU00376,Puma,Tier 3,Sportswear,Consignment,Premium,Men,Core Basic,Core,0,1,0.8282299137303814,0.0010828947368421,0.0010763157894736,348302.16,11,8562,146.05263157894737,940.1052631578948,0.1982891189788059,0.8017108810211941,0.0432,0.1550891189788059,High Margin + Low Sell-through,Targeted Marketing / Control Inventory,Medium
2026-02-01,SKU00377,Reebok Underwear,Tier 2,Kids Apparel,Consignment,Mass,Kids,Fashion,Seasonal,1,0,0.8346295770650014,0.0031526315789473,0.0028473684210526,129682.52,24,8798,295.67105263157896,857.3815789473684,0.1347104471721735,0.8652895528278265,0.0401,0.09461044717217351,High Margin + Low Sell-through,Targeted Marketing / Control Inventory,Medium
2026-02-01,SKU00378,Cole Haan,Tier 2,Sportswear,Buyout,Entry,Women,Core Basic,Seasonal,1,0,0.0347542112805121,0.0044302631578947,0.000203947368421,386704.56,41,10102,321.94736842105266,812.6061842105263,0.12792207334715272,0.8720779266528473,0.1296,-0.0016779266528472725,Low Margin + Low Sell-through,Clearance / Eliminate,High
2026-02-01,SKU00379,Brand B,Tier 2,Kids Apparel,Own Brand,Premium,Unisex,Performance,Seasonal,0,1,0.278105078587365,0.0033855263157894,0.0015144736842105,1329994.72,25,8836,122.44736842105264,869.3860526315789,0.2429883637865032,0.7570116362134968,0.1818,0.06118836378650322,Low Margin + Low Sell-through,Clearance / Eliminate,High
2026-02-01,SKU00380,Cole Haan,Tier 2,Performance Apparel,Buyout,Luxury,Kids,Fashion,Seasonal,0,0,0.6143229396696406,0.00155,0.0027565789473684,1232405.25,14,9879,215.01315789473685,936.078947368421,0.15731940513662598,0.842680594863374,0.0672,0.09011940513662599,High Margin + Low Sell-through,Targeted Marketing / Control Inventory,Medium
2026-02-01,SKU00381,Columbia,Tier 3,Accessories,Buyout,Entry,Men,Performance,Seasonal,0,1,0.5903112410809862,0.0071552631578947,0.0114631578947368,201075.96,49,8121,132.3684210526316,768.3710526315789,0.20423109843081313,0.7957689015691869,0.0841,0.12013109843081314,High Margin + High Sell-through,Main Push / Monitor Inventory,Low
2026-02-01,SKU00382,Fila,Tier 3,Training Shoes,Buyout,Premium,Men,Clearance,Seasonal,1,0,0.1799167252217179,0.0118157894736842,0.0031434210526315,1959707.79,90,8509,132.97368421052633,611.2825,0.1976479056746398,0.8023520943253601,0.15750000000000003,0.04014790567463977,Low Margin + High Sell-through,Traffic Driver / Control Discount,Medium
2026-02-01,SKU00383,Puma,Tier 3,Running Shoes,Buyout,Premium,Women,Performance,Seasonal,0,1,0.5836215033256781,0.0047355263157894,0.0079434210526315,669686.25,36,8025,127.78947368421052,804.2806578947369,0.19755691188207922,0.8024430881179208,0.0806,0.11695691188207921,High Margin + Low Sell-through,Targeted Marketing / Control Inventory,Medium
2026-02-01,SKU00384,Fila,Tier 3,Running Shoes,Consignment,Premium,Kids,Performance,Seasonal,0,1,0.824213456467436,0.0086684210526315,0.0236749999999999,107257.95,66,8219,124.97368421052632,713.3069736842106,0.193976194177874,0.806023805822126,0.0137,0.18027619417787402,High Margin + High Sell-through,Main Push / Monitor Inventory,Low
2026-02-01,SKU00385,Reebok Underwear,Tier 2,Outdoor Apparel,Buyout,Luxury,Men,Clearance,Seasonal,1,0,0.309263320027513,0.0073842105263157,0.0031921052631578,2152769.5,36,8245,129.31578947368422,822.6092105263158,0.19305822658278737,0.8069417734172126,0.1337,0.05935822658278736,Low Margin + High Sell-through,Traffic Driver / Control Discount,Medium
2026-02-01,SKU00386,Lululemon,Tier 1,Basketball Shoes,Buyout,Mass,Men,Performance,Seasonal,0,0,0.3696366812490875,0.0048618421052631,0.0033802631578947,815637.76,39,8468,130.1578947368421,804.5,0.23257380439403658,0.7674261956059634,0.1485,0.08407380439403658,Low Margin + Low Sell-through,Clearance / Eliminate,High
2026-02-01,SKU00387,Puma,Tier 3,Performance Apparel,Buyout,Premium,Unisex,Performance,Seasonal,0,0,0.1178342606050553,0.0066605263157894,0.0012118421052631,2064458.76,46,7566,135.57894736842104,773.3509210526315,0.20096783262760437,0.7990321673723957,0.1744,0.02656783262760437,Low Margin + High Sell-through,Traffic Driver / Control Discount,Medium
2026-02-01,SKU00388,Brand B,Tier 2,Kids Apparel,Own Brand,Entry,Kids,Performance,Seasonal,0,1,0.3961955781540835,0.0137447368421052,0.0106894736842105,166295.22,100,8931,140.94736842105263,579.9568421052631,0.25105172362154127,0.7489482763784587,0.1439,0.10715172362154127,Low Margin + High Sell-through,Traffic Driver / Control Discount,Medium
2026-02-01,SKU00389,Skechers,Tier 3,Lifestyle Apparel,Buyout,Mass,Men,Fashion,Seasonal,1,0,0.4593554994521984,0.0049473684210526,0.0049513157894736,294553.62,37,8002,309.1578947368421,824.8157894736842,0.13408997222782212,0.8659100277721778,0.0725,0.06158997222782213,Low Margin + Low Sell-through,Clearance / Eliminate,High
2026-02-01,SKU00390,Adidas,Tier 1,Yoga Apparel,Buyout,Mass,Women,Core Basic,Seasonal,0,0,0.5157604334533686,0.0028434210526315,0.003178947368421,526658.92,22,7934,139.75,873.828947368421,0.23043361086839348,0.7695663891316065,0.12,0.11043361086839348,High Margin + Low Sell-through,Targeted Marketing / Control Inventory,Medium
2026-02-01,SKU00391,Adidas,Tier 1,Basketball Shoes,Consignment,Mass,Women,Core Basic,Seasonal,0,0,0.7896396396396397,0.0005473684210526,0.0008986842105263,176212.39,4,8269,133.52631578947367,968.2105263157896,0.25495135243314804,0.745048647566852,0.0328,0.22215135243314804,High Margin + Low Sell-through,Targeted Marketing / Control Inventory,Medium
2026-02-01,SKU00392,Under Armour,Tier 3,Training Shoes,Consignment,Premium,Unisex,Core Basic,Seasonal,1,0,0.8334774486570715,0.0237999999999999,0.0298868421052631,226398.89,194,8711,298.9605263157895,382.766052631579,0.12999737246130003,0.8700026275387,0.0308,0.09919737246130003,High Margin + High Sell-through,Main Push / Monitor Inventory,Low
2026-02-01,SKU00393,Brand B,Tier 2,Accessories,Own Brand,Mass,Kids,Core Basic,Core,0,1,0.3182663985168227,0.02615,0.0150973684210526,716807.61,211,9423,135.69736842105263,388.2907894736842,0.25056335116758593,0.749436648832414,0.1661,0.08446335116758594,Low Margin + High Sell-through,Traffic Driver / Control Discount,Medium
2026-02-01,SKU00394,Nike,Tier 1,Outdoor Apparel,Consignment,Luxury,Men,Core Basic,Seasonal,1,0,0.8291189350462294,0.0054907894736842,0.0085118421052631,284428.25,38,7925,287.4605263157895,767.2368421052631,0.12596207215408628,0.8740379278459137,0.0221,0.10386207215408627,High Margin + Low Sell-through,Targeted Marketing / Control Inventory,Medium
2026-02-01,SKU00395,Brand B,Tier 2,Kids Apparel,Own Brand,Premium,Men,Core Basic,Seasonal,0,0,0.5191202245344463,0.0067223684210526,0.0077157894736842,1060128.72,47,9513,144.32894736842104,766.9342105263158,0.2488718487722747,0.7511281512277252,0.12329999999999999,0.1255718487722747,High Margin + High Sell-through,Main Push / Monitor Inventory,Low
2026-02-01,SKU00396,Adidas,Tier 1,Training Shoes,Buyout,Premium,Women,Fashion,Seasonal,0,1,0.3497444159591066,0.015303947368421,0.0094881578947368,1888536.72,103,8376,124.4342105263158,544.728947368421,0.22618237072960506,0.7738176292703949,0.1498,0.07638237072960508,Low Margin + High Sell-through,Traffic Driver / Control Discount,Medium
2026-02-01,SKU00397,Asics,Tier 3,Underwear,Consignment,Mass,Women,Fashion,Seasonal,0,1,0.8159802394888042,0.0013118421052631,0.0017986842105263,98189.1,10,8286,131.81578947368422,934.6052631578948,0.19283573681838664,0.8071642631816134,0.0334,0.15943573681838663,High Margin + Low Sell-through,Targeted Marketing / Control Inventory,Medium
2026-02-01,SKU00398,Lululemon,Tier 1,Sportswear,Buyout,Premium,Women,Performance,Seasonal,0,1,0.4261414777017964,0.0024552631578947,0.0021,1341360.0,22,8280,130.43421052631578,878.640394736842,0.2317107016649799,0.7682892983350201,0.1357,0.09601070166497991,Low Margin + Low Sell-through,Clearance / Eliminate,High
2026-02-01,SKU00399,Asics,Tier 3,Performance Apparel,Consignment,Mass,Women,Core Basic,Core,0,1,0.8195670150226766,0.0188210526315789,0.0160736842105263,250666.92,125,7668,122.47368421052632,522.7292105263158,0.2064904251943643,0.7935095748056357,0.0434,0.1630904251943643,High Margin + High Sell-through,Main Push / Monitor Inventory,Low
2026-02-01,SKU00400,Hoka,Tier 1,Sportswear,Buyout,Entry,Women,Core Basic,Core,0,1,0.5030192209559449,0.0038894736842105,0.0046802631578947,187757.7,29,7765,143.69736842105263,840.1851315789473,0.23353504557772853,0.7664649544222715,0.1221,0.11143504557772853,Low Margin + Low Sell-through,Clearance / Eliminate,High
2026-02-01,SKU00401,Reebok Underwear,Tier 2,Yoga Apparel,Buyout,Mass,Women,Fashion,Seasonal,0,1,0.1279021009887005,0.0023407894736842,0.0003947368421052,807624.28,17,8686,131.73684210526315,927.9736842105264,0.1902501398277054,0.8097498601722946,0.1584,0.031850139827705376,Low Margin + Low Sell-through,Clearance / Eliminate,High
2026-02-01,SKU00402,Puma,Tier 3,Performance Apparel,Buyout,Premium,Kids,Fashion,Seasonal,0,1,0.453317068749927,0.0084407894736842,0.0084526315789473,1357380.99,61,8421,127.88157894736842,718.5825,0.19646951722194034,0.8035304827780596,0.10890000000000001,0.08756951722194033,Low Margin + High Sell-through,Traffic Driver / Control Discount,Medium
2026-02-01,SKU00403,Nike,Tier 1,Outdoor Apparel,Consignment,Mass,Unisex,Fashion,Seasonal,0,1,0.850337324141189,0.0050315789473684,0.0159657894736842,119453.94,28,8193,140.82894736842104,817.578947368421,0.2273121936743315,0.7726878063256685,0.0203,0.2070121936743315,High Margin + Low Sell-through,Targeted Marketing / Control Inventory,Medium
2026-02-01,SKU00404,Lululemon,Tier 1,Accessories,Consignment,Mass,Men,Core Basic,Core,0,1,0.825622074257586,0.0194697368421052,0.0427184210526315,87506.72,134,7912,134.53947368421052,520.2286842105262,0.2333424555123603,0.7666575444876397,0.0248,0.2085424555123603,High Margin + High Sell-through,Main Push / Monitor Inventory,Low
2026-02-01,SKU00405,Under Armour,Tier 3,Performance Apparel,Consignment,Premium,Men,Core Basic,Seasonal,0,0,0.8300586404912316,0.0053776315789473,0.0103960526315789,352711.32,41,8086,146.67105263157896,789.4289473684211,0.2040827383927772,0.7959172616072228,0.0314,0.1726827383927772,High Margin + Low Sell-through,Targeted Marketing / Control Inventory,Medium
2026-02-01,SKU00406,Cole Haan,Tier 2,Running Shoes,Buyout,Premium,Unisex,Fashion,Seasonal,0,1,0.4230407116648776,0.003978947368421,0.0029421052631578,1243263.2,34,10280,221.31578947368425,829.2965789473684,0.15574068993841153,0.8442593100615885,0.08730000000000002,0.06844068993841151,Low Margin + Low Sell-through,Clearance / Eliminate,High
2026-02-01,SKU00407,Brand B,Tier 2,Performance Apparel,Own Brand,Mass,Men,Core Basic,Core,0,1,0.2105300858043972,0.0040447368421052,0.00125,895428.89,36,8863,136.07894736842104,824.7656578947368,0.25252689952675417,0.7474731004732458,0.19919999999999996,0.05332689952675421,Low Margin + Low Sell-through,Clearance / Eliminate,High
2026-02-01,SKU00408,Brand A,Tier 2,Performance Apparel,Own Brand,Luxury,Men,Clearance,Seasonal,1,0,0.4301747169999675,0.0111723684210526,0.0092605263157894,2592861.95,91,9065,120.22368421052632,680.5090789473685,0.2478861177520331,0.7521138822479669,0.1387,0.1091861177520331,Low Margin + High Sell-through,Traffic Driver / Control Discount,Medium
2026-02-01,SKU00409,Puma,Tier 3,Yoga Apparel,Consignment,Premium,Unisex,Core Basic,Seasonal,1,0,0.8342177535725923,0.0053276315789473,0.0071171052631578,211645.58,51,9214,313.80263157894734,759.7596052631579,0.12661691482249354,0.8733830851775064,0.025199999999999997,0.10141691482249354,High Margin + Low Sell-through,Targeted Marketing / Control Inventory,Medium
2026-02-01,SKU00410,Brand B,Tier 2,Sportswear,Own Brand,Premium,Unisex,Fashion,Seasonal,0,0,0.4321245549404187,0.0035171052631578,0.0028368421052631,1736488.0,30,9440,133.64473684210526,824.3727631578947,0.2490560409261706,0.7509439590738294,0.1459,0.10315604092617059,Low Margin + Low Sell-through,Clearance / Eliminate,High
2026-02-01,SKU00411,New Balance,Tier 3,Running Shoes,Buyout,Premium,Women,Performance,Seasonal,0,1,0.1179336119817127,0.0085460526315789,0.0011605263157894,2237308.8,64,8160,129.72368421052633,672.6281578947368,0.19715698322512076,0.8028430167748792,0.1732,0.02395698322512077,Low Margin + High Sell-through,Traffic Driver / Control Discount,Medium
2026-02-01,SKU00412,Cole Haan,Tier 2,Training Shoes,Buyout,Premium,Women,Clearance,Seasonal,1,0,0.6427059903103262,0.0194776315789473,0.0386855263157894,588827.25,153,10175,218.3421052631579,524.6756578947368,0.15715981808666485,0.8428401819133351,0.0534,0.10375981808666485,High Margin + High Sell-through,Main Push / Monitor Inventory,Low
2026-02-01,SKU00413,The North Face,Tier 3,Training Shoes,Buyout,Premium,Women,Core Basic,Seasonal,1,0,0.0144724529012589,0.0097684210526315,0.0004026315789473,1478416.05,70,8829,287.8421052631579,706.8399999999999,0.129724950468528,0.870275049531472,0.1233,0.006424950468527993,Low Margin + High Sell-through,Traffic Driver / Control Discount,Medium
2026-02-01,SKU00414,Cole Haan,Tier 2,Training Shoes,Buyout,Premium,Women,Performance,Seasonal,0,1,0.4709471621836788,0.0034157894736842,0.0033184210526315,1306978.4,29,9667,209.75,845.171052631579,0.1620122504126564,0.8379877495873436,0.0857,0.07631225041265641,Low Margin + Low Sell-through,Clearance / Eliminate,High
2026-02-01,SKU00415,Brooks Brothers,Tier 1,Kids Apparel,Buyout,Premium,Unisex,Core Basic,Core,0,1,0.6162553831969393,0.0014434210526315,0.0027078947368421,765605.38,11,8647,152.67105263157896,941.8684210526316,0.22608606888012986,0.7739139311198702,0.0875,0.13858606888012986,High Margin + Low Sell-through,Targeted Marketing / Control Inventory,Medium
2026-02-01,SKU00416,Fila,Tier 3,Outdoor Apparel,Consignment,Luxury,Unisex,Performance,Seasonal,0,1,0.8315774882173552,0.0106013157894736,0.0254657894736842,291465.0,88,8636,136.30263157894737,667.8372368421052,0.20110413280957962,0.7988958671904204,0.017,0.1841041328095796,High Margin + High Sell-through,Main Push / Monitor Inventory,Low
2026-02-01,SKU00417,Asics,Tier 3,Kids Apparel,Consignment,Mass,Men,Fashion,Seasonal,0,0,0.8251746040112801,0.011403947368421,0.0134171052631578,286101.5,89,8245,134.3815789473684,630.5032894736842,0.2026342122799501,0.79736578772005,0.045,0.15763421227995011,High Margin + High Sell-through,Main Push / Monitor Inventory,Low
2026-02-01,SKU00418,The North Face,Tier 3,Training Shoes,Consignment,Mass,Men,Performance,Seasonal,0,0,0.8262110649327434,0.0043960526315789,0.0070394736842105,239359.64,37,8446,134.82894736842104,851.0078947368421,0.20761128086880104,0.7923887191311989,0.0414,0.16621128086880105,High Margin + Low Sell-through,Targeted Marketing / Control Inventory,Medium
2026-02-01,SKU00419,Lululemon,Tier 1,Yoga Apparel,Consignment,Premium,Women,Core Basic,Seasonal,0,0,0.8303950615019126,0.0050697368421052,0.009128947368421,246710.25,39,8265,132.9078947368421,827.6973684210526,0.2299559062307563,0.7700440937692437,0.0358,0.1941559062307563,High Margin + Low Sell-through,Targeted Marketing / Control Inventory,Medium
2026-02-01,SKU00420,Salomon,Tier 3,Underwear,Buyout,Entry,Men,Core Basic,Seasonal,0,0,0.3305788732548112,0.0031921052631578,0.0016736842105263,213312.88,25,8696,147.3815789473684,865.6772368421052,0.2010562968996139,0.7989437031003861,0.1278,0.07325629689961391,Low Margin + Low Sell-through,Clearance / Eliminate,High
2026-02-01,SKU00421,Cole Haan,Tier 2,Bags,Buyout,Entry,Men,Limited,Seasonal,0,1,0.5814759543638377,0.0032855263157894,0.0051723684210526,173068.56,21,10451,212.51315789473685,896.9227631578948,0.1575334756924799,0.8424665243075201,0.0642,0.09333347569247992,High Margin + Low Sell-through,Targeted Marketing / Control Inventory,Medium
2026-02-01,SKU00422,Nike,Tier 1,Bags,Consignment,Premium,Men,Performance,Seasonal,0,1,0.7998411393219335,0.003128947368421,0.0104868421052631,143498.01,28,8377,146.01315789473685,870.3464473684211,0.23783860273284863,0.7621613972671514,0.0124,0.22543860273284863,High Margin + Low Sell-through,Targeted Marketing / Control Inventory,Medium
2026-02-01,SKU00423,Salomon,Tier 3,Underwear,Buyout,Mass,Men,Limited,Seasonal,0,0,0.4159096329380135,0.0005328947368421,0.0004263157894736,713910.0,3,7950,132.52631578947367,972.671052631579,0.20171673819742486,0.7982832618025751,0.1329,0.06881673819742487,Low Margin + Low Sell-through,Clearance / Eliminate,High
2026-02-01,SKU00424,Asics,Tier 3,Underwear,Buyout,Mass,Unisex,Clearance,Seasonal,1,0,0.2894268106753243,0.0154986842105263,0.0069907894736842,633165.0,116,8500,126.77631578947368,520.8146052631579,0.19489584509872934,0.8051041549012706,0.1362,0.058695845098729355,Low Margin + High Sell-through,Traffic Driver / Control Discount,Medium
2026-02-01,SKU00425,New Balance,Tier 3,Lifestyle Apparel,Buyout,Mass,Women,Core Basic,Core,0,1,0.4395317236333229,0.0008631578947368,0.0007013157894736,380227.08,7,8273,127.09210526315788,958.092105263158,0.20668153689384622,0.7933184631061538,0.104,0.10268153689384622,Low Margin + Low Sell-through,Clearance / Eliminate,High
2026-02-01,SKU00426,Cole Haan,Tier 2,Lifestyle Apparel,Buyout,Entry,Women,Fashion,Seasonal,0,1,0.50276543898439,0.0054855263157894,0.0060934210526315,165974.6,46,10195,216.1315789473684,812.2807894736842,0.15922743509552778,0.8407725649044722,0.0832,0.07602743509552778,Low Margin + Low Sell-through,Clearance / Eliminate,High
2026-02-01,SKU00427,Salomon,Tier 3,Kids Apparel,Buyout,Premium,Women,Performance,Seasonal,0,1,0.6181944551702834,0.0001921052631578,0.0003131578947368,613674.0,2,8275,141.44736842105263,989.407894736842,0.19666447561421369,0.8033355243857863,0.0814,0.11526447561421369,High Margin + Low Sell-through,Targeted Marketing / Control Inventory,Medium
2026-02-01,SKU00428,Asics,Tier 3,Sportswear,Consignment,Mass,Men,Performance,Seasonal,0,0,0.8237927612084169,0.0099631578947368,0.020603947368421,152275.19,69,8353,136.23684210526315,679.5456578947369,0.2015587339370561,0.7984412660629439,0.0314,0.1701587339370561,High Margin + High Sell-through,Main Push / Monitor Inventory,Low
2026-02-01,SKU00429,Patagonia,Tier 3,Training Shoes,Consignment,Premium,Kids,Clearance,Seasonal,1,0,0.8290241398578377,0.0159157894736842,0.0301065789473684,166114.72,108,8056,126.96052631578948,593.1044736842106,0.20047938161982162,0.7995206183801784,0.024700000000000003,0.17577938161982162,High Margin + High Sell-through,Main Push / Monitor Inventory,Low
2026-02-01,SKU00430,Brand A,Tier 2,Performance Apparel,Own Brand,Premium,Unisex,Core Basic,Core,0,1,0.2077695716179604,0.006225,0.0016671052631578,1998992.6,52,9605,151.23684210526315,762.5061842105264,0.25849531489723204,0.741504685102768,0.1979,0.06059531489723205,Low Margin + Low Sell-through,Clearance / Eliminate,High
2026-02-01,SKU00431,Nike,Tier 1,Training Shoes,Buyout,Premium,Unisex,Core Basic,Core,0,1,0.2989939186727574,0.0064263157894736,0.002925,2209736.76,51,8834,133.43421052631578,774.0973684210527,0.22629262386090526,0.7737073761390947,0.1657,0.060592623860905276,Low Margin + High Sell-through,Traffic Driver / Control Discount,Medium
2026-02-01,SKU00432,Puma,Tier 3,Yoga Apparel,Consignment,Premium,Unisex,Clearance,Seasonal,1,0,0.7974567471715414,0.0042210526315789,0.0034815789473684,455773.04,30,8044,289.0,839.4569736842105,0.1278319116513359,0.8721680883486641,0.0457,0.0821319116513359,High Margin + Low Sell-through,Targeted Marketing / Control Inventory,Medium
2026-02-01,SKU00433,Puma,Tier 3,Yoga Apparel,Buyout,Entry,Kids,Fashion,Seasonal,0,0,0.0719694451567154,0.0155118421052631,0.0014842105263157,421159.96,119,8548,146.30263157894737,532.671052631579,0.1992583559279502,0.8007416440720498,0.1794,0.019858355927950183,Low Margin + High Sell-through,Traffic Driver / Control Discount,Medium
2026-02-01,SKU00434,Nike,Tier 1,Kids Apparel,Buyout,Mass,Men,Limited,Seasonal,0,1,0.4743961922164424,0.0009513157894736,0.0009565789473684,754556.54,8,8462,135.77631578947367,946.9473684210526,0.24592963252219244,0.7540703674778075,0.1193,0.12662963252219245,Low Margin + Low Sell-through,Clearance / Eliminate,High
2026-02-01,SKU00435,New Balance,Tier 3,Outdoor Apparel,Buyout,Mass,Women,Core Basic,Core,0,1,0.2217530904814997,0.0017605263157894,0.0005486842105263,727182.8,14,7970,146.05263157894737,914.5,0.21118238012208118,0.7888176198779189,0.1608,0.05038238012208118,Low Margin + Low Sell-through,Clearance / Eliminate,High
2026-02-01,SKU00436,Brand A,Tier 2,Outdoor Apparel,Own Brand,Mass,Men,Fashion,Seasonal,0,1,0.4859714191045223,0.003303947368421,0.0035118421052631,840473.28,33,9612,138.69736842105263,870.5175,0.24868041209327685,0.7513195879067232,0.1164,0.13228041209327684,Low Margin + Low Sell-through,Clearance / Eliminate,High
2026-02-01,SKU00437,Salomon,Tier 3,Accessories,Buyout,Mass,Men,Core Basic,Core,0,1,0.5999294546452156,0.0037381578947368,0.0074921052631578,395611.04,24,7751,145.93421052631578,876.6578947368421,0.20260031683039037,0.7973996831696096,0.0833,0.11930031683039037,High Margin + Low Sell-through,Targeted Marketing / Control Inventory,Medium
2026-02-01,SKU00438,Fila,Tier 3,Running Shoes,Buyout,Mass,Women,Core Basic,Core,0,1,0.256221111215923,0.0091105263157894,0.0040565789473684,647863.04,56,8366,126.34210526315788,707.6928947368422,0.19644129463192536,0.8035587053680746,0.1407,0.05574129463192537,Low Margin + High Sell-through,Traffic Driver / Control Discount,Medium
2026-02-01,SKU00439,On Running,Tier 1,Bags,Buyout,Premium,Men,Fashion,Seasonal,0,1,0.1833832183612937,0.004875,0.001253947368421,2171460.59,35,8983,131.1578947368421,798.8552631578947,0.2252048521693874,0.7747951478306125,0.1767,0.04850485216938741,Low Margin + Low Sell-through,Clearance / Eliminate,High
2026-02-01,SKU00440,New Balance,Tier 3,Basketball Shoes,Buyout,Premium,Men,Core Basic,Core,0,1,0.5436747695149248,0.0029223684210526,0.0040342105263157,1026971.82,18,7926,153.71052631578948,888.2631578947369,0.19673659286085232,0.8032634071391477,0.0932,0.10353659286085232,High Margin + Low Sell-through,Targeted Marketing / Control Inventory,Medium
2026-02-01,SKU00441,Nike,Tier 1,Basketball Shoes,Consignment,Mass,Unisex,Clearance,Seasonal,1,0,0.8311808768570699,0.0102552631578947,0.0423342105263157,47531.0,73,7975,146.22368421052633,699.6080263157895,0.23060293067356238,0.7693970693264376,0.0147,0.2159029306735624,High Margin + High Sell-through,Main Push / Monitor Inventory,Low
2026-02-01,SKU00442,Under Armour,Tier 3,Lifestyle Apparel,Buyout,Mass,Women,Clearance,Seasonal,1,0,0.5060102179037298,0.0074,0.0085157894736842,252707.2,59,8048,141.19736842105263,742.905,0.19623670954664707,0.8037632904533529,0.0896,0.10663670954664707,Low Margin + High Sell-through,Traffic Driver / Control Discount,Medium
2026-02-01,SKU00443,Reebok Underwear,Tier 2,Kids Apparel,Consignment,Mass,Men,Fashion,Seasonal,0,1,0.8282427835999263,0.013628947368421,0.0243,118560.5,96,8038,134.8815789473684,594.4772368421052,0.19438609796895162,0.8056139020310484,0.0269,0.1674860979689516,High Margin + High Sell-through,Main Push / Monitor Inventory,Low
2026-02-01,SKU00444,Skechers,Tier 3,Basketball Shoes,Consignment,Premium,Kids,Fashion,Seasonal,0,1,0.8401529064628964,0.0089947368421052,0.0186921052631578,293537.55,66,8285,137.06578947368422,681.7477631578947,0.2007376519476116,0.7992623480523884,0.028399999999999998,0.17233765194761158,High Margin + High Sell-through,Main Push / Monitor Inventory,Low
2026-02-01,SKU00445,Brand B,Tier 2,Underwear,Own Brand,Mass,Women,Performance,Seasonal,0,1,0.392989884242361,0.0073868421052631,0.0053315789473684,435830.85,61,9135,145.71052631578948,743.3842105263158,0.2519859490646915,0.7480140509353085,0.1517,0.10028594906469152,Low Margin + High Sell-through,Traffic Driver / Control Discount,Medium
2026-02-01,SKU00446,Reebok Underwear,Tier 2,Training Shoes,Consignment,Premium,Men,Fashion,Seasonal,1,0,0.8213745352689393,0.0050618421052631,0.011153947368421,157594.93,39,8551,297.5657894736842,806.8026315789474,0.1349769712700581,0.8650230287299419,0.015400000000000002,0.11957697127005809,High Margin + Low Sell-through,Targeted Marketing / Control Inventory,Medium
2026-02-01,SKU00447,Brand B,Tier 2,Running Shoes,Own Brand,Premium,Unisex,Limited,Seasonal,0,1,0.4953549335565091,0.0100460526315789,0.0110973684210526,1183438.1,89,9242,129.05263157894737,641.0382894736842,0.24802862263934847,0.7519713773606516,0.1223,0.12572862263934848,Low Margin + High Sell-through,Traffic Driver / Control Discount,Medium
2026-02-01,SKU00448,Nike,Tier 1,Yoga Apparel,Consignment,Premium,Men,Fashion,Seasonal,0,1,0.8334179562462747,0.0056210526315789,0.0230434210526315,112213.35,33,8343,132.55263157894737,815.8332894736842,0.23129903536317653,0.7687009646368235,0.0162,0.21509903536317654,High Margin + Low Sell-through,Targeted Marketing / Control Inventory,Medium
2026-02-01,SKU00449,Puma,Tier 3,Underwear,Buyout,Mass,Kids,Fashion,Seasonal,0,1,0.3802861750839567,0.0055631578947368,0.0035855263157894,414649.04,43,8483,131.10526315789474,785.1930263157894,0.2022301021467095,0.7977698978532906,0.1252,0.0770301021467095,Low Margin + Low Sell-through,Clearance / Eliminate,High
2026-02-01,SKU00450,Adidas,Tier 1,Accessories,Buyout,Mass,Men,Clearance,Seasonal,1,0,0.3612556764275121,0.0096276315789473,0.0061328947368421,748481.8,80,8635,125.9342105263158,614.5315789473684,0.2306688165300815,0.7693311834699185,0.144,0.08666881653008152,Low Margin + High Sell-through,Traffic Driver / Control Discount,Medium
2026-02-01,SKU00451,Brand B,Tier 2,Sportswear,Own Brand,Mass,Women,Core Basic,Seasonal,1,0,0.0724155578300921,0.0056592105263157,0.0003894736842105,700316.25,58,9829,297.2894736842105,769.1210526315789,0.13313098212692046,0.8668690178730796,0.12459999999999999,0.008530982126920467,Low Margin + Low Sell-through,Clearance / Eliminate,High
2026-02-01,SKU00452,Patagonia,Tier 3,Bags,Consignment,Mass,Men,Fashion,Seasonal,0,0,0.8225300433144804,0.0053815789473684,0.0082671052631578,122588.22,38,8178,139.22368421052633,807.3377631578948,0.19218665777400212,0.8078133422259979,0.0382,0.1539866577740021,High Margin + Low Sell-through,Targeted Marketing / Control Inventory,Medium
2026-02-01,SKU00453,Under Armour,Tier 3,Accessories,Buyout,Entry,Unisex,Fashion,Seasonal,0,1,0.5149593027124132,0.0027052631578947,0.0029381578947368,103250.7,18,8498,128.67105263157896,875.0657894736842,0.20349308121402657,0.7965069187859735,0.1011,0.10239308121402657,High Margin + Low Sell-through,Targeted Marketing / Control Inventory,Medium
2026-02-01,SKU00454,Adidas,Tier 1,Performance Apparel,Consignment,Premium,Kids,Performance,Seasonal,1,0,0.8277050081993094,0.009725,0.0158394736842105,244750.59,79,8001,301.0,700.2351315789474,0.1292222172650455,0.8707777827349545,0.0234,0.10582221726504551,High Margin + High Sell-through,Main Push / Monitor Inventory,Low
2026-02-01,SKU00455,Cole Haan,Tier 2,Performance Apparel,Buyout,Luxury,Men,Limited,Seasonal,0,1,0.4258574929003684,0.0074868421052631,0.006403947368421,2088420.5,66,9865,214.77631578947367,735.343947368421,0.15967443691841485,0.8403255630815851,0.095,0.06467443691841485,Low Margin + High Sell-through,Traffic Driver / Control Discount,Medium
2026-02-01,SKU00456,Fila,Tier 3,Running Shoes,Buyout,Premium,Women,Performance,Seasonal,1,0,0.5100695234803331,0.0084973684210526,0.0102197368421052,825092.61,73,8637,293.3157894736842,699.3156578947368,0.1323155815201622,0.8676844184798378,0.0637,0.0686155815201622,High Margin + High Sell-through,Main Push / Monitor Inventory,Low
2026-02-01,SKU00457,New Balance,Tier 3,Basketball Shoes,Consignment,Mass,Women,Fashion,Seasonal,0,1,0.8044015444015444,0.0030223684210526,0.0079960526315789,75129.44,18,7984,139.43421052631578,875.0526315789474,0.1903680259512839,0.8096319740487161,0.0174,0.1729680259512839,High Margin + Low Sell-through,Targeted Marketing / Control Inventory,Medium
2026-02-01,SKU00458,The North Face,Tier 3,Lifestyle Apparel,Buyout,Mass,Unisex,Core Basic,Core,0,1,0.5318322230764627,0.0039973684210526,0.0052342105263157,490882.92,34,8206,132.47368421052633,838.6975,0.19296104224986171,0.8070389577501382,0.0951,0.09786104224986171,High Margin + Low Sell-through,Targeted Marketing / Control Inventory,Medium
2026-02-01,SKU00459,Salomon,Tier 3,Performance Apparel,Consignment,Premium,Women,Clearance,Seasonal,1,0,0.8336479271100371,0.0096763157894736,0.0138171052631578,449827.14,78,8534,149.56578947368422,641.056052631579,0.1971778375636631,0.8028221624363369,0.0409,0.15627783756366312,High Margin + High Sell-through,Main Push / Monitor Inventory,Low
2026-02-01,SKU00460,Patagonia,Tier 3,Lifestyle Apparel,Buyout,Premium,Women,Performance,Seasonal,0,1,0.533934881299821,0.0084868421052631,0.0110421052631578,688834.97,69,8453,133.47368421052633,711.0078947368421,0.201919520354954,0.798080479645046,0.0929,0.109019520354954,High Margin + High Sell-through,Main Push / Monitor Inventory,Low
2026-02-01,SKU00461,Brand A,Tier 2,Outdoor Apparel,Own Brand,Luxury,Men,Performance,Seasonal,0,1,0.4718517055867742,0.0151605263157894,0.014525,2724173.1,123,9045,138.93421052631578,513.781447368421,0.2521975906832628,0.7478024093167372,0.1341,0.11809759068326281,Low Margin + High Sell-through,Traffic Driver / Control Discount,Medium
2026-02-01,SKU00462,Brand A,Tier 2,Sportswear,Own Brand,Premium,Men,Performance,Seasonal,0,0,0.2156627831696134,0.0095381578947368,0.0030763157894736,1946167.45,77,9385,146.77631578947367,685.3255263157895,0.2560061303584901,0.7439938696415098,0.2053,0.050706130358490115,Low Margin + High Sell-through,Traffic Driver / Control Discount,Medium
2026-02-01,SKU00463,Skechers,Tier 3,Basketball Shoes,Consignment,Premium,Men,Core Basic,Core,0,1,0.8157576420371696,0.008828947368421,0.0309131578947368,194429.52,71,8649,123.05263157894736,696.6428947368421,0.1938587019558095,0.8061412980441904,0.0162,0.17765870195580952,High Margin + High Sell-through,Main Push / Monitor Inventory,Low
2026-02-01,SKU00464,Reebok Underwear,Tier 2,Accessories,Buyout,Mass,Women,Fashion,Seasonal,0,1,0.5656303827951235,0.004025,0.0061078947368421,351168.48,39,8788,134.71052631578948,822.8307894736841,0.20175722911692623,0.7982427708830737,0.0818,0.11995722911692623,High Margin + Low Sell-through,Targeted Marketing / Control Inventory,Medium
2026-02-01,SKU00465,Under Armour,Tier 3,Training Shoes,Consignment,Premium,Men,Core Basic,Core,0,1,0.8335592599377176,0.0010986842105263,0.0010355263157894,254985.72,9,8228,134.22368421052633,945.8684210526316,0.19498685315914308,0.8050131468408569,0.0368,0.15818685315914308,High Margin + Low Sell-through,Targeted Marketing / Control Inventory,Medium
2026-02-01,SKU00466,Champion,Tier 3,Accessories,Buyout,Mass,Men,Clearance,Seasonal,1,0,0.4154233804124395,0.0009986842105263,0.0008052631578947,663326.86,8,8599,144.3421052631579,963.8640789473684,0.1910602850539291,0.8089397149460709,0.1189,0.0721602850539291,Low Margin + Low Sell-through,Clearance / Eliminate,High
2026-02-01,SKU00467,Cole Haan,Tier 2,Kids Apparel,Buyout,Mass,Unisex,Core Basic,Core,0,1,0.4187058016845251,0.0059447368421052,0.0046394736842105,293485.6,60,10334,214.1578947368421,780.5043421052632,0.1572211438366089,0.8427788561633911,0.0922,0.0650211438366089,Low Margin + Low Sell-through,Clearance / Eliminate,High
2026-02-01,SKU00468,Brooks Brothers,Tier 1,Performance Apparel,Buyout,Luxury,Unisex,Limited,Seasonal,0,1,0.3185377916722783,0.0063197368421052,0.0032447368421052,2142722.16,54,8109,147.03947368421052,764.3772368421053,0.22885879773239606,0.771141202267604,0.15130000000000002,0.07755879773239605,Low Margin + Low Sell-through,Clearance / Eliminate,High
2026-02-01,SKU00469,New Balance,Tier 3,Lifestyle Apparel,Consignment,Premium,Men,Core Basic,Core,0,1,0.840974068182659,0.0034842105263157,0.005375,312615.77,30,7981,140.68421052631578,851.9842105263158,0.19798608236244997,0.80201391763755,0.0343,0.16368608236244997,High Margin + Low Sell-through,Targeted Marketing / Control Inventory,Medium
2026-02-01,SKU00470,Fila,Tier 3,Bags,Buyout,Premium,Men,Core Basic,Core,0,1,0.0261976451215911,0.0022671052631578,8.815789473684211e-05,2067820.38,18,8238,133.8815789473684,901.109605263158,0.1947464118405594,0.8052535881594406,0.1774,0.017346411840559406,Low Margin + Low Sell-through,Clearance / Eliminate,High
2026-02-01,SKU00471,Brooks Brothers,Tier 1,Outdoor Apparel,Buyout,Luxury,Women,Performance,Seasonal,0,0,0.4450417999516142,0.0050473684210526,0.0044710526315789,2026513.2,35,8180,122.89473684210526,836.4772368421052,0.22870474440502472,0.7712952555949752,0.12419999999999999,0.10450474440502473,Low Margin + Low Sell-through,Clearance / Eliminate,High
2026-02-01,SKU00472,Brand A,Tier 2,Performance Apparel,Own Brand,Mass,Women,Performance,Seasonal,1,0,0.1896323544503968,0.0257565789473684,0.0069421052631578,369254.2,226,9190,311.17105263157896,306.4511842105263,0.127097279034841,0.872902720965159,0.10560000000000001,0.021497279034840985,Low Margin + High Sell-through,Traffic Driver / Control Discount,Medium
2026-02-01,SKU00473,Puma,Tier 3,Running Shoes,Consignment,Premium,Men,Core Basic,Core,0,1,0.8336002026397445,0.0021631578947368,0.0054355263157894,226154.4,16,8194,136.55263157894737,922.407894736842,0.20288792701506153,0.7971120729849385,0.0222,0.18068792701506153,High Margin + Low Sell-through,Targeted Marketing / Control Inventory,Medium
2026-02-01,SKU00474,Nike,Tier 1,Running Shoes,Consignment,Mass,Men,Performance,Seasonal,1,0,0.8194971220842169,0.0049815789473684,0.0037171052631578,233834.72,35,8108,291.9736842105263,831.4298684210526,0.12729354666041237,0.8727064533395876,0.0382,0.08909354666041237,High Margin + Low Sell-through,Targeted Marketing / Control Inventory,Medium
2026-02-01,SKU00475,Brand A,Tier 2,Basketball Shoes,Own Brand,Premium,Men,Limited,Seasonal,0,1,0.485036555584391,0.0112,0.0118223684210526,1917172.95,91,9149,139.30263157894737,621.5781578947368,0.2529975951738951,0.7470024048261049,0.1311,0.12189759517389509,Low Margin + High Sell-through,Traffic Driver / Control Discount,Medium
2026-02-01,SKU00476,New Balance,Tier 3,Training Shoes,Buyout,Mass,Unisex,Core Basic,Core,0,1,0.1910775721580414,0.0112486842105263,0.0033105263157894,856226.31,89,8529,126.73684210526316,657.0859210526315,0.19629143634506585,0.8037085636549341,0.1654,0.03089143634506586,Low Margin + High Sell-through,Traffic Driver / Control Discount,Medium
2026-02-01,SKU00477,Brand B,Tier 2,Accessories,Own Brand,Mass,Unisex,Performance,Seasonal,0,1,0.3608579864606047,0.0074092105263157,0.0043736842105263,777390.1,58,9455,129.9078947368421,751.1034210526316,0.2492168480509608,0.7507831519490392,0.1602,0.0890168480509608,Low Margin + High Sell-through,Traffic Driver / Control Discount,Medium
2026-02-01,SKU00478,Columbia,Tier 3,Basketball Shoes,Buyout,Premium,Women,Core Basic,Seasonal,1,0,-0.1299773256205521,0.000753947368421,-9.736842105263156e-05,1685915.0,8,8932,309.3684210526316,962.8947368421052,0.13195059510906032,0.8680494048909397,0.1364,-0.004449404890939673,Low Margin + Low Sell-through,Clearance / Eliminate,High
2026-02-01,SKU00479,Nike,Tier 1,Running Shoes,Buyout,Premium,Unisex,Core Basic,Core,0,1,0.3858820560216954,0.0046644736842105,0.0034026315789473,1342009.02,33,8426,130.6184210526316,845.0877631578948,0.22727537264158545,0.7727246273584145,0.1493,0.07797537264158547,Low Margin + Low Sell-through,Clearance / Eliminate,High
2026-02-01,SKU00480,Adidas,Tier 1,Running Shoes,Consignment,Mass,Unisex,Performance,Seasonal,0,1,0.8267235281245388,0.0210394736842105,0.0590131578947368,75611.6,154,8420,128.4078947368421,398.9336842105263,0.2334457943555715,0.7665542056444286,0.0164,0.2170457943555715,High Margin + High Sell-through,Main Push / Monitor Inventory,Low
2026-02-01,SKU00481,New Balance,Tier 3,Yoga Apparel,Buyout,Premium,Men,Core Basic,Seasonal,0,0,0.3938698681450404,0.0038947368421052,0.0029,1237904.46,25,7969,127.77631578947368,893.7227631578946,0.19699726860750422,0.8030027313924958,0.1212,0.07579726860750421,Low Margin + Low Sell-through,Clearance / Eliminate,High
2026-02-01,SKU00482,Columbia,Tier 3,Accessories,Consignment,Mass,Men,Core Basic,Core,0,1,0.83111672784899,0.0040842105263157,0.0127947368421052,72008.86,33,8239,144.8815789473684,858.4078947368421,0.2084953530622767,0.7915046469377233,0.0181,0.1903953530622767,High Margin + Low Sell-through,Targeted Marketing / Control Inventory,Medium
2026-02-01,SKU00483,Adidas,Tier 1,Performance Apparel,Buyout,Premium,Women,Core Basic,Seasonal,0,0,0.307492981255656,0.0164342105263157,0.0087052631578947,1447305.5,126,8350,144.19736842105263,574.4222368421052,0.2288580321333472,0.7711419678666528,0.1618,0.06705803213334721,Low Margin + High Sell-through,Traffic Driver / Control Discount,Medium
2026-02-01,SKU00484,Brand A,Tier 2,Basketball Shoes,Own Brand,Premium,Women,Performance,Seasonal,1,0,-0.471205856113594,0.0050473684210526,-0.0018065789473684,2151804.24,45,9486,326.19736842105266,811.1718421052632,0.1303983332466468,0.8696016667533533,0.18030000000000002,-0.049901666753353224,Low Margin + Low Sell-through,Clearance / Eliminate,High
2026-02-01,SKU00485,Columbia,Tier 3,Yoga Apparel,Consignment,Entry,Women,Core Basic,Seasonal,1,0,0.806258036862409,0.0004236842105263,0.000778947368421,47921.88,2,8234,306.69736842105266,979.3947368421052,0.13219725917949074,0.8678027408205092,0.0202,0.11199725917949074,High Margin + Low Sell-through,Targeted Marketing / Control Inventory,Medium
2026-02-01,SKU00486,Lululemon,Tier 1,Yoga Apparel,Buyout,Entry,Women,Limited,Seasonal,0,1,0.2358575930606259,0.0019315789473684,0.0006960526315789,384982.8,15,7860,137.9078947368421,912.6842105263158,0.22619093672285162,0.7738090632771484,0.1692,0.05699093672285163,Low Margin + Low Sell-through,Clearance / Eliminate,High
2026-02-01,SKU00487,New Balance,Tier 3,Outdoor Apparel,Consignment,Luxury,Unisex,Core Basic,Core,0,1,0.8364153677216101,0.0049828947368421,0.0063723684210526,491317.5,37,8175,132.0,827.811447368421,0.19808776793920596,0.8019122320607941,0.029,0.16908776793920596,High Margin + Low Sell-through,Targeted Marketing / Control Inventory,Medium
2026-02-01,SKU00488,Adidas,Tier 1,Yoga Apparel,Consignment,Mass,Women,Core Basic,Core,0,1,0.8178904035632338,0.0041315789473684,0.0045447368421052,163075.92,37,8232,134.05263157894737,798.2149999999999,0.23025359531824027,0.7697464046817597,0.0492,0.18105359531824028,High Margin + Low Sell-through,Targeted Marketing / Control Inventory,Medium
2026-02-01,SKU00489,Puma,Tier 3,Accessories,Buyout,Mass,Unisex,Fashion,Seasonal,0,1,0.1715324309903457,0.0077302631578947,0.0020828947368421,646801.18,53,8269,119.44736842105264,769.046052631579,0.20427912824811398,0.795720871751886,0.1639,0.04037912824811399,Low Margin + High Sell-through,Traffic Driver / Control Discount,Medium
2026-02-01,SKU00490,Columbia,Tier 3,Running Shoes,Buyout,Premium,Women,Performance,Seasonal,0,0,0.5165928562559498,0.0016486842105263,0.0022026315789473,798787.31,12,8207,125.26315789473684,931.5131578947368,0.21093550316774073,0.7890644968322593,0.10749999999999998,0.10343550316774075,High Margin + Low Sell-through,Targeted Marketing / Control Inventory,Medium
2026-02-01,SKU00491,Adidas,Tier 1,Accessories,Consignment,Mass,Men,Performance,Seasonal,0,1,0.8221908929139409,0.0058736842105263,0.014075,92568.0,45,8700,140.32894736842104,764.0306578947369,0.23367001049606825,0.7663299895039317,0.0233,0.21037001049606824,High Margin + Low Sell-through,Targeted Marketing / Control Inventory,Medium
2026-02-01,SKU00492,Lululemon,Tier 1,Kids Apparel,Buyout,Entry,Women,Fashion,Seasonal,0,1,0.2976438371794506,0.003478947368421,0.0019197368421052,191187.85,21,8153,146.19736842105263,895.828947368421,0.23103733389246478,0.7689626661075353,0.1577,0.07333733389246477,Low Margin + Low Sell-through,Clearance / Eliminate,High
2026-02-01,SKU00493,New Balance,Tier 3,Performance Apparel,Buyout,Luxury,Unisex,Core Basic,Core,0,1,0.4357174188897844,0.0185302631578947,0.0168855263157894,1979926.08,142,8364,122.64473684210526,500.99171052631584,0.19722547363055404,0.8027745263694459,0.1117,0.08552547363055404,Low Margin + High Sell-through,Traffic Driver / Control Discount,Medium
2026-02-01,SKU00494,Hoka,Tier 1,Lifestyle Apparel,Buyout,Mass,Women,Performance,Seasonal,0,1,0.4752792501422453,0.0020184210526315,0.0021368421052631,759140.65,16,8665,143.85526315789474,931.4122368421052,0.23224389501536924,0.7677561049846308,0.1195,0.11274389501536924,Low Margin + Low Sell-through,Clearance / Eliminate,High
2026-02-01,SKU00495,Nike,Tier 1,Underwear,Consignment,Mass,Women,Fashion,Seasonal,0,1,0.8194205582749042,0.0044315789473684,0.0054894736842105,116673.04,34,7799,134.96052631578948,802.4035526315789,0.22790268184893336,0.7720973181510666,0.0403,0.18760268184893336,High Margin + Low Sell-through,Targeted Marketing / Control Inventory,Medium
2026-02-01,SKU00496,Cole Haan,Tier 2,Performance Apparel,Buyout,Mass,Women,Clearance,Seasonal,1,0,0.302251405557433,0.0042763157894736,0.0017684210526315,700047.36,37,10368,217.8421052631579,838.4430263157894,0.1575559991941244,0.8424440008058756,0.1098,0.04775599919412442,Low Margin + Low Sell-through,Clearance / Eliminate,High
2026-02-01,SKU00497,Columbia,Tier 3,Lifestyle Apparel,Buyout,Mass,Men,Clearance,Seasonal,1,0,0.5709182538202943,0.0026328947368421,0.0040171052631578,350827.23,17,8359,127.19736842105264,903.0526315789474,0.19773280800083856,0.8022671919991614,0.0906,0.10713280800083856,High Margin + Low Sell-through,Targeted Marketing / Control Inventory,Medium
2026-02-01,SKU00498,Brooks Brothers,Tier 1,Performance Apparel,Buyout,Mass,Unisex,Performance,Seasonal,0,1,0.4424302118268979,0.0011644736842105,0.000978947368421,410985.99,9,8271,141.14473684210526,939.1052631578948,0.23943485585093022,0.7605651441490697,0.1358,0.10363485585093021,Low Margin + Low Sell-through,Clearance / Eliminate,High
2026-02-01,SKU00499,New Balance,Tier 3,Kids Apparel,Buyout,Mass,Unisex,Core Basic,Seasonal,0,0,0.2782999132423978,0.0130065789473684,0.0062236842105263,367041.2,87,8014,135.55263157894737,617.8496052631579,0.1988955295844788,0.8011044704155212,0.1436,0.05529552958447878,Low Margin + High Sell-through,Traffic Driver / Control Discount,Medium
2026-02-01,SKU00500,Hoka,Tier 1,Kids Apparel,Consignment,Mass,Unisex,Core Basic,Core,0,1,0.8195208296084391,0.0216736842105263,0.0235881578947368,241229.22,163,8114,144.73684210526315,456.93,0.22911153675232998,0.77088846324767,0.0481,0.18101153675232998,High Margin + High Sell-through,Main Push / Monitor Inventory,Low
2026-03-01,SKU00001,Reebok Underwear,Tier 2,Basketball Shoes,Buyout,Mass,Men,Fashion,Seasonal,1,0,0.5960386523179376,0.0052513157894736,0.0090460526315789,251541.0,40,8550,300.2236842105263,828.2394736842105,0.12851473041218492,0.871485269587815,0.0508,0.07771473041218492,High Margin + Low Sell-through,Targeted Marketing / Control Inventory,Medium
2026-03-01,SKU00002,Hoka,Tier 1,Bags,Consignment,Premium,Men,Clearance,Seasonal,1,0,0.8509194487496335,0.0015065789473684,0.0057815789473684,195147.81,15,8481,124.55263157894736,921.2588157894736,0.22502543479292242,0.7749745652070776,0.0165,0.2085254347929224,High Margin + Low Sell-through,Targeted Marketing / Control Inventory,Medium
2026-03-01,SKU00003,Fila,Tier 3,Bags,Buyout,Premium,Men,Core Basic,Core,0,1,0.5131222548382454,0.0058315789473684,0.0070302631578947,1097184.45,50,8191,130.77631578947367,760.9246052631579,0.19331278062087176,0.8066872193791282,0.1016,0.09171278062087176,High Margin + Low Sell-through,Targeted Marketing / Control Inventory,Medium
2026-03-01,SKU00004,Puma,Tier 3,Accessories,Consignment,Mass,Men,Clearance,Seasonal,1,0,0.8259108728237058,0.0044407894736842,0.0032592105263157,198303.84,32,8022,137.06578947368422,845.3518421052631,0.20506077799022698,0.7949392220097731,0.0456,0.15946077799022698,High Margin + Low Sell-through,Targeted Marketing / Control Inventory,Medium
2026-03-01,SKU00005,Nike,Tier 1,Performance Apparel,Buyout,Premium,Women,Performance,Seasonal,0,0,0.1642376681614349,0.0011407894736842,0.0002526315789473,2091370.32,7,8392,128.8684210526316,951.0832894736842,0.2264816394273991,0.7735183605726009,0.1697,0.05678163942739911,Low Margin + Low Sell-through,Clearance / Eliminate,High
2026-03-01,SKU00006,Asics,Tier 3,Sportswear,Consignment,Entry,Women,Performance,Seasonal,0,1,0.8277424950339927,0.0081631578947368,0.0178828947368421,23041.97,53,7973,131.77631578947367,768.4100000000001,0.19437499533662134,0.8056250046633786,0.0192,0.17517499533662134,High Margin + High Sell-through,Main Push / Monitor Inventory,Low
2026-03-01,SKU00007,On Running,Tier 1,Outdoor Apparel,Buyout,Premium,Women,Fashion,Seasonal,0,1,0.6730805227575208,0.0035052631578947,0.0081355263157894,800726.88,24,8664,137.72368421052633,869.8973684210526,0.23164640476998724,0.7683535952300128,0.0812,0.15044640476998725,High Margin + Low Sell-through,Targeted Marketing / Control Inventory,Medium
2026-03-01,SKU00008,Brooks Brothers,Tier 1,Yoga Apparel,Consignment,Mass,Women,Fashion,Seasonal,0,1,0.8292946986216723,0.017053947368421,0.0182842105263157,122641.26,116,8187,148.55263157894737,541.498947368421,0.23178182788437682,0.7682181721156232,0.0443,0.1874818278843768,High Margin + High Sell-through,Main Push / Monitor Inventory,Low
2026-03-01,SKU00009,Reebok Underwear,Tier 2,Accessories,Consignment,Mass,Men,Clearance,Seasonal,1,0,0.8183926584399185,0.0069342105263157,0.0092434210526315,167012.45,55,8207,134.5921052631579,749.0402631578947,0.2066095523933016,0.7933904476066984,0.0461,0.16050955239330159,High Margin + High Sell-through,Main Push / Monitor Inventory,Low
2026-03-01,SKU00010,Fila,Tier 3,Kids Apparel,Consignment,Mass,Women,Fashion,Seasonal,0,1,0.8207982674442904,0.0021210526315789,0.0028763157894736,168447.58,18,8302,132.9078947368421,886.578947368421,0.1883574194971574,0.8116425805028427,0.0343,0.1540574194971574,High Margin + Low Sell-through,Targeted Marketing / Control Inventory,Medium
2026-03-01,SKU00011,Champion,Tier 3,Kids Apparel,Buyout,Premium,Men,Core Basic,Core,0,1,0.0415973377703826,0.0042631578947368,0.0002394736842105,1347542.4,33,8257,139.06578947368422,817.2236842105264,0.19541328319184956,0.8045867168081504,0.17550000000000002,0.01991328319184954,Low Margin + Low Sell-through,Clearance / Eliminate,High
2026-03-01,SKU00012,Under Armour,Tier 3,Yoga Apparel,Buyout,Mass,Women,Core Basic,Seasonal,0,0,0.3789418058433294,0.0092986842105263,0.0064065789473684,434792.92,67,7844,134.22368421052633,667.7447368421052,0.19881205591775714,0.8011879440822429,0.1281,0.07071205591775714,Low Margin + High Sell-through,Traffic Driver / Control Discount,Medium
2026-03-01,SKU00013,Reebok Underwear,Tier 2,Outdoor Apparel,Consignment,Luxury,Men,Performance,Seasonal,1,0,0.8322638705957901,0.0094921052631578,0.0048947368421052,902042.1,68,8265,316.2236842105263,665.1334210526315,0.1284051326682052,0.8715948673317948,0.0481,0.08030513266820519,High Margin + High Sell-through,Main Push / Monitor Inventory,Low
2026-03-01,SKU00014,On Running,Tier 1,Underwear,Consignment,Entry,Women,Core Basic,Seasonal,1,0,0.8256822239224687,0.0092907894736842,0.0074776315789473,53928.84,68,8284,269.2631578947368,655.0438157894737,0.1309636129444104,0.8690363870555896,0.0334,0.09756361294441039,High Margin + High Sell-through,Main Push / Monitor Inventory,Low
2026-03-01,SKU00015,Brand B,Tier 2,Sportswear,Own Brand,Premium,Men,Performance,Seasonal,0,0,0.4768999480042749,0.0270526315789473,0.0287526315789473,1471778.56,234,9488,126.98684210526316,369.1743421052632,0.2558333893204743,0.7441666106795257,0.1317,0.12413338932047427,Low Margin + High Sell-through,Traffic Driver / Control Discount,Medium
2026-03-01,SKU00016,Cole Haan,Tier 2,Underwear,Buyout,Mass,Kids,Fashion,Seasonal,0,1,0.5804882909815645,0.001353947368421,0.0021342105263157,310021.7,14,10310,213.6447368421053,928.7894736842104,0.15922013843979782,0.8407798615602022,0.072,0.08722013843979783,High Margin + Low Sell-through,Targeted Marketing / Control Inventory,Medium
2026-03-01,SKU00017,Lululemon,Tier 1,Sportswear,Consignment,Entry,Men,Core Basic,Seasonal,0,0,0.8292850785028034,0.0072881578947368,0.0108381578947368,109763.58,52,8059,137.9078947368421,780.9746052631579,0.222328058559145,0.777671941440855,0.04809999999999999,0.17422805855914503,High Margin + High Sell-through,Main Push / Monitor Inventory,Low
2026-03-01,SKU00018,Adidas,Tier 1,Training Shoes,Consignment,Premium,Kids,Core Basic,Core,0,1,0.8293321149692641,0.0045144736842105,0.0077394736842105,251530.65,30,8127,128.03947368421052,822.5571052631578,0.2290579273153251,0.770942072684675,0.026,0.2030579273153251,High Margin + Low Sell-through,Targeted Marketing / Control Inventory,Medium
2026-03-01,SKU00019,Brand A,Tier 2,Bags,Own Brand,Entry,Unisex,Fashion,Seasonal,0,1,0.2057793995262787,0.0070131578947368,0.0020644736842105,489268.99,59,9307,134.82894736842104,741.3157894736842,0.25719423277427517,0.7428057672257249,0.1953,0.061894232774275165,Low Margin + High Sell-through,Traffic Driver / Control Discount,Medium
2026-03-01,SKU00020,Salomon,Tier 3,Kids Apparel,Consignment,Mass,Women,Performance,Seasonal,0,0,0.815512932783699,0.0059618421052631,0.0078197368421052,109791.05,51,8465,134.97368421052633,761.5421052631579,0.19131637751762304,0.808683622482377,0.0283,0.16301637751762305,High Margin + Low Sell-through,Targeted Marketing / Control Inventory,Medium
2026-03-01,SKU00021,The North Face,Tier 3,Outdoor Apparel,Buyout,Premium,Unisex,Clearance,Seasonal,1,0,0.3942279961896734,0.0067013157894736,0.0051315789473684,844704.9,62,8395,296.69736842105266,734.343552631579,0.13108655523758775,0.8689134447624123,0.0808,0.05028655523758775,Low Margin + High Sell-through,Traffic Driver / Control Discount,Medium
2026-03-01,SKU00022,Reebok Underwear,Tier 2,Outdoor Apparel,Buyout,Luxury,Unisex,Fashion,Seasonal,0,1,0.1482026518071941,0.0090355263157894,0.0014842105263157,2252043.2,74,7960,125.09210526315788,736.748552631579,0.19783450829982552,0.8021654917001745,0.1748,0.023034508299825507,Low Margin + High Sell-through,Traffic Driver / Control Discount,Medium
2026-03-01,SKU00023,Brand A,Tier 2,Outdoor Apparel,Own Brand,Premium,Men,Performance,Seasonal,0,1,0.4191285320619078,0.0097447368421052,0.0081921052631578,1980364.96,74,8344,139.85526315789474,695.765,0.25051546731868857,0.7494845326813114,0.149,0.10151546731868857,Low Margin + High Sell-through,Traffic Driver / Control Discount,Medium
2026-03-01,SKU00024,Nike,Tier 1,Lifestyle Apparel,Consignment,Premium,Men,Clearance,Seasonal,1,0,0.8183062987149778,0.0095355263157894,0.0117894736842105,161173.25,64,7805,294.7894736842105,746.5596052631579,0.12917425211208403,0.870825747887916,0.0199,0.10927425211208402,High Margin + High Sell-through,Main Push / Monitor Inventory,Low
2026-03-01,SKU00025,Under Armour,Tier 3,Performance Apparel,Consignment,Luxury,Kids,Fashion,Seasonal,0,1,0.8106954572482753,0.0111263157894736,0.0239631578947368,357914.7,78,8034,130.1184210526316,674.8007894736842,0.20070076037995002,0.79929923962005,0.0202,0.18050076037995003,High Margin + High Sell-through,Main Push / Monitor Inventory,Low
2026-03-01,SKU00026,Brand A,Tier 2,Performance Apparel,Own Brand,Premium,Women,Core Basic,Seasonal,1,0,-0.6050379656760659,0.0072473684210526,-0.00315,2274388.48,55,9464,303.7368421052632,763.5919736842105,0.12601437674924343,0.8739856232507566,0.2025,-0.07648562325075658,Low Margin + High Sell-through,Traffic Driver / Control Discount,Medium
2026-03-01,SKU00027,Brand A,Tier 2,Performance Apparel,Own Brand,Luxury,Unisex,Performance,Seasonal,1,0,-0.4155896368077524,0.0064315789473684,-0.0022157894736842,3524997.84,47,9373,298.7631578947368,781.8526315789474,0.12803795806339052,0.8719620419366094,0.1894,-0.06136204193660949,Low Margin + High Sell-through,Traffic Driver / Control Discount,Medium
2026-03-01,SKU00028,Asics,Tier 3,Outdoor Apparel,Buyout,Premium,Men,Limited,Seasonal,0,1,0.251875336145158,0.0027078947368421,0.0012065789473684,1443385.06,19,7982,124.44736842105264,896.6868421052632,0.2042507807323295,0.7957492192676705,0.1616,0.0426507807323295,Low Margin + Low Sell-through,Clearance / Eliminate,High
2026-03-01,SKU00029,Adidas,Tier 1,Bags,Consignment,Mass,Women,Core Basic,Seasonal,1,0,0.8349284199984088,0.0117052631578947,0.0198513157894736,110307.97,88,8363,302.89473684210526,631.5274999999999,0.1331025875264238,0.8668974124735762,0.0177,0.1154025875264238,High Margin + High Sell-through,Main Push / Monitor Inventory,Low
2026-03-01,SKU00030,Cole Haan,Tier 2,Basketball Shoes,Consignment,Premium,Women,Clearance,Seasonal,1,0,0.8288689260922826,0.0004236842105263,0.0002894736842105,547620.12,6,10026,210.0,975.8157894736842,0.15879706465442384,0.8412029353455761,0.0433,0.11549706465442383,High Margin + Low Sell-through,Targeted Marketing / Control Inventory,Medium
2026-03-01,SKU00031,Brand B,Tier 2,Running Shoes,Own Brand,Mass,Women,Fashion,Seasonal,0,1,0.1319710121844389,0.0062434210526315,0.0010026315789473,981099.14,48,8641,150.23684210526315,793.4343421052632,0.25359256799957464,0.7464074320004254,0.2172,0.03639256799957463,Low Margin + Low Sell-through,Clearance / Eliminate,High
2026-03-01,SKU00032,Cole Haan,Tier 2,Bags,Consignment,Mass,Unisex,Core Basic,Core,0,1,0.8318683700571643,0.0110368421052631,0.0102881578947368,330199.38,97,10563,217.06578947368425,676.4919736842105,0.15663720192582167,0.8433627980741784,0.04,0.11663720192582167,High Margin + High Sell-through,Main Push / Monitor Inventory,Low
2026-03-01,SKU00033,Lululemon,Tier 1,Outdoor Apparel,Consignment,Mass,Unisex,Limited,Seasonal,0,1,0.8158836582910334,0.0129605263157894,0.019428947368421,101831.7,95,8279,135.52631578947367,610.35,0.23119821548743602,0.768801784512564,0.040999999999999995,0.19019821548743604,High Margin + High Sell-through,Main Push / Monitor Inventory,Low
2026-03-01,SKU00034,Lululemon,Tier 1,Yoga Apparel,Consignment,Mass,Unisex,Core Basic,Core,0,1,0.8122964763061968,0.0008092105263157,0.0019947368421052,98605.76,6,8224,128.47368421052633,966.8947368421052,0.21595879651218836,0.7840412034878117,0.0203,0.19565879651218837,High Margin + Low Sell-through,Targeted Marketing / Control Inventory,Medium
2026-03-01,SKU00035,Reebok Underwear,Tier 2,Performance Apparel,Buyout,Mass,Kids,Fashion,Seasonal,0,0,0.1608755298020024,0.0062710526315789,0.001378947368421,865645.6,31,8185,126.3157894736842,851.0868421052631,0.19347142917391294,0.8065285708260871,0.1623,0.03117142917391294,Low Margin + Low Sell-through,Clearance / Eliminate,High
2026-03-01,SKU00036,Brand A,Tier 2,Performance Apparel,Own Brand,Luxury,Men,Limited,Seasonal,0,1,0.4775355930028351,0.0022236842105263,0.002225,2374407.0,17,9180,131.1315789473684,894.1315789473684,0.24897577403304658,0.7510242259669534,0.1265,0.12247577403304657,Low Margin + Low Sell-through,Clearance / Eliminate,High
2026-03-01,SKU00037,Reebok Underwear,Tier 2,Yoga Apparel,Buyout,Premium,Unisex,Core Basic,Core,0,1,0.5010288303701478,0.0058947368421052,0.0067302631578947,682923.15,44,7735,133.6184210526316,803.5815789473684,0.2065606813797299,0.7934393186202701,0.106,0.10056068137972991,Low Margin + Low Sell-through,Clearance / Eliminate,High
2026-03-01,SKU00038,Lululemon,Tier 1,Training Shoes,Consignment,Premium,Women,Fashion,Seasonal,0,0,0.835348309982708,0.018875,0.1441460526315789,100832.52,139,7853,132.1578947368421,491.5321052631579,0.23072758606019625,0.7692724139398037,0.01,0.22072758606019624,High Margin + High Sell-through,Main Push / Monitor Inventory,Low
2026-03-01,SKU00039,Brand B,Tier 2,Yoga Apparel,Own Brand,Mass,Men,Core Basic,Core,0,1,0.4942721568673059,0.0050460526315789,0.0053078947368421,399585.0,37,8500,141.81578947368422,811.6360526315789,0.25651307910494797,0.7434869208950521,0.1235,0.13301307910494797,Low Margin + Low Sell-through,Clearance / Eliminate,High
2026-03-01,SKU00040,Adidas,Tier 1,Accessories,Consignment,Mass,Men,Core Basic,Seasonal,0,0,0.8330594628839548,0.0128026315789473,0.0347960526315789,65454.7,95,8545,141.07894736842104,633.4597368421053,0.23608074371905338,0.7639192562809466,0.0243,0.2117807437190534,High Margin + High Sell-through,Main Push / Monitor Inventory,Low
2026-03-01,SKU00041,Adidas,Tier 1,Yoga Apparel,Consignment,Premium,Men,Performance,Seasonal,0,1,0.8162772410694226,0.0071631578947368,0.0121565789473684,424256.4,62,8802,145.97368421052633,716.9823684210527,0.2293979670987369,0.7706020329012631,0.0428,0.18659796709873688,High Margin + High Sell-through,Main Push / Monitor Inventory,Low
2026-03-01,SKU00042,Cole Haan,Tier 2,Performance Apparel,Consignment,Premium,Women,Core Basic,Core,0,1,0.8235335920067085,0.0032776315789473,0.002303947368421,662877.6,28,10472,206.75,888.1578947368421,0.1539672621190503,0.8460327378809497,0.04880000000000001,0.10516726211905028,High Margin + Low Sell-through,Targeted Marketing / Control Inventory,Medium
2026-03-01,SKU00043,Brand A,Tier 2,Running Shoes,Own Brand,Premium,Kids,Fashion,Seasonal,0,1,0.4227174670156147,0.0051342105263157,0.0044460526315789,1167129.71,39,8887,127.75,812.4165789473685,0.2603140573976267,0.7396859426023733,0.1518,0.1085140573976267,Low Margin + Low Sell-through,Clearance / Eliminate,High
2026-03-01,SKU00044,On Running,Tier 1,Sportswear,Buyout,Mass,Men,Core Basic,Core,0,1,0.48563709416709,0.006275,0.0064473684210526,701038.8,45,7868,137.05263157894737,780.1842105263158,0.229362228660585,0.770637771339415,0.11459999999999998,0.11476222866058503,Low Margin + Low Sell-through,Clearance / Eliminate,High
2026-03-01,SKU00045,On Running,Tier 1,Kids Apparel,Consignment,Premium,Kids,Core Basic,Seasonal,1,0,0.8317542084444853,0.0108236842105263,0.0067881578947368,303522.88,78,8168,293.32894736842104,678.2580263157895,0.12568763965677973,0.8743123603432202,0.0339,0.09178763965677973,High Margin + High Sell-through,Main Push / Monitor Inventory,Low
2026-03-01,SKU00046,Nike,Tier 1,Performance Apparel,Consignment,Mass,Men,Fashion,Seasonal,0,1,0.8178247805616675,0.0026381578947368,0.0033828947368421,134465.28,20,8664,153.18421052631578,904.175394736842,0.22835477854153646,0.7716452214584635,0.0441,0.18425477854153646,High Margin + Low Sell-through,Targeted Marketing / Control Inventory,Medium
2026-03-01,SKU00047,On Running,Tier 1,Running Shoes,Consignment,Premium,Unisex,Fashion,Seasonal,0,1,0.840963826904073,0.0023197368421052,0.005653947368421,384401.36,15,8689,141.1578947368421,910.4430263157894,0.2254299180912187,0.7745700819087813,0.0315,0.1939299180912187,High Margin + Low Sell-through,Targeted Marketing / Control Inventory,Medium
2026-03-01,SKU00048,Adidas,Tier 1,Sportswear,Consignment,Mass,Women,Core Basic,Seasonal,1,0,0.8240969922959058,0.010653947368421,0.0092131578947368,225168.26,72,8318,296.38157894736844,640.8605263157895,0.1283501555282969,0.8716498444717031,0.0343,0.0940501555282969,High Margin + High Sell-through,Main Push / Monitor Inventory,Low
2026-03-01,SKU00049,Asics,Tier 3,Bags,Buyout,Premium,Unisex,Fashion,Seasonal,0,1,0.2278537932806578,0.0032210526315789,0.0010223684210526,1173158.01,20,8487,137.80263157894737,891.9947368421053,0.1927884626295591,0.8072115373704409,0.149,0.0437884626295591,Low Margin + Low Sell-through,Clearance / Eliminate,High
2026-03-01,SKU00050,Lululemon,Tier 1,Performance Apparel,Consignment,Mass,Unisex,Limited,Seasonal,0,1,0.8214903870009252,0.0123986842105263,0.0498210526315789,76550.18000000001,86,8161,132.52631578947367,613.6919736842104,0.23318446953712968,0.7668155304628703,0.0139,0.21928446953712968,High Margin + High Sell-through,Main Push / Monitor Inventory,Low
2026-03-01,SKU00051,Salomon,Tier 3,Sportswear,Buyout,Entry,Men,Core Basic,Core,0,1,0.0449202024133904,0.0005855263157894,2.8947368421052627e-05,256155.84,4,8352,139.78947368421052,968.157894736842,0.18915312973792506,0.8108468702620749,0.1794,0.009753129737925054,Low Margin + Low Sell-through,Clearance / Eliminate,High
2026-03-01,SKU00052,Brand B,Tier 2,Kids Apparel,Own Brand,Entry,Women,Fashion,Seasonal,0,0,0.1947956573358955,0.0044368421052631,0.0013065789473684,482460.3,37,9045,141.68421052631578,819.1227631578947,0.24247177569753373,0.7575282243024662,0.2002,0.04227177569753374,Low Margin + Low Sell-through,Clearance / Eliminate,High
2026-03-01,SKU00053,Nike,Tier 1,Basketball Shoes,Consignment,Mass,Unisex,Clearance,Seasonal,1,0,0.827684330476938,0.0117894736842105,0.0179355263157894,257019.34,94,8201,136.93421052631578,578.3148684210527,0.23027938853283705,0.769720611467163,0.0486,0.18167938853283705,High Margin + High Sell-through,Main Push / Monitor Inventory,Low
2026-03-01,SKU00054,Adidas,Tier 1,Performance Apparel,Consignment,Premium,Women,Core Basic,Seasonal,1,0,0.8433776004847506,0.0022657894736842,0.0014328947368421,551471.34,17,8141,295.6842105263158,896.0438157894737,0.12804403350673527,0.8719559664932648,0.04889999999999999,0.07914403350673527,High Margin + Low Sell-through,Targeted Marketing / Control Inventory,Medium
2026-03-01,SKU00055,Adidas,Tier 1,Underwear,Consignment,Mass,Kids,Clearance,Seasonal,1,0,0.8147074771422694,0.002525,0.0103986842105263,59055.0,16,7874,139.80263157894737,919.25,0.22763178806696496,0.7723682119330351,0.0114,0.21623178806696497,High Margin + Low Sell-through,Targeted Marketing / Control Inventory,Medium
2026-03-01,SKU00056,New Balance,Tier 3,Underwear,Buyout,Entry,Women,Performance,Seasonal,0,1,0.3138740387089396,0.0076565789473684,0.0041973684210526,163875.0,64,8740,135.77631578947367,688.9271052631578,0.19591177126828802,0.8040882287317119,0.1369,0.05901177126828802,Low Margin + High Sell-through,Traffic Driver / Control Discount,Medium
2026-03-01,SKU00057,Brand A,Tier 2,Accessories,Own Brand,Mass,Kids,Core Basic,Seasonal,0,0,0.4866392578683959,0.0134697368421052,0.0144868421052631,338896.56,94,8663,150.57894736842104,618.9088157894737,0.25587895362705265,0.7441210463729473,0.1271,0.12877895362705266,Low Margin + High Sell-through,Traffic Driver / Control Discount,Medium
2026-03-01,SKU00058,Skechers,Tier 3,Basketball Shoes,Consignment,Premium,Men,Fashion,Seasonal,0,1,0.8324940013298257,0.0039368421052631,0.0066368421052631,293206.04,25,7823,119.73684210526316,862.5131578947369,0.19783313594134305,0.802166864058657,0.0389,0.15893313594134306,High Margin + Low Sell-through,Targeted Marketing / Control Inventory,Medium
2026-03-01,SKU00059,Columbia,Tier 3,Outdoor Apparel,Buyout,Premium,Men,Fashion,Seasonal,0,1,0.5574227067226073,0.0042394736842105,0.0062736842105263,931483.14,33,8563,131.52631578947367,846.0280263157895,0.19913541703118268,0.8008645829688174,0.0867,0.11243541703118268,High Margin + Low Sell-through,Targeted Marketing / Control Inventory,Medium
2026-03-01,SKU00060,Brand A,Tier 2,Outdoor Apparel,Own Brand,Mass,Women,Core Basic,Core,0,1,0.3158697609282784,0.0011236842105263,0.0005697368421052,718494.3,11,9630,132.76315789473685,937.9605263157896,0.2593854172676126,0.7406145827323873,0.1778,0.08158541726761259,Low Margin + Low Sell-through,Clearance / Eliminate,High
2026-03-01,SKU00061,Brooks Brothers,Tier 1,Kids Apparel,Consignment,Mass,Women,Core Basic,Core,0,1,0.8166599898863196,0.0051842105263157,0.0078657894736842,191766.64,38,8017,139.85526315789474,793.8552631578947,0.23669437859837403,0.7633056214016259,0.0425,0.19419437859837402,High Margin + Low Sell-through,Targeted Marketing / Control Inventory,Medium
2026-03-01,SKU00062,Salomon,Tier 3,Training Shoes,Consignment,Mass,Men,Performance,Seasonal,0,0,0.8771374287523749,0.0010236842105263,0.0010460526315789,311106.74,5,8561,143.22368421052633,975.5175,0.20485241988905578,0.7951475801109442,0.04820000000000001,0.15665241988905576,High Margin + Low Sell-through,Targeted Marketing / Control Inventory,Medium
2026-03-01,SKU00063,Puma,Tier 3,Kids Apparel,Buyout,Mass,Women,Performance,Seasonal,0,1,0.4407011739712538,0.016925,0.0159263157894736,281362.98,121,8419,131.57894736842104,556.1331578947369,0.1999783224489915,0.8000216775510085,0.1108,0.0891783224489915,Low Margin + High Sell-through,Traffic Driver / Control Discount,Medium
2026-03-01,SKU00064,Reebok Underwear,Tier 2,Training Shoes,Buyout,Premium,Women,Core Basic,Core,0,1,0.3910433890063065,0.0091855263157894,0.0069342105263157,1336449.7,59,7855,136.03947368421052,780.0909210526316,0.19755927725004208,0.8024407227499579,0.1161,0.08145927725004208,Low Margin + High Sell-through,Traffic Driver / Control Discount,Medium
2026-03-01,SKU00065,Asics,Tier 3,Sportswear,Buyout,Mass,Kids,Clearance,Seasonal,1,0,0.5174428488853124,0.0042828947368421,0.0063052631578947,400169.01,17,7989,132.76315789473685,923.1447368421052,0.2018834505486063,0.7981165494513938,0.1036,0.0982834505486063,High Margin + Low Sell-through,Targeted Marketing / Control Inventory,Medium
2026-03-01,SKU00066,Hoka,Tier 1,Yoga Apparel,Buyout,Premium,Women,Fashion,Seasonal,0,1,0.6275976724854531,0.0045855263157894,0.0087526315789473,744423.68,36,8008,141.43421052631578,830.3948684210527,0.23240057026162678,0.7675994297383733,0.0881,0.1443005702616268,High Margin + Low Sell-through,Targeted Marketing / Control Inventory,Medium
2026-03-01,SKU00067,Cole Haan,Tier 2,Performance Apparel,Buyout,Luxury,Unisex,Performance,Seasonal,1,0,-0.1339214535772037,0.0069710526315789,-0.0009697368421052,2634671.34,59,10017,307.07894736842104,762.2605263157895,0.12795669016232053,0.8720433098376794,0.1395,-0.011543309837679483,Low Margin + High Sell-through,Traffic Driver / Control Discount,Medium
2026-03-01,SKU00068,Brand B,Tier 2,Yoga Apparel,Own Brand,Mass,Men,Performance,Seasonal,0,1,0.5072006711887007,0.0031644736842105,0.003778947368421,869221.02,28,9249,123.19736842105264,838.311447368421,0.2561367795922748,0.7438632204077251,0.1204,0.13573677959227481,Low Margin + Low Sell-through,Clearance / Eliminate,High
2026-03-01,SKU00069,Under Armour,Tier 3,Bags,Consignment,Mass,Men,Fashion,Seasonal,1,0,0.8180729162952874,0.0069947368421052,0.0172302631578947,76649.58,58,8622,294.1578947368421,706.7630263157895,0.12594442842094702,0.874055571579053,0.015599999999999998,0.11034442842094702,High Margin + High Sell-through,Main Push / Monitor Inventory,Low
2026-03-01,SKU00070,Columbia,Tier 3,Bags,Consignment,Premium,Women,Fashion,Seasonal,0,1,0.806332463523099,0.0019776315789473,0.001428947368421,463925.62,12,8353,125.39473684210526,919.1535526315788,0.21463401438080829,0.7853659856191917,0.0434,0.1712340143808083,High Margin + Low Sell-through,Targeted Marketing / Control Inventory,Medium
2026-03-01,SKU00071,Cole Haan,Tier 2,Kids Apparel,Buyout,Premium,Women,Performance,Seasonal,0,1,0.5644640032368916,0.0132592105263157,0.0196960526315789,691420.8,140,10289,205.0,526.9856578947368,0.15732978963254712,0.8426702103674528,0.067,0.09032978963254712,High Margin + High Sell-through,Main Push / Monitor Inventory,Low
2026-03-01,SKU00072,Brand B,Tier 2,Training Shoes,Own Brand,Premium,Unisex,Core Basic,Seasonal,1,0,0.106767137362629,0.0057171052631578,0.0008,1106473.74,49,9253,281.6578947368421,795.1815789473685,0.12814946801194027,0.8718505319880597,0.1295,-0.0013505319880597333,Low Margin + Low Sell-through,Clearance / Eliminate,High
2026-03-01,SKU00073,The North Face,Tier 3,Basketball Shoes,Consignment,Premium,Men,Limited,Seasonal,0,1,0.8045435062151735,0.0003986842105263,0.0008513157894736,250845.23,2,7697,142.5921052631579,980.078947368421,0.19063181517817368,0.8093681848218264,0.0206,0.17003181517817367,High Margin + Low Sell-through,Targeted Marketing / Control Inventory,Medium
2026-03-01,SKU00074,Champion,Tier 3,Outdoor Apparel,Buyout,Premium,Unisex,Limited,Seasonal,0,1,0.5000517760122211,0.005153947368421,0.0059697368421052,1302232.02,33,8166,142.77631578947367,810.4342105263158,0.20427369924778466,0.7957263007522153,0.1011,0.10317369924778466,Low Margin + Low Sell-through,Clearance / Eliminate,High
2026-03-01,SKU00075,Skechers,Tier 3,Training Shoes,Consignment,Mass,Unisex,Performance,Seasonal,0,1,0.8336735269241613,0.0043052631578947,0.0048881578947368,214285.4,27,7966,131.22368421052633,859.9671052631579,0.2069504327505111,0.7930495672494889,0.0475,0.15945043275051107,High Margin + Low Sell-through,Targeted Marketing / Control Inventory,Medium
2026-03-01,SKU00076,Asics,Tier 3,Yoga Apparel,Buyout,Mass,Unisex,Performance,Seasonal,0,1,0.299580304725315,0.0134960526315789,0.006403947368421,860473.25,108,8675,133.5921052631579,560.1280263157895,0.19949293580236485,0.8005070641976352,0.1383,0.061192935802364845,Low Margin + High Sell-through,Traffic Driver / Control Discount,Medium
2026-03-01,SKU00077,Lululemon,Tier 1,Kids Apparel,Buyout,Premium,Women,Core Basic,Core,0,1,0.3023835801978441,0.0024855263157894,0.0011486842105263,1780465.28,19,8272,144.5921052631579,893.7631578947369,0.22988523065200478,0.7701147693479953,0.1718,0.05808523065200477,Low Margin + Low Sell-through,Clearance / Eliminate,High
2026-03-01,SKU00078,Champion,Tier 3,Accessories,Buyout,Mass,Men,Performance,Seasonal,0,1,0.0210881824539874,0.0045697368421052,8.815789473684206e-05,866079.36,37,8511,133.19736842105263,833.1213157894737,0.19484900328066182,0.8051509967193382,0.178,0.01684900328066183,Low Margin + Low Sell-through,Clearance / Eliminate,High
2026-03-01,SKU00079,Cole Haan,Tier 2,Performance Apparel,Buyout,Luxury,Women,Clearance,Seasonal,1,0,0.3943908982142724,0.0067342105263157,0.005153947368421,1555413.57,60,9543,222.51315789473685,756.8334210526315,0.15481803245172288,0.8451819675482771,0.0946,0.06021803245172287,Low Margin + High Sell-through,Traffic Driver / Control Discount,Medium
2026-03-01,SKU00080,Nike,Tier 1,Sportswear,Consignment,Premium,Unisex,Clearance,Seasonal,1,0,0.8255633934834031,0.0089855263157894,0.0110144736842105,426678.56,69,8218,137.17105263157896,667.7403947368421,0.22885370567120014,0.7711462943287999,0.0454,0.18345370567120015,High Margin + High Sell-through,Main Push / Monitor Inventory,Low
2026-03-01,SKU00081,Reebok Underwear,Tier 2,Training Shoes,Consignment,Premium,Unisex,Core Basic,Core,0,1,0.8250699662709371,0.0167921052631578,0.0248368421052631,251503.0,122,8246,125.9342105263158,538.8215789473685,0.2030639994399355,0.7969360005600645,0.028,0.1750639994399355,High Margin + High Sell-through,Main Push / Monitor Inventory,Low
2026-03-01,SKU00082,Brand B,Tier 2,Basketball Shoes,Own Brand,Premium,Men,Core Basic,Core,0,1,0.5377910563885479,0.0029223684210526,0.0040315789473684,1682448.35,23,8755,117.65789473684212,875.761447368421,0.26582520996647047,0.7341747900335296,0.1203,0.14552520996647045,High Margin + Low Sell-through,Targeted Marketing / Control Inventory,Medium
2026-03-01,SKU00083,Adidas,Tier 1,Underwear,Consignment,Mass,Unisex,Core Basic,Core,0,1,0.8271323419142645,0.0174,0.0233513157894736,215549.79,139,8443,142.56578947368422,564.8294736842105,0.23231559041902342,0.7676844095809766,0.0453,0.1870155904190234,High Margin + High Sell-through,Main Push / Monitor Inventory,Low
2026-03-01,SKU00084,Cole Haan,Tier 2,Kids Apparel,Buyout,Mass,Unisex,Core Basic,Seasonal,1,0,0.3864026107434609,0.0144026315789473,0.0096131578947368,338719.84,132,10184,290.35526315789474,515.8859210526316,0.13149209502794773,0.8685079049720523,0.0797,0.05179209502794774,Low Margin + High Sell-through,Traffic Driver / Control Discount,Medium
2026-03-01,SKU00085,Brooks Brothers,Tier 1,Accessories,Buyout,Mass,Women,Performance,Seasonal,0,1,0.420937768328086,0.0026881578947368,0.00225,481750.77,19,8079,138.03947368421052,891.5131578947369,0.2254704825467784,0.7745295174532216,0.1354,0.09007048254677841,Low Margin + Low Sell-through,Clearance / Eliminate,High
2026-03-01,SKU00086,Brooks Brothers,Tier 1,Accessories,Buyout,Mass,Unisex,Performance,Seasonal,0,0,0.5504423164614684,0.0031960526315789,0.0043578947368421,288933.26,21,8206,130.8421052631579,869.1052631578947,0.2315829671783159,0.7684170328216842,0.1022,0.12938296717831588,High Margin + Low Sell-through,Targeted Marketing / Control Inventory,Medium
2026-03-01,SKU00087,The North Face,Tier 3,Underwear,Consignment,Mass,Men,Fashion,Seasonal,0,1,0.8258775351014042,0.0072026315789473,0.0133828947368421,161826.03,50,7921,154.96052631578948,739.1043421052632,0.1973801811683973,0.8026198188316027,0.0312,0.1661801811683973,High Margin + High Sell-through,Main Push / Monitor Inventory,Low
2026-03-01,SKU00088,The North Face,Tier 3,Performance Apparel,Buyout,Mass,Women,Fashion,Seasonal,0,1,0.5535900104058272,0.0041407894736842,0.0057223684210526,501473.7,33,8478,138.55263157894737,845.0307894736842,0.19641348024024374,0.8035865197597563,0.0895,0.10691348024024375,High Margin + Low Sell-through,Targeted Marketing / Control Inventory,Medium
2026-03-01,SKU00089,Puma,Tier 3,Training Shoes,Buyout,Premium,Unisex,Performance,Seasonal,0,1,0.2978423105137472,0.0060671052631578,0.0034052631578947,1520140.55,54,8689,144.3815789473684,766.4285526315789,0.19859975628669546,0.8014002437133045,0.1442,0.054399756286695466,Low Margin + Low Sell-through,Clearance / Eliminate,High
2026-03-01,SKU00090,Cole Haan,Tier 2,Sportswear,Buyout,Mass,Kids,Limited,Seasonal,0,1,0.5138279895698282,0.0044842105263157,0.0053460526315789,313067.58,39,9146,213.43421052631575,812.311447368421,0.157880151934424,0.842119848065576,0.0737,0.084180151934424,High Margin + Low Sell-through,Targeted Marketing / Control Inventory,Medium
2026-03-01,SKU00091,Brand B,Tier 2,Outdoor Apparel,Own Brand,Premium,Kids,Core Basic,Seasonal,1,0,-0.0090987171800254,0.0117618421052631,-0.0001565789473684,1631074.05,93,8819,309.5657894736842,626.6744736842105,0.13084080459161576,0.8691591954083843,0.1364,-0.005559195408384232,Low Margin + High Sell-through,Traffic Driver / Control Discount,Medium
2026-03-01,SKU00092,Skechers,Tier 3,Accessories,Buyout,Mass,Women,Limited,Seasonal,0,1,0.3961663784124678,0.0051802631578947,0.0037842105263157,406379.6,39,8360,129.69736842105263,806.5131578947369,0.1910279208162533,0.8089720791837467,0.1208,0.0702279208162533,Low Margin + Low Sell-through,Clearance / Eliminate,High
2026-03-01,SKU00093,Columbia,Tier 3,Running Shoes,Consignment,Premium,Men,Core Basic,Seasonal,0,0,0.8273223891412805,0.0105776315789473,0.0227263157894736,197704.65,73,7799,139.9078947368421,674.3272368421053,0.19708969616491195,0.802910303835088,0.0227,0.17438969616491196,High Margin + High Sell-through,Main Push / Monitor Inventory,Low
2026-03-01,SKU00094,Cole Haan,Tier 2,Training Shoes,Buyout,Premium,Unisex,Fashion,Seasonal,0,1,0.6550840252075623,0.0030526315789473,0.0063986842105263,528638.94,25,9582,218.97368421052636,867.4649999999999,0.1627347036740763,0.8372652963259237,0.0565,0.10623470367407631,High Margin + Low Sell-through,Targeted Marketing / Control Inventory,Medium
2026-03-01,SKU00095,Puma,Tier 3,Lifestyle Apparel,Consignment,Premium,Women,Fashion,Seasonal,0,1,0.8193373280027629,0.0115947368421052,0.0102723684210526,349546.68,70,7434,132.3684210526316,695.415,0.19998805642057776,0.8000119435794222,0.0481,0.15188805642057776,High Margin + High Sell-through,Main Push / Monitor Inventory,Low
2026-03-01,SKU00096,Reebok Underwear,Tier 2,Sportswear,Buyout,Premium,Unisex,Core Basic,Core,0,1,0.1806824986549189,0.0161210526315789,0.0038697368421052,1141504.56,124,8204,135.26315789473685,509.2932894736842,0.19637229878883503,0.803627701211165,0.1577,0.03867229878883502,Low Margin + High Sell-through,Traffic Driver / Control Discount,Medium
2026-03-01,SKU00097,Nike,Tier 1,Lifestyle Apparel,Consignment,Mass,Kids,Core Basic,Seasonal,0,0,0.8284974561406242,0.0126328947368421,0.0133328947368421,220132.36,110,8351,123.94736842105264,584.8138157894737,0.23394167138645167,0.7660583286135483,0.043,0.19094167138645168,High Margin + High Sell-through,Main Push / Monitor Inventory,Low
2026-03-01,SKU00098,Reebok Underwear,Tier 2,Bags,Consignment,Premium,Women,Performance,Seasonal,0,1,0.8296060224404868,0.0064197368421052,0.0255355263157894,170921.1,46,8358,143.71052631578948,769.3131578947368,0.20678677826768294,0.7932132217323171,0.0131,0.19368677826768294,High Margin + High Sell-through,Main Push / Monitor Inventory,Low
2026-03-01,SKU00099,Adidas,Tier 1,Bags,Buyout,Premium,Unisex,Fashion,Seasonal,0,1,0.4603568431422629,0.0027460526315789,0.0028394736842105,806368.2,17,8426,138.43421052631578,903.215789473684,0.22541217595186322,0.7745878240481368,0.1112,0.11421217595186323,Low Margin + Low Sell-through,Clearance / Eliminate,High
2026-03-01,SKU00100,Brand B,Tier 2,Underwear,Own Brand,Entry,Men,Performance,Seasonal,1,0,-0.1329100053224342,0.030425,-0.0039802631578947,299690.95,240,9035,319.94736842105266,293.54065789473685,0.12973278318105905,0.8702672168189409,0.1454,-0.015667216818940954,Low Margin + High Sell-through,Traffic Driver / Control Discount,Medium
2026-03-01,SKU00101,Brand B,Tier 2,Underwear,Own Brand,Entry,Women,Limited,Seasonal,0,1,0.4562296432613901,0.0085407894736842,0.0076776315789473,193391.8,66,9037,146.03947368421052,723.8377631578948,0.2529450560577746,0.7470549439422254,0.1408,0.11214505605777461,Low Margin + High Sell-through,Traffic Driver / Control Discount,Medium
2026-03-01,SKU00102,Lululemon,Tier 1,Outdoor Apparel,Consignment,Luxury,Men,Core Basic,Core,0,1,0.8312563611405428,0.0210697368421052,0.0847118421052631,264194.49,141,8187,132.77631578947367,479.3130263157895,0.23055853041818164,0.7694414695818184,0.014600000000000002,0.21595853041818164,High Margin + High Sell-through,Main Push / Monitor Inventory,Low
2026-03-01,SKU00103,Puma,Tier 3,Basketball Shoes,Buyout,Premium,Women,Core Basic,Core,0,1,0.5667869735324896,0.0079618421052631,0.0124473684210526,772424.4,58,8616,135.42105263157896,735.4992105263158,0.19354033838522888,0.8064596616147711,0.0832,0.11034033838522889,High Margin + High Sell-through,Main Push / Monitor Inventory,Low
2026-03-01,SKU00104,The North Face,Tier 3,Outdoor Apparel,Consignment,Premium,Women,Clearance,Seasonal,1,0,0.8058375634517766,0.0009710526315789,0.0013447368421052,294329.3,7,8270,126.5657894736842,948.7631578947368,0.19231781203777448,0.8076821879622256,0.0337,0.15861781203777447,High Margin + Low Sell-through,Targeted Marketing / Control Inventory,Medium
2026-03-01,SKU00105,Nike,Tier 1,Performance Apparel,Buyout,Premium,Kids,Core Basic,Core,0,1,0.3529434461748033,0.0196447368421052,0.0121052631578947,984037.78,155,7909,122.15789473684212,451.9663157894737,0.22981414689314333,0.7701858531068566,0.1432,0.08661414689314334,Low Margin + High Sell-through,Traffic Driver / Control Discount,Medium
2026-03-01,SKU00106,Skechers,Tier 3,Training Shoes,Buyout,Premium,Kids,Clearance,Seasonal,1,0,0.413310681198188,0.0136421052631578,0.0120210526315789,665987.22,102,8523,307.38157894736844,597.2380263157895,0.13181275512076357,0.8681872448792365,0.0791,0.052712755120763566,Low Margin + High Sell-through,Traffic Driver / Control Discount,Medium
2026-03-01,SKU00107,New Balance,Tier 3,Kids Apparel,Buyout,Mass,Men,Core Basic,Seasonal,1,0,0.260915778532652,0.0104644736842105,0.0043947368421052,498501.88,74,8381,308.17105263157896,709.6334210526315,0.12835744123213308,0.8716425587678669,0.0952,0.03315744123213307,Low Margin + High Sell-through,Traffic Driver / Control Discount,Medium
2026-03-01,SKU00108,Brand A,Tier 2,Lifestyle Apparel,Own Brand,Mass,Men,Core Basic,Seasonal,1,0,-0.0818860510805501,0.0006105263157894,-4.605263157894737e-05,842448.62,6,9179,304.80263157894734,967.5657894736842,0.1293389256253447,0.8706610743746553,0.1224,0.006938925625344691,Low Margin + Low Sell-through,Clearance / Eliminate,High
2026-03-01,SKU00109,Brooks Brothers,Tier 1,Sportswear,Buyout,Mass,Unisex,Core Basic,Core,0,1,0.4535428744077106,0.0102013157894736,0.0092815789473684,548253.77,88,8059,133.39473684210526,652.4375,0.23440364579927056,0.7655963542007295,0.1266,0.10780364579927057,Low Margin + High Sell-through,Traffic Driver / Control Discount,Medium
2026-03-01,SKU00110,Nike,Tier 1,Underwear,Consignment,Entry,Women,Core Basic,Core,0,1,0.8270892426751488,0.0088842105263157,0.0396013157894736,29877.93,67,8097,155.53947368421052,705.0394736842105,0.2285822313580807,0.7714177686419192,0.0152,0.2133822313580807,High Margin + High Sell-through,Main Push / Monitor Inventory,Low
2026-03-01,SKU00111,Puma,Tier 3,Training Shoes,Buyout,Mass,Men,Core Basic,Core,0,1,0.5754259503891059,0.0211078947368421,0.0337828947368421,426847.89,169,8319,138.96052631578948,397.8348684210527,0.19186904182797093,0.8081309581720291,0.08139999999999999,0.11046904182797095,High Margin + High Sell-through,Main Push / Monitor Inventory,Low
2026-03-01,SKU00112,Nike,Tier 1,Sportswear,Consignment,Mass,Men,Clearance,Seasonal,1,0,0.8274606017365813,0.0194236842105263,0.0364842105263157,113299.4,158,8405,138.97368421052633,456.38697368421055,0.22880587130836263,0.7711941286916374,0.0236,0.20520587130836263,High Margin + High Sell-through,Main Push / Monitor Inventory,Low
2026-03-01,SKU00113,Patagonia,Tier 3,Kids Apparel,Buyout,Premium,Women,Clearance,Seasonal,1,0,0.1978207024509013,0.0184355263157894,0.004953947368421,1446360.3,140,8503,129.05263157894737,475.28513157894736,0.1976116166011486,0.8023883833988514,0.1644,0.0332116166011486,Low Margin + High Sell-through,Traffic Driver / Control Discount,Medium
2026-03-01,SKU00114,Adidas,Tier 1,Performance Apparel,Buyout,Mass,Unisex,Core Basic,Core,0,1,0.6408450704225352,0.0066671052631578,0.0131763157894736,331533.0,51,8186,142.44736842105263,740.9325,0.23544831881941083,0.7645516811805891,0.0834,0.15204831881941083,High Margin + High Sell-through,Main Push / Monitor Inventory,Low
2026-03-01,SKU00115,Champion,Tier 3,Lifestyle Apparel,Buyout,Mass,Men,Fashion,Seasonal,0,1,0.3414214852353921,0.00485,0.0029236842105263,460376.28,41,8554,136.5921052631579,788.4694736842106,0.1886821299829104,0.8113178700170895,0.1225,0.0661821299829104,Low Margin + Low Sell-through,Clearance / Eliminate,High
2026-03-01,SKU00116,Columbia,Tier 3,Yoga Apparel,Buyout,Mass,Unisex,Clearance,Seasonal,1,0,0.3058809549124705,0.0063644736842105,0.0034828947368421,357906.48,53,8546,133.4078947368421,765.4259210526316,0.19761806144529692,0.8023819385547031,0.1366,0.06101806144529692,Low Margin + Low Sell-through,Clearance / Eliminate,High
2026-03-01,SKU00117,Cole Haan,Tier 2,Training Shoes,Buyout,Mass,Kids,Core Basic,Core,0,1,0.3160512310862728,0.0056013157894736,0.0029486842105263,645247.73,50,10147,212.93421052631575,779.8509210526315,0.1570239405944338,0.8429760594055662,0.1026,0.05442394059443381,Low Margin + Low Sell-through,Clearance / Eliminate,High
2026-03-01,SKU00118,Hoka,Tier 1,Basketball Shoes,Consignment,Premium,Unisex,Performance,Seasonal,0,1,0.8208994292462113,0.0095105263157894,0.0187894736842105,310692.21,62,7989,150.6315789473684,742.703947368421,0.22841741500291632,0.7715825849970837,0.0365,0.19191741500291631,High Margin + High Sell-through,Main Push / Monitor Inventory,Low
2026-03-01,SKU00119,Columbia,Tier 3,Yoga Apparel,Buyout,Premium,Kids,Clearance,Seasonal,1,0,0.2039133273602111,0.0057513157894736,0.001628947368421,1743624.94,38,8027,136.92105263157896,793.8586842105263,0.19676269502270086,0.8032373049772992,0.1673,0.029462695022700852,Low Margin + Low Sell-through,Clearance / Eliminate,High
2026-03-01,SKU00120,Skechers,Tier 3,Outdoor Apparel,Buyout,Premium,Unisex,Core Basic,Core,0,1,0.1502101010404157,0.0179934210526315,0.00335,1388787.92,112,7228,136.43421052631578,580.7273684210526,0.2025639476973133,0.7974360523026867,0.1698,0.032763947697313306,Low Margin + High Sell-through,Traffic Driver / Control Discount,Medium
2026-03-01,SKU00121,Brooks Brothers,Tier 1,Yoga Apparel,Consignment,Premium,Women,Core Basic,Seasonal,1,0,0.827954349547501,0.0256644736842105,0.051403947368421,122888.89,169,7913,294.7631578947368,400.82144736842105,0.13057311198694216,0.8694268880130578,0.0155,0.11507311198694216,High Margin + High Sell-through,Main Push / Monitor Inventory,Low
2026-03-01,SKU00122,Champion,Tier 3,Basketball Shoes,Buyout,Premium,Unisex,Fashion,Seasonal,0,1,0.4407005742090764,0.0100263157894736,0.0091776315789473,1155505.5,74,8310,148.30263157894737,664.9744736842105,0.20265992514291517,0.7973400748570848,0.1145,0.08815992514291517,Low Margin + High Sell-through,Traffic Driver / Control Discount,Medium
2026-03-01,SKU00123,Brand A,Tier 2,Lifestyle Apparel,Own Brand,Entry,Women,Performance,Seasonal,0,1,0.2816255065587891,0.0013671052631578,0.0005618421052631,333492.18,14,9177,137.43421052631578,926.3640789473684,0.2557059695267506,0.7442940304732494,0.1838,0.07190596952675063,Low Margin + Low Sell-through,Clearance / Eliminate,High
2026-03-01,SKU00124,Patagonia,Tier 3,Running Shoes,Consignment,Premium,Men,Performance,Seasonal,0,1,0.8323108884051125,0.0175065789473684,0.0290460526315789,430280.89,134,8801,148.35526315789474,477.2752631578947,0.20091833310450855,0.7990816668954914,0.04019999999999999,0.16071833310450856,High Margin + High Sell-through,Main Push / Monitor Inventory,Low
2026-03-01,SKU00125,Columbia,Tier 3,Running Shoes,Buyout,Premium,Unisex,Performance,Seasonal,0,1,0.5521575682430058,0.0107999999999999,0.0150394736842105,984600.26,79,8386,141.52631578947367,637.6630263157895,0.1982594402392054,0.8017405597607946,0.0894,0.1088594402392054,High Margin + High Sell-through,Main Push / Monitor Inventory,Low
2026-03-01,SKU00126,Hoka,Tier 1,Basketball Shoes,Consignment,Mass,Kids,Fashion,Seasonal,0,1,0.8314278735068336,0.009453947368421,0.0544486842105263,42340.32,78,8019,146.35526315789474,748.8856578947368,0.23047324385706586,0.7695267561429342,0.0117,0.21877324385706587,High Margin + High Sell-through,Main Push / Monitor Inventory,Low
2026-03-01,SKU00127,Skechers,Tier 3,Kids Apparel,Buyout,Premium,Women,Core Basic,Seasonal,1,0,-0.028785108890369,0.0141644736842105,-0.0001921052631578,945833.59,92,8177,285.6184210526316,592.2571052631579,0.12994346054684838,0.8700565394531516,0.1396,-0.009656539453151619,Low Margin + High Sell-through,Traffic Driver / Control Discount,Medium
2026-03-01,SKU00128,Reebok Underwear,Tier 2,Kids Apparel,Consignment,Entry,Kids,Fashion,Seasonal,0,0,0.8214093598708984,0.0006802631578947,0.0010684210526315,37075.08,5,8484,120.89473684210526,967.3157894736842,0.21090742735196155,0.7890925726480384,0.0261,0.18480742735196154,High Margin + Low Sell-through,Targeted Marketing / Control Inventory,Medium
2026-03-01,SKU00129,Hoka,Tier 1,Training Shoes,Buyout,Mass,Women,Core Basic,Core,0,1,0.3739743014696182,0.0043947368421052,0.0031355263157894,674882.16,33,7822,141.3684210526316,823.2413157894737,0.2396447078617621,0.7603552921382379,0.149,0.0906447078617621,Low Margin + Low Sell-through,Clearance / Eliminate,High
2026-03-01,SKU00130,Reebok Underwear,Tier 2,Performance Apparel,Consignment,Mass,Men,Fashion,Seasonal,1,0,0.8234552332912988,0.0223263157894736,0.0116263157894736,144543.75,135,7709,295.4342105263158,467.2381578947368,0.12784922213443042,0.8721507778655696,0.0434,0.08444922213443043,High Margin + High Sell-through,Main Push / Monitor Inventory,Low
2026-03-01,SKU00131,Cole Haan,Tier 2,Lifestyle Apparel,Buyout,Premium,Women,Core Basic,Seasonal,0,0,0.211328517168994,0.0017118421052631,0.0005078947368421,1647166.72,14,10264,214.0,932.4648684210526,0.15661270193675397,0.843387298063246,0.1248,0.03181270193675398,Low Margin + Low Sell-through,Clearance / Eliminate,High
2026-03-01,SKU00132,Columbia,Tier 3,Running Shoes,Buyout,Premium,Women,Core Basic,Core,0,1,0.452361742182966,0.0008526315789473,0.0007986842105263,878350.84,7,7946,143.92105263157896,955.1315789473684,0.2003204668292916,0.7996795331707084,0.1106,0.0897204668292916,Low Margin + Low Sell-through,Clearance / Eliminate,High
2026-03-01,SKU00133,Brooks Brothers,Tier 1,Performance Apparel,Buyout,Mass,Kids,Performance,Seasonal,0,0,0.6316109113273537,0.0160921052631578,0.0345381578947368,406240.65,94,7989,140.60526315789474,648.126052631579,0.23338719544984124,0.7666128045501588,0.08469999999999998,0.14868719544984127,High Margin + High Sell-through,Main Push / Monitor Inventory,Low
2026-03-01,SKU00134,Reebok Underwear,Tier 2,Lifestyle Apparel,Buyout,Premium,Men,Performance,Seasonal,1,0,0.4298101939812404,0.0117342105263157,0.0095723684210526,519526.0,85,8600,299.1578947368421,659.8675,0.12957229052815677,0.8704277094718432,0.0732,0.056372290528156774,Low Margin + High Sell-through,Traffic Driver / Control Discount,Medium
2026-03-01,SKU00135,Brand A,Tier 2,Sportswear,Own Brand,Mass,Kids,Fashion,Seasonal,0,1,0.4584251340145377,0.0010763157894736,0.0011381578947368,508456.08,11,8958,128.98684210526315,956.9921052631578,0.25165367145405393,0.7483463285459461,0.1357,0.11595367145405394,Low Margin + Low Sell-through,Clearance / Eliminate,High
2026-03-01,SKU00136,Patagonia,Tier 3,Sportswear,Buyout,Mass,Men,Performance,Seasonal,0,0,0.1359693726811033,0.0063013157894736,0.0015394736842105,1046811.22,43,8101,132.01315789473685,785.0921052631579,0.20708962523280589,0.7929103747671942,0.1731,0.03398962523280588,Low Margin + Low Sell-through,Clearance / Eliminate,High
2026-03-01,SKU00137,Nike,Tier 1,Running Shoes,Buyout,Premium,Women,Performance,Seasonal,0,1,0.3359570096412201,0.0063421052631578,0.0037263157894736,1669006.15,43,7945,135.68421052631578,773.3034210526315,0.23075470758243335,0.7692452924175667,0.1518,0.07895470758243336,Low Margin + Low Sell-through,Clearance / Eliminate,High
2026-03-01,SKU00138,Columbia,Tier 3,Bags,Consignment,Mass,Men,Performance,Seasonal,0,1,0.8229236230712453,0.0086552631578947,0.0133657894736842,114206.54,62,8542,136.69736842105263,730.9448684210525,0.19243878573661852,0.8075612142633815,0.0316,0.16083878573661853,High Margin + High Sell-through,Main Push / Monitor Inventory,Low
2026-03-01,SKU00139,Reebok Underwear,Tier 2,Basketball Shoes,Consignment,Premium,Women,Performance,Seasonal,0,1,0.8383843660118768,0.0090065789473684,0.0115407894736842,333208.84,56,8033,141.02631578947367,713.9622368421052,0.19383286664525473,0.8061671333547453,0.0342,0.15963286664525472,High Margin + High Sell-through,Main Push / Monitor Inventory,Low
2026-03-01,SKU00140,Under Armour,Tier 3,Running Shoes,Consignment,Premium,Unisex,Core Basic,Core,0,1,0.820148548926702,0.0064473684210526,0.0167355263157894,227728.28,48,8263,130.98684210526315,792.5078947368421,0.1991962565057132,0.8008037434942867,0.0235,0.17569625650571322,High Margin + High Sell-through,Main Push / Monitor Inventory,Low
2026-03-01,SKU00141,Under Armour,Tier 3,Training Shoes,Consignment,Premium,Women,Performance,Seasonal,0,1,0.8292316480558403,0.0075078947368421,0.0319710526315789,121271.48,56,8074,126.75,728.7184210526316,0.20175326371326327,0.7982467362867367,0.0142,0.18755326371326328,High Margin + High Sell-through,Main Push / Monitor Inventory,Low
2026-03-01,SKU00142,Brand B,Tier 2,Basketball Shoes,Own Brand,Mass,Women,Core Basic,Seasonal,1,0,-0.6015322698537243,0.013828947368421,-0.0056236842105263,839062.58,112,8753,307.2763157894737,565.9105263157894,0.12964749730759795,0.870352502692402,0.206,-0.07635250269240204,Low Margin + High Sell-through,Traffic Driver / Control Discount,Medium
2026-03-01,SKU00143,Brooks Brothers,Tier 1,Kids Apparel,Consignment,Mass,Women,Core Basic,Seasonal,0,0,0.8153553320868497,0.016628947368421,0.0212184210526315,173287.4,107,8030,140.18421052631578,568.731447368421,0.22745925300323958,0.7725407469967605,0.047599999999999996,0.17985925300323957,High Margin + High Sell-through,Main Push / Monitor Inventory,Low
2026-03-01,SKU00144,New Balance,Tier 3,Outdoor Apparel,Buyout,Mass,Women,Core Basic,Core,0,1,0.5041253329574038,0.004953947368421,0.0056131578947368,585452.7,35,7665,123.39473684210526,813.1430263157895,0.19313465204030034,0.8068653479596997,0.1015,0.09163465204030033,Low Margin + Low Sell-through,Clearance / Eliminate,High
2026-03-01,SKU00145,Brand A,Tier 2,Running Shoes,Own Brand,Premium,Unisex,Performance,Seasonal,0,1,0.305589380385466,0.0135671052631578,0.0066657894736842,2272885.92,101,8824,128.81578947368422,579.5569736842106,0.25518131773151626,0.7448186822684837,0.1744,0.08078131773151626,Low Margin + High Sell-through,Traffic Driver / Control Discount,Medium
2026-03-01,SKU00146,Fila,Tier 3,Outdoor Apparel,Buyout,Premium,Women,Core Basic,Core,0,1,0.411062570270307,0.0042710526315789,0.0036486842105263,1225212.65,26,8185,123.21052631578948,888.1676315789474,0.20252368359161518,0.7974763164083848,0.114,0.08852368359161518,Low Margin + Low Sell-through,Clearance / Eliminate,High
2026-03-01,SKU00147,Asics,Tier 3,Underwear,Buyout,Mass,Men,Performance,Seasonal,1,0,0.4187574198654531,0.0048894736842105,0.0040157894736842,312744.24,40,8517,291.64473684210526,799.7323684210527,0.1332794081279367,0.8667205918720633,0.0757,0.0575794081279367,Low Margin + Low Sell-through,Clearance / Eliminate,High
2026-03-01,SKU00148,Brooks Brothers,Tier 1,Training Shoes,Buyout,Premium,Women,Performance,Seasonal,0,1,0.6193882014927226,0.0111986842105263,0.0212973684210526,888112.3,100,8915,135.21052631578948,608.4084210526316,0.22489773805897573,0.7751022619410243,0.0841,0.14079773805897572,High Margin + High Sell-through,Main Push / Monitor Inventory,Low
2026-03-01,SKU00149,Cole Haan,Tier 2,Sportswear,Buyout,Premium,Men,Core Basic,Seasonal,1,0,0.5327661904423918,0.0137394736842105,0.0187447368421052,584812.8,112,10153,313.6578947368421,593.478947368421,0.1335056361258093,0.8664943638741907,0.061000000000000006,0.07250563612580929,High Margin + High Sell-through,Main Push / Monitor Inventory,Low
2026-03-01,SKU00150,Columbia,Tier 3,Lifestyle Apparel,Buyout,Mass,Women,Core Basic,Core,0,1,0.1579098030696093,0.0036105263157894,0.0007526315789473,900076.32,32,8742,121.86842105263158,820.0438157894737,0.1947380557278904,0.8052619442721096,0.1568,0.03793805572789041,Low Margin + Low Sell-through,Clearance / Eliminate,High
2026-03-01,SKU00151,Champion,Tier 3,Performance Apparel,Consignment,Premium,Men,Fashion,Seasonal,0,1,0.8164667152036972,0.0023815789473684,0.0026486842105263,254551.0,16,8030,131.96052631578948,899.7588157894737,0.19762956628692857,0.8023704337130715,0.0283,0.16932956628692858,High Margin + Low Sell-through,Targeted Marketing / Control Inventory,Medium
2026-03-01,SKU00152,Brand A,Tier 2,Performance Apparel,Own Brand,Premium,Men,Limited,Seasonal,0,1,0.4589133543515166,0.0040407894736842,0.0038592105263157,1603943.4,38,9420,138.8421052631579,828.8727631578947,0.2549960053526361,0.7450039946473639,0.1325,0.1224960053526361,Low Margin + Low Sell-through,Clearance / Eliminate,High
2026-03-01,SKU00153,Brand B,Tier 2,Sportswear,Own Brand,Premium,Women,Fashion,Seasonal,0,1,0.430151934916206,0.0115157894736842,0.0097223684210526,1652006.34,85,8991,134.8684210526316,621.6123684210527,0.2568479728408107,0.7431520271591894,0.1507,0.10614797284081068,Low Margin + High Sell-through,Traffic Driver / Control Discount,Medium
2026-03-01,SKU00154,Brand A,Tier 2,Underwear,Own Brand,Mass,Unisex,Performance,Seasonal,0,1,0.3330068859984697,0.0078723684210526,0.0043434210526315,632795.2,68,9872,141.18421052631578,702.3509210526315,0.2496422005717664,0.7503577994282336,0.1557,0.09394220057176639,Low Margin + High Sell-through,Traffic Driver / Control Discount,Medium
2026-03-01,SKU00155,Brand A,Tier 2,Outdoor Apparel,Own Brand,Luxury,Unisex,Performance,Seasonal,0,1,0.2788099595834034,0.0035486842105263,0.0016434210526315,3546961.98,26,8782,118.88157894736842,886.0061842105264,0.2530701990184117,0.7469298009815883,0.1959,0.05717019901841172,Low Margin + Low Sell-through,Clearance / Eliminate,High
2026-03-01,SKU00156,The North Face,Tier 3,Lifestyle Apparel,Buyout,Mass,Women,Performance,Seasonal,0,0,0.4980544837959286,0.0147065789473684,0.0165921052631578,655206.9,106,8079,135.01315789473685,620.1309210526315,0.20367152731748886,0.7963284726825112,0.1026,0.10107152731748886,Low Margin + High Sell-through,Traffic Driver / Control Discount,Medium
2026-03-01,SKU00157,Brand A,Tier 2,Accessories,Own Brand,Mass,Women,Fashion,Seasonal,0,1,0.2999286070955468,0.0096421052631578,0.005028947368421,675098.05,66,8755,141.19736842105263,716.1492105263158,0.2543793717590925,0.7456206282409075,0.1737,0.08067937175909248,Low Margin + High Sell-through,Traffic Driver / Control Discount,Medium
2026-03-01,SKU00158,Cole Haan,Tier 2,Bags,Buyout,Premium,Men,Core Basic,Seasonal,1,0,0.4992947755992357,0.0033907894736842,0.0036657894736842,843631.74,29,10017,294.25,871.3464473684211,0.1309508950166158,0.8690491049833842,0.0638,0.06715089501661581,Low Margin + Low Sell-through,Clearance / Eliminate,High
2026-03-01,SKU00159,Lululemon,Tier 1,Training Shoes,Consignment,Premium,Men,Fashion,Seasonal,1,0,0.8259402361611943,0.0073315789473684,0.0062684210526315,595501.4400000001,54,8608,288.9868421052632,746.9930263157895,0.13027248198894942,0.8697275180110506,0.045,0.08527248198894942,High Margin + High Sell-through,Main Push / Monitor Inventory,Low
2026-03-01,SKU00160,Champion,Tier 3,Bags,Consignment,Premium,Kids,Limited,Seasonal,1,0,0.8433647643678739,0.0080407894736842,0.0151315789473684,132658.44,61,8084,303.4736842105263,728.4078947368421,0.13054326781069606,0.869456732189304,0.0192,0.11134326781069606,High Margin + High Sell-through,Main Push / Monitor Inventory,Low
2026-03-01,SKU00161,New Balance,Tier 3,Outdoor Apparel,Consignment,Mass,Women,Core Basic,Core,0,1,0.8354688093816168,0.0120631578947368,0.0185328947368421,79708.24,68,8084,137.05263157894737,725.0088157894737,0.20212608784435063,0.7978739121556494,0.030499999999999996,0.17162608784435063,High Margin + High Sell-through,Main Push / Monitor Inventory,Low
2026-03-01,SKU00162,Champion,Tier 3,Underwear,Buyout,Entry,Women,Performance,Seasonal,0,1,0.4493841579695992,0.0081223684210526,0.0075921052631578,262137.36,72,8306,132.76315789473685,715.4182894736842,0.197964091912198,0.802035908087802,0.1134,0.08456409191219799,Low Margin + High Sell-through,Traffic Driver / Control Discount,Medium
2026-03-01,SKU00163,Adidas,Tier 1,Outdoor Apparel,Consignment,Luxury,Women,Limited,Seasonal,0,1,0.8239206732786614,0.0063105263157894,0.0073394736842105,636046.8,51,8420,130.92105263157896,759.811052631579,0.22926285868504592,0.7707371413149541,0.0413,0.18796285868504592,High Margin + Low Sell-through,Targeted Marketing / Control Inventory,Medium
2026-03-01,SKU00164,Adidas,Tier 1,Underwear,Buyout,Mass,Women,Core Basic,Core,0,1,0.3510858251391847,0.0062763157894736,0.0036842105263157,769774.72,50,8411,138.78947368421052,748.6709210526316,0.2290820866552572,0.7709179133447428,0.1474,0.0816820866552572,Low Margin + Low Sell-through,Clearance / Eliminate,High
2026-03-01,SKU00165,Brand B,Tier 2,Underwear,Own Brand,Mass,Unisex,Fashion,Seasonal,1,0,-0.798651418813001,0.0061092105263157,-0.0029276315789473,1025209.44,50,9288,281.94736842105266,742.9517105263158,0.12898333302961756,0.8710166669703825,0.2189,-0.08991666697038245,Low Margin + Low Sell-through,Clearance / Eliminate,High
2026-03-01,SKU00166,Brooks Brothers,Tier 1,Underwear,Buyout,Entry,Women,Fashion,Seasonal,0,0,0.6160169924871178,0.004753947368421,0.0091078947368421,137107.29,30,8427,125.27631578947368,845.3009210526316,0.23510474366140097,0.764895256338599,0.0903,0.14480474366140095,High Margin + Low Sell-through,Targeted Marketing / Control Inventory,Medium
2026-03-01,SKU00167,Brand B,Tier 2,Yoga Apparel,Own Brand,Premium,Unisex,Performance,Seasonal,0,0,0.2554601489293476,0.0111210526315789,0.0050092105263157,1797768.91,71,8603,131.1315789473684,704.3961842105264,0.25515430082271234,0.7448456991772876,0.1888,0.06635430082271235,Low Margin + High Sell-through,Traffic Driver / Control Discount,Medium
2026-03-01,SKU00168,Cole Haan,Tier 2,Sportswear,Buyout,Entry,Women,Core Basic,Core,0,1,0.652500296947381,0.001528947368421,0.0034013157894736,131298.49,12,10771,207.6184210526316,940.0482894736842,0.15978820163545912,0.8402117983645409,0.0607,0.09908820163545912,High Margin + Low Sell-through,Targeted Marketing / Control Inventory,Medium
2026-03-01,SKU00169,Brand A,Tier 2,Basketball Shoes,Own Brand,Mass,Women,Performance,Seasonal,0,0,0.3118346936195033,0.0274868421052631,0.0141644736842105,649785.64,224,8627,137.23684210526315,371.7911842105264,0.25126240643840686,0.7487375935615932,0.167,0.08426240643840685,Low Margin + High Sell-through,Traffic Driver / Control Discount,Medium
2026-03-01,SKU00170,Nike,Tier 1,Lifestyle Apparel,Buyout,Premium,Unisex,Limited,Seasonal,0,1,0.5669359253374635,0.0072171052631578,0.0104407894736842,873520.48,64,8618,142.85526315789474,704.2780263157895,0.2369120500988633,0.7630879499011367,0.102,0.1349120500988633,High Margin + High Sell-through,Main Push / Monitor Inventory,Low
2026-03-01,SKU00171,Brooks Brothers,Tier 1,Sportswear,Consignment,Mass,Women,Core Basic,Core,0,1,0.8107077325084299,0.0131184210526315,0.0589105263157894,41885.96,82,7948,130.6578947368421,642.1990789473684,0.23079862291018627,0.7692013770898137,0.0118,0.21899862291018626,High Margin + High Sell-through,Main Push / Monitor Inventory,Low
2026-03-01,SKU00172,Nike,Tier 1,Running Shoes,Consignment,Premium,Kids,Fashion,Seasonal,0,1,0.8173597611774507,0.0038105263157894,0.0058934210526315,307715.1,26,8085,138.0,838.0351315789474,0.2363545327456973,0.7636454672543027,0.0426,0.1937545327456973,High Margin + Low Sell-through,Targeted Marketing / Control Inventory,Medium
2026-03-01,SKU00173,Champion,Tier 3,Bags,Buyout,Mass,Women,Fashion,Seasonal,0,1,0.5452901345014808,0.0115934210526315,0.0167328947368421,251996.09,74,7907,137.6184210526316,690.7968421052632,0.20521261985893316,0.7947873801410669,0.0924,0.11281261985893316,High Margin + High Sell-through,Main Push / Monitor Inventory,Low
2026-03-01,SKU00174,Nike,Tier 1,Yoga Apparel,Consignment,Mass,Men,Fashion,Seasonal,0,1,0.8248974008207934,0.0098381578947368,0.0147473684210526,79939.46,76,8018,134.23684210526315,678.9259210526316,0.23140731208186985,0.7685926879181302,0.0261,0.20530731208186984,High Margin + High Sell-through,Main Push / Monitor Inventory,Low
2026-03-01,SKU00175,Under Armour,Tier 3,Sportswear,Consignment,Entry,Women,Core Basic,Seasonal,0,0,0.8310736533528766,0.006075,0.0210973684210526,34376.02,39,8467,134.43421052631578,801.75,0.20058749072749238,0.7994125092725076,0.0159,0.18468749072749238,High Margin + Low Sell-through,Targeted Marketing / Control Inventory,Medium
2026-03-01,SKU00176,Salomon,Tier 3,Underwear,Buyout,Mass,Women,Fashion,Seasonal,0,0,0.1165228972232508,0.0049407894736842,0.0006236842105263,1060845.0,44,8975,135.35526315789474,796.2675,0.2007385350491394,0.7992614649508606,0.1797,0.021038535049139412,Low Margin + Low Sell-through,Clearance / Eliminate,High
2026-03-01,SKU00177,Brooks Brothers,Tier 1,Lifestyle Apparel,Buyout,Premium,Unisex,Core Basic,Core,0,1,0.5635901524967608,0.0016078947368421,0.002275,666933.12,10,7616,121.82894736842104,962.3684210526316,0.2221426798219533,0.7778573201780468,0.0955,0.1266426798219533,High Margin + Low Sell-through,Targeted Marketing / Control Inventory,Medium
2026-03-01,SKU00178,Puma,Tier 3,Training Shoes,Buyout,Premium,Unisex,Clearance,Seasonal,1,0,0.2963296819780755,0.0224763157894736,0.0109092105263157,1361068.02,170,8411,140.96052631578948,390.1065789473684,0.20018815907553866,0.7998118409244613,0.1388,0.061388159075538656,Low Margin + High Sell-through,Traffic Driver / Control Discount,Medium
2026-03-01,SKU00179,Brooks Brothers,Tier 1,Kids Apparel,Buyout,Entry,Men,Fashion,Seasonal,0,1,0.66158463759386,0.004978947368421,0.0110407894736842,147637.98,35,7929,131.5921052631579,815.3332894736842,0.2305675244083428,0.7694324755916572,0.0811,0.1494675244083428,High Margin + Low Sell-through,Targeted Marketing / Control Inventory,Medium
2026-03-01,SKU00180,Skechers,Tier 3,Underwear,Consignment,Mass,Women,Core Basic,Seasonal,0,0,0.8132262809512135,0.0034223684210526,0.0045078947368421,220571.78,22,8606,128.10526315789474,883.2894736842105,0.19095571036258396,0.809044289637416,0.0411,0.14985571036258397,High Margin + Low Sell-through,Targeted Marketing / Control Inventory,Medium
2026-03-01,SKU00181,Brand A,Tier 2,Training Shoes,Own Brand,Luxury,Women,Core Basic,Seasonal,0,0,0.3322646677497129,0.0176263157894736,0.0107486842105263,2800019.04,157,9862,140.18421052631578,490.54947368421057,0.2553524328019983,0.7446475671980017,0.1711,0.08425243280199832,Low Margin + High Sell-through,Traffic Driver / Control Discount,Medium
2026-03-01,SKU00182,The North Face,Tier 3,Basketball Shoes,Buyout,Luxury,Unisex,Core Basic,Core,0,1,0.2117909003473621,0.0095565789473684,0.0027960526315789,2100473.48,72,8062,133.28947368421052,694.4647368421053,0.19617788483465048,0.8038221151653495,0.1619,0.034277884834650496,Low Margin + High Sell-through,Traffic Driver / Control Discount,Medium
2026-03-01,SKU00183,Adidas,Tier 1,Bags,Consignment,Mass,Unisex,Fashion,Seasonal,0,0,0.8301864801864802,0.0084815789473684,0.0164592105263157,138846.4,61,8096,143.27631578947367,692.8907894736842,0.23166522027635797,0.7683347797236421,0.0319,0.19976522027635796,High Margin + High Sell-through,Main Push / Monitor Inventory,Low
2026-03-01,SKU00184,The North Face,Tier 3,Kids Apparel,Buyout,Premium,Men,Performance,Seasonal,0,0,0.1444357840722022,0.0028486842105263,0.0005828947368421,1724574.72,25,8304,139.3684210526316,890.2718421052632,0.19878927479237493,0.801210725207625,0.1629,0.03588927479237494,Low Margin + Low Sell-through,Clearance / Eliminate,High
2026-03-01,SKU00185,Adidas,Tier 1,Outdoor Apparel,Buyout,Premium,Men,Core Basic,Seasonal,1,0,0.1565801830236275,0.0081684210526315,0.001725,865042.92,60,8244,303.7105263157895,705.5701315789474,0.1353136861451145,0.8646863138548855,0.1186,0.016713686145114495,Low Margin + High Sell-through,Traffic Driver / Control Discount,Medium
2026-03-01,SKU00186,New Balance,Tier 3,Sportswear,Consignment,Mass,Unisex,Core Basic,Core,0,1,0.8053665294812762,0.0018223684210526,0.0036894736842105,130568.66,14,8462,137.1578947368421,931.5052631578948,0.2059585782665068,0.7940414217334932,0.0226,0.18335857826650678,High Margin + Low Sell-through,Targeted Marketing / Control Inventory,Medium
2026-03-01,SKU00187,New Balance,Tier 3,Sportswear,Consignment,Premium,Women,Performance,Seasonal,0,1,0.812063947416062,0.0035868421052631,0.0182736842105263,79653.72,27,8178,140.64473684210526,865.5263157894736,0.19439212902109382,0.8056078709789062,0.0102,0.18419212902109383,High Margin + Low Sell-through,Targeted Marketing / Control Inventory,Medium
2026-03-01,SKU00188,Brand B,Tier 2,Basketball Shoes,Own Brand,Premium,Men,Fashion,Seasonal,1,0,-0.003622410597362,0.0308828947368421,0.0003013157894736,1392819.66,236,8691,308.7894736842105,284.2263157894737,0.12936097919800812,0.8706390208019918,0.1298,-0.000439020801991874,Low Margin + High Sell-through,Traffic Driver / Control Discount,Medium
2026-03-01,SKU00189,Salomon,Tier 3,Basketball Shoes,Buyout,Mass,Unisex,Core Basic,Core,0,1,0.4000186829788398,0.002425,0.001953947368421,785644.68,20,8436,142.67105263157896,904.8947368421052,0.20282916454582461,0.7971708354541753,0.1242,0.07862916454582461,Low Margin + Low Sell-through,Clearance / Eliminate,High
2026-03-01,SKU00190,Reebok Underwear,Tier 2,Running Shoes,Buyout,Luxury,Kids,Core Basic,Core,0,1,0.2559945279744638,0.0093131578947368,0.0036710526315789,2050592.58,77,8146,131.02631578947367,687.1952631578947,0.19828060191780086,0.8017193980821992,0.1524,0.045880601917800856,Low Margin + High Sell-through,Traffic Driver / Control Discount,Medium
2026-03-01,SKU00191,Under Armour,Tier 3,Basketball Shoes,Consignment,Premium,Women,Limited,Seasonal,0,1,0.8160432314518729,0.0028355263157894,0.0061197368421052,290928.49,27,9083,134.35526315789474,878.0746052631579,0.1970727756693607,0.8029272243306393,0.0226,0.1744727756693607,High Margin + Low Sell-through,Targeted Marketing / Control Inventory,Medium
2026-03-01,SKU00192,Brand B,Tier 2,Training Shoes,Own Brand,Mass,Men,Performance,Seasonal,0,0,0.4516550655035107,0.0021342105263157,0.0021342105263157,578001.6,16,8544,134.51315789473685,897.311447368421,0.2596585976100649,0.7403414023899351,0.1468,0.11285859761006486,Low Margin + Low Sell-through,Clearance / Eliminate,High
2026-03-01,SKU00193,Salomon,Tier 3,Running Shoes,Buyout,Premium,Men,Performance,Seasonal,0,1,0.122395895666692,0.026975,0.0037434210526315,1821514.88,206,8458,135.5,351.82223684210527,0.19890385777295666,0.8010961422270433,0.1738,0.02510385777295665,Low Margin + High Sell-through,Traffic Driver / Control Discount,Medium
2026-03-01,SKU00194,Puma,Tier 3,Kids Apparel,Buyout,Mass,Women,Core Basic,Seasonal,0,0,0.4299801782650367,0.0055894736842105,0.0049986842105263,402019.2,43,7920,131.92105263157896,776.3052631578947,0.19752282655544443,0.8024771734445556,0.1132,0.08432282655544443,Low Margin + Low Sell-through,Clearance / Eliminate,High
2026-03-01,SKU00195,Brooks Brothers,Tier 1,Bags,Buyout,Premium,Unisex,Fashion,Seasonal,0,0,0.6386704111395056,0.0021065789473684,0.0044197368421052,985944.96,13,8008,129.75,919.5526315789474,0.2231859986613451,0.7768140013386549,0.0843,0.1388859986613451,High Margin + Low Sell-through,Targeted Marketing / Control Inventory,Medium
2026-03-01,SKU00196,Asics,Tier 3,Accessories,Consignment,Entry,Unisex,Fashion,Seasonal,0,1,0.8247150667790986,0.0110131578947368,0.0181473684210526,39942.8,87,8185,137.43421052631578,607.078947368421,0.2025794695758488,0.7974205304241512,0.0356,0.1669794695758488,High Margin + High Sell-through,Main Push / Monitor Inventory,Low
2026-03-01,SKU00197,Adidas,Tier 1,Sportswear,Consignment,Entry,Kids,Performance,Seasonal,0,0,0.827684704987917,0.014603947368421,0.02515,81321.6,109,8256,130.97368421052633,600.0089473684211,0.22826417319953335,0.7717358268004666,0.0466,0.18166417319953335,High Margin + High Sell-through,Main Push / Monitor Inventory,Low
2026-03-01,SKU00198,Adidas,Tier 1,Running Shoes,Consignment,Premium,Unisex,Core Basic,Seasonal,1,0,0.819990337502663,0.014775,0.0173828947368421,326770.08,97,7481,316.8684210526316,546.6226315789473,0.13125714579153822,0.8687428542084618,0.0369,0.09435714579153821,High Margin + High Sell-through,Main Push / Monitor Inventory,Low
2026-03-01,SKU00199,Patagonia,Tier 3,Accessories,Buyout,Mass,Unisex,Core Basic,Seasonal,0,0,0.5805765508264478,0.0048631578947368,0.0073315789473684,285728.24,37,8456,146.25,825.0131578947369,0.20213219641827893,0.797867803581721,0.08579999999999999,0.11633219641827894,High Margin + Low Sell-through,Targeted Marketing / Control Inventory,Medium
2026-03-01,SKU00200,Nike,Tier 1,Basketball Shoes,Buyout,Premium,Men,Clearance,Seasonal,1,0,0.3996781133287689,0.0100697368421052,0.0079802631578947,1269329.93,66,7547,131.44736842105263,705.1315789473684,0.23388863541664898,0.766111364583351,0.1355,0.09838863541664897,Low Margin + High Sell-through,Traffic Driver / Control Discount,Medium
2026-03-01,SKU00201,Brooks Brothers,Tier 1,Underwear,Buyout,Entry,Women,Core Basic,Seasonal,0,0,0.6282623468694326,0.00265,0.0050828947368421,76166.8,22,8279,125.9342105263158,859.6184210526316,0.23363080529236505,0.766369194707635,0.0909,0.14273080529236504,High Margin + Low Sell-through,Targeted Marketing / Control Inventory,Medium
2026-03-01,SKU00202,Reebok Underwear,Tier 2,Outdoor Apparel,Buyout,Premium,Unisex,Performance,Seasonal,0,1,0.4383027503017777,0.0015144736842105,0.0012736842105263,822822.0,14,8905,132.30263157894737,922.3947368421052,0.19976826555682148,0.8002317344431785,0.10740000000000001,0.09236826555682147,Low Margin + Low Sell-through,Clearance / Eliminate,High
2026-03-01,SKU00203,Under Armour,Tier 3,Outdoor Apparel,Buyout,Premium,Men,Fashion,Seasonal,0,0,0.3406738737427049,0.0087065789473684,0.0049513157894736,1210406.96,56,7796,132.31578947368422,717.2201315789474,0.1986441490071447,0.8013558509928553,0.1318,0.0668441490071447,Low Margin + High Sell-through,Traffic Driver / Control Discount,Medium
2026-03-01,SKU00204,Skechers,Tier 3,Accessories,Buyout,Mass,Women,Clearance,Seasonal,1,0,0.5524996122628342,0.0070302631578947,0.0096868421052631,501312.24,48,8424,140.03947368421052,788.4851315789474,0.19844829819758356,0.8015517018024164,0.0915,0.10694829819758356,High Margin + High Sell-through,Main Push / Monitor Inventory,Low
2026-03-01,SKU00205,On Running,Tier 1,Sportswear,Consignment,Entry,Men,Fashion,Seasonal,0,1,0.8360117622922794,0.0018210526315789,0.0076368421052631,21092.4,14,8680,144.56578947368422,930.4518421052632,0.22571341030903602,0.774286589690964,0.0141,0.21161341030903602,High Margin + Low Sell-through,Targeted Marketing / Control Inventory,Medium
2026-03-01,SKU00206,Skechers,Tier 3,Running Shoes,Buyout,Premium,Women,Performance,Seasonal,1,0,0.4930217273007402,0.0111171052631578,0.01265,719693.8,71,8260,291.0131578947368,721.2627631578947,0.12811601169400863,0.8718839883059913,0.0626,0.06551601169400863,Low Margin + High Sell-through,Traffic Driver / Control Discount,Medium
2026-03-01,SKU00207,Patagonia,Tier 3,Sportswear,Buyout,Entry,Men,Fashion,Seasonal,0,1,0.5854747440441301,0.0054776315789473,0.0086105263157894,176904.32,36,8416,145.5921052631579,824.0701315789474,0.19609469671932492,0.8039053032806751,0.0834,0.11269469671932492,High Margin + Low Sell-through,Targeted Marketing / Control Inventory,Medium
2026-03-01,SKU00208,Adidas,Tier 1,Training Shoes,Consignment,Premium,Unisex,Clearance,Seasonal,1,0,0.8197305077920751,0.0087092105263157,0.0215894736842105,333323.06,65,8413,129.43421052631578,734.4473684210526,0.22793336457332883,0.7720666354266712,0.029699999999999997,0.19823336457332882,High Margin + High Sell-through,Main Push / Monitor Inventory,Low
2026-03-01,SKU00209,Skechers,Tier 3,Yoga Apparel,Consignment,Premium,Men,Performance,Seasonal,0,0,0.843327517751883,0.005978947368421,0.0235447368421052,104217.3,52,8613,133.55263157894737,765.3026315789474,0.19876496050893813,0.8012350394910619,0.0125,0.18626496050893812,High Margin + Low Sell-through,Targeted Marketing / Control Inventory,Medium
2026-03-01,SKU00210,Asics,Tier 3,Yoga Apparel,Consignment,Entry,Unisex,Fashion,Seasonal,0,0,0.8378148942040365,0.0058934210526315,0.0119947368421052,43886.03,39,7879,140.78947368421052,808.4359210526316,0.19686821106356006,0.80313178893644,0.0225,0.17436821106356007,High Margin + Low Sell-through,Targeted Marketing / Control Inventory,Medium
2026-03-01,SKU00211,Cole Haan,Tier 2,Lifestyle Apparel,Buyout,Premium,Women,Core Basic,Core,0,1,0.6490383643348161,0.0046934210526315,0.0096763157894736,626781.36,43,9704,212.18421052631575,797.6535526315789,0.15593302095444286,0.8440669790455572,0.0524,0.10353302095444286,High Margin + Low Sell-through,Targeted Marketing / Control Inventory,Medium
2026-03-01,SKU00212,Lululemon,Tier 1,Basketball Shoes,Buyout,Mass,Unisex,Core Basic,Seasonal,0,0,0.4208282970695078,0.0061407894736842,0.0054368421052631,668471.55,45,8495,132.97368421052633,811.9122368421052,0.22651686733780427,0.7734831326621957,0.1303,0.09621686733780427,Low Margin + Low Sell-through,Clearance / Eliminate,High
2026-03-01,SKU00213,Adidas,Tier 1,Lifestyle Apparel,Consignment,Mass,Unisex,Performance,Seasonal,0,1,0.8325713803827567,0.0112565789473684,0.0217513157894736,177267.72,81,7714,145.97368421052633,647.0543421052631,0.2298552362047113,0.7701447637952887,0.0324,0.19745523620471128,High Margin + High Sell-through,Main Push / Monitor Inventory,Low
2026-03-01,SKU00214,Skechers,Tier 3,Bags,Consignment,Premium,Unisex,Core Basic,Seasonal,0,0,0.8253468099572765,0.0068671052631578,0.0097171052631578,241864.35,45,7917,127.85526315789474,786.113552631579,0.20628765673343105,0.7937123432665689,0.027599999999999996,0.17868765673343107,High Margin + High Sell-through,Main Push / Monitor Inventory,Low
2026-03-01,SKU00215,Brand A,Tier 2,Underwear,Own Brand,Mass,Women,Clearance,Seasonal,1,0,0.1725333677011929,0.0059736842105263,0.001553947368421,1271355.54,45,9282,127.6842105263158,752.892105263158,0.2525841033337045,0.7474158966662955,0.204,0.048584103333704526,Low Margin + Low Sell-through,Clearance / Eliminate,High
2026-03-01,SKU00216,Columbia,Tier 3,Training Shoes,Buyout,Premium,Kids,Performance,Seasonal,1,0,0.5987204042544522,0.0056842105263157,0.0094197368421052,566156.7,43,8241,290.9736842105263,777.1825,0.13096976663648158,0.8690302333635185,0.0526,0.07836976663648157,High Margin + Low Sell-through,Targeted Marketing / Control Inventory,Medium
2026-03-01,SKU00217,Nike,Tier 1,Underwear,Consignment,Mass,Women,Fashion,Seasonal,1,0,0.8262103480827727,0.0236236842105263,0.0148828947368421,230913.64,185,8446,298.57894736842104,442.711052631579,0.12897281263752183,0.8710271873624782,0.0425,0.08647281263752182,High Margin + High Sell-through,Main Push / Monitor Inventory,Low
2026-03-01,SKU00218,Nike,Tier 1,Yoga Apparel,Consignment,Premium,Women,Fashion,Seasonal,0,1,0.8187055320482682,0.0038934210526315,0.0216736842105263,88452.0,26,8424,136.64473684210526,840.9561842105263,0.22626981684013503,0.773730183159865,0.0123,0.21396981684013502,High Margin + Low Sell-through,Targeted Marketing / Control Inventory,Medium
2026-03-01,SKU00219,Adidas,Tier 1,Lifestyle Apparel,Buyout,Premium,Men,Core Basic,Core,0,1,0.4126986751134932,0.0095684210526315,0.0076671052631578,1223089.26,60,8263,139.22368421052633,739.0490789473685,0.23348436543470902,0.766515634565291,0.1358,0.09768436543470901,Low Margin + High Sell-through,Traffic Driver / Control Discount,Medium
2026-03-01,SKU00220,Nike,Tier 1,Accessories,Consignment,Entry,Unisex,Performance,Seasonal,0,0,0.8176200034772162,0.0077973684210526,0.0154578947368421,39343.2,55,7566,139.26315789473685,793.4809210526316,0.2321703338975227,0.7678296661024773,0.0246,0.2075703338975227,High Margin + High Sell-through,Main Push / Monitor Inventory,Low
2026-03-01,SKU00221,On Running,Tier 1,Accessories,Consignment,Mass,Unisex,Core Basic,Core,0,1,0.8116471754212091,0.0058723684210526,0.004625,279166.5,43,8475,131.78947368421052,801.0122368421053,0.22991312859207588,0.7700868714079241,0.04750000000000001,0.18241312859207587,High Margin + Low Sell-through,Targeted Marketing / Control Inventory,Medium
2026-03-01,SKU00222,Reebok Underwear,Tier 2,Training Shoes,Consignment,Mass,Women,Limited,Seasonal,0,1,0.8140661319962517,0.0023960526315789,0.0024302631578947,327541.76,18,8512,153.98684210526315,892.7719736842105,0.20213659538628234,0.7978634046137176,0.0487,0.15343659538628235,High Margin + Low Sell-through,Targeted Marketing / Control Inventory,Medium
2026-03-01,SKU00223,Brand A,Tier 2,Basketball Shoes,Own Brand,Premium,Women,Performance,Seasonal,0,1,0.2748897952814609,0.0026513157894736,0.0012368421052631,1989263.43,24,9513,126.53947368421052,876.9473684210526,0.24624346271429454,0.7537565372857055,0.1846,0.06164346271429455,Low Margin + Low Sell-through,Clearance / Eliminate,High
2026-03-01,SKU00224,Under Armour,Tier 3,Accessories,Buyout,Entry,Unisex,Limited,Seasonal,1,0,0.1960773631163171,0.0044065789473684,0.000903947368421,83877.32,28,7958,320.94736842105266,853.5746052631579,0.12610072712673417,0.8738992728732659,0.1049,0.02120072712673418,Low Margin + Low Sell-through,Clearance / Eliminate,High
2026-03-01,SKU00225,Champion,Tier 3,Performance Apparel,Buyout,Premium,Unisex,Performance,Seasonal,0,1,0.3337470841269501,0.0049592105263157,0.0028921052631578,1789945.2,43,8241,144.47368421052633,792.5175,0.2021461814399445,0.7978538185600554,0.1367,0.06544618143994452,Low Margin + Low Sell-through,Clearance / Eliminate,High
2026-03-01,SKU00226,Brand B,Tier 2,Basketball Shoes,Own Brand,Premium,Women,Core Basic,Core,0,1,0.3089134790238494,0.017978947368421,0.009353947368421,2574422.9,137,9331,131.03947368421052,536.1906578947368,0.25129017683454863,0.7487098231654514,0.1731,0.07819017683454862,Low Margin + High Sell-through,Traffic Driver / Control Discount,Medium
2026-03-01,SKU00227,Champion,Tier 3,Kids Apparel,Buyout,Entry,Men,Performance,Seasonal,0,0,0.144332910484805,0.0096960526315789,0.0015842105263157,330911.56,74,7892,148.78947368421052,696.6773684210526,0.1947649355711308,0.8052350644288692,0.1638,0.03096493557113081,Low Margin + High Sell-through,Traffic Driver / Control Discount,Medium
2026-03-01,SKU00228,Cole Haan,Tier 2,Accessories,Buyout,Entry,Unisex,Fashion,Seasonal,0,1,0.1405556841642768,0.0083605263157894,0.0015592105263157,253311.8,73,10165,202.85526315789477,696.6667105263158,0.15516704713584967,0.8448329528641503,0.13,0.025167047135849663,Low Margin + High Sell-through,Traffic Driver / Control Discount,Medium
2026-03-01,SKU00229,Brand B,Tier 2,Training Shoes,Own Brand,Premium,Women,Clearance,Seasonal,1,0,-0.2986130598202578,0.0178473684210526,-0.0050157894736842,2202637.29,132,8787,297.2763157894737,542.1897368421053,0.12764779478603389,0.8723522052139661,0.1664,-0.03875220521396611,Low Margin + High Sell-through,Traffic Driver / Control Discount,Medium
2026-03-01,SKU00230,Salomon,Tier 3,Yoga Apparel,Consignment,Mass,Unisex,Performance,Seasonal,1,0,0.8380812073651609,0.0090394736842105,0.0208605263157894,102218.16,67,8184,294.9342105263158,741.618552631579,0.13352327802144015,0.8664767219785598,0.0174,0.11612327802144015,High Margin + High Sell-through,Main Push / Monitor Inventory,Low
2026-03-01,SKU00231,Puma,Tier 3,Basketball Shoes,Buyout,Premium,Unisex,Fashion,Seasonal,0,1,0.1422793788860804,0.0079868421052631,0.0014407894736842,1098806.23,55,8291,127.80263157894736,743.85,0.19911523134629194,0.8008847686537081,0.162,0.03711523134629194,Low Margin + High Sell-through,Traffic Driver / Control Discount,Medium
2026-03-01,SKU00232,Reebok Underwear,Tier 2,Sportswear,Consignment,Mass,Women,Clearance,Seasonal,1,0,0.826588602873911,0.0135171052631578,0.0190644736842105,195685.56,100,8113,142.80263157894737,591.2310526315789,0.19586124082271933,0.8041387591772806,0.0412,0.15466124082271931,High Margin + High Sell-through,Main Push / Monitor Inventory,Low
2026-03-01,SKU00233,Brand A,Tier 2,Bags,Own Brand,Premium,Women,Core Basic,Core,0,1,0.454748285571953,0.0035263157894736,0.0034447368421052,1927859.13,30,9369,144.3421052631579,845.1842105263158,0.2503753368232547,0.7496246631767454,0.1344,0.1159753368232547,Low Margin + Low Sell-through,Clearance / Eliminate,High
2026-03-01,SKU00234,New Balance,Tier 3,Accessories,Buyout,Mass,Women,Core Basic,Core,0,1,0.2927910723876589,0.0023973684210526,0.001328947368421,604106.86,17,8666,139.57894736842104,887.2368421052631,0.20282282269219729,0.7971771773078027,0.1415,0.0613228226921973,Low Margin + Low Sell-through,Clearance / Eliminate,High
2026-03-01,SKU00235,Brand B,Tier 2,Underwear,Own Brand,Entry,Women,Core Basic,Core,0,1,0.194405454467489,0.0060828947368421,0.0017092105263157,493949.3,53,9290,140.82894736842104,775.7994736842105,0.25409322885660535,0.7459067711433947,0.2003,0.05379322885660534,Low Margin + Low Sell-through,Clearance / Eliminate,High
2026-03-01,SKU00236,Adidas,Tier 1,Kids Apparel,Consignment,Mass,Unisex,Performance,Seasonal,0,1,0.817653311002319,0.0028328947368421,0.0104763157894736,63446.24,20,8272,133.82894736842104,885.0701315789474,0.22750113517414766,0.7724988648258524,0.0125,0.21500113517414765,High Margin + Low Sell-through,Targeted Marketing / Control Inventory,Medium
2026-03-01,SKU00237,Puma,Tier 3,Yoga Apparel,Consignment,Mass,Men,Core Basic,Core,0,1,0.8238077053116009,0.0207815789473684,0.0468197368421052,84726.81,159,7911,141.97368421052633,393.7373684210526,0.20541824159683605,0.7945817584031639,0.0199,0.18551824159683605,High Margin + High Sell-through,Main Push / Monitor Inventory,Low
2026-03-01,SKU00238,Puma,Tier 3,Lifestyle Apparel,Consignment,Entry,Men,Fashion,Seasonal,0,1,0.8230201507785527,0.0127328947368421,0.0147644736842105,75073.44,99,8268,139.06578947368422,616.0298684210526,0.19858759875594034,0.8014124012440597,0.0463,0.15228759875594033,High Margin + High Sell-through,Main Push / Monitor Inventory,Low
2026-03-01,SKU00239,On Running,Tier 1,Lifestyle Apparel,Consignment,Mass,Women,Core Basic,Core,0,1,0.8188027858816319,0.0080394736842105,0.0105118421052631,168676.2,60,8519,133.22368421052633,769.598552631579,0.2349102013156485,0.7650897986843515,0.0416,0.1933102013156485,High Margin + High Sell-through,Main Push / Monitor Inventory,Low
2026-03-01,SKU00240,Columbia,Tier 3,Bags,Buyout,Mass,Women,Fashion,Seasonal,0,1,0.094213071283731,0.0038394736842105,0.0003513157894736,467579.64,26,8052,151.93421052631578,855.5394736842105,0.20167556883336352,0.7983244311666364,0.1752,0.026475568833363522,Low Margin + Low Sell-through,Clearance / Eliminate,High
2026-03-01,SKU00241,Reebok Underwear,Tier 2,Performance Apparel,Buyout,Mass,Men,Core Basic,Seasonal,0,0,0.3661237143117652,0.0124657894736842,0.008125,404196.78,89,8346,140.44736842105263,657.1665789473685,0.19709933699855028,0.8029006630014497,0.12300000000000001,0.07409933699855027,Low Margin + High Sell-through,Traffic Driver / Control Discount,Medium
2026-03-01,SKU00242,Skechers,Tier 3,Basketball Shoes,Buyout,Premium,Unisex,Performance,Seasonal,1,0,0.095132597919981,0.0057210526315789,0.0007986842105263,1339778.55,43,8371,294.0394736842105,763.0175,0.12951335850786047,0.8704866414921395,0.1183,0.011213358507860469,Low Margin + Low Sell-through,Clearance / Eliminate,High
2026-03-01,SKU00243,Brand B,Tier 2,Accessories,Own Brand,Mass,Unisex,Performance,Seasonal,0,1,0.1684235583789788,0.008203947368421,0.002078947368421,879312.92,71,9026,141.19736842105263,698.8684210526316,0.2502984825800834,0.7497015174199166,0.2021,0.04819848258008341,Low Margin + High Sell-through,Traffic Driver / Control Discount,Medium
2026-03-01,SKU00244,Reebok Underwear,Tier 2,Underwear,Consignment,Mass,Unisex,Core Basic,Core,0,1,0.8130427512401762,0.0074052631578947,0.0177315789473684,61871.4,45,8361,141.07894736842104,748.8052631578947,0.20062777598570758,0.7993722240142924,0.0167,0.1839277759857076,High Margin + High Sell-through,Main Push / Monitor Inventory,Low
2026-03-01,SKU00245,Brand A,Tier 2,Kids Apparel,Own Brand,Entry,Men,Fashion,Seasonal,0,1,0.4730330068479249,0.0055118421052631,0.0057881578947368,286176.72,46,9389,138.98684210526315,790.5955263157895,0.25603393175727385,0.7439660682427262,0.13,0.12603393175727384,Low Margin + Low Sell-through,Clearance / Eliminate,High
2026-03-01,SKU00246,Reebok Underwear,Tier 2,Accessories,Buyout,Entry,Kids,Core Basic,Core,0,1,0.1761374975718661,0.0086631578947368,0.0021026315789473,386039.44,70,8728,130.68421052631578,684.8959210526315,0.20163088757018208,0.7983691124298179,0.1728,0.028830887570182068,Low Margin + High Sell-through,Traffic Driver / Control Discount,Medium
2026-03-01,SKU00247,Cole Haan,Tier 2,Lifestyle Apparel,Buyout,Premium,Unisex,Performance,Seasonal,0,1,0.1410038064592081,0.001525,0.0002881578947368,1179373.78,18,9698,214.60526315789477,920.842105263158,0.1655346450455488,0.8344653549544512,0.1346,0.030934645045548798,Low Margin + Low Sell-through,Clearance / Eliminate,High
2026-03-01,SKU00248,Adidas,Tier 1,Kids Apparel,Buyout,Entry,Women,Core Basic,Seasonal,1,0,-0.0366784492681453,0.0118263157894736,-0.0004092105263157,251317.8,83,8213,289.7763157894737,639.0855263157895,0.12662558897951282,0.8733744110204872,0.134,-0.007374411020487193,Low Margin + High Sell-through,Traffic Driver / Control Discount,Medium
2026-03-01,SKU00249,Brooks Brothers,Tier 1,Running Shoes,Buyout,Mass,Women,Core Basic,Seasonal,0,0,0.4169045822711607,0.0045776315789473,0.0038552631578947,450003.6,30,7695,140.01315789473685,822.6272368421053,0.23410590088537897,0.765894099114621,0.1362,0.09790590088537898,Low Margin + Low Sell-through,Clearance / Eliminate,High
2026-03-01,SKU00250,Under Armour,Tier 3,Running Shoes,Buyout,Mass,Kids,Fashion,Seasonal,0,0,0.2470626357845122,0.0122197368421052,0.0045460526315789,517796.04,82,8306,131.26315789473685,613.2255263157895,0.1938937508827203,0.8061062491172797,0.1466,0.04729375088272028,Low Margin + High Sell-through,Traffic Driver / Control Discount,Medium
2026-03-01,SKU00251,Nike,Tier 1,Bags,Consignment,Mass,Women,Fashion,Seasonal,0,1,0.8327976611234381,0.0133302631578947,0.0253144736842105,245770.36,82,8228,140.93421052631578,650.1731578947368,0.23198164091981296,0.768018359080187,0.0374,0.19458164091981295,High Margin + High Sell-through,Main Push / Monitor Inventory,Low
2026-03-01,SKU00252,Asics,Tier 3,Training Shoes,Consignment,Premium,Men,Performance,Seasonal,0,1,0.8182832311136549,0.0148697368421052,0.0209263157894736,338916.3,105,8035,124.82894736842104,582.0725,0.19870891009055913,0.8012910899094409,0.0348,0.16390891009055913,High Margin + High Sell-through,Main Push / Monitor Inventory,Low
2026-03-01,SKU00253,Asics,Tier 3,Sportswear,Consignment,Premium,Unisex,Core Basic,Core,0,1,0.8244673207427872,0.0255092105263157,0.0296565789473684,357145.41,209,8273,135.23684210526315,369.3484210526316,0.1962786464047037,0.8037213535952963,0.0484,0.1478786464047037,High Margin + High Sell-through,Main Push / Monitor Inventory,Low
2026-03-01,SKU00254,Fila,Tier 3,Lifestyle Apparel,Consignment,Mass,Women,Clearance,Seasonal,1,0,0.8298426629122262,0.0173065789473684,0.0226578947368421,84864.42,132,7991,145.94736842105263,554.3405263157895,0.19739144749090215,0.8026085525090978,0.027500000000000004,0.16989144749090215,High Margin + High Sell-through,Main Push / Monitor Inventory,Low
2026-03-01,SKU00255,Skechers,Tier 3,Outdoor Apparel,Buyout,Premium,Men,Core Basic,Core,0,1,0.4135588967833597,0.0145657894736842,0.0127460526315789,1463683.37,110,8123,129.23684210526315,542.2931578947369,0.1990820833300764,0.8009179166699236,0.1171,0.08198208333007641,Low Margin + High Sell-through,Traffic Driver / Control Discount,Medium
2026-03-01,SKU00256,Brand B,Tier 2,Training Shoes,Own Brand,Premium,Women,Limited,Seasonal,0,1,0.1404343040321334,0.0029605263157894,0.0005144736842105,1901146.3,27,9610,134.21052631578948,867.9807894736841,0.2418448664652012,0.7581551335347988,0.2098,0.032044866465201216,Low Margin + Low Sell-through,Clearance / Eliminate,High
2026-03-01,SKU00257,Brand B,Tier 2,Yoga Apparel,Own Brand,Entry,Kids,Core Basic,Core,0,1,0.5198595787362086,0.0001421052631578,0.0001736842105263,440356.13,1,9199,126.5,990.6973684210526,0.271944573283859,0.728055426716141,0.1619,0.11004457328385903,High Margin + Low Sell-through,Targeted Marketing / Control Inventory,Medium
2026-03-01,SKU00258,Under Armour,Tier 3,Yoga Apparel,Consignment,Premium,Unisex,Fashion,Seasonal,0,1,0.8241625638660686,0.0123894736842105,0.0285421052631578,194752.32,95,8176,126.82894736842104,597.8763157894737,0.19400460668577796,0.8059953933142221,0.025,0.16900460668577796,High Margin + High Sell-through,Main Push / Monitor Inventory,Low
2026-03-01,SKU00259,Brand A,Tier 2,Outdoor Apparel,Own Brand,Premium,Unisex,Core Basic,Core,0,1,0.3623287769947106,0.0041447368421052,0.0029447368421052,1671222.14,35,9443,131.96052631578948,841.6842105263158,0.2552907942968723,0.7447092057031277,0.1622,0.09309079429687228,Low Margin + Low Sell-through,Clearance / Eliminate,High
2026-03-01,SKU00260,Brand A,Tier 2,Running Shoes,Own Brand,Premium,Kids,Core Basic,Core,0,1,0.2093536164345304,0.0375263157894736,0.0110302631578947,2115854.14,299,9413,130.27631578947367,264.0782894736842,0.25268796164743756,0.7473120383525624,0.1994,0.05328796164743757,Low Margin + High Sell-through,Traffic Driver / Control Discount,Medium
2026-03-01,SKU00261,Patagonia,Tier 3,Running Shoes,Buyout,Premium,Men,Clearance,Seasonal,1,0,0.5410470901147968,0.0020381578947368,0.0030184210526315,922049.06,12,8306,140.3815789473684,931.9430263157894,0.1974720037614015,0.8025279962385985,0.0893,0.1081720037614015,High Margin + Low Sell-through,Targeted Marketing / Control Inventory,Medium
2026-03-01,SKU00262,Under Armour,Tier 3,Bags,Consignment,Mass,Men,Core Basic,Core,0,1,0.8221223569668866,0.0094631578947368,0.0108131578947368,241995.4,75,8170,137.02631578947367,666.4103947368421,0.20356307893322362,0.7964369210667763,0.0484,0.15516307893322362,High Margin + High Sell-through,Main Push / Monitor Inventory,Low
2026-03-01,SKU00263,Champion,Tier 3,Sportswear,Buyout,Premium,Women,Clearance,Seasonal,1,0,0.4512742033097291,0.0085026315789473,0.0079092105263157,879327.36,66,8154,134.68421052631578,708.6942105263158,0.20452782112940726,0.7954721788705927,0.1145,0.09002782112940726,Low Margin + High Sell-through,Traffic Driver / Control Discount,Medium
2026-03-01,SKU00264,Puma,Tier 3,Performance Apparel,Buyout,Mass,Women,Performance,Seasonal,0,1,0.5278174976481655,0.0014657894736842,0.0016842105263157,313088.49,13,8109,127.32894736842104,945.4315789473684,0.1984729335614697,0.8015270664385303,0.0855,0.11297293356146969,High Margin + Low Sell-through,Targeted Marketing / Control Inventory,Medium
2026-03-01,SKU00265,New Balance,Tier 3,Running Shoes,Buyout,Mass,Kids,Core Basic,Core,0,1,0.0909496958326343,0.0097157894736842,0.0013684210526315,1012846.08,72,8256,131.85526315789474,676.2061842105263,0.20137286249362432,0.7986271375063757,0.1791,0.022272862493624312,Low Margin + High Sell-through,Traffic Driver / Control Discount,Medium
2026-03-01,SKU00266,Nike,Tier 1,Bags,Consignment,Mass,Men,Core Basic,Core,0,1,0.8299613175477669,0.0042105263157894,0.0076092105263157,230901.99,34,8857,137.07894736842104,819.5411842105262,0.2288245949832536,0.7711754050167464,0.0386,0.19022459498325361,High Margin + Low Sell-through,Targeted Marketing / Control Inventory,Medium
2026-03-01,SKU00267,Puma,Tier 3,Basketball Shoes,Buyout,Mass,Women,Performance,Seasonal,1,0,0.6048228795427858,0.0047486842105263,0.0077210526315789,295617.42,40,8806,309.10526315789474,785.9172368421052,0.13220802787839636,0.8677919721216036,0.0539,0.07830802787839636,High Margin + Low Sell-through,Targeted Marketing / Control Inventory,Medium
2026-03-01,SKU00268,Under Armour,Tier 3,Performance Apparel,Buyout,Luxury,Unisex,Fashion,Seasonal,0,1,0.1127409737718111,0.0047026315789473,0.0005684210526315,2991817.5,33,8141,134.23684210526315,847.2926315789473,0.20408821741832542,0.7959117825816746,0.17470000000000002,0.029388217418325396,Low Margin + Low Sell-through,Clearance / Eliminate,High
2026-03-01,SKU00269,Salomon,Tier 3,Basketball Shoes,Buyout,Premium,Unisex,Clearance,Seasonal,1,0,0.1911634833956052,0.003928947368421,0.0010947368421052,1175851.5,31,7850,148.31578947368422,849.642105263158,0.19602647125653264,0.8039735287434674,0.1647,0.03132647125653262,Low Margin + Low Sell-through,Clearance / Eliminate,High
2026-03-01,SKU00270,The North Face,Tier 3,Underwear,Buyout,Entry,Unisex,Limited,Seasonal,0,1,0.2602170399445855,0.0065578947368421,0.0026315789473684,336031.96,54,8581,134.44736842105263,771.9139473684211,0.1985947672123402,0.8014052327876597,0.1518,0.046794767212340216,Low Margin + High Sell-through,Traffic Driver / Control Discount,Medium
2026-03-01,SKU00271,Asics,Tier 3,Outdoor Apparel,Buyout,Luxury,Women,Performance,Seasonal,1,0,0.0633229476778953,0.0029394736842105,0.0002013157894736,1771127.67,27,8229,298.67105263157896,869.8815789473684,0.12877236718289156,0.8712276328171085,0.11329999999999998,0.015472367182891578,Low Margin + Low Sell-through,Clearance / Eliminate,High
2026-03-01,SKU00272,Brand A,Tier 2,Lifestyle Apparel,Own Brand,Mass,Men,Core Basic,Core,0,1,0.4300463638705246,0.0008263157894736,0.0007671052631578,831108.9,6,9390,137.07894736842104,958.4342105263158,0.2610766723528695,0.7389233276471305,0.1504,0.11067667235286952,Low Margin + Low Sell-through,Clearance / Eliminate,High
2026-03-01,SKU00273,The North Face,Tier 3,Basketball Shoes,Buyout,Premium,Women,Core Basic,Core,0,1,0.3623499657367309,0.0034907894736842,0.0022565789473684,1456796.4,30,8070,136.4078947368421,842.0131578947369,0.20024362604995227,0.7997563739500477,0.134,0.06624362604995226,Low Margin + Low Sell-through,Clearance / Eliminate,High
2026-03-01,SKU00274,Reebok Underwear,Tier 2,Underwear,Buyout,Entry,Unisex,Fashion,Seasonal,0,1,0.2894265402459422,0.0122171052631578,0.005828947368421,259189.74,82,8082,133.80263157894737,587.1667105263158,0.19907565805399996,0.800924341946,0.1391,0.05997565805399996,Low Margin + High Sell-through,Traffic Driver / Control Discount,Medium
2026-03-01,SKU00275,Skechers,Tier 3,Outdoor Apparel,Buyout,Luxury,Women,Performance,Seasonal,0,1,0.0675745264623388,0.0042197368421052,0.0002868421052631,2392181.7,31,8094,129.57894736842104,852.4306578947369,0.1968594294790953,0.8031405705209047,0.1715,0.02535942947909528,Low Margin + Low Sell-through,Clearance / Eliminate,High
2026-03-01,SKU00276,New Balance,Tier 3,Lifestyle Apparel,Consignment,Mass,Women,Fashion,Seasonal,0,1,0.8330114712953073,0.0226026315789473,0.030425,191452.78,176,7954,134.03947368421052,382.2718421052632,0.2004195490631882,0.7995804509368118,0.048,0.15241954906318822,High Margin + High Sell-through,Main Push / Monitor Inventory,Low
2026-03-01,SKU00277,Cole Haan,Tier 2,Underwear,Buyout,Mass,Men,Performance,Seasonal,0,1,0.3899164047133219,0.0226710526315789,0.016525,496411.78,233,10891,218.5921052631579,350.95973684210526,0.15469678501262357,0.8453032149873765,0.0959,0.05879678501262357,Low Margin + High Sell-through,Traffic Driver / Control Discount,Medium
2026-03-01,SKU00278,Champion,Tier 3,Running Shoes,Buyout,Premium,Unisex,Fashion,Seasonal,0,1,0.4689513312689841,0.0044723684210526,0.0045473684210526,795259.92,38,8403,146.78947368421052,807.8859210526316,0.19428706815539237,0.8057129318446077,0.10549999999999998,0.08878706815539239,Low Margin + Low Sell-through,Clearance / Eliminate,High
2026-03-01,SKU00279,Columbia,Tier 3,Yoga Apparel,Buyout,Entry,Men,Fashion,Seasonal,1,0,0.5623940919092542,0.005728947368421,0.0081236842105263,63542.47,45,8263,294.7763157894737,781.4518421052632,0.13066070062476093,0.8693392993752391,0.0564,0.07426070062476092,High Margin + Low Sell-through,Targeted Marketing / Control Inventory,Medium
2026-03-01,SKU00280,Salomon,Tier 3,Running Shoes,Buyout,Premium,Unisex,Fashion,Seasonal,0,1,0.3894408270540569,0.0055763157894736,0.0040342105263157,968231.88,42,8316,131.75,823.7165789473684,0.19842130884328954,0.8015786911567104,0.126,0.07242130884328954,Low Margin + Low Sell-through,Clearance / Eliminate,High
2026-03-01,SKU00281,Hoka,Tier 1,Underwear,Buyout,Mass,Women,Core Basic,Core,0,1,0.5927424348759444,0.0014197368421052,0.0022565789473684,495183.54,15,8366,138.28947368421052,935.292105263158,0.23835049067645983,0.7616495093235401,0.0927,0.14565049067645983,High Margin + Low Sell-through,Targeted Marketing / Control Inventory,Medium
2026-03-01,SKU00282,Adidas,Tier 1,Performance Apparel,Consignment,Luxury,Men,Core Basic,Core,0,1,0.8294357407377835,0.0065921052631578,0.0087197368421052,652537.55,55,8603,126.23684210526316,741.7157894736843,0.23250759282106498,0.7674924071789351,0.0434,0.18910759282106498,High Margin + High Sell-through,Main Push / Monitor Inventory,Low
2026-03-01,SKU00283,Cole Haan,Tier 2,Lifestyle Apparel,Buyout,Premium,Women,Fashion,Seasonal,0,1,0.5729882970564337,0.004575,0.0066881578947368,650143.56,39,9669,215.30263157894737,823.8911842105264,0.15645995690894376,0.8435400430910562,0.0671,0.08935995690894376,High Margin + Low Sell-through,Targeted Marketing / Control Inventory,Medium
2026-03-01,SKU00284,Adidas,Tier 1,Underwear,Consignment,Mass,Men,Limited,Seasonal,0,0,0.8342855650379696,0.008478947368421,0.0081276315789473,202960.42,60,8174,136.18421052631578,715.563947368421,0.2356274566146686,0.7643725433853314,0.049,0.18662745661466862,High Margin + High Sell-through,Main Push / Monitor Inventory,Low
2026-03-01,SKU00285,Hoka,Tier 1,Lifestyle Apparel,Consignment,Mass,Men,Fashion,Seasonal,1,0,0.8218884120171674,0.0090565789473684,0.0305802631578947,38298.92,63,7913,298.92105263157896,694.2363157894737,0.13028856076275644,0.8697114392372436,0.0113,0.11898856076275643,High Margin + High Sell-through,Main Push / Monitor Inventory,Low
2026-03-01,SKU00286,Brooks Brothers,Tier 1,Accessories,Consignment,Mass,Men,Core Basic,Core,0,1,0.8146194423511682,0.0030131578947368,0.0054486842105263,126724.5,18,8505,133.3684210526316,883.6315789473684,0.23220725509309112,0.7677927449069089,0.0387,0.19350725509309114,High Margin + Low Sell-through,Targeted Marketing / Control Inventory,Medium
2026-03-01,SKU00287,Under Armour,Tier 3,Yoga Apparel,Consignment,Entry,Kids,Performance,Seasonal,0,0,0.8127164907030231,0.0097842105263157,0.0159618421052631,51842.45,70,8569,125.5,714.2561842105264,0.19913039397708207,0.8008696060229179,0.0286,0.17053039397708208,High Margin + High Sell-through,Main Push / Monitor Inventory,Low
2026-03-01,SKU00288,Lululemon,Tier 1,Outdoor Apparel,Buyout,Luxury,Unisex,Fashion,Seasonal,0,1,0.2613374499998019,0.004403947368421,0.0017473684210526,2808276.0,33,8284,141.94736842105263,818.0088157894737,0.23436506559593007,0.7656349344040699,0.1798,0.05456506559593008,Low Margin + Low Sell-through,Clearance / Eliminate,High
2026-03-01,SKU00289,Brand A,Tier 2,Lifestyle Apparel,Own Brand,Premium,Men,Core Basic,Seasonal,0,0,0.4507088021446849,0.0026815789473684,0.0025907894736842,1325659.69,20,9803,127.89473684210526,901.1315789473684,0.2501332593209261,0.7498667406790739,0.1426,0.10753325932092611,Low Margin + Low Sell-through,Clearance / Eliminate,High
2026-03-01,SKU00290,Brand B,Tier 2,Lifestyle Apparel,Own Brand,Entry,Unisex,Fashion,Seasonal,0,0,0.5845302017009723,0.0055092105263157,0.0086302631578947,232444.89,47,9369,139.94736842105263,761.9552631578947,0.257409780496879,0.742590219503121,0.109,0.14840978049687903,High Margin + Low Sell-through,Targeted Marketing / Control Inventory,Medium
2026-03-01,SKU00291,Brooks Brothers,Tier 1,Kids Apparel,Consignment,Premium,Women,Performance,Seasonal,0,1,0.833086354168123,0.0072592105263157,0.0422342105263157,117947.61,53,8679,126.69736842105264,754.4122368421052,0.22518204457797408,0.7748179554220259,0.0105,0.21468204457797407,High Margin + High Sell-through,Main Push / Monitor Inventory,Low
2026-03-01,SKU00292,New Balance,Tier 3,Kids Apparel,Buyout,Premium,Women,Core Basic,Seasonal,1,0,0.0561080736952135,0.0238263157894736,0.0016565789473684,830210.4,170,8040,314.44736842105266,395.031052631579,0.12833568191266645,0.8716643180873336,0.1209,0.007435681912666456,Low Margin + High Sell-through,Traffic Driver / Control Discount,Medium
2026-03-01,SKU00293,Under Armour,Tier 3,Lifestyle Apparel,Buyout,Premium,Kids,Core Basic,Seasonal,1,0,-0.0287535853310084,0.0173,-0.0002723684210526,1144206.28,149,8644,291.0921052631579,495.8106578947368,0.1313355718981094,0.8686644281018906,0.1328,-0.001464428101890597,Low Margin + High Sell-through,Traffic Driver / Control Discount,Medium
2026-03-01,SKU00294,Nike,Tier 1,Performance Apparel,Consignment,Luxury,Unisex,Fashion,Seasonal,0,0,0.8202452230211705,0.0041302631578947,0.0128986842105263,241027.2,35,8369,138.3815789473684,827.609605263158,0.22913360975415195,0.770866390245848,0.015,0.21413360975415197,High Margin + Low Sell-through,Targeted Marketing / Control Inventory,Medium
2026-03-01,SKU00295,Cole Haan,Tier 2,Underwear,Buyout,Mass,Kids,Core Basic,Seasonal,0,0,0.1683347909176303,0.0054144736842105,0.0012434210526315,671748.35,48,10465,213.3684210526316,784.5771052631579,0.15573519801548305,0.8442648019845169,0.1303,0.02543519801548305,Low Margin + Low Sell-through,Clearance / Eliminate,High
2026-03-01,SKU00296,On Running,Tier 1,Performance Apparel,Buyout,Luxury,Men,Fashion,Seasonal,0,0,0.4516656874839411,0.0044513157894736,0.004,1937083.44,32,8493,142.6578947368421,827.3377631578948,0.2342096272701298,0.7657903727298702,0.1275,0.10670962727012981,Low Margin + Low Sell-through,Clearance / Eliminate,High
2026-03-01,SKU00297,Puma,Tier 3,Performance Apparel,Buyout,Luxury,Women,Limited,Seasonal,0,1,0.1492853897456783,0.0090171052631578,0.0021026315789473,2434171.6,61,8218,132.8684210526316,738.4332894736842,0.20248991732049132,0.7975100826795087,0.1696,0.03288991732049132,Low Margin + High Sell-through,Traffic Driver / Control Discount,Medium
2026-03-01,SKU00298,Brand A,Tier 2,Underwear,Own Brand,Entry,Unisex,Fashion,Seasonal,0,1,0.3376356736028235,0.0045249999999999,0.00265,323250.61,36,9937,133.76315789473685,832.8290789473684,0.25399398470739043,0.7460060152926096,0.1698,0.08419398470739042,Low Margin + Low Sell-through,Clearance / Eliminate,High
2026-03-01,SKU00299,Puma,Tier 3,Yoga Apparel,Buyout,Premium,Men,Fashion,Seasonal,0,1,0.2243011030015484,0.0087618421052631,0.0028052631578947,1245961.71,52,7749,132.8684210526316,781.0044736842104,0.1961771989282306,0.8038228010717694,0.1547,0.041477198928230596,Low Margin + High Sell-through,Traffic Driver / Control Discount,Medium
2026-03-01,SKU00300,Brand A,Tier 2,Kids Apparel,Own Brand,Mass,Men,Core Basic,Seasonal,0,0,0.2647890363475459,0.0223302631578947,0.0093460526315789,953959.16,165,8954,140.07894736842104,451.5288157894737,0.25977607256960294,0.740223927430397,0.1891,0.07067607256960295,Low Margin + High Sell-through,Traffic Driver / Control Discount,Medium
2026-03-01,SKU00301,Lululemon,Tier 1,Outdoor Apparel,Consignment,Premium,Men,Clearance,Seasonal,1,0,0.8514816179529543,0.0015131578947368,0.0019460526315789,444542.27,12,8647,125.85526315789474,927.907894736842,0.2242108863892521,0.7757891136107479,0.0337,0.1905108863892521,High Margin + Low Sell-through,Targeted Marketing / Control Inventory,Medium
2026-03-01,SKU00302,Cole Haan,Tier 2,Training Shoes,Buyout,Premium,Men,Clearance,Seasonal,1,0,0.5484520762075511,0.0167013157894736,0.0226763157894736,758727.0,149,9367,215.60526315789477,502.3077631578947,0.1589560927775317,0.8410439072224682,0.0713,0.0876560927775317,High Margin + High Sell-through,Main Push / Monitor Inventory,Low
2026-03-01,SKU00303,Adidas,Tier 1,Lifestyle Apparel,Consignment,Mass,Women,Core Basic,Core,0,1,0.8241911621025597,0.0065315789473684,0.0445657894736842,66180.98,51,8731,135.68421052631578,771.2832894736842,0.23035795123605612,0.7696420487639439,0.0108,0.21955795123605612,High Margin + High Sell-through,Main Push / Monitor Inventory,Low
2026-03-01,SKU00304,Hoka,Tier 1,Outdoor Apparel,Buyout,Premium,Men,Clearance,Seasonal,1,0,0.5168193771582958,0.0208315789473684,0.0259828947368421,1065110.97,144,8283,134.44736842105263,493.3984210526316,0.23379237755411925,0.7662076224458807,0.11270000000000001,0.12109237755411924,High Margin + High Sell-through,Main Push / Monitor Inventory,Low
2026-03-01,SKU00305,New Balance,Tier 3,Training Shoes,Buyout,Premium,Women,Fashion,Seasonal,0,0,0.3470571900439923,0.0099026315789473,0.0061657894736842,1320092.64,75,8208,142.6315789473684,615.4034210526316,0.1955238604806775,0.8044761395193225,0.1296,0.0659238604806775,Low Margin + High Sell-through,Traffic Driver / Control Discount,Medium
2026-03-01,SKU00306,Salomon,Tier 3,Lifestyle Apparel,Buyout,Premium,Men,Clearance,Seasonal,1,0,0.241255525543398,0.0103631578947368,0.0036855263157894,1529332.1,83,8510,131.81578947368422,683.8793421052632,0.19765823987279432,0.8023417601272057,0.1576,0.04005823987279433,Low Margin + High Sell-through,Traffic Driver / Control Discount,Medium
2026-03-01,SKU00307,Adidas,Tier 1,Running Shoes,Consignment,Premium,Women,Fashion,Seasonal,0,1,0.8264689161019013,0.0062828947368421,0.0055552631578947,381307.2,51,8436,146.44736842105263,742.7938157894737,0.2337808927477973,0.7662191072522027,0.0442,0.18958089274779727,High Margin + Low Sell-through,Targeted Marketing / Control Inventory,Medium
2026-03-01,SKU00308,Champion,Tier 3,Lifestyle Apparel,Consignment,Mass,Men,Performance,Seasonal,0,1,0.8496815968320223,0.0011986842105263,0.0013513157894736,125956.74,10,8142,121.42105263157896,940.8026315789474,0.18636683407720764,0.8136331659227923,0.0306,0.15576683407720765,High Margin + Low Sell-through,Targeted Marketing / Control Inventory,Medium
2026-03-01,SKU00309,New Balance,Tier 3,Bags,Buyout,Premium,Unisex,Performance,Seasonal,1,0,0.0970333357067764,0.0042421052631578,0.0005657894736842,1212039.36,29,8152,292.32894736842104,824.4736842105264,0.13310399099527853,0.8668960090047215,0.11600000000000002,0.017103990995278512,Low Margin + Low Sell-through,Clearance / Eliminate,High
2026-03-01,SKU00310,Skechers,Tier 3,Accessories,Buyout,Mass,Men,Clearance,Seasonal,1,0,0.3167245556036026,0.0029631578947368,0.0015157894736842,476705.8,25,8110,131.3684210526316,866.921052631579,0.20822095597405837,0.7917790440259416,0.1466,0.06162095597405837,Low Margin + Low Sell-through,Clearance / Eliminate,High
2026-03-01,SKU00311,Patagonia,Tier 3,Training Shoes,Buyout,Luxury,Men,Core Basic,Core,0,1,0.1951504067604212,0.0003815789473684,9.342105263157896e-05,2033576.75,2,7967,112.55263157894736,987.6184210526316,0.20357658145610472,0.7964234185438953,0.1526,0.0509765814561047,Low Margin + Low Sell-through,Clearance / Eliminate,High
2026-03-01,SKU00312,Reebok Underwear,Tier 2,Lifestyle Apparel,Consignment,Entry,Unisex,Core Basic,Core,0,1,0.8319229900436135,0.0124078947368421,0.0105447368421052,63498.4,85,8120,146.05263157894737,599.4227631578947,0.19829158594149623,0.8017084140585038,0.0496,0.14869158594149623,High Margin + High Sell-through,Main Push / Monitor Inventory,Low
2026-03-01,SKU00313,On Running,Tier 1,Performance Apparel,Consignment,Luxury,Unisex,Performance,Seasonal,0,0,0.8445094059627148,0.0069473684210526,0.0129394736842105,389215.61,44,7721,140.21052631578948,744.9342105263158,0.22786157742980387,0.7721384225701962,0.0246,0.20326157742980386,High Margin + High Sell-through,Main Push / Monitor Inventory,Low
2026-03-01,SKU00314,Cole Haan,Tier 2,Performance Apparel,Consignment,Luxury,Unisex,Core Basic,Core,0,1,0.8275899124574473,0.0036355263157894,0.004628947368421,534647.88,38,10764,205.31578947368425,840.6588157894737,0.1559578680135804,0.8440421319864196,0.0302,0.12575786801358038,High Margin + Low Sell-through,Targeted Marketing / Control Inventory,Medium
2026-03-01,SKU00315,Under Armour,Tier 3,Training Shoes,Buyout,Mass,Kids,Core Basic,Core,0,1,0.4032007695545432,0.0233092105263157,0.0179684210526315,633289.92,175,8324,117.75,446.77723684210525,0.2006307210445435,0.7993692789554565,0.1197,0.08093072104454349,Low Margin + High Sell-through,Traffic Driver / Control Discount,Medium
2026-03-01,SKU00316,Brand A,Tier 2,Lifestyle Apparel,Own Brand,Entry,Unisex,Core Basic,Seasonal,1,0,-0.6253582907790562,0.0424460526315789,-0.0185671052631578,486509.49,362,9423,301.69736842105266,234.0031578947369,0.12932928453071368,0.8706707154692863,0.20369999999999996,-0.07437071546928628,Low Margin + High Sell-through,Traffic Driver / Control Discount,Medium
2026-03-01,SKU00317,On Running,Tier 1,Underwear,Consignment,Entry,Women,Core Basic,Seasonal,1,0,0.8042196007259529,0.0020302631578947,0.0014644736842105,64182.54,13,7914,287.6184210526316,927.1447368421052,0.13519194534049275,0.8648080546595073,0.0355,0.09969194534049275,High Margin + Low Sell-through,Targeted Marketing / Control Inventory,Medium
2026-03-01,SKU00318,Asics,Tier 3,Training Shoes,Buyout,Mass,Unisex,Core Basic,Core,0,1,0.5846789043458628,0.005303947368421,0.0084973684210526,515204.2,35,8035,146.55263157894737,831.1719736842106,0.19654529347593017,0.8034547065240698,0.08530000000000001,0.11124529347593015,High Margin + Low Sell-through,Targeted Marketing / Control Inventory,Medium
2026-03-01,SKU00319,The North Face,Tier 3,Yoga Apparel,Buyout,Premium,Women,Core Basic,Seasonal,1,0,0.4388703924355678,0.0064328947368421,0.0055499999999999,722471.19,49,8057,290.7105263157895,755.2667105263157,0.1312770147929506,0.8687229852070494,0.0694,0.06187701479295059,Low Margin + High Sell-through,Traffic Driver / Control Discount,Medium
2026-03-01,SKU00320,Columbia,Tier 3,Kids Apparel,Consignment,Entry,Women,Performance,Seasonal,0,1,0.840539699821137,0.0021407894736842,0.0075960526315789,32730.25,16,7925,139.96052631578948,902.5131578947368,0.1969058313985456,0.8030941686014544,0.0162,0.1807058313985456,High Margin + Low Sell-through,Targeted Marketing / Control Inventory,Medium
2026-03-01,SKU00321,Skechers,Tier 3,Sportswear,Buyout,Mass,Unisex,Core Basic,Core,0,1,0.5822362939510082,0.0155276315789473,0.0262236842105263,212628.48,115,8128,141.25,573.2184210526316,0.20099192221758452,0.7990080777824154,0.0835,0.11749192221758452,High Margin + High Sell-through,Main Push / Monitor Inventory,Low
2026-03-01,SKU00322,Brand A,Tier 2,Bags,Own Brand,Entry,Women,Performance,Seasonal,0,1,0.2555446646620039,0.00115,0.0003157894736842,475693.66,9,9554,135.85526315789474,945.6315789473684,0.24928555206480185,0.7507144479351981,0.18849999999999997,0.06078555206480188,Low Margin + Low Sell-through,Clearance / Eliminate,High
2026-03-01,SKU00323,The North Face,Tier 3,Bags,Consignment,Premium,Women,Core Basic,Core,0,1,0.8228895339681385,0.0245644736842105,0.0345026315789473,417183.99,165,8137,136.72368421052633,404.5978947368421,0.1966130435002559,0.8033869564997441,0.0367,0.1599130435002559,High Margin + High Sell-through,Main Push / Monitor Inventory,Low
2026-03-01,SKU00324,Fila,Tier 3,Outdoor Apparel,Buyout,Mass,Unisex,Fashion,Seasonal,0,1,0.5049391611981231,0.0051802631578947,0.0058802631578947,407928.4,45,8936,122.21052631578948,815.9667105263158,0.1969096796665835,0.8030903203334165,0.0967,0.10020967966658349,Low Margin + Low Sell-through,Clearance / Eliminate,High
2026-03-01,SKU00325,Under Armour,Tier 3,Lifestyle Apparel,Buyout,Mass,Men,Performance,Seasonal,0,0,0.3948853039380897,0.0193315789473684,0.0145999999999999,721629.81,148,8019,145.28947368421052,454.3235526315789,0.2008142527890196,0.7991857472109805,0.12470000000000002,0.07611425278901958,Low Margin + High Sell-through,Traffic Driver / Control Discount,Medium
2026-03-01,SKU00326,New Balance,Tier 3,Running Shoes,Buyout,Premium,Kids,Core Basic,Seasonal,1,0,0.3663723376106902,0.0090223684210526,0.0058263157894736,507368.84,61,7739,307.6184210526316,710.8351315789474,0.1262847346201508,0.8737152653798492,0.0809,0.0453847346201508,Low Margin + High Sell-through,Traffic Driver / Control Discount,Medium
2026-03-01,SKU00327,Salomon,Tier 3,Accessories,Buyout,Mass,Women,Core Basic,Core,0,1,0.5543573201651335,0.0041513157894736,0.0056736842105263,423742.71,34,8583,142.57894736842104,819.5394736842105,0.20314939879355215,0.7968506012064478,0.0872,0.11594939879355215,High Margin + Low Sell-through,Targeted Marketing / Control Inventory,Medium
2026-03-01,SKU00328,Lululemon,Tier 1,Running Shoes,Consignment,Luxury,Kids,Fashion,Seasonal,0,1,0.8284703046865363,0.0151328947368421,0.0232697368421052,350305.66,104,8227,137.78947368421052,561.5873684210526,0.23209531687917387,0.7679046831208262,0.0266,0.20549531687917388,High Margin + High Sell-through,Main Push / Monitor Inventory,Low
2026-03-01,SKU00329,Columbia,Tier 3,Bags,Consignment,Premium,Men,Fashion,Seasonal,0,1,0.8264206342727699,0.0194842105263157,0.0247618421052631,308405.6,153,8065,152.02631578947367,454.7538157894737,0.1997352954230361,0.8002647045769639,0.0384,0.16133529542303612,High Margin + High Sell-through,Main Push / Monitor Inventory,Low
2026-03-01,SKU00330,Adidas,Tier 1,Kids Apparel,Buyout,Mass,Kids,Core Basic,Seasonal,1,0,-0.0389401120016599,0.0197236842105263,-0.0007197368421052,526306.44,145,8107,292.1842105263158,462.5118421052632,0.12745896943992666,0.8725410305600734,0.1325,-0.005041030560073351,Low Margin + High Sell-through,Traffic Driver / Control Discount,Medium
2026-03-01,SKU00331,Brooks Brothers,Tier 1,Yoga Apparel,Buyout,Mass,Men,Fashion,Seasonal,1,0,0.4359531879516531,0.0017697368421052,0.0017460526315789,301926.24,15,8558,292.7368421052632,934.124605263158,0.12519182807524534,0.8748081719247547,0.0784,0.046791828075245345,Low Margin + Low Sell-through,Clearance / Eliminate,High
2026-03-01,SKU00332,Under Armour,Tier 3,Yoga Apparel,Buyout,Premium,Women,Fashion,Seasonal,0,1,0.4210293366166524,0.0149131578947368,0.0122118421052631,1135561.61,121,8681,136.93421052631578,617.093552631579,0.20166374278050528,0.7983362572194947,0.12090000000000001,0.08076374278050527,Low Margin + High Sell-through,Traffic Driver / Control Discount,Medium
2026-03-01,SKU00333,Brand B,Tier 2,Accessories,Own Brand,Entry,Women,Performance,Seasonal,0,1,0.371775060771184,0.0057605263157894,0.0036960526315789,143350.24,40,8248,140.44736842105263,813.3464473684211,0.25599849252543866,0.7440015074745614,0.1601,0.09589849252543867,Low Margin + Low Sell-through,Clearance / Eliminate,High
2026-03-01,SKU00334,Champion,Tier 3,Outdoor Apparel,Buyout,Premium,Men,Limited,Seasonal,0,1,0.1523407388044374,0.0040065789473684,0.0008223684210526,1646922.6,33,8551,124.51315789473684,826.7894736842105,0.19780257158803172,0.8021974284119683,0.1709,0.02690257158803172,Low Margin + Low Sell-through,Clearance / Eliminate,High
2026-03-01,SKU00335,Adidas,Tier 1,Sportswear,Consignment,Mass,Women,Core Basic,Seasonal,1,0,0.8200753654395626,0.0060263157894736,0.0069815789473684,68213.51,45,8111,314.8421052631579,776.6847368421053,0.1337342436223242,0.8662657563776758,0.027,0.1067342436223242,High Margin + Low Sell-through,Targeted Marketing / Control Inventory,Medium
2026-03-01,SKU00336,Cole Haan,Tier 2,Running Shoes,Buyout,Premium,Women,Fashion,Seasonal,0,0,0.6302511097291618,0.003403947368421,0.0062118421052631,879388.4,33,10519,211.71052631578948,848.3842105263158,0.15683210487740795,0.843167895122592,0.0578,0.09903210487740796,High Margin + Low Sell-through,Targeted Marketing / Control Inventory,Medium
2026-03-01,SKU00337,Brand A,Tier 2,Outdoor Apparel,Own Brand,Luxury,Men,Core Basic,Core,0,1,0.5642547267373534,0.006503947368421,0.0090671052631578,1918047.72,54,9111,135.57894736842104,777.8157894736842,0.25328131338547905,0.746718686614521,0.1138,0.13948131338547903,High Margin + High Sell-through,Main Push / Monitor Inventory,Low
2026-03-01,SKU00338,Brooks Brothers,Tier 1,Basketball Shoes,Buyout,Premium,Women,Core Basic,Core,0,1,0.354199050212514,0.001303947368421,0.0008065789473684,1327154.62,10,8006,151.80263157894737,938.157894736842,0.2316167881676487,0.7683832118323513,0.148,0.0836167881676487,Low Margin + Low Sell-through,Clearance / Eliminate,High
2026-03-01,SKU00339,Brand A,Tier 2,Training Shoes,Own Brand,Mass,Men,Performance,Seasonal,0,1,0.407299369677626,0.0197184210526315,0.0154960526315789,726703.38,168,9126,140.23684210526315,485.7607894736842,0.2522376217240054,0.7477623782759946,0.1473,0.10493762172400539,Low Margin + High Sell-through,Traffic Driver / Control Discount,Medium
2026-03-01,SKU00340,The North Face,Tier 3,Running Shoes,Buyout,Premium,Men,Limited,Seasonal,0,1,0.362289898538702,0.0124355263157894,0.0082881578947368,1693857.1,99,8390,134.03947368421052,628.6338157894737,0.19954021668607577,0.8004597833139242,0.1299,0.06964021668607578,Low Margin + High Sell-through,Traffic Driver / Control Discount,Medium
2026-03-01,SKU00341,Adidas,Tier 1,Basketball Shoes,Consignment,Mass,Unisex,Fashion,Seasonal,0,1,0.8123295234940092,0.0082881578947368,0.0174671052631578,119594.8,60,8440,141.73684210526315,752.3369736842105,0.2309150464004265,0.7690849535995735,0.0255,0.20541504640042652,High Margin + High Sell-through,Main Push / Monitor Inventory,Low
2026-03-01,SKU00342,Champion,Tier 3,Accessories,Buyout,Mass,Women,Performance,Seasonal,0,1,0.3845991449833746,0.0058118421052631,0.0043144736842105,580628.25,44,8115,139.9078947368421,804.1490789473685,0.1944711002146367,0.8055288997853634,0.1141,0.08037110021463671,Low Margin + Low Sell-through,Clearance / Eliminate,High
2026-03-01,SKU00343,Cole Haan,Tier 2,Outdoor Apparel,Buyout,Mass,Men,Clearance,Seasonal,1,0,0.1750257266730772,0.0043355263157894,0.0008802631578947,718230.66,42,10281,203.5,823.2103947368421,0.1586762886195922,0.8413237113804077,0.1152,0.04347628861959221,Low Margin + Low Sell-through,Clearance / Eliminate,High
2026-03-01,SKU00344,Lululemon,Tier 1,Underwear,Consignment,Mass,Men,Limited,Seasonal,0,1,0.8240236225395192,0.0081934210526315,0.0140842105263157,162608.95,52,7595,134.69736842105263,685.456052631579,0.22947008847509862,0.7705299115249014,0.0376,0.19187008847509862,High Margin + High Sell-through,Main Push / Monitor Inventory,Low
2026-03-01,SKU00345,New Balance,Tier 3,Running Shoes,Consignment,Mass,Men,Performance,Seasonal,0,0,0.8268622904348754,0.008378947368421,0.0105960526315789,141712.84,67,7948,143.80263157894737,706.9244736842105,0.1952440688517507,0.8047559311482493,0.029499999999999995,0.1657440688517507,High Margin + High Sell-through,Main Push / Monitor Inventory,Low
2026-03-01,SKU00346,Salomon,Tier 3,Kids Apparel,Buyout,Premium,Men,Core Basic,Core,0,1,0.3801756608057658,0.0141631578947368,0.0103986842105263,1112969.6,107,7984,136.96052631578948,608.9042105263158,0.19620399512346862,0.8037960048765314,0.1212,0.07500399512346861,Low Margin + High Sell-through,Traffic Driver / Control Discount,Medium
2026-03-01,SKU00347,Skechers,Tier 3,Kids Apparel,Buyout,Mass,Men,Fashion,Seasonal,0,1,0.4778232267063769,0.0034013157894736,0.0035131578947368,426456.9,27,8313,145.19736842105263,863.2719736842105,0.20218992814782788,0.7978100718521721,0.099,0.10318992814782788,Low Margin + Low Sell-through,Clearance / Eliminate,High
2026-03-01,SKU00348,Hoka,Tier 1,Outdoor Apparel,Consignment,Premium,Unisex,Performance,Seasonal,0,1,0.8251858254105446,0.0024,0.0044986842105263,367823.52,19,8562,130.10526315789474,897.811447368421,0.23048683242144993,0.76951316757855,0.0346,0.19588683242144994,High Margin + Low Sell-through,Targeted Marketing / Control Inventory,Medium
2026-03-01,SKU00349,Brooks Brothers,Tier 1,Lifestyle Apparel,Buyout,Mass,Men,Performance,Seasonal,0,1,0.5634885257996588,0.0105368421052631,0.0150513157894736,321476.68,70,7924,128.0921052631579,652.0147368421053,0.23514263982109532,0.7648573601789047,0.10040000000000002,0.1347426398210953,High Margin + High Sell-through,Main Push / Monitor Inventory,Low
2026-03-01,SKU00350,Columbia,Tier 3,Accessories,Consignment,Mass,Women,Limited,Seasonal,0,1,0.8276477425262887,0.0104526315789473,0.0134486842105263,185047.74,81,8343,123.15789473684212,612.8702631578948,0.20185839719139875,0.7981416028086012,0.0354,0.16645839719139877,High Margin + High Sell-through,Main Push / Monitor Inventory,Low
2026-03-01,SKU00351,Nike,Tier 1,Kids Apparel,Consignment,Mass,Men,Core Basic,Seasonal,1,0,0.8235331228691766,0.0349144736842105,0.0766723684210526,52241.45,271,8227,310.4736842105263,277.8147368421052,0.12814220046656027,0.8718577995334398,0.0176,0.11054220046656027,High Margin + High Sell-through,Main Push / Monitor Inventory,Low
2026-03-01,SKU00352,Brand B,Tier 2,Accessories,Own Brand,Mass,Women,Core Basic,Seasonal,0,0,0.1464007143419912,0.0010368421052631,0.0001776315789473,1157999.07,10,8907,140.26315789473685,947.2631578947368,0.2714836930788252,0.7285163069211749,0.2176,0.05388369307882521,Low Margin + Low Sell-through,Clearance / Eliminate,High
2026-03-01,SKU00353,On Running,Tier 1,Bags,Consignment,Entry,Kids,Core Basic,Seasonal,0,0,0.8241375298771073,0.0209,0.059303947368421,39107.25,140,8595,137.01315789473685,462.64539473684215,0.23136262298075677,0.7686373770192432,0.0164,0.21496262298075677,High Margin + High Sell-through,Main Push / Monitor Inventory,Low
2026-03-01,SKU00354,Patagonia,Tier 3,Sportswear,Buyout,Mass,Women,Core Basic,Core,0,1,0.0794940898264657,0.0065421052631578,0.0008,975111.84,46,8296,135.43421052631578,795.2721052631579,0.20206448494925489,0.7979355150507451,0.1784,0.023664484949254883,Low Margin + High Sell-through,Traffic Driver / Control Discount,Medium
2026-03-01,SKU00355,Hoka,Tier 1,Yoga Apparel,Consignment,Premium,Men,Fashion,Seasonal,0,1,0.8380477810268346,0.0046236842105263,0.0081394736842105,417822.96,33,8277,129.72368421052633,834.3157894736842,0.22657616759054455,0.7734238324094554,0.0414,0.18517616759054456,High Margin + Low Sell-through,Targeted Marketing / Control Inventory,Medium
2026-03-01,SKU00356,Brand B,Tier 2,Running Shoes,Own Brand,Premium,Women,Limited,Seasonal,0,1,0.2057308000540128,0.0090157894736842,0.0024434210526315,2405649.4,77,9317,138.82894736842104,662.7498684210526,0.25239050351685854,0.7476094964831415,0.1994,0.05299050351685855,Low Margin + High Sell-through,Traffic Driver / Control Discount,Medium
2026-03-01,SKU00357,The North Face,Tier 3,Lifestyle Apparel,Buyout,Mass,Unisex,Performance,Seasonal,1,0,0.4838224377411533,0.0088013157894736,0.0090565789473684,410162.5,77,8635,285.6184210526316,726.0828947368421,0.12803325156902512,0.8719667484309749,0.0655,0.06253325156902512,Low Margin + High Sell-through,Traffic Driver / Control Discount,Medium
2026-03-01,SKU00358,Reebok Underwear,Tier 2,Performance Apparel,Buyout,Premium,Women,Clearance,Seasonal,1,0,0.3869071945386205,0.0036118421052631,0.0027973684210526,1549369.2,28,8146,133.35526315789474,848.4561842105263,0.20277578352643433,0.7972242164735657,0.1232,0.07957578352643432,Low Margin + Low Sell-through,Clearance / Eliminate,High
2026-03-01,SKU00359,Brand B,Tier 2,Basketball Shoes,Own Brand,Mass,Women,Limited,Seasonal,0,1,0.4157093656260415,0.0015210526315789,0.0011486842105263,988072.2,16,10020,130.89473684210526,926.8684210526316,0.260517192862344,0.739482807137656,0.1573,0.10321719286234399,Low Margin + Low Sell-through,Clearance / Eliminate,High
2026-03-01,SKU00360,Salomon,Tier 3,Running Shoes,Buyout,Luxury,Women,Core Basic,Core,0,1,0.1888182210111715,0.0163986842105263,0.0045947368421052,2200782.5,118,8375,132.78947368421052,538.484605263158,0.19793649908547908,0.8020635009145209,0.1635,0.03443649908547908,Low Margin + High Sell-through,Traffic Driver / Control Discount,Medium
2026-03-01,SKU00361,The North Face,Tier 3,Accessories,Buyout,Entry,Men,Fashion,Seasonal,0,1,0.2936155970211697,0.002075,0.0010460526315789,117217.17,18,8331,131.21052631578948,893.171052631579,0.20222320153177523,0.7977767984682248,0.13899999999999998,0.06322320153177524,Low Margin + Low Sell-through,Clearance / Eliminate,High
2026-03-01,SKU00362,Brooks Brothers,Tier 1,Outdoor Apparel,Buyout,Luxury,Women,Core Basic,Seasonal,0,0,0.5257978331728955,0.005078947368421,0.0067736842105263,1697793.21,37,8373,147.07894736842104,853.6298684210527,0.23995030232666706,0.760049697673333,0.1132,0.12675030232666706,High Margin + Low Sell-through,Targeted Marketing / Control Inventory,Medium
2026-03-01,SKU00363,Under Armour,Tier 3,Accessories,Buyout,Mass,Unisex,Fashion,Seasonal,0,1,0.4137493557467391,0.0071763157894736,0.0049513157894736,392003.37,48,7953,115.44736842105264,794.8834210526315,0.19682982885725406,0.8031701711427459,0.1185,0.07832982885725406,Low Margin + High Sell-through,Traffic Driver / Control Discount,Medium
2026-03-01,SKU00364,Brand A,Tier 2,Outdoor Apparel,Own Brand,Premium,Unisex,Performance,Seasonal,0,1,0.5427025424011055,0.0158671052631578,0.022003947368421,1637667.0,124,9420,134.01315789473685,547.2694736842105,0.24923970983171426,0.7507602901682857,0.1147,0.13453970983171426,High Margin + High Sell-through,Main Push / Monitor Inventory,Low
2026-03-01,SKU00365,On Running,Tier 1,Performance Apparel,Consignment,Mass,Kids,Core Basic,Core,0,1,0.83729734501123,0.0044631578947368,0.0115565789473684,88666.0,35,8248,123.46052631578948,866.7236842105264,0.23478811819800002,0.765211881802,0.0168,0.217988118198,High Margin + Low Sell-through,Targeted Marketing / Control Inventory,Medium
2026-03-01,SKU00366,Brand B,Tier 2,Kids Apparel,Own Brand,Mass,Men,Core Basic,Core,0,1,0.3986965673575129,0.0050026315789473,0.0035157894736842,810012.6,34,9270,145.23684210526315,826.1280263157895,0.2490680200545531,0.7509319799454469,0.145,0.10406802005455312,Low Margin + Low Sell-through,Clearance / Eliminate,High
2026-03-01,SKU00367,Adidas,Tier 1,Yoga Apparel,Consignment,Entry,Kids,Performance,Seasonal,0,0,0.8233826600680986,0.0076526315789473,0.0316552631578947,42153.14,56,8201,126.63157894736842,745.9526315789474,0.2336525871203658,0.7663474128796341,0.0177,0.2159525871203658,High Margin + High Sell-through,Main Push / Monitor Inventory,Low
2026-03-01,SKU00368,Puma,Tier 3,Sportswear,Buyout,Mass,Men,Core Basic,Seasonal,0,0,0.4791883071190665,0.0076,0.0080197368421052,703061.7,63,8142,151.1315789473684,722.2952631578947,0.19386025994276063,0.8061397400572394,0.1093,0.08456025994276063,Low Margin + High Sell-through,Traffic Driver / Control Discount,Medium
2026-03-01,SKU00369,Adidas,Tier 1,Bags,Consignment,Entry,Women,Performance,Seasonal,0,1,0.8128239225313695,0.0028434210526315,0.0047368421052631,99097.02,26,8217,137.55263157894737,864.8473684210526,0.22830242854107327,0.7716975714589267,0.0422,0.18610242854107328,High Margin + Low Sell-through,Targeted Marketing / Control Inventory,Medium
2026-03-01,SKU00370,Hoka,Tier 1,Sportswear,Buyout,Mass,Kids,Limited,Seasonal,0,0,0.4939001740726443,0.0026157894736842,0.002875,552927.01,22,8753,148.53947368421052,898.5009210526317,0.23113609709568173,0.7688639029043183,0.11279999999999998,0.11833609709568174,Low Margin + Low Sell-through,Clearance / Eliminate,High
2026-03-01,SKU00371,Brand A,Tier 2,Sportswear,Own Brand,Premium,Unisex,Fashion,Seasonal,0,1,0.253005063373993,0.012478947368421,0.0045447368421052,1759403.8,93,9310,136.6315789473684,604.4684210526316,0.2514243628839476,0.7485756371160524,0.1864,0.06502436288394758,Low Margin + High Sell-through,Traffic Driver / Control Discount,Medium
2026-03-01,SKU00372,Under Armour,Tier 3,Kids Apparel,Consignment,Mass,Unisex,Clearance,Seasonal,1,0,0.8318633733770702,0.0085,0.0127842105263157,221776.0,68,8300,138.75,743.8013157894737,0.19863890534926543,0.8013610946507346,0.0343,0.16433890534926543,High Margin + High Sell-through,Main Push / Monitor Inventory,Low
2026-03-01,SKU00373,New Balance,Tier 3,Outdoor Apparel,Buyout,Premium,Men,Core Basic,Core,0,1,0.2521655538488866,0.0014,0.0006210526315789,1793902.05,10,8355,144.32894736842104,957.8789473684212,0.21169179520796266,0.7883082047920373,0.1526,0.05909179520796265,Low Margin + Low Sell-through,Clearance / Eliminate,High
2026-03-01,SKU00374,Asics,Tier 3,Sportswear,Buyout,Mass,Men,Core Basic,Core,0,1,0.4176817460274167,0.0149171052631578,0.0124013157894736,556150.0,122,9080,121.67105263157896,516.4847368421052,0.1950327945886546,0.8049672054113454,0.1145,0.0805327945886546,Low Margin + High Sell-through,Traffic Driver / Control Discount,Medium
2026-03-01,SKU00375,Salomon,Tier 3,Lifestyle Apparel,Buyout,Entry,Women,Core Basic,Seasonal,0,0,0.2746492166362549,0.0013947368421052,0.0005223684210526,338504.0,11,8075,128.48684210526315,947.1930263157894,0.1980393554100964,0.8019606445899036,0.1402,0.05783935541009641,Low Margin + Low Sell-through,Clearance / Eliminate,High
2026-03-01,SKU00376,Puma,Tier 3,Sportswear,Consignment,Premium,Men,Core Basic,Core,0,1,0.8426124622476553,0.0015815789473684,0.001803947368421,317019.24,11,7793,140.67105263157896,913.407894736842,0.1982891189788059,0.8017108810211941,0.0432,0.1550891189788059,High Margin + Low Sell-through,Targeted Marketing / Control Inventory,Medium
2026-03-01,SKU00377,Reebok Underwear,Tier 2,Kids Apparel,Consignment,Mass,Kids,Fashion,Seasonal,1,0,0.8201893538802438,0.0049078947368421,0.0049381578947368,119113.94,27,8081,290.4736842105263,854.8771052631579,0.1347104471721735,0.8652895528278265,0.0401,0.09461044717217351,High Margin + Low Sell-through,Targeted Marketing / Control Inventory,Medium
2026-03-01,SKU00378,Cole Haan,Tier 2,Sportswear,Buyout,Entry,Women,Core Basic,Seasonal,1,0,-0.0068687718876347,0.0034881578947368,-1.315789473684214e-06,392905.92,35,10264,295.6842105263158,850.4736842105264,0.12792207334715272,0.8720779266528473,0.1296,-0.0016779266528472725,Low Margin + Low Sell-through,Clearance / Eliminate,High
2026-03-01,SKU00379,Brand B,Tier 2,Kids Apparel,Own Brand,Premium,Unisex,Performance,Seasonal,0,1,0.251481505015706,0.0017381578947368,0.0007552631578947,1466666.88,18,9744,136.19736842105263,911.3509210526316,0.2429883637865032,0.7570116362134968,0.1818,0.06118836378650322,Low Margin + Low Sell-through,Clearance / Eliminate,High
2026-03-01,SKU00380,Cole Haan,Tier 2,Performance Apparel,Buyout,Luxury,Kids,Fashion,Seasonal,0,0,0.5696550772507945,0.0032671052631578,0.0051947368421052,1216437.25,24,9751,206.71052631578948,874.2588157894737,0.15731940513662598,0.842680594863374,0.0672,0.09011940513662599,High Margin + Low Sell-through,Targeted Marketing / Control Inventory,Medium
2026-03-01,SKU00381,Columbia,Tier 3,Accessories,Buyout,Entry,Men,Performance,Seasonal,0,1,0.5690231166213698,0.0079710526315789,0.011925,196322.04,57,7929,139.92105263157896,728.1114473684211,0.20423109843081313,0.7957689015691869,0.0841,0.12013109843081314,High Margin + High Sell-through,Main Push / Monitor Inventory,Low
2026-03-01,SKU00382,Fila,Tier 3,Training Shoes,Buyout,Premium,Men,Clearance,Seasonal,1,0,0.2301070079304017,0.0083776315789473,0.0028486842105263,1962241.2,64,8520,130.06578947368422,707.4588157894738,0.1976479056746398,0.8023520943253601,0.15750000000000003,0.04014790567463977,Low Margin + High Sell-through,Traffic Driver / Control Discount,Medium
2026-03-01,SKU00383,Puma,Tier 3,Running Shoes,Buyout,Premium,Women,Performance,Seasonal,0,1,0.5935856916155564,0.0114421052631578,0.0203105263157894,652078.3,77,7814,141.23684210526315,682.7606578947368,0.19755691188207922,0.8024430881179208,0.0806,0.11695691188207921,High Margin + High Sell-through,Main Push / Monitor Inventory,Low
2026-03-01,SKU00384,Fila,Tier 3,Running Shoes,Consignment,Premium,Kids,Performance,Seasonal,0,1,0.8435304047422761,0.0053486842105263,0.015928947368421,114083.1,50,8742,137.6315789473684,808.0667105263158,0.193976194177874,0.806023805822126,0.0137,0.18027619417787402,High Margin + Low Sell-through,Targeted Marketing / Control Inventory,Medium
2026-03-01,SKU00385,Reebok Underwear,Tier 2,Outdoor Apparel,Buyout,Luxury,Men,Clearance,Seasonal,1,0,0.263534533406532,0.0053736842105263,0.0021407894736842,2180707.2,41,8352,133.89473684210526,820.5428947368422,0.19305822658278737,0.8069417734172126,0.1337,0.05935822658278736,Low Margin + Low Sell-through,Clearance / Eliminate,High
2026-03-01,SKU00386,Lululemon,Tier 1,Basketball Shoes,Buyout,Mass,Men,Performance,Seasonal,0,0,0.3537234335092516,0.0083934210526315,0.0049078947368421,782792.64,61,8127,125.98684210526316,724.6485526315789,0.23257380439403658,0.7674261956059634,0.1485,0.08407380439403658,Low Margin + High Sell-through,Traffic Driver / Control Discount,Medium
2026-03-01,SKU00387,Puma,Tier 3,Performance Apparel,Buyout,Premium,Unisex,Performance,Seasonal,0,0,0.1303949945877899,0.0058986842105263,0.0010592105263157,2325312.92,56,8522,143.43421052631578,754.6236842105263,0.20096783262760437,0.7990321673723957,0.1744,0.02656783262760437,Low Margin + Low Sell-through,Clearance / Eliminate,High
2026-03-01,SKU00388,Brand B,Tier 2,Kids Apparel,Own Brand,Entry,Kids,Performance,Seasonal,0,1,0.454398463591496,0.0113,0.0101447368421052,166797.96,83,8958,124.97368421052632,628.9675,0.25105172362154127,0.7489482763784587,0.1439,0.10715172362154127,Low Margin + High Sell-through,Traffic Driver / Control Discount,Medium
2026-03-01,SKU00389,Skechers,Tier 3,Lifestyle Apparel,Buyout,Mass,Men,Fashion,Seasonal,1,0,0.4510667488517288,0.0047315789473684,0.0048723684210526,313731.63,30,8523,303.92105263157896,838.75,0.13408997222782212,0.8659100277721778,0.0725,0.06158997222782213,Low Margin + Low Sell-through,Clearance / Eliminate,High
2026-03-01,SKU00390,Adidas,Tier 1,Yoga Apparel,Buyout,Mass,Women,Core Basic,Seasonal,0,0,0.4639425018170072,0.0025013157894736,0.0024302631578947,539603.02,22,8129,136.4078947368421,890.9736842105264,0.23043361086839348,0.7695663891316065,0.12,0.11043361086839348,Low Margin + Low Sell-through,Clearance / Eliminate,High
2026-03-01,SKU00391,Adidas,Tier 1,Basketball Shoes,Consignment,Mass,Women,Core Basic,Seasonal,0,0,0.8228979347174541,0.0005223684210526,0.0008828947368421,172611.0,5,8100,129.31578947368422,971.671052631579,0.25495135243314804,0.745048647566852,0.0328,0.22215135243314804,High Margin + Low Sell-through,Targeted Marketing / Control Inventory,Medium
2026-03-01,SKU00392,Under Armour,Tier 3,Training Shoes,Consignment,Premium,Unisex,Core Basic,Seasonal,1,0,0.8209031540421258,0.0275065789473684,0.0350881578947368,216184.82,222,8318,308.5394736842105,377.5210526315789,0.12999737246130003,0.8700026275387,0.0308,0.09919737246130003,High Margin + High Sell-through,Main Push / Monitor Inventory,Low
2026-03-01,SKU00393,Brand B,Tier 2,Accessories,Own Brand,Mass,Kids,Core Basic,Core,0,1,0.347924658496549,0.0301236842105263,0.0185513157894736,695508.01,241,9143,130.32894736842104,354.6709210526316,0.25056335116758593,0.749436648832414,0.1661,0.08446335116758594,Low Margin + High Sell-through,Traffic Driver / Control Discount,Medium
2026-03-01,SKU00394,Nike,Tier 1,Outdoor Apparel,Consignment,Luxury,Men,Core Basic,Seasonal,1,0,0.8332577655602681,0.0085052631578947,0.0129131578947368,288806.83,64,8047,288.38157894736844,686.5922368421053,0.12596207215408628,0.8740379278459137,0.0221,0.10386207215408627,High Margin + High Sell-through,Main Push / Monitor Inventory,Low
2026-03-01,SKU00395,Brand B,Tier 2,Kids Apparel,Own Brand,Premium,Men,Core Basic,Seasonal,0,0,0.5011237055352902,0.0086249999999999,0.0094210526315789,974097.04,64,8741,143.69736842105263,709.9202631578947,0.2488718487722747,0.7511281512277252,0.12329999999999999,0.1255718487722747,Low Margin + High Sell-through,Traffic Driver / Control Discount,Medium
2026-03-01,SKU00396,Adidas,Tier 1,Training Shoes,Buyout,Premium,Women,Fashion,Seasonal,0,1,0.3230701390208261,0.016225,0.0091394736842105,1854941.69,128,8227,135.39473684210526,508.6651315789474,0.22618237072960506,0.7738176292703949,0.1498,0.07638237072960508,Low Margin + High Sell-through,Traffic Driver / Control Discount,Medium
2026-03-01,SKU00397,Asics,Tier 3,Underwear,Consignment,Mass,Women,Fashion,Seasonal,0,1,0.8255474452554745,0.0018210526315789,0.0028276315789473,98200.95,11,8287,130.71052631578948,923.8157894736842,0.19283573681838664,0.8071642631816134,0.0334,0.15943573681838663,High Margin + Low Sell-through,Targeted Marketing / Control Inventory,Medium
2026-03-01,SKU00398,Lululemon,Tier 1,Sportswear,Buyout,Premium,Women,Performance,Seasonal,0,1,0.4276186614487204,0.0030381578947368,0.0023131578947368,1307826.0,21,8073,139.94736842105263,874.3552631578947,0.2317107016649799,0.7682892983350201,0.1357,0.09601070166497991,Low Margin + Low Sell-through,Clearance / Eliminate,High
2026-03-01,SKU00399,Asics,Tier 3,Performance Apparel,Consignment,Mass,Women,Core Basic,Core,0,1,0.8209537149588508,0.018225,0.0150486842105263,264592.86,129,8094,138.9078947368421,477.8478947368421,0.2064904251943643,0.7935095748056357,0.0434,0.1630904251943643,High Margin + High Sell-through,Main Push / Monitor Inventory,Low
2026-03-01,SKU00400,Hoka,Tier 1,Sportswear,Buyout,Entry,Women,Core Basic,Core,0,1,0.4916862705841133,0.00655,0.0077947368421052,199920.24,42,8268,145.8815789473684,809.3860526315789,0.23353504557772853,0.7664649544222715,0.1221,0.11143504557772853,Low Margin + High Sell-through,Traffic Driver / Control Discount,Medium
2026-03-01,SKU00401,Reebok Underwear,Tier 2,Yoga Apparel,Buyout,Mass,Women,Fashion,Seasonal,0,1,0.0179646468040979,0.0014855263157894,-1.3157894736842082e-06,744397.88,11,8006,145.73684210526315,934.2456578947368,0.1902501398277054,0.8097498601722946,0.1584,0.031850139827705376,Low Margin + Low Sell-through,Clearance / Eliminate,High
2026-03-01,SKU00402,Puma,Tier 3,Performance Apparel,Buyout,Premium,Kids,Fashion,Seasonal,0,1,0.4485809143109314,0.0079697368421052,0.0076763157894736,1319984.91,60,8189,133.35526315789474,724.6448684210527,0.19646951722194034,0.8035304827780596,0.10890000000000001,0.08756951722194033,Low Margin + High Sell-through,Traffic Driver / Control Discount,Medium
2026-03-01,SKU00403,Nike,Tier 1,Outdoor Apparel,Consignment,Mass,Unisex,Fashion,Seasonal,0,1,0.8202589945270209,0.0023052631578947,0.0063118421052631,131890.68,23,9046,142.6578947368421,894.5263157894736,0.2273121936743315,0.7726878063256685,0.0203,0.2070121936743315,High Margin + Low Sell-through,Targeted Marketing / Control Inventory,Medium
2026-03-01,SKU00404,Lululemon,Tier 1,Accessories,Consignment,Mass,Men,Core Basic,Core,0,1,0.8271658231616552,0.0169657894736842,0.0366513157894736,93799.86,133,8481,129.26315789473685,475.2859210526317,0.2333424555123603,0.7666575444876397,0.0248,0.2085424555123603,High Margin + High Sell-through,Main Push / Monitor Inventory,Low
2026-03-01,SKU00405,Under Armour,Tier 3,Performance Apparel,Consignment,Premium,Men,Core Basic,Seasonal,0,0,0.8259063367580602,0.0070026315789473,0.0129157894736842,366451.62,57,8401,133.1315789473684,760.9690789473684,0.2040827383927772,0.7959172616072228,0.0314,0.1726827383927772,High Margin + High Sell-through,Main Push / Monitor Inventory,Low
2026-03-01,SKU00406,Cole Haan,Tier 2,Running Shoes,Buyout,Premium,Unisex,Fashion,Seasonal,0,1,0.4599392018540866,0.0051236842105263,0.0051157894736842,1245198.24,40,10296,227.23684210526315,816.7306578947369,0.15574068993841153,0.8442593100615885,0.08730000000000002,0.06844068993841151,Low Margin + Low Sell-through,Clearance / Eliminate,High
2026-03-01,SKU00407,Brand B,Tier 2,Performance Apparel,Own Brand,Mass,Men,Core Basic,Core,0,1,0.2108277734664871,0.0057802631578947,0.001778947368421,916039.01,46,9067,134.19736842105263,818.6485526315789,0.25252689952675417,0.7474731004732458,0.19919999999999996,0.05332689952675421,Low Margin + Low Sell-through,Clearance / Eliminate,High
2026-03-01,SKU00408,Brand A,Tier 2,Performance Apparel,Own Brand,Luxury,Men,Clearance,Seasonal,1,0,0.4557293698349662,0.009453947368421,0.0089855263157894,2691542.3,90,9410,133.8815789473684,674.2167105263158,0.2478861177520331,0.7521138822479669,0.1387,0.1091861177520331,Low Margin + High Sell-through,Traffic Driver / Control Discount,Medium
2026-03-01,SKU00409,Puma,Tier 3,Yoga Apparel,Consignment,Premium,Unisex,Core Basic,Seasonal,1,0,0.8378215406542505,0.0065144736842105,0.0083776315789473,193958.68,45,8444,297.4605263157895,798.7667105263157,0.12661691482249354,0.8733830851775064,0.025199999999999997,0.10141691482249354,High Margin + High Sell-through,Main Push / Monitor Inventory,Low
2026-03-01,SKU00410,Brand B,Tier 2,Sportswear,Own Brand,Premium,Unisex,Fashion,Seasonal,0,0,0.3881327667588001,0.0058513157894736,0.0040171052631578,1711286.85,52,9303,133.8684210526316,787.1247368421053,0.2490560409261706,0.7509439590738294,0.1459,0.10315604092617059,Low Margin + Low Sell-through,Clearance / Eliminate,High
2026-03-01,SKU00411,New Balance,Tier 3,Running Shoes,Buyout,Premium,Women,Performance,Seasonal,0,1,0.1104655547040368,0.0104605263157894,0.0014131578947368,2128185.16,74,7762,141.18421052631578,663.6073684210527,0.19715698322512076,0.8028430167748792,0.1732,0.02395698322512077,Low Margin + High Sell-through,Traffic Driver / Control Discount,Medium
2026-03-01,SKU00412,Cole Haan,Tier 2,Training Shoes,Buyout,Premium,Women,Clearance,Seasonal,1,0,0.6673222851810942,0.0174947368421052,0.0384776315789473,586917.54,173,10142,204.6447368421053,456.88,0.15715981808666485,0.8428401819133351,0.0534,0.10375981808666485,High Margin + High Sell-through,Main Push / Monitor Inventory,Low
2026-03-01,SKU00413,The North Face,Tier 3,Training Shoes,Buyout,Premium,Women,Core Basic,Seasonal,1,0,0.0834750244097088,0.0126131578947368,0.0016184210526315,1383974.25,93,8265,290.5,664.8793421052632,0.129724950468528,0.870275049531472,0.1233,0.006424950468527993,Low Margin + High Sell-through,Traffic Driver / Control Discount,Medium
2026-03-01,SKU00414,Cole Haan,Tier 2,Training Shoes,Buyout,Premium,Women,Performance,Seasonal,0,1,0.4751428557902161,0.0049736842105263,0.0050513157894736,1310088.0,41,9690,213.93421052631575,794.311447368421,0.1620122504126564,0.8379877495873436,0.0857,0.07631225041265641,Low Margin + Low Sell-through,Clearance / Eliminate,High
2026-03-01,SKU00415,Brooks Brothers,Tier 1,Kids Apparel,Buyout,Premium,Unisex,Core Basic,Core,0,1,0.6164980394055284,0.0020499999999999,0.0038328947368421,710356.42,17,8023,132.57894736842104,915.7981578947368,0.22608606888012986,0.7739139311198702,0.0875,0.13858606888012986,High Margin + Low Sell-through,Targeted Marketing / Control Inventory,Medium
2026-03-01,SKU00416,Fila,Tier 3,Outdoor Apparel,Consignment,Luxury,Unisex,Performance,Seasonal,0,1,0.8092162837861828,0.0079052631578947,0.0170973684210526,274185.0,59,8124,144.14473684210526,704.135,0.20110413280957962,0.7988958671904204,0.017,0.1841041328095796,High Margin + High Sell-through,Main Push / Monitor Inventory,Low
2026-03-01,SKU00417,Asics,Tier 3,Kids Apparel,Consignment,Mass,Men,Fashion,Seasonal,0,0,0.8291182526707702,0.0095565789473684,0.011025,273331.9,66,7877,132.77631578947367,637.4649999999999,0.2026342122799501,0.79736578772005,0.045,0.15763421227995011,High Margin + High Sell-through,Main Push / Monitor Inventory,Low
2026-03-01,SKU00418,The North Face,Tier 3,Training Shoes,Consignment,Mass,Men,Performance,Seasonal,0,0,0.8123300879374217,0.0038236842105263,0.0058118421052631,233181.52,29,8228,139.01315789473685,845.453552631579,0.20761128086880104,0.7923887191311989,0.0414,0.16621128086880105,High Margin + Low Sell-through,Targeted Marketing / Control Inventory,Medium
2026-03-01,SKU00419,Lululemon,Tier 1,Yoga Apparel,Consignment,Premium,Women,Core Basic,Seasonal,0,0,0.8198683870226156,0.0051302631578947,0.0082631578947368,230083.8,33,7708,131.14473684210526,825.9736842105264,0.2299559062307563,0.7700440937692437,0.0358,0.1941559062307563,High Margin + Low Sell-through,Targeted Marketing / Control Inventory,Medium
2026-03-01,SKU00420,Salomon,Tier 3,Underwear,Buyout,Entry,Men,Core Basic,Seasonal,0,0,0.3686407693852953,0.0056644736842105,0.0033710526315789,201121.47,41,8199,147.9078947368421,802.4026315789473,0.2010562968996139,0.7989437031003861,0.1278,0.07325629689961391,Low Margin + Low Sell-through,Clearance / Eliminate,High
2026-03-01,SKU00421,Cole Haan,Tier 2,Bags,Buyout,Entry,Men,Limited,Seasonal,0,1,0.6007611437821269,0.0030157894736842,0.0053644736842105,176662.08,28,10668,211.26315789473685,873.1447368421053,0.1575334756924799,0.8424665243075201,0.0642,0.09333347569247992,High Margin + Low Sell-through,Targeted Marketing / Control Inventory,Medium
2026-03-01,SKU00422,Nike,Tier 1,Bags,Consignment,Premium,Men,Performance,Seasonal,0,1,0.8295788987610087,0.0042368421052631,0.0144763157894736,142367.43,30,8311,145.97368421052633,853.0473684210526,0.23783860273284863,0.7621613972671514,0.0124,0.22543860273284863,High Margin + Low Sell-through,Targeted Marketing / Control Inventory,Medium
2026-03-01,SKU00423,Salomon,Tier 3,Underwear,Buyout,Mass,Men,Limited,Seasonal,0,0,0.1897500676712081,0.00015,4.473684210526315e-05,709240.4,1,7898,137.3815789473684,990.4342105263158,0.20171673819742486,0.7982832618025751,0.1329,0.06881673819742487,Low Margin + Low Sell-through,Clearance / Eliminate,High
2026-03-01,SKU00424,Asics,Tier 3,Underwear,Buyout,Mass,Unisex,Clearance,Seasonal,1,0,0.3173323163633864,0.0162907894736842,0.0086368421052631,619384.35,124,8315,135.57894736842104,517.305,0.19489584509872934,0.8051041549012706,0.1362,0.058695845098729355,Low Margin + High Sell-through,Traffic Driver / Control Discount,Medium
2026-03-01,SKU00425,New Balance,Tier 3,Lifestyle Apparel,Buyout,Mass,Women,Core Basic,Core,0,1,0.4804067767411563,0.003225,0.0040578947368421,372276.0,21,8100,148.02631578947367,911.9,0.20668153689384622,0.7933184631061538,0.104,0.10268153689384622,Low Margin + Low Sell-through,Clearance / Eliminate,High
2026-03-01,SKU00426,Cole Haan,Tier 2,Lifestyle Apparel,Buyout,Entry,Women,Fashion,Seasonal,0,1,0.4212709116566663,0.0038657894736842,0.0029947368421052,165762.96,33,10182,211.76315789473685,834.5613157894737,0.15922743509552778,0.8407725649044722,0.0832,0.07602743509552778,Low Margin + Low Sell-through,Clearance / Eliminate,High
2026-03-01,SKU00427,Salomon,Tier 3,Kids Apparel,Buyout,Premium,Women,Performance,Seasonal,0,1,0.4988399071925753,0.0004263157894736,0.0005368421052631,655722.72,3,8842,142.52631578947367,983.1842105263158,0.19666447561421369,0.8033355243857863,0.0814,0.11526447561421369,Low Margin + Low Sell-through,Clearance / Eliminate,High
2026-03-01,SKU00428,Asics,Tier 3,Sportswear,Consignment,Mass,Men,Performance,Seasonal,0,0,0.838409775101824,0.0095263157894736,0.0196513157894736,154900.31,68,8497,142.51315789473685,714.6118421052631,0.2015587339370561,0.7984412660629439,0.0314,0.1701587339370561,High Margin + High Sell-through,Main Push / Monitor Inventory,Low
2026-03-01,SKU00429,Patagonia,Tier 3,Training Shoes,Consignment,Premium,Kids,Clearance,Seasonal,1,0,0.8323461341376639,0.0127013157894736,0.0244,175517.44,100,8512,135.81578947368422,592.2832894736842,0.20047938161982162,0.7995206183801784,0.024700000000000003,0.17577938161982162,High Margin + High Sell-through,Main Push / Monitor Inventory,Low
2026-03-01,SKU00430,Brand A,Tier 2,Performance Apparel,Own Brand,Premium,Unisex,Core Basic,Core,0,1,0.2557524889307501,0.0073328947368421,0.0027802631578947,1954871.16,65,9393,130.46052631578948,746.5052631578948,0.25849531489723204,0.741504685102768,0.1979,0.06059531489723205,Low Margin + High Sell-through,Traffic Driver / Control Discount,Medium
2026-03-01,SKU00431,Nike,Tier 1,Training Shoes,Buyout,Premium,Unisex,Core Basic,Core,0,1,0.2611581611607075,0.0073513157894736,0.0031144736842105,2205984.66,58,8819,144.4078947368421,742.521052631579,0.22629262386090526,0.7737073761390947,0.1657,0.060592623860905276,Low Margin + High Sell-through,Traffic Driver / Control Discount,Medium
2026-03-01,SKU00432,Puma,Tier 3,Yoga Apparel,Consignment,Premium,Unisex,Clearance,Seasonal,1,0,0.8174758651378089,0.0046631578947368,0.0039407894736842,459399.28,35,8108,287.64473684210526,806.890394736842,0.1278319116513359,0.8721680883486641,0.0457,0.0821319116513359,High Margin + Low Sell-through,Targeted Marketing / Control Inventory,Medium
2026-03-01,SKU00433,Puma,Tier 3,Yoga Apparel,Buyout,Entry,Kids,Fashion,Seasonal,0,0,0.1471971918261092,0.0132236842105263,0.0024552631578947,378787.76,100,7688,133.1315789473684,589.7063157894737,0.1992583559279502,0.8007416440720498,0.1794,0.019858355927950183,Low Margin + High Sell-through,Traffic Driver / Control Discount,Medium
2026-03-01,SKU00434,Nike,Tier 1,Kids Apparel,Buyout,Mass,Men,Limited,Seasonal,0,1,0.5629793773651617,0.0022342105263157,0.0034960526315789,737970.92,14,8276,132.32894736842104,950.1973684210526,0.24592963252219244,0.7540703674778075,0.1193,0.12662963252219245,High Margin + Low Sell-through,Targeted Marketing / Control Inventory,Medium
2026-03-01,SKU00435,New Balance,Tier 3,Outdoor Apparel,Buyout,Mass,Women,Core Basic,Core,0,1,0.2106058286801946,0.003653947368421,0.0011434210526315,732292.24,26,8026,142.80263157894737,894.3069736842106,0.21118238012208118,0.7888176198779189,0.1608,0.05038238012208118,Low Margin + Low Sell-through,Clearance / Eliminate,High
2026-03-01,SKU00436,Brand A,Tier 2,Outdoor Apparel,Own Brand,Mass,Men,Fashion,Seasonal,0,1,0.5482410869421162,0.0066578947368421,0.0089144736842105,815727.76,46,9329,123.52631578947368,784.0798684210527,0.24868041209327685,0.7513195879067232,0.1164,0.13228041209327684,High Margin + High Sell-through,Main Push / Monitor Inventory,Low
2026-03-01,SKU00437,Salomon,Tier 3,Accessories,Buyout,Mass,Men,Core Basic,Core,0,1,0.5957894736842105,0.0034355263157894,0.0055315789473684,426081.92,24,8348,144.97368421052633,856.0044736842104,0.20260031683039037,0.7973996831696096,0.0833,0.11930031683039037,High Margin + Low Sell-through,Targeted Marketing / Control Inventory,Medium
2026-03-01,SKU00438,Fila,Tier 3,Running Shoes,Buyout,Mass,Women,Core Basic,Core,0,1,0.2983885785604996,0.0138394736842105,0.0066657894736842,621378.5599999999,107,8024,145.44736842105263,537.0636842105263,0.19644129463192536,0.8035587053680746,0.1407,0.05574129463192537,Low Margin + High Sell-through,Traffic Driver / Control Discount,Medium
2026-03-01,SKU00439,On Running,Tier 1,Bags,Buyout,Premium,Men,Fashion,Seasonal,0,1,0.2212698700331209,0.0063710526315789,0.002,2077911.08,48,8596,143.31578947368422,755.4438157894738,0.2252048521693874,0.7747951478306125,0.1767,0.04850485216938741,Low Margin + Low Sell-through,Clearance / Eliminate,High
2026-03-01,SKU00440,New Balance,Tier 3,Basketball Shoes,Buyout,Premium,Men,Core Basic,Core,0,1,0.538016986085346,0.0063776315789473,0.0084684210526315,967887.9,35,7470,144.98684210526315,798.3868421052632,0.19673659286085232,0.8032634071391477,0.0932,0.10353659286085232,High Margin + High Sell-through,Main Push / Monitor Inventory,Low
2026-03-01,SKU00441,Nike,Tier 1,Basketball Shoes,Consignment,Mass,Unisex,Clearance,Seasonal,1,0,0.8293933483884213,0.0093868421052631,0.0420434210526315,50511.0,70,8475,145.1315789473684,720.4286842105263,0.23060293067356238,0.7693970693264376,0.0147,0.2159029306735624,High Margin + High Sell-through,Main Push / Monitor Inventory,Low
2026-03-01,SKU00442,Under Armour,Tier 3,Lifestyle Apparel,Buyout,Mass,Women,Clearance,Seasonal,1,0,0.5502794478098257,0.00585,0.0079723684210526,264419.4,44,8421,134.3815789473684,744.171052631579,0.19623670954664707,0.8037632904533529,0.0896,0.10663670954664707,High Margin + Low Sell-through,Targeted Marketing / Control Inventory,Medium
2026-03-01,SKU00443,Reebok Underwear,Tier 2,Kids Apparel,Consignment,Mass,Men,Fashion,Seasonal,0,1,0.8284516743168419,0.0100263157894736,0.017803947368421,125847.0,73,8532,135.07894736842104,656.7751315789474,0.19438609796895162,0.8056139020310484,0.0269,0.1674860979689516,High Margin + High Sell-through,Main Push / Monitor Inventory,Low
2026-03-01,SKU00444,Skechers,Tier 3,Basketball Shoes,Consignment,Premium,Kids,Fashion,Seasonal,0,1,0.8181930629595102,0.0060828947368421,0.0120671052631578,299383.5,44,8450,127.75,734.0394736842105,0.2007376519476116,0.7992623480523884,0.028399999999999998,0.17233765194761158,High Margin + Low Sell-through,Targeted Marketing / Control Inventory,Medium
2026-03-01,SKU00445,Brand B,Tier 2,Underwear,Own Brand,Mass,Women,Performance,Seasonal,0,1,0.381960821892041,0.0086342105263157,0.0059013157894736,442987.35,73,9285,122.40789473684212,726.858552631579,0.2519859490646915,0.7480140509353085,0.1517,0.10028594906469152,Low Margin + High Sell-through,Traffic Driver / Control Discount,Medium
2026-03-01,SKU00446,Reebok Underwear,Tier 2,Training Shoes,Consignment,Premium,Men,Fashion,Seasonal,1,0,0.8207122487913029,0.0090026315789473,0.017675,148601.09,63,8063,293.75,659.7588157894737,0.1349769712700581,0.8650230287299419,0.015400000000000002,0.11957697127005809,High Margin + High Sell-through,Main Push / Monitor Inventory,Low
2026-03-01,SKU00447,Brand B,Tier 2,Running Shoes,Own Brand,Premium,Unisex,Limited,Seasonal,0,1,0.5221410538937131,0.0089644736842105,0.0103131578947368,1202773.65,77,9393,134.10526315789474,685.2411842105263,0.24802862263934847,0.7519713773606516,0.1223,0.12572862263934848,High Margin + High Sell-through,Main Push / Monitor Inventory,Low
2026-03-01,SKU00448,Nike,Tier 1,Yoga Apparel,Consignment,Premium,Men,Fashion,Seasonal,0,1,0.8103472071610245,0.0020513157894736,0.0076894736842105,108958.45,18,8101,135.17105263157896,897.2543421052632,0.23129903536317653,0.7687009646368235,0.0162,0.21509903536317654,High Margin + Low Sell-through,Targeted Marketing / Control Inventory,Medium
2026-03-01,SKU00449,Puma,Tier 3,Underwear,Buyout,Mass,Kids,Fashion,Seasonal,0,1,0.3891830205287753,0.0106723684210526,0.0075013157894736,357801.6,68,7320,125.38157894736842,648.815,0.2022301021467095,0.7977698978532906,0.1252,0.0770301021467095,Low Margin + High Sell-through,Traffic Driver / Control Discount,Medium
2026-03-01,SKU00450,Adidas,Tier 1,Accessories,Buyout,Mass,Men,Clearance,Seasonal,1,0,0.3687175663732107,0.0151736842105263,0.0106881578947368,701761.28,118,8096,135.72368421052633,574.6463157894738,0.2306688165300815,0.7693311834699185,0.144,0.08666881653008152,Low Margin + High Sell-through,Traffic Driver / Control Discount,Medium
2026-03-01,SKU00451,Brand B,Tier 2,Sportswear,Own Brand,Mass,Women,Core Basic,Seasonal,1,0,0.0346940267694319,0.0072118421052631,0.0005526315789473,670035.0,63,9404,312.32894736842104,711.0305263157894,0.13313098212692046,0.8668690178730796,0.12459999999999999,0.008530982126920467,Low Margin + High Sell-through,Traffic Driver / Control Discount,Medium
2026-03-01,SKU00452,Patagonia,Tier 3,Bags,Consignment,Mass,Men,Fashion,Seasonal,0,0,0.8248511904761904,0.0038842105263157,0.0057684210526315,124027.26,29,8274,133.25,831.75,0.19218665777400212,0.8078133422259979,0.0382,0.1539866577740021,High Margin + Low Sell-through,Targeted Marketing / Control Inventory,Medium
2026-03-01,SKU00453,Under Armour,Tier 3,Accessories,Buyout,Entry,Unisex,Fashion,Seasonal,0,1,0.4502506321252716,0.0060855263157894,0.0058434210526315,100322.55,51,8257,132.85526315789474,771.2573684210525,0.20349308121402657,0.7965069187859735,0.1011,0.10239308121402657,Low Margin + Low Sell-through,Clearance / Eliminate,High
2026-03-01,SKU00454,Adidas,Tier 1,Performance Apparel,Consignment,Premium,Kids,Performance,Seasonal,1,0,0.8313409258162798,0.0110894736842105,0.018178947368421,244383.51,79,7989,284.80263157894734,656.1593421052631,0.1292222172650455,0.8707777827349545,0.0234,0.10582221726504551,High Margin + High Sell-through,Main Push / Monitor Inventory,Low
2026-03-01,SKU00455,Cole Haan,Tier 2,Performance Apparel,Buyout,Luxury,Men,Limited,Seasonal,0,1,0.4311118424071694,0.0077644736842105,0.0066105263157894,2098158.7,65,9911,202.18421052631575,737.3643421052632,0.15967443691841485,0.8403255630815851,0.095,0.06467443691841485,Low Margin + High Sell-through,Traffic Driver / Control Discount,Medium
2026-03-01,SKU00456,Fila,Tier 3,Running Shoes,Buyout,Premium,Women,Performance,Seasonal,1,0,0.5164065366251304,0.0138513157894736,0.0159473684210526,778187.38,97,8146,305.38157894736844,627.3086842105263,0.1323155815201622,0.8676844184798378,0.0637,0.0686155815201622,High Margin + High Sell-through,Main Push / Monitor Inventory,Low
2026-03-01,SKU00457,New Balance,Tier 3,Basketball Shoes,Consignment,Mass,Women,Fashion,Seasonal,0,1,0.8366301024995504,0.0046828947368421,0.0135657894736842,80502.55,32,8555,136.76315789473685,804.6578947368421,0.1903680259512839,0.8096319740487161,0.0174,0.1729680259512839,High Margin + Low Sell-through,Targeted Marketing / Control Inventory,Medium
2026-03-01,SKU00458,The North Face,Tier 3,Lifestyle Apparel,Buyout,Mass,Unisex,Core Basic,Core,0,1,0.4876286121133606,0.0061460526315789,0.0064368421052631,474671.7,40,7935,133.3684210526316,770.9298684210526,0.19296104224986171,0.8070389577501382,0.0951,0.09786104224986171,Low Margin + Low Sell-through,Clearance / Eliminate,High
2026-03-01,SKU00459,Salomon,Tier 3,Performance Apparel,Consignment,Premium,Women,Clearance,Seasonal,1,0,0.8254758104972977,0.0101328947368421,0.014828947368421,431484.06,77,8186,141.57894736842104,632.9461842105263,0.1971778375636631,0.8028221624363369,0.0409,0.15627783756366312,High Margin + High Sell-through,Main Push / Monitor Inventory,Low
2026-03-01,SKU00460,Patagonia,Tier 3,Lifestyle Apparel,Buyout,Premium,Women,Performance,Seasonal,0,1,0.5418001311573197,0.0124131578947368,0.0170736842105263,651757.02,92,7998,129.48684210526315,623.9702631578947,0.201919520354954,0.798080479645046,0.0929,0.109019520354954,High Margin + High Sell-through,Main Push / Monitor Inventory,Low
2026-03-01,SKU00461,Brand A,Tier 2,Outdoor Apparel,Own Brand,Luxury,Men,Performance,Seasonal,0,1,0.4727059066950679,0.011753947368421,0.0122013157894736,2752484.02,99,9139,137.57894736842104,599.4077631578947,0.2521975906832628,0.7478024093167372,0.1341,0.11809759068326281,Low Margin + High Sell-through,Traffic Driver / Control Discount,Medium
2026-03-01,SKU00462,Brand A,Tier 2,Sportswear,Own Brand,Premium,Men,Performance,Seasonal,0,0,0.1923209440820884,0.0109513157894736,0.0027394736842105,1901582.9,91,9170,131.75,631.5763157894737,0.2560061303584901,0.7439938696415098,0.2053,0.050706130358490115,Low Margin + High Sell-through,Traffic Driver / Control Discount,Medium
2026-03-01,SKU00463,Skechers,Tier 3,Basketball Shoes,Consignment,Premium,Men,Core Basic,Core,0,1,0.8254479146838017,0.0136460526315789,0.0481342105263157,189349.04,101,8423,140.28947368421052,600.5481578947368,0.1938587019558095,0.8061412980441904,0.0162,0.17765870195580952,High Margin + High Sell-through,Main Push / Monitor Inventory,Low
2026-03-01,SKU00464,Reebok Underwear,Tier 2,Accessories,Buyout,Mass,Women,Fashion,Seasonal,0,1,0.5847818664924964,0.0085342105263157,0.0140421052631578,304295.4,63,7615,143.97368421052633,711.38,0.20175722911692623,0.7982427708830737,0.0818,0.11995722911692623,High Margin + High Sell-through,Main Push / Monitor Inventory,Low
2026-03-01,SKU00465,Under Armour,Tier 3,Training Shoes,Consignment,Premium,Men,Core Basic,Core,0,1,0.8313404657016992,0.0024526315789473,0.0024855263157894,241443.09,19,7791,134.28947368421052,898.5877631578948,0.19498685315914308,0.8050131468408569,0.0368,0.15818685315914308,High Margin + Low Sell-through,Targeted Marketing / Control Inventory,Medium
2026-03-01,SKU00466,Champion,Tier 3,Accessories,Buyout,Mass,Men,Clearance,Seasonal,1,0,0.3877645259276897,0.0012881578947368,0.0009171052631578,615191.5,11,7975,143.01315789473685,933.1052631578948,0.1910602850539291,0.8089397149460709,0.1189,0.0721602850539291,Low Margin + Low Sell-through,Clearance / Eliminate,High
2026-03-01,SKU00467,Cole Haan,Tier 2,Kids Apparel,Buyout,Mass,Unisex,Core Basic,Core,0,1,0.408628053012796,0.0052723684210526,0.0040684210526315,263637.2,51,9283,206.4078947368421,769.793947368421,0.1572211438366089,0.8427788561633911,0.0922,0.0650211438366089,Low Margin + Low Sell-through,Clearance / Eliminate,High
2026-03-01,SKU00468,Brooks Brothers,Tier 1,Performance Apparel,Buyout,Luxury,Unisex,Limited,Seasonal,0,1,0.3425259025837452,0.0062631578947368,0.0039328947368421,2151177.84,51,8141,133.01315789473685,758.4736842105264,0.22885879773239606,0.771141202267604,0.15130000000000002,0.07755879773239605,Low Margin + Low Sell-through,Clearance / Eliminate,High
2026-03-01,SKU00469,New Balance,Tier 3,Lifestyle Apparel,Consignment,Premium,Men,Core Basic,Core,0,1,0.8201916586376199,0.0026776315789473,0.0038618421052631,338311.29,27,8637,135.64473684210526,887.1307894736842,0.19798608236244997,0.80201391763755,0.0343,0.16368608236244997,High Margin + Low Sell-through,Targeted Marketing / Control Inventory,Medium
2026-03-01,SKU00470,Fila,Tier 3,Bags,Buyout,Premium,Men,Core Basic,Core,0,1,0.0540962407327338,0.0054118421052631,0.0002210526315789,2006824.95,38,7995,130.28947368421052,806.2411842105263,0.1947464118405594,0.8052535881594406,0.1774,0.017346411840559406,Low Margin + Low Sell-through,Clearance / Eliminate,High
2026-03-01,SKU00471,Brooks Brothers,Tier 1,Outdoor Apparel,Buyout,Luxury,Women,Performance,Seasonal,0,0,0.4477489240945406,0.0052407894736842,0.0054236842105263,2029238.34,33,8191,134.6184210526316,834.3853947368422,0.22870474440502472,0.7712952555949752,0.12419999999999999,0.10450474440502473,Low Margin + Low Sell-through,Clearance / Eliminate,High
2026-03-01,SKU00472,Brand A,Tier 2,Performance Apparel,Own Brand,Mass,Women,Performance,Seasonal,1,0,0.1577167558076342,0.038478947368421,0.0077118421052631,382151.98,319,9511,301.63157894736844,219.51394736842107,0.127097279034841,0.872902720965159,0.10560000000000001,0.021497279034840985,Low Margin + High Sell-through,Traffic Driver / Control Discount,Medium
2026-03-01,SKU00473,Puma,Tier 3,Running Shoes,Consignment,Premium,Men,Core Basic,Core,0,1,0.8325128510008918,0.0024644736842105,0.0048986842105263,232309.2,23,8417,122.51315789473684,917.9069736842104,0.20288792701506153,0.7971120729849385,0.0222,0.18068792701506153,High Margin + Low Sell-through,Targeted Marketing / Control Inventory,Medium
2026-03-01,SKU00474,Nike,Tier 1,Running Shoes,Consignment,Mass,Men,Performance,Seasonal,1,0,0.8178514309048219,0.0082210526315789,0.0065776315789473,231037.24,58,8011,295.2763157894737,724.6802631578947,0.12729354666041237,0.8727064533395876,0.0382,0.08909354666041237,High Margin + High Sell-through,Main Push / Monitor Inventory,Low
2026-03-01,SKU00475,Brand A,Tier 2,Basketball Shoes,Own Brand,Premium,Men,Limited,Seasonal,0,1,0.4719994498366182,0.0163328947368421,0.0169868421052631,1839429.9,133,8778,129.80263157894737,577.7460526315789,0.2529975951738951,0.7470024048261049,0.1311,0.12189759517389509,Low Margin + High Sell-through,Traffic Driver / Control Discount,Medium
2026-03-01,SKU00476,New Balance,Tier 3,Training Shoes,Buyout,Mass,Unisex,Core Basic,Core,0,1,0.1532879880288396,0.0114605263157894,0.0024776315789473,899494.4,93,8960,128.3421052631579,629.4763157894737,0.19629143634506585,0.8037085636549341,0.1654,0.03089143634506586,Low Margin + High Sell-through,Traffic Driver / Control Discount,Medium
2026-03-01,SKU00477,Brand B,Tier 2,Accessories,Own Brand,Mass,Unisex,Performance,Seasonal,0,1,0.3513945394304794,0.0157723684210526,0.0095986842105263,743844.34,117,9047,131.6578947368421,576.6455263157894,0.2492168480509608,0.7507831519490392,0.1602,0.0890168480509608,Low Margin + High Sell-through,Traffic Driver / Control Discount,Medium
2026-03-01,SKU00478,Columbia,Tier 3,Basketball Shoes,Buyout,Premium,Women,Core Basic,Seasonal,1,0,0.0717641956928964,0.0012276315789473,8.552631578947368e-05,1613246.25,11,8547,306.0394736842105,953.0306578947368,0.13195059510906032,0.8680494048909397,0.1364,-0.004449404890939673,Low Margin + Low Sell-through,Clearance / Eliminate,High
2026-03-01,SKU00479,Nike,Tier 1,Running Shoes,Buyout,Premium,Unisex,Core Basic,Core,0,1,0.3351196008252424,0.0065618421052631,0.0043144736842105,1324330.05,38,8315,136.51315789473685,811.938552631579,0.22727537264158545,0.7727246273584145,0.1493,0.07797537264158547,Low Margin + High Sell-through,Traffic Driver / Control Discount,Medium
2026-03-01,SKU00480,Adidas,Tier 1,Running Shoes,Consignment,Mass,Unisex,Performance,Seasonal,0,1,0.8280629166256198,0.0184526315789473,0.0488276315789473,70852.2,145,7890,119.5657894736842,470.4369736842105,0.2334457943555715,0.7665542056444286,0.0164,0.2170457943555715,High Margin + High Sell-through,Main Push / Monitor Inventory,Low
2026-03-01,SKU00481,New Balance,Tier 3,Yoga Apparel,Buyout,Premium,Men,Core Basic,Seasonal,0,0,0.3504916051855304,0.0031368421052631,0.0016210526315789,1297244.34,20,8351,139.02631578947367,883.7105263157895,0.19699726860750422,0.8030027313924958,0.1212,0.07579726860750421,Low Margin + Low Sell-through,Clearance / Eliminate,High
2026-03-01,SKU00482,Columbia,Tier 3,Accessories,Consignment,Mass,Men,Core Basic,Core,0,1,0.837738266858882,0.0039013157894736,0.0123065789473684,69255.76,29,7924,125.51315789473684,866.9578947368421,0.2084953530622767,0.7915046469377233,0.0181,0.1903953530622767,High Margin + Low Sell-through,Targeted Marketing / Control Inventory,Medium
2026-03-01,SKU00483,Adidas,Tier 1,Performance Apparel,Buyout,Premium,Women,Core Basic,Seasonal,0,0,0.2873351999093577,0.022153947368421,0.010503947368421,1532583.86,176,8842,126.42105263157896,448.1869736842105,0.2288580321333472,0.7711419678666528,0.1618,0.06705803213334721,Low Margin + High Sell-through,Traffic Driver / Control Discount,Medium
2026-03-01,SKU00484,Brand A,Tier 2,Basketball Shoes,Own Brand,Premium,Women,Performance,Seasonal,1,0,-0.4281373187651519,0.0078565789473684,-0.0026723684210526,2191047.56,75,9659,301.89473684210526,696.4097368421053,0.1303983332466468,0.8696016667533533,0.18030000000000002,-0.049901666753353224,Low Margin + High Sell-through,Traffic Driver / Control Discount,Medium
2026-03-01,SKU00485,Columbia,Tier 3,Yoga Apparel,Consignment,Entry,Women,Core Basic,Seasonal,1,0,0.8745798521079421,0.0010802631578947,0.0022631578947368,49458.36,8,8498,276.9078947368421,960.3684210526316,0.13219725917949074,0.8678027408205092,0.0202,0.11199725917949074,High Margin + Low Sell-through,Targeted Marketing / Control Inventory,Medium
2026-03-01,SKU00486,Lululemon,Tier 1,Yoga Apparel,Buyout,Entry,Women,Limited,Seasonal,0,1,0.270446996440115,0.0009118421052631,0.0003842105263157,437048.54,10,8923,139.76315789473685,955.5526315789474,0.22619093672285162,0.7738090632771484,0.1692,0.05699093672285163,Low Margin + Low Sell-through,Clearance / Eliminate,High
2026-03-01,SKU00487,New Balance,Tier 3,Outdoor Apparel,Consignment,Luxury,Unisex,Core Basic,Core,0,1,0.8227203524343235,0.0056078947368421,0.0066710526315789,464512.9,39,7729,135.23684210526315,826.8082894736842,0.19808776793920596,0.8019122320607941,0.029,0.16908776793920596,High Margin + Low Sell-through,Targeted Marketing / Control Inventory,Medium
2026-03-01,SKU00488,Adidas,Tier 1,Yoga Apparel,Consignment,Mass,Women,Core Basic,Core,0,1,0.8397363411654403,0.0084842105263157,0.0095894736842105,166879.44,75,8424,137.98684210526315,684.6764473684211,0.23025359531824027,0.7697464046817597,0.0492,0.18105359531824028,High Margin + High Sell-through,Main Push / Monitor Inventory,Low
2026-03-01,SKU00489,Puma,Tier 3,Accessories,Buyout,Mass,Unisex,Fashion,Seasonal,0,1,0.1313529097704218,0.0031171052631578,0.0005723684210526,650086.42,26,8311,136.14473684210526,841.4253947368421,0.20427912824811398,0.795720871751886,0.1639,0.04037912824811399,Low Margin + Low Sell-through,Clearance / Eliminate,High
2026-03-01,SKU00490,Columbia,Tier 3,Running Shoes,Buyout,Premium,Women,Performance,Seasonal,0,0,0.432216957589821,0.0014605263157894,0.0014736842105263,757227.4,9,7780,140.8421052631579,942.3509210526316,0.21093550316774073,0.7890644968322593,0.10749999999999998,0.10343550316774075,Low Margin + Low Sell-through,Clearance / Eliminate,High
2026-03-01,SKU00491,Adidas,Tier 1,Accessories,Consignment,Mass,Men,Performance,Seasonal,0,1,0.8250580046403712,0.0071407894736842,0.0152223684210526,88471.6,52,8315,132.26315789473685,734.9561842105263,0.23367001049606825,0.7663299895039317,0.0233,0.21037001049606824,High Margin + High Sell-through,Main Push / Monitor Inventory,Low
2026-03-01,SKU00492,Lululemon,Tier 1,Kids Apparel,Buyout,Entry,Women,Fashion,Seasonal,0,1,0.3333807121029067,0.003203947368421,0.0017960526315789,186450.95,28,7951,140.44736842105263,880.4543421052631,0.23103733389246478,0.7689626661075353,0.1577,0.07333733389246477,Low Margin + Low Sell-through,Clearance / Eliminate,High
2026-03-01,SKU00493,New Balance,Tier 3,Performance Apparel,Buyout,Luxury,Unisex,Core Basic,Core,0,1,0.4314926976849313,0.0204907894736842,0.0182605263157894,1814222.08,158,7664,130.3421052631579,494.5492105263158,0.19722547363055404,0.8027745263694459,0.1117,0.08552547363055404,Low Margin + High Sell-through,Traffic Driver / Control Discount,Medium
2026-03-01,SKU00494,Hoka,Tier 1,Lifestyle Apparel,Buyout,Mass,Women,Performance,Seasonal,0,1,0.4336000854506255,0.0030421052631578,0.0028184210526315,706837.48,23,8068,132.02631578947367,885.2368421052631,0.23224389501536924,0.7677561049846308,0.1195,0.11274389501536924,Low Margin + Low Sell-through,Clearance / Eliminate,High
2026-03-01,SKU00495,Nike,Tier 1,Underwear,Consignment,Mass,Women,Fashion,Seasonal,0,1,0.8339638167293341,0.0050947368421052,0.0063315789473684,124811.28,44,8343,135.77631578947367,815.4763157894737,0.22790268184893336,0.7720973181510666,0.0403,0.18760268184893336,High Margin + Low Sell-through,Targeted Marketing / Control Inventory,Medium
2026-03-01,SKU00496,Cole Haan,Tier 2,Performance Apparel,Buyout,Mass,Women,Clearance,Seasonal,1,0,0.320585795678601,0.0052118421052631,0.0024565789473684,609165.44,37,9022,220.01315789473685,804.3885526315789,0.1575559991941244,0.8424440008058756,0.1098,0.04775599919412442,Low Margin + Low Sell-through,Clearance / Eliminate,High
2026-03-01,SKU00497,Columbia,Tier 3,Lifestyle Apparel,Buyout,Mass,Men,Clearance,Seasonal,1,0,0.5155188087095797,0.0045026315789473,0.0052394736842105,322959.15,32,7695,134.1184210526316,836.7018421052632,0.19773280800083856,0.8022671919991614,0.0906,0.10713280800083856,High Margin + Low Sell-through,Targeted Marketing / Control Inventory,Medium
2026-03-01,SKU00498,Brooks Brothers,Tier 1,Performance Apparel,Buyout,Mass,Unisex,Performance,Seasonal,0,1,0.4162511421485445,0.0023065789473684,0.0019355263157894,411234.44,18,8276,134.69736842105263,893.9122368421052,0.23943485585093022,0.7605651441490697,0.1358,0.10363485585093021,Low Margin + Low Sell-through,Clearance / Eliminate,High
2026-03-01,SKU00499,New Balance,Tier 3,Kids Apparel,Buyout,Mass,Unisex,Core Basic,Seasonal,0,0,0.2548644644388346,0.0172434210526315,0.0064236842105263,380827.0,122,8315,134.39473684210526,485.9271052631579,0.1988955295844788,0.8011044704155212,0.1436,0.05529552958447878,Low Margin + High Sell-through,Traffic Driver / Control Discount,Medium
2026-03-01,SKU00500,Hoka,Tier 1,Kids Apparel,Consignment,Mass,Unisex,Core Basic,Core,0,1,0.8264955571232669,0.0252578947368421,0.0285434210526315,229902.09,182,7733,131.19736842105263,406.68618421052633,0.22911153675232998,0.77088846324767,0.0481,0.18101153675232998,High Margin + High Sell-through,Main Push / Monitor Inventory,Low
2026-04-01,SKU00001,Reebok Underwear,Tier 2,Basketball Shoes,Buyout,Mass,Men,Fashion,Seasonal,1,0,0.598244515287503,0.0038960526315789,0.0063407894736842,250070.0,29,8500,296.9078947368421,813.2105263157895,0.12851473041218492,0.871485269587815,0.0508,0.07771473041218492,High Margin + Low Sell-through,Targeted Marketing / Control Inventory,Medium
2026-04-01,SKU00002,Hoka,Tier 1,Bags,Consignment,Premium,Men,Clearance,Seasonal,1,0,0.8234586645232354,0.0020131578947368,0.0098973684210526,182492.31,15,7931,135.8684210526316,923.8640789473684,0.22502543479292242,0.7749745652070776,0.0165,0.2085254347929224,High Margin + Low Sell-through,Targeted Marketing / Control Inventory,Medium
2026-04-01,SKU00003,Fila,Tier 3,Bags,Buyout,Premium,Men,Core Basic,Core,0,1,0.458121588762158,0.0047973684210526,0.0048368421052631,1141120.05,37,8519,144.47368421052633,831.2788157894737,0.19331278062087176,0.8066872193791282,0.1016,0.09171278062087176,Low Margin + Low Sell-through,Clearance / Eliminate,High
2026-04-01,SKU00004,Puma,Tier 3,Accessories,Consignment,Mass,Men,Clearance,Seasonal,1,0,0.8237772920013696,0.0051631578947368,0.0040999999999999,212048.16,34,8578,128.5921052631579,837.2938157894737,0.20506077799022698,0.7949392220097731,0.0456,0.15946077799022698,High Margin + Low Sell-through,Targeted Marketing / Control Inventory,Medium
2026-04-01,SKU00005,Nike,Tier 1,Performance Apparel,Buyout,Premium,Women,Performance,Seasonal,0,0,0.2326278764048935,0.0011842105263157,0.0003776315789473,2137474.17,13,8577,143.0921052631579,940.6315789473684,0.2264816394273991,0.7735183605726009,0.1697,0.05678163942739911,Low Margin + Low Sell-through,Clearance / Eliminate,High
2026-04-01,SKU00006,Asics,Tier 3,Sportswear,Consignment,Entry,Women,Performance,Seasonal,0,1,0.8121788841450177,0.0060723684210526,0.0125894736842105,24920.47,43,8623,129.72368421052633,789.2455263157896,0.19437499533662134,0.8056250046633786,0.0192,0.17517499533662134,High Margin + Low Sell-through,Targeted Marketing / Control Inventory,Medium
2026-04-01,SKU00007,On Running,Tier 1,Outdoor Apparel,Buyout,Premium,Women,Fashion,Seasonal,0,1,0.6539470626210458,0.0036855263157894,0.0082592105263157,773093.3,29,8365,131.51315789473685,821.7631578947369,0.23164640476998724,0.7683535952300128,0.0812,0.15044640476998725,High Margin + Low Sell-through,Targeted Marketing / Control Inventory,Medium
2026-04-01,SKU00008,Brooks Brothers,Tier 1,Yoga Apparel,Consignment,Mass,Women,Fashion,Seasonal,0,1,0.8286965361586242,0.017603947368421,0.0184078947368421,118926.22,130,7939,149.30263157894737,522.3952631578948,0.23178182788437682,0.7682181721156232,0.0443,0.1874818278843768,High Margin + High Sell-through,Main Push / Monitor Inventory,Low
2026-04-01,SKU00009,Reebok Underwear,Tier 2,Accessories,Consignment,Mass,Men,Clearance,Seasonal,1,0,0.8153728822015838,0.0055631578947368,0.0073644736842105,174623.35,48,8581,117.26315789473684,773.3007894736842,0.2066095523933016,0.7933904476066984,0.0461,0.16050955239330159,High Margin + Low Sell-through,Targeted Marketing / Control Inventory,Medium
2026-04-01,SKU00010,Fila,Tier 3,Kids Apparel,Consignment,Mass,Women,Fashion,Seasonal,0,1,0.8364268321023332,0.0039421052631578,0.0047092105263157,169604.11,37,8359,127.22368421052632,868.8119736842106,0.1883574194971574,0.8116425805028427,0.0343,0.1540574194971574,High Margin + Low Sell-through,Targeted Marketing / Control Inventory,Medium
2026-04-01,SKU00011,Champion,Tier 3,Kids Apparel,Buyout,Premium,Men,Core Basic,Core,0,1,0.0869832261259159,0.0060157894736842,0.0006447368421052,1427020.8,47,8744,137.71052631578948,812.7817105263158,0.19541328319184956,0.8045867168081504,0.17550000000000002,0.01991328319184954,Low Margin + Low Sell-through,Clearance / Eliminate,High
2026-04-01,SKU00012,Under Armour,Tier 3,Yoga Apparel,Buyout,Mass,Women,Core Basic,Seasonal,0,0,0.340347038274022,0.004178947368421,0.002278947368421,467274.9,31,8430,129.07894736842104,824.3465789473684,0.19881205591775714,0.8011879440822429,0.1281,0.07071205591775714,Low Margin + Low Sell-through,Clearance / Eliminate,High
2026-04-01,SKU00013,Reebok Underwear,Tier 2,Outdoor Apparel,Consignment,Luxury,Men,Performance,Seasonal,1,0,0.8249800892741384,0.0111763157894736,0.0052802631578947,889600.14,78,8151,296.82894736842104,616.0561842105262,0.1284051326682052,0.8715948673317948,0.0481,0.08030513266820519,High Margin + High Sell-through,Main Push / Monitor Inventory,Low
2026-04-01,SKU00014,On Running,Tier 1,Underwear,Consignment,Entry,Women,Core Basic,Seasonal,1,0,0.8155427440018634,0.0064868421052631,0.0054078947368421,55816.74,57,8574,294.2368421052632,739.0218421052632,0.1309636129444104,0.8690363870555896,0.0334,0.09756361294441039,High Margin + High Sell-through,Main Push / Monitor Inventory,Low
2026-04-01,SKU00015,Brand B,Tier 2,Sportswear,Own Brand,Premium,Men,Performance,Seasonal,0,0,0.4907046089658363,0.0261763157894736,0.0285092105263157,1350009.36,184,8703,138.56578947368422,434.1171052631579,0.2558333893204743,0.7441666106795257,0.1317,0.12413338932047427,Low Margin + High Sell-through,Traffic Driver / Control Discount,Medium
2026-04-01,SKU00016,Cole Haan,Tier 2,Underwear,Buyout,Mass,Kids,Fashion,Seasonal,0,1,0.5345407102737607,0.0027447368421052,0.0037052631578947,310081.84,21,10312,217.46052631578948,894.7675,0.15922013843979782,0.8407798615602022,0.072,0.08722013843979783,High Margin + Low Sell-through,Targeted Marketing / Control Inventory,Medium
2026-04-01,SKU00017,Lululemon,Tier 1,Sportswear,Consignment,Entry,Men,Core Basic,Seasonal,0,0,0.8363082847626977,0.0019592105263157,0.0029486842105263,120196.5,17,8825,135.8815789473684,907.9184210526316,0.222328058559145,0.777671941440855,0.04809999999999999,0.17422805855914503,High Margin + Low Sell-through,Targeted Marketing / Control Inventory,Medium
2026-04-01,SKU00018,Adidas,Tier 1,Training Shoes,Consignment,Premium,Kids,Core Basic,Core,0,1,0.8299937299056817,0.0038157894736842,0.0061394736842105,246269.15,27,7957,134.8421052631579,851.1763157894737,0.2290579273153251,0.770942072684675,0.026,0.2030579273153251,High Margin + Low Sell-through,Targeted Marketing / Control Inventory,Medium
2026-04-01,SKU00019,Brand A,Tier 2,Bags,Own Brand,Entry,Unisex,Fashion,Seasonal,0,1,0.2646450517060499,0.0054013157894736,0.0019263157894736,451734.01,42,8593,135.64473684210526,792.7456578947368,0.25719423277427517,0.7428057672257249,0.1953,0.061894232774275165,Low Margin + Low Sell-through,Clearance / Eliminate,High
2026-04-01,SKU00020,Salomon,Tier 3,Kids Apparel,Consignment,Mass,Women,Performance,Seasonal,0,0,0.8207766675083872,0.0081578947368421,0.010928947368421,103409.81,61,7973,136.82894736842104,740.9682894736842,0.19131637751762304,0.808683622482377,0.0283,0.16301637751762305,High Margin + High Sell-through,Main Push / Monitor Inventory,Low
2026-04-01,SKU00021,The North Face,Tier 3,Outdoor Apparel,Buyout,Premium,Unisex,Clearance,Seasonal,1,0,0.3931748399604801,0.0082776315789473,0.0060223684210526,861206.58,68,8559,297.5394736842105,712.4797368421052,0.13108655523758775,0.8689134447624123,0.0808,0.05028655523758775,Low Margin + High Sell-through,Traffic Driver / Control Discount,Medium
2026-04-01,SKU00022,Reebok Underwear,Tier 2,Outdoor Apparel,Buyout,Luxury,Unisex,Fashion,Seasonal,0,1,0.078721768242885,0.00955,0.0011592105263157,2271564.68,75,8029,127.57894736842104,710.0671052631578,0.19783450829982552,0.8021654917001745,0.1748,0.023034508299825507,Low Margin + High Sell-through,Traffic Driver / Control Discount,Medium
2026-04-01,SKU00023,Brand A,Tier 2,Outdoor Apparel,Own Brand,Premium,Men,Performance,Seasonal,0,1,0.4085975427629605,0.0089197368421052,0.0068684210526315,2304808.74,76,9711,133.81578947368422,673.6034210526316,0.25051546731868857,0.7494845326813114,0.149,0.10151546731868857,Low Margin + High Sell-through,Traffic Driver / Control Discount,Medium
2026-04-01,SKU00024,Nike,Tier 1,Lifestyle Apparel,Consignment,Premium,Men,Clearance,Seasonal,1,0,0.8399780412381518,0.0103736842105263,0.0132631578947368,178230.15,72,8631,300.67105263157896,699.6715789473684,0.12917425211208403,0.870825747887916,0.0199,0.10927425211208402,High Margin + High Sell-through,Main Push / Monitor Inventory,Low
2026-04-01,SKU00025,Under Armour,Tier 3,Performance Apparel,Consignment,Luxury,Kids,Fashion,Seasonal,0,1,0.8193872708077061,0.0082434210526315,0.0189157894736842,378229.5,66,8490,156.0,710.7972368421052,0.20070076037995002,0.79929923962005,0.0202,0.18050076037995003,High Margin + High Sell-through,Main Push / Monitor Inventory,Low
2026-04-01,SKU00026,Brand A,Tier 2,Performance Apparel,Own Brand,Premium,Women,Core Basic,Seasonal,1,0,-0.6035182980262953,0.0049657894736842,-0.0021460526315789,2307072.0,45,9600,303.5657894736842,812.9289473684211,0.12601437674924343,0.8739856232507566,0.2025,-0.07648562325075658,Low Margin + Low Sell-through,Clearance / Eliminate,High
2026-04-01,SKU00027,Brand A,Tier 2,Performance Apparel,Own Brand,Luxury,Unisex,Performance,Seasonal,1,0,-0.5155218716628336,0.0042328947368421,-0.0016131578947368,3448653.6,28,9170,295.1842105263158,850.6315789473684,0.12803795806339052,0.8719620419366094,0.1894,-0.06136204193660949,Low Margin + Low Sell-through,Clearance / Eliminate,High
2026-04-01,SKU00028,Asics,Tier 3,Outdoor Apparel,Buyout,Premium,Men,Limited,Seasonal,0,1,0.2407469074314306,0.0036828947368421,0.0012776315789473,1464723.0,29,8100,137.01315789473685,872.1903947368421,0.2042507807323295,0.7957492192676705,0.1616,0.0426507807323295,Low Margin + Low Sell-through,Clearance / Eliminate,High
2026-04-01,SKU00029,Adidas,Tier 1,Bags,Consignment,Mass,Women,Core Basic,Seasonal,1,0,0.8277794629573458,0.0070894736842105,0.0128710526315789,111996.29,52,8491,307.64473684210526,719.0832894736842,0.1331025875264238,0.8668974124735762,0.0177,0.1154025875264238,High Margin + High Sell-through,Main Push / Monitor Inventory,Low
2026-04-01,SKU00030,Cole Haan,Tier 2,Basketball Shoes,Consignment,Premium,Women,Clearance,Seasonal,1,0,0.870776656428258,6.31578947368421e-05,5e-05,548002.46,1,10033,211.76315789473685,996.8026315789474,0.15879706465442384,0.8412029353455761,0.0433,0.11549706465442383,High Margin + Low Sell-through,Targeted Marketing / Control Inventory,Medium
2026-04-01,SKU00031,Brand B,Tier 2,Running Shoes,Own Brand,Mass,Women,Fashion,Seasonal,0,1,0.144266374418211,0.0074315789473684,0.0014013157894736,1037301.44,61,9136,135.78947368421052,773.3743421052632,0.25359256799957464,0.7464074320004254,0.2172,0.03639256799957463,Low Margin + High Sell-through,Traffic Driver / Control Discount,Medium
2026-04-01,SKU00032,Cole Haan,Tier 2,Bags,Consignment,Mass,Unisex,Core Basic,Core,0,1,0.8297082372283726,0.0097315789473684,0.0097105263157894,333544.2,88,10670,219.96052631578948,638.7727631578948,0.15663720192582167,0.8433627980741784,0.04,0.11663720192582167,High Margin + High Sell-through,Main Push / Monitor Inventory,Low
2026-04-01,SKU00033,Lululemon,Tier 1,Outdoor Apparel,Consignment,Mass,Unisex,Limited,Seasonal,0,1,0.8175406467507127,0.0115407894736842,0.0179302631578947,105472.5,90,8575,134.4078947368421,604.8088157894737,0.23119821548743602,0.768801784512564,0.040999999999999995,0.19019821548743604,High Margin + High Sell-through,Main Push / Monitor Inventory,Low
2026-04-01,SKU00034,Lululemon,Tier 1,Yoga Apparel,Consignment,Mass,Unisex,Core Basic,Core,0,1,0.7501527183872937,7.368421052631579e-05,0.0001605263157894,92071.21,1,7679,130.98684210526315,995.2236842105264,0.21595879651218836,0.7840412034878117,0.0203,0.19565879651218837,High Margin + Low Sell-through,Targeted Marketing / Control Inventory,Medium
2026-04-01,SKU00035,Reebok Underwear,Tier 2,Performance Apparel,Buyout,Mass,Kids,Fashion,Seasonal,0,0,0.1682302422100232,0.0047578947368421,0.0012671052631578,885105.4400000001,35,8369,131.85526315789474,827.9034210526316,0.19347142917391294,0.8065285708260871,0.1623,0.03117142917391294,Low Margin + Low Sell-through,Clearance / Eliminate,High
2026-04-01,SKU00036,Brand A,Tier 2,Performance Apparel,Own Brand,Luxury,Men,Limited,Seasonal,0,1,0.4919565516293139,0.0051421052631578,0.0057460526315789,2294484.15,39,8871,133.85526315789474,852.3482894736842,0.24897577403304658,0.7510242259669534,0.1265,0.12247577403304657,Low Margin + Low Sell-through,Clearance / Eliminate,High
2026-04-01,SKU00037,Reebok Underwear,Tier 2,Yoga Apparel,Buyout,Premium,Unisex,Core Basic,Core,0,1,0.4996923824172266,0.0047802631578947,0.005128947368421,721152.72,35,8168,136.3421052631579,839.0017105263157,0.2065606813797299,0.7934393186202701,0.106,0.10056068137972991,Low Margin + Low Sell-through,Clearance / Eliminate,High
2026-04-01,SKU00038,Lululemon,Tier 1,Training Shoes,Consignment,Premium,Women,Fashion,Seasonal,0,0,0.8124886603950847,0.0178381578947368,0.1272197368421052,109461.0,138,8525,134.89473684210526,499.455,0.23072758606019625,0.7692724139398037,0.01,0.22072758606019624,High Margin + High Sell-through,Main Push / Monitor Inventory,Low
2026-04-01,SKU00039,Brand B,Tier 2,Yoga Apparel,Own Brand,Mass,Men,Core Basic,Core,0,1,0.5165208122966454,0.0029644736842105,0.0032973684210526,448005.3,22,9530,128.75,874.5131578947369,0.25651307910494797,0.7434869208950521,0.1235,0.13301307910494797,High Margin + Low Sell-through,Targeted Marketing / Control Inventory,Medium
2026-04-01,SKU00040,Adidas,Tier 1,Accessories,Consignment,Mass,Men,Core Basic,Seasonal,0,0,0.8261300049505693,0.0144355263157894,0.0364631578947368,62942.22,97,8217,127.67105263157896,602.3447368421052,0.23608074371905338,0.7639192562809466,0.0243,0.2117807437190534,High Margin + High Sell-through,Main Push / Monitor Inventory,Low
2026-04-01,SKU00041,Adidas,Tier 1,Yoga Apparel,Consignment,Premium,Men,Performance,Seasonal,0,1,0.8379861637587577,0.0080565789473684,0.0137565789473684,421027.0,65,8735,130.32894736842104,689.3122368421053,0.2293979670987369,0.7706020329012631,0.0428,0.18659796709873688,High Margin + High Sell-through,Main Push / Monitor Inventory,Low
2026-04-01,SKU00042,Cole Haan,Tier 2,Performance Apparel,Consignment,Premium,Women,Core Basic,Core,0,1,0.8254011727065619,0.0042592105263157,0.0027157894736842,657750.3,34,10391,210.73684210526315,846.109605263158,0.1539672621190503,0.8460327378809497,0.04880000000000001,0.10516726211905028,High Margin + Low Sell-through,Targeted Marketing / Control Inventory,Medium
2026-04-01,SKU00043,Brand A,Tier 2,Running Shoes,Own Brand,Premium,Kids,Fashion,Seasonal,0,1,0.4117925157406725,0.0057302631578947,0.0044434210526315,1277315.58,45,9726,137.46052631578948,809.0981578947368,0.2603140573976267,0.7396859426023733,0.1518,0.1085140573976267,Low Margin + Low Sell-through,Clearance / Eliminate,High
2026-04-01,SKU00044,On Running,Tier 1,Sportswear,Buyout,Mass,Men,Core Basic,Core,0,1,0.5086560496061932,0.0098184210526315,0.011403947368421,734896.8,63,8248,133.17105263157896,689.859605263158,0.229362228660585,0.770637771339415,0.11459999999999998,0.11476222866058503,High Margin + High Sell-through,Main Push / Monitor Inventory,Low
2026-04-01,SKU00045,On Running,Tier 1,Kids Apparel,Consignment,Premium,Kids,Core Basic,Seasonal,1,0,0.8119048473691497,0.00995,0.0067960526315789,312887.2,71,8420,315.4605263157895,680.8375,0.12568763965677973,0.8743123603432202,0.0339,0.09178763965677973,High Margin + High Sell-through,Main Push / Monitor Inventory,Low
2026-04-01,SKU00046,Nike,Tier 1,Performance Apparel,Consignment,Mass,Men,Fashion,Seasonal,0,1,0.8207240948813982,0.0008934210526315,0.001203947368421,122002.72,7,7861,133.9078947368421,952.9342105263158,0.22835477854153646,0.7716452214584635,0.0441,0.18425477854153646,High Margin + Low Sell-through,Targeted Marketing / Control Inventory,Medium
2026-04-01,SKU00047,On Running,Tier 1,Running Shoes,Consignment,Premium,Unisex,Fashion,Seasonal,0,1,0.8230753448486056,0.0034723684210526,0.00825,373120.16,30,8434,121.77631578947368,839.6578947368421,0.2254299180912187,0.7745700819087813,0.0315,0.1939299180912187,High Margin + Low Sell-through,Targeted Marketing / Control Inventory,Medium
2026-04-01,SKU00048,Adidas,Tier 1,Sportswear,Consignment,Mass,Women,Core Basic,Seasonal,1,0,0.8272811332213534,0.0101197368421052,0.0086328947368421,222515.4,75,8220,308.9605263157895,651.7182894736842,0.1283501555282969,0.8716498444717031,0.0343,0.0940501555282969,High Margin + High Sell-through,Main Push / Monitor Inventory,Low
2026-04-01,SKU00049,Asics,Tier 3,Bags,Buyout,Premium,Unisex,Fashion,Seasonal,0,1,0.1970152556672798,0.0026105263157894,0.0009013157894736,1147309.0,21,8300,131.47368421052633,905.2815789473684,0.1927884626295591,0.8072115373704409,0.149,0.0437884626295591,Low Margin + Low Sell-through,Clearance / Eliminate,High
2026-04-01,SKU00050,Lululemon,Tier 1,Performance Apparel,Consignment,Mass,Unisex,Limited,Seasonal,0,1,0.8235117529421855,0.0134381578947368,0.0536210526315789,83519.52,113,8904,143.21052631578948,552.041052631579,0.23318446953712968,0.7668155304628703,0.0139,0.21928446953712968,High Margin + High Sell-through,Main Push / Monitor Inventory,Low
2026-04-01,SKU00051,Salomon,Tier 3,Sportswear,Buyout,Entry,Men,Core Basic,Core,0,1,0.0326955424726661,0.0007960526315789,1.4473684210526317e-05,251616.68,6,8204,134.52631578947367,952.0263157894736,0.18915312973792506,0.8108468702620749,0.1794,0.009753129737925054,Low Margin + Low Sell-through,Clearance / Eliminate,High
2026-04-01,SKU00052,Brand B,Tier 2,Kids Apparel,Own Brand,Entry,Women,Fashion,Seasonal,0,0,0.1509640317321763,0.0042460526315789,0.0008276315789473,493395.0,31,9250,125.9342105263158,826.328947368421,0.24247177569753373,0.7575282243024662,0.2002,0.04227177569753374,Low Margin + Low Sell-through,Clearance / Eliminate,High
2026-04-01,SKU00053,Nike,Tier 1,Basketball Shoes,Consignment,Mass,Unisex,Clearance,Seasonal,1,0,0.8206829460514488,0.0098118421052631,0.0142144736842105,271843.16,85,8674,128.52631578947367,685.4390789473684,0.23027938853283705,0.769720611467163,0.0486,0.18167938853283705,High Margin + High Sell-through,Main Push / Monitor Inventory,Low
2026-04-01,SKU00054,Adidas,Tier 1,Performance Apparel,Consignment,Premium,Women,Core Basic,Seasonal,1,0,0.8143264945680077,0.0027657894736842,0.0016934210526315,548423.04,21,8096,308.75,889.1035526315789,0.12804403350673527,0.8719559664932648,0.04889999999999999,0.07914403350673527,High Margin + Low Sell-through,Targeted Marketing / Control Inventory,Medium
2026-04-01,SKU00055,Adidas,Tier 1,Underwear,Consignment,Mass,Kids,Clearance,Seasonal,1,0,0.825255416342855,0.0029144736842105,0.0117407894736842,62670.0,17,8356,125.5,895.7061842105263,0.22763178806696496,0.7723682119330351,0.0114,0.21623178806696497,High Margin + Low Sell-through,Targeted Marketing / Control Inventory,Medium
2026-04-01,SKU00056,New Balance,Tier 3,Underwear,Buyout,Entry,Women,Performance,Seasonal,0,1,0.2605559742695388,0.0063552631578947,0.0023447368421052,160162.5,45,8542,139.48684210526315,755.8639473684211,0.19591177126828802,0.8040882287317119,0.1369,0.05901177126828802,Low Margin + Low Sell-through,Clearance / Eliminate,High
2026-04-01,SKU00057,Brand A,Tier 2,Accessories,Own Brand,Mass,Kids,Core Basic,Seasonal,0,0,0.5036860157952687,0.0121263157894736,0.0136434210526315,358065.36,112,9153,150.3421052631579,564.7018421052632,0.25587895362705265,0.7441210463729473,0.1271,0.12877895362705266,Low Margin + High Sell-through,Traffic Driver / Control Discount,Medium
2026-04-01,SKU00058,Skechers,Tier 3,Basketball Shoes,Consignment,Premium,Men,Fashion,Seasonal,0,1,0.8134072061333952,0.0042013157894736,0.0062776315789473,325213.96,32,8677,132.67105263157896,839.3246052631579,0.19783313594134305,0.802166864058657,0.0389,0.15893313594134306,High Margin + Low Sell-through,Targeted Marketing / Control Inventory,Medium
2026-04-01,SKU00059,Columbia,Tier 3,Outdoor Apparel,Buyout,Premium,Men,Fashion,Seasonal,0,1,0.5914847905258469,0.0054868421052631,0.0083855263157894,926370.48,43,8516,139.8421052631579,803.1027631578947,0.19913541703118268,0.8008645829688174,0.0867,0.11243541703118268,High Margin + Low Sell-through,Targeted Marketing / Control Inventory,Medium
2026-04-01,SKU00060,Brand A,Tier 2,Outdoor Apparel,Own Brand,Mass,Women,Core Basic,Core,0,1,0.3601514260511614,0.0009736842105263,0.0006407894736842,703050.03,7,9423,135.64473684210526,967.75,0.2593854172676126,0.7406145827323873,0.1778,0.08158541726761259,Low Margin + Low Sell-through,Clearance / Eliminate,High
2026-04-01,SKU00061,Brooks Brothers,Tier 1,Kids Apparel,Consignment,Mass,Women,Core Basic,Core,0,1,0.834569231923704,0.0052921052631578,0.0081697368421052,204181.12,37,8536,132.07894736842104,811.7806578947369,0.23669437859837403,0.7633056214016259,0.0425,0.19419437859837402,High Margin + Low Sell-through,Targeted Marketing / Control Inventory,Medium
2026-04-01,SKU00062,Salomon,Tier 3,Training Shoes,Consignment,Mass,Men,Performance,Seasonal,0,0,0.8363801178425744,0.0006921052631578,0.0004736842105263,280254.08,5,7712,127.89473684210526,976.4956578947368,0.20485241988905578,0.7951475801109442,0.04820000000000001,0.15665241988905576,High Margin + Low Sell-through,Targeted Marketing / Control Inventory,Medium
2026-04-01,SKU00063,Puma,Tier 3,Kids Apparel,Buyout,Mass,Women,Performance,Seasonal,0,1,0.4374121119684452,0.0152184210526315,0.0139263157894736,275815.26,116,8253,132.48684210526315,577.2198684210526,0.1999783224489915,0.8000216775510085,0.1108,0.0891783224489915,Low Margin + High Sell-through,Traffic Driver / Control Discount,Medium
2026-04-01,SKU00064,Reebok Underwear,Tier 2,Training Shoes,Buyout,Premium,Women,Core Basic,Core,0,1,0.4028508340238388,0.0028986842105263,0.0021,1330664.94,23,7821,116.67105263157896,853.2456578947368,0.19755927725004208,0.8024407227499579,0.1161,0.08145927725004208,Low Margin + Low Sell-through,Clearance / Eliminate,High
2026-04-01,SKU00065,Asics,Tier 3,Sportswear,Buyout,Mass,Kids,Clearance,Seasonal,1,0,0.490490996199111,0.003378947368421,0.003553947368421,431875.98,30,8622,133.92105263157896,870.8543421052631,0.2018834505486063,0.7981165494513938,0.1036,0.0982834505486063,Low Margin + Low Sell-through,Clearance / Eliminate,High
2026-04-01,SKU00066,Hoka,Tier 1,Yoga Apparel,Buyout,Premium,Women,Fashion,Seasonal,0,1,0.6196554969109284,0.0043763157894736,0.0078434210526315,735964.32,31,7917,142.96052631578948,840.8421052631579,0.23240057026162678,0.7675994297383733,0.0881,0.1443005702616268,High Margin + Low Sell-through,Targeted Marketing / Control Inventory,Medium
2026-04-01,SKU00067,Cole Haan,Tier 2,Performance Apparel,Buyout,Luxury,Unisex,Performance,Seasonal,1,0,-0.0948533955805739,0.009178947368421,-0.0008092105263157,2778806.3,78,10565,314.5657894736842,682.3721052631579,0.12795669016232053,0.8720433098376794,0.1395,-0.011543309837679483,Low Margin + High Sell-through,Traffic Driver / Control Discount,Medium
2026-04-01,SKU00068,Brand B,Tier 2,Yoga Apparel,Own Brand,Mass,Men,Performance,Seasonal,0,1,0.5304817387602254,0.0048513157894736,0.0062368421052631,890084.58,46,9471,141.82894736842104,774.7569736842105,0.2561367795922748,0.7438632204077251,0.1204,0.13573677959227481,High Margin + Low Sell-through,Targeted Marketing / Control Inventory,Medium
2026-04-01,SKU00069,Under Armour,Tier 3,Bags,Consignment,Mass,Men,Fashion,Seasonal,1,0,0.8411432567977891,0.0069723684210526,0.0162434210526315,71262.24,53,8016,312.32894736842104,748.3078947368422,0.12594442842094702,0.874055571579053,0.015599999999999998,0.11034442842094702,High Margin + High Sell-through,Main Push / Monitor Inventory,Low
2026-04-01,SKU00070,Columbia,Tier 3,Bags,Consignment,Premium,Women,Fashion,Seasonal,0,1,0.8434403812455987,0.0038578947368421,0.003353947368421,485252.98,24,8737,141.78947368421052,890.3789473684211,0.21463401438080829,0.7853659856191917,0.0434,0.1712340143808083,High Margin + Low Sell-through,Targeted Marketing / Control Inventory,Medium
2026-04-01,SKU00071,Cole Haan,Tier 2,Kids Apparel,Buyout,Premium,Women,Performance,Seasonal,0,1,0.5810864614355561,0.0159552631578947,0.0255315789473684,690614.4,137,10277,219.0921052631579,506.7886842105264,0.15732978963254712,0.8426702103674528,0.067,0.09032978963254712,High Margin + High Sell-through,Main Push / Monitor Inventory,Low
2026-04-01,SKU00072,Brand B,Tier 2,Training Shoes,Own Brand,Premium,Unisex,Core Basic,Seasonal,1,0,-0.058863973747949,0.0063934210526315,-0.0004486842105263,1065218.64,51,8908,304.7236842105263,780.793947368421,0.12814946801194027,0.8718505319880597,0.1295,-0.0013505319880597333,Low Margin + High Sell-through,Traffic Driver / Control Discount,Medium
2026-04-01,SKU00073,The North Face,Tier 3,Basketball Shoes,Consignment,Premium,Men,Limited,Seasonal,0,1,0.867635009310987,0.0001868421052631,0.0003697368421052,286922.36,2,8804,132.6315789473684,987.3947368421052,0.19063181517817368,0.8093681848218264,0.0206,0.17003181517817367,High Margin + Low Sell-through,Targeted Marketing / Control Inventory,Medium
2026-04-01,SKU00074,Champion,Tier 3,Outdoor Apparel,Buyout,Premium,Unisex,Limited,Seasonal,0,1,0.5102781793614348,0.0046973684210526,0.0054552631578947,1352784.01,39,8483,134.5921052631579,818.9543421052631,0.20427369924778466,0.7957263007522153,0.1011,0.10317369924778466,High Margin + Low Sell-through,Targeted Marketing / Control Inventory,Medium
2026-04-01,SKU00075,Skechers,Tier 3,Training Shoes,Consignment,Mass,Unisex,Performance,Seasonal,0,1,0.846296795851692,0.0024210526315789,0.0025013157894736,213128.7,23,7923,133.05263157894737,906.907894736842,0.2069504327505111,0.7930495672494889,0.0475,0.15945043275051107,High Margin + Low Sell-through,Targeted Marketing / Control Inventory,Medium
2026-04-01,SKU00076,Asics,Tier 3,Yoga Apparel,Buyout,Mass,Unisex,Performance,Seasonal,0,1,0.3286950383512597,0.0120513157894736,0.006725,793520.0,93,8000,130.71052631578948,677.7280263157895,0.19949293580236485,0.8005070641976352,0.1383,0.061192935802364845,Low Margin + High Sell-through,Traffic Driver / Control Discount,Medium
2026-04-01,SKU00077,Lululemon,Tier 1,Kids Apparel,Buyout,Premium,Women,Core Basic,Core,0,1,0.2776181266702186,0.0029065789473684,0.0012460526315789,1805217.88,24,8387,132.8815789473684,880.938552631579,0.22988523065200478,0.7701147693479953,0.1718,0.05808523065200477,Low Margin + Low Sell-through,Clearance / Eliminate,High
2026-04-01,SKU00078,Champion,Tier 3,Accessories,Buyout,Mass,Men,Performance,Seasonal,0,1,0.0480855001820787,0.0038499999999999,0.0001460526315789,836976.0,28,8225,133.85526315789474,837.2411842105263,0.19484900328066182,0.8051509967193382,0.178,0.01684900328066183,Low Margin + Low Sell-through,Clearance / Eliminate,High
2026-04-01,SKU00079,Cole Haan,Tier 2,Performance Apparel,Buyout,Luxury,Women,Clearance,Seasonal,1,0,0.4120882670859819,0.0116815789473684,0.009903947368421,1659890.16,91,10184,229.0394736842105,660.8017105263158,0.15481803245172288,0.8451819675482771,0.0946,0.06021803245172287,Low Margin + High Sell-through,Traffic Driver / Control Discount,Medium
2026-04-01,SKU00080,Nike,Tier 1,Sportswear,Consignment,Premium,Unisex,Clearance,Seasonal,1,0,0.8276342856460431,0.0121368421052631,0.016125,446823.52,93,8606,131.32894736842104,656.9642105263158,0.22885370567120014,0.7711462943287999,0.0454,0.18345370567120015,High Margin + High Sell-through,Main Push / Monitor Inventory,Low
2026-04-01,SKU00081,Reebok Underwear,Tier 2,Training Shoes,Consignment,Premium,Unisex,Core Basic,Core,0,1,0.8195255408762014,0.0114276315789473,0.0168342105263157,247477.0,90,8114,135.9078947368421,624.0507894736842,0.2030639994399355,0.7969360005600645,0.028,0.1750639994399355,High Margin + High Sell-through,Main Push / Monitor Inventory,Low
2026-04-01,SKU00082,Brand B,Tier 2,Basketball Shoes,Own Brand,Premium,Men,Core Basic,Core,0,1,0.5364436233961248,0.0025447368421052,0.0034381578947368,1782761.09,24,9277,140.03947368421052,873.9298684210526,0.26582520996647047,0.7341747900335296,0.1203,0.14552520996647045,High Margin + Low Sell-through,Targeted Marketing / Control Inventory,Medium
2026-04-01,SKU00083,Adidas,Tier 1,Underwear,Consignment,Mass,Unisex,Core Basic,Core,0,1,0.8266129253229139,0.0124105263157894,0.0167499999999999,228621.15,100,8955,123.34210526315788,591.0435526315789,0.23231559041902342,0.7676844095809766,0.0453,0.1870155904190234,High Margin + High Sell-through,Main Push / Monitor Inventory,Low
2026-04-01,SKU00084,Cole Haan,Tier 2,Kids Apparel,Buyout,Mass,Unisex,Core Basic,Seasonal,1,0,0.3761020446445319,0.0154618421052631,0.0103921052631578,332134.36,142,9986,295.0394736842105,519.6873684210526,0.13149209502794773,0.8685079049720523,0.0797,0.05179209502794774,Low Margin + High Sell-through,Traffic Driver / Control Discount,Medium
2026-04-01,SKU00085,Brooks Brothers,Tier 1,Accessories,Buyout,Mass,Women,Performance,Seasonal,0,1,0.3921723141581297,0.0034315789473684,0.0024131578947368,494809.74,26,8298,133.53947368421052,843.828947368421,0.2254704825467784,0.7745295174532216,0.1354,0.09007048254677841,Low Margin + Low Sell-through,Clearance / Eliminate,High
2026-04-01,SKU00086,Brooks Brothers,Tier 1,Accessories,Buyout,Mass,Unisex,Performance,Seasonal,0,0,0.561792159303049,0.0014473684210526,0.0020552631578947,291820.48,9,8288,140.1184210526316,934.0657894736842,0.2315829671783159,0.7684170328216842,0.1022,0.12938296717831588,High Margin + Low Sell-through,Targeted Marketing / Control Inventory,Medium
2026-04-01,SKU00087,The North Face,Tier 3,Underwear,Consignment,Mass,Men,Fashion,Seasonal,0,1,0.82235095077228,0.0061947368421052,0.0120447368421052,168343.2,44,8240,130.82894736842104,779.3894736842105,0.1973801811683973,0.8026198188316027,0.0312,0.1661801811683973,High Margin + Low Sell-through,Targeted Marketing / Control Inventory,Medium
2026-04-01,SKU00088,The North Face,Tier 3,Performance Apparel,Buyout,Mass,Women,Fashion,Seasonal,0,1,0.5540929893044098,0.0047092105263157,0.0066631578947368,494079.95,41,8353,130.23684210526315,791.4526315789474,0.19641348024024374,0.8035865197597563,0.0895,0.10691348024024375,High Margin + Low Sell-through,Targeted Marketing / Control Inventory,Medium
2026-04-01,SKU00089,Puma,Tier 3,Training Shoes,Buyout,Premium,Unisex,Performance,Seasonal,0,1,0.2696474136425404,0.0072368421052631,0.0030710526315789,1399949.9,49,8002,130.25,738.4823684210527,0.19859975628669546,0.8014002437133045,0.1442,0.054399756286695466,Low Margin + High Sell-through,Traffic Driver / Control Discount,Medium
2026-04-01,SKU00090,Cole Haan,Tier 2,Sportswear,Buyout,Mass,Kids,Limited,Seasonal,0,1,0.525967533827374,0.0044407894736842,0.0053092105263157,330422.19,41,9653,203.48684210526315,797.8026315789474,0.157880151934424,0.842119848065576,0.0737,0.084180151934424,High Margin + Low Sell-through,Targeted Marketing / Control Inventory,Medium
2026-04-01,SKU00091,Brand B,Tier 2,Outdoor Apparel,Own Brand,Premium,Kids,Core Basic,Seasonal,1,0,-0.0266962731195276,0.0090973684210526,-0.0004697368421052,1687668.75,77,9125,292.0131578947368,705.5367105263158,0.13084080459161576,0.8691591954083843,0.1364,-0.005559195408384232,Low Margin + High Sell-through,Traffic Driver / Control Discount,Medium
2026-04-01,SKU00092,Skechers,Tier 3,Accessories,Buyout,Mass,Women,Limited,Seasonal,0,1,0.3105710841304973,0.0048223684210526,0.002425,391456.33,38,8053,135.82894736842104,812.4780263157895,0.1910279208162533,0.8089720791837467,0.1208,0.0702279208162533,Low Margin + Low Sell-through,Clearance / Eliminate,High
2026-04-01,SKU00093,Columbia,Tier 3,Running Shoes,Consignment,Premium,Men,Core Basic,Seasonal,0,0,0.8343750198156459,0.0106276315789473,0.025803947368421,204802.65,72,8079,136.06578947368422,683.4956578947368,0.19708969616491195,0.802910303835088,0.0227,0.17438969616491196,High Margin + High Sell-through,Main Push / Monitor Inventory,Low
2026-04-01,SKU00094,Cole Haan,Tier 2,Training Shoes,Buyout,Premium,Unisex,Fashion,Seasonal,0,1,0.6519054658205943,0.0018434210526315,0.0037118421052631,579009.15,21,10495,197.71052631578948,896.3859210526316,0.1627347036740763,0.8372652963259237,0.0565,0.10623470367407631,High Margin + Low Sell-through,Targeted Marketing / Control Inventory,Medium
2026-04-01,SKU00095,Puma,Tier 3,Lifestyle Apparel,Consignment,Premium,Women,Fashion,Seasonal,0,1,0.8331936147893908,0.0072407894736842,0.0067921052631578,394826.94,50,8397,130.3421052631579,781.9921052631579,0.19998805642057776,0.8000119435794222,0.0481,0.15188805642057776,High Margin + High Sell-through,Main Push / Monitor Inventory,Low
2026-04-01,SKU00096,Reebok Underwear,Tier 2,Sportswear,Buyout,Premium,Unisex,Core Basic,Core,0,1,0.160920972754355,0.0173618421052631,0.0043486842105263,1151661.78,120,8277,138.1315789473684,518.9614473684211,0.19637229878883503,0.803627701211165,0.1577,0.03867229878883502,Low Margin + High Sell-through,Traffic Driver / Control Discount,Medium
2026-04-01,SKU00097,Nike,Tier 1,Lifestyle Apparel,Consignment,Mass,Kids,Core Basic,Seasonal,0,0,0.8241436776265441,0.0164434210526315,0.0184592105263157,225905.2,133,8570,127.77631578947368,544.2798684210526,0.23394167138645167,0.7660583286135483,0.043,0.19094167138645168,High Margin + High Sell-through,Main Push / Monitor Inventory,Low
2026-04-01,SKU00098,Reebok Underwear,Tier 2,Bags,Consignment,Premium,Women,Performance,Seasonal,0,1,0.8289577196479282,0.0086302631578947,0.0404565789473684,164867.9,59,8062,130.6578947368421,728.3772368421053,0.20678677826768294,0.7932132217323171,0.0131,0.19368677826768294,High Margin + High Sell-through,Main Push / Monitor Inventory,Low
2026-04-01,SKU00099,Adidas,Tier 1,Bags,Buyout,Premium,Unisex,Fashion,Seasonal,0,1,0.4816131838299256,0.00235,0.0024697368421052,795841.2,17,8316,133.07894736842104,889.171052631579,0.22541217595186322,0.7745878240481368,0.1112,0.11421217595186323,Low Margin + Low Sell-through,Clearance / Eliminate,High
2026-04-01,SKU00100,Brand B,Tier 2,Underwear,Own Brand,Entry,Men,Performance,Seasonal,1,0,-0.1084953364140203,0.0337644736842105,-0.00335,305893.74,267,9222,312.4868421052632,302.8711842105263,0.12973278318105905,0.8702672168189409,0.1454,-0.015667216818940954,Low Margin + High Sell-through,Traffic Driver / Control Discount,Medium
2026-04-01,SKU00101,Brand B,Tier 2,Underwear,Own Brand,Entry,Women,Limited,Seasonal,0,1,0.4293565459484134,0.0087802631578947,0.0076223684210526,195724.4,59,9146,129.27631578947367,705.2193421052631,0.2529450560577746,0.7470549439422254,0.1408,0.11214505605777461,Low Margin + High Sell-through,Traffic Driver / Control Discount,Medium
2026-04-01,SKU00102,Lululemon,Tier 1,Outdoor Apparel,Consignment,Luxury,Men,Core Basic,Core,0,1,0.823367314851932,0.0231815789473684,0.0917842105263157,265162.59,188,8217,148.85526315789474,389.61013157894735,0.23055853041818164,0.7694414695818184,0.014600000000000002,0.21595853041818164,High Margin + High Sell-through,Main Push / Monitor Inventory,Low
2026-04-01,SKU00103,Puma,Tier 3,Basketball Shoes,Buyout,Premium,Women,Core Basic,Core,0,1,0.5311073456670002,0.0091671052631578,0.012228947368421,759156.2,68,8468,128.14473684210526,711.0876315789474,0.19354033838522888,0.8064596616147711,0.0832,0.11034033838522889,High Margin + High Sell-through,Main Push / Monitor Inventory,Low
2026-04-01,SKU00104,The North Face,Tier 3,Outdoor Apparel,Consignment,Premium,Women,Clearance,Seasonal,1,0,0.79237317461416,0.0003526315789473,0.0003868421052631,315256.22,3,8858,128.30263157894737,982.1052631578948,0.19231781203777448,0.8076821879622256,0.0337,0.15861781203777447,High Margin + Low Sell-through,Targeted Marketing / Control Inventory,Medium
2026-04-01,SKU00105,Nike,Tier 1,Performance Apparel,Buyout,Premium,Kids,Core Basic,Core,0,1,0.3885726987083917,0.0179592105263157,0.0132460526315789,984286.62,130,7911,137.92105263157896,513.9313157894736,0.22981414689314333,0.7701858531068566,0.1432,0.08661414689314334,Low Margin + High Sell-through,Traffic Driver / Control Discount,Medium
2026-04-01,SKU00106,Skechers,Tier 3,Training Shoes,Buyout,Premium,Kids,Clearance,Seasonal,1,0,0.3837933707592663,0.0148368421052631,0.0102657894736842,653015.98,106,8357,305.7763157894737,593.4456578947369,0.13181275512076357,0.8681872448792365,0.0791,0.052712755120763566,Low Margin + High Sell-through,Traffic Driver / Control Discount,Medium
2026-04-01,SKU00107,New Balance,Tier 3,Kids Apparel,Buyout,Mass,Men,Core Basic,Seasonal,1,0,0.2560648456228402,0.009675,0.0037078947368421,500821.6,78,8420,299.6578947368421,695.0294736842105,0.12835744123213308,0.8716425587678669,0.0952,0.03315744123213307,Low Margin + High Sell-through,Traffic Driver / Control Discount,Medium
2026-04-01,SKU00108,Brand A,Tier 2,Lifestyle Apparel,Own Brand,Mass,Men,Core Basic,Seasonal,1,0,0.0531701982792415,0.0016605263157894,0.0001368421052631,852636.2,10,9290,303.3157894736842,942.8947368421052,0.1293389256253447,0.8706610743746553,0.1224,0.006938925625344691,Low Margin + Low Sell-through,Clearance / Eliminate,High
2026-04-01,SKU00109,Brooks Brothers,Tier 1,Sportswear,Buyout,Mass,Unisex,Core Basic,Core,0,1,0.4319716617116832,0.0084894736842105,0.0074328947368421,541722.89,66,7963,131.53947368421052,696.5513157894737,0.23440364579927056,0.7655963542007295,0.1266,0.10780364579927057,Low Margin + High Sell-through,Traffic Driver / Control Discount,Medium
2026-04-01,SKU00110,Nike,Tier 1,Underwear,Consignment,Entry,Women,Core Basic,Core,0,1,0.8122521152829191,0.0086184210526315,0.0390842105263157,29711.88,65,8052,148.07894736842104,701.8885526315789,0.2285822313580807,0.7714177686419192,0.0152,0.2133822313580807,High Margin + High Sell-through,Main Push / Monitor Inventory,Low
2026-04-01,SKU00111,Puma,Tier 3,Training Shoes,Buyout,Mass,Men,Core Basic,Core,0,1,0.5712730084486636,0.024778947368421,0.0380513157894736,423256.19,185,8249,137.9078947368421,412.9182894736842,0.19186904182797093,0.8081309581720291,0.08139999999999999,0.11046904182797095,High Margin + High Sell-through,Main Push / Monitor Inventory,Low
2026-04-01,SKU00112,Nike,Tier 1,Sportswear,Consignment,Mass,Men,Clearance,Seasonal,1,0,0.836240992230599,0.0150815789473684,0.0268697368421052,118772.28,119,8811,140.30263157894737,501.10355263157896,0.22880587130836263,0.7711941286916374,0.0236,0.20520587130836263,High Margin + High Sell-through,Main Push / Monitor Inventory,Low
2026-04-01,SKU00113,Patagonia,Tier 3,Kids Apparel,Buyout,Premium,Women,Clearance,Seasonal,1,0,0.1481818266972848,0.0173973684210526,0.0035105263157894,1437685.2,139,8452,133.96052631578948,545.501447368421,0.1976116166011486,0.8023883833988514,0.1644,0.0332116166011486,Low Margin + High Sell-through,Traffic Driver / Control Discount,Medium
2026-04-01,SKU00114,Adidas,Tier 1,Performance Apparel,Buyout,Mass,Unisex,Core Basic,Core,0,1,0.6510693609680905,0.0062499999999999,0.0127881578947368,331695.0,46,8190,143.56578947368422,775.546447368421,0.23544831881941083,0.7645516811805891,0.0834,0.15204831881941083,High Margin + Low Sell-through,Targeted Marketing / Control Inventory,Medium
2026-04-01,SKU00115,Champion,Tier 3,Lifestyle Apparel,Buyout,Mass,Men,Fashion,Seasonal,0,1,0.320683936302928,0.005128947368421,0.0028565789473684,455963.04,43,8472,131.98684210526315,808.1859210526316,0.1886821299829104,0.8113178700170895,0.1225,0.0661821299829104,Low Margin + Low Sell-through,Clearance / Eliminate,High
2026-04-01,SKU00116,Columbia,Tier 3,Yoga Apparel,Buyout,Mass,Unisex,Clearance,Seasonal,1,0,0.3091222776309503,0.006628947368421,0.003353947368421,330642.6,48,7895,137.02631578947367,736.6139473684211,0.19761806144529692,0.8023819385547031,0.1366,0.06101806144529692,Low Margin + High Sell-through,Traffic Driver / Control Discount,Medium
2026-04-01,SKU00117,Cole Haan,Tier 2,Training Shoes,Buyout,Mass,Kids,Core Basic,Core,0,1,0.36447654764552,0.0040907894736842,0.0025723684210526,678886.84,40,10676,222.5921052631579,805.1930263157894,0.1570239405944338,0.8429760594055662,0.1026,0.05442394059443381,Low Margin + Low Sell-through,Clearance / Eliminate,High
2026-04-01,SKU00118,Hoka,Tier 1,Basketball Shoes,Consignment,Premium,Unisex,Performance,Seasonal,0,1,0.8289774216890212,0.0076052631578947,0.0151171052631578,357399.1,58,9190,130.85526315789474,750.7928947368422,0.22841741500291632,0.7715825849970837,0.0365,0.19191741500291631,High Margin + High Sell-through,Main Push / Monitor Inventory,Low
2026-04-01,SKU00119,Columbia,Tier 3,Yoga Apparel,Buyout,Premium,Kids,Clearance,Seasonal,1,0,0.122949518688583,0.0043131578947368,0.0006828947368421,1925655.3,29,8865,126.71052631578948,862.5964473684211,0.19676269502270086,0.8032373049772992,0.1673,0.029462695022700852,Low Margin + Low Sell-through,Clearance / Eliminate,High
2026-04-01,SKU00120,Skechers,Tier 3,Outdoor Apparel,Buyout,Premium,Unisex,Core Basic,Core,0,1,0.2029063450815741,0.0147,0.004778947368421,1628194.36,111,8474,134.53947368421052,588.2497368421053,0.2025639476973133,0.7974360523026867,0.1698,0.032763947697313306,Low Margin + High Sell-through,Traffic Driver / Control Discount,Medium
2026-04-01,SKU00121,Brooks Brothers,Tier 1,Yoga Apparel,Consignment,Premium,Women,Core Basic,Seasonal,1,0,0.8224939938470904,0.0199618421052631,0.0403210526315789,123090.78,143,7926,283.42105263157896,461.1030263157895,0.13057311198694216,0.8694268880130578,0.0155,0.11507311198694216,High Margin + High Sell-through,Main Push / Monitor Inventory,Low
2026-04-01,SKU00122,Champion,Tier 3,Basketball Shoes,Buyout,Premium,Unisex,Fashion,Seasonal,0,1,0.4333178586869466,0.0092276315789473,0.0083815789473684,1132284.15,69,8143,130.76315789473685,673.1851315789473,0.20265992514291517,0.7973400748570848,0.1145,0.08815992514291517,Low Margin + High Sell-through,Traffic Driver / Control Discount,Medium
2026-04-01,SKU00123,Brand A,Tier 2,Lifestyle Apparel,Own Brand,Entry,Women,Performance,Seasonal,0,1,0.2813477202219833,0.0034184210526315,0.0016171052631578,341632.34,32,9401,124.03947368421052,852.0253947368421,0.2557059695267506,0.7442940304732494,0.1838,0.07190596952675063,Low Margin + Low Sell-through,Clearance / Eliminate,High
2026-04-01,SKU00124,Patagonia,Tier 3,Running Shoes,Consignment,Premium,Men,Performance,Seasonal,0,1,0.8245708019166815,0.0225144736842105,0.0360618421052631,419720.65,164,8585,125.85526315789474,454.0243421052632,0.20091833310450855,0.7990816668954914,0.04019999999999999,0.16071833310450856,High Margin + High Sell-through,Main Push / Monitor Inventory,Low
2026-04-01,SKU00125,Columbia,Tier 3,Running Shoes,Buyout,Premium,Unisex,Performance,Seasonal,0,1,0.5581128800144958,0.0132644736842105,0.0193671052631578,980021.27,97,8347,137.6184210526316,625.8785526315789,0.1982594402392054,0.8017405597607946,0.0894,0.1088594402392054,High Margin + High Sell-through,Main Push / Monitor Inventory,Low
2026-04-01,SKU00126,Hoka,Tier 1,Basketball Shoes,Consignment,Mass,Kids,Fashion,Seasonal,0,1,0.8199775350215047,0.0077144736842105,0.0403776315789473,43940.16,57,8322,127.03947368421052,740.8464473684211,0.23047324385706586,0.7695267561429342,0.0117,0.21877324385706587,High Margin + High Sell-through,Main Push / Monitor Inventory,Low
2026-04-01,SKU00127,Skechers,Tier 3,Kids Apparel,Buyout,Premium,Women,Core Basic,Seasonal,1,0,-0.0864830731515874,0.0154881578947368,-0.001453947368421,928830.1,101,8030,284.82894736842104,586.2498684210526,0.12994346054684838,0.8700565394531516,0.1396,-0.009656539453151619,Low Margin + High Sell-through,Traffic Driver / Control Discount,Medium
2026-04-01,SKU00128,Reebok Underwear,Tier 2,Kids Apparel,Consignment,Entry,Kids,Fashion,Seasonal,0,0,0.8114923827836119,0.0020552631578947,0.0033447368421052,35265.9,17,8070,124.26315789473684,914.7719736842104,0.21090742735196155,0.7890925726480384,0.0261,0.18480742735196154,High Margin + Low Sell-through,Targeted Marketing / Control Inventory,Medium
2026-04-01,SKU00129,Hoka,Tier 1,Training Shoes,Buyout,Mass,Women,Core Basic,Core,0,1,0.3831123984191262,0.0070671052631578,0.0049342105263157,685322.04,47,7943,133.64473684210526,764.9298684210526,0.2396447078617621,0.7603552921382379,0.149,0.0906447078617621,Low Margin + High Sell-through,Traffic Driver / Control Discount,Medium
2026-04-01,SKU00130,Reebok Underwear,Tier 2,Performance Apparel,Consignment,Mass,Men,Fashion,Seasonal,1,0,0.8318550127055665,0.0182197368421052,0.0094947368421052,156281.25,142,8335,305.5657894736842,458.8018421052632,0.12784922213443042,0.8721507778655696,0.0434,0.08444922213443043,High Margin + High Sell-through,Main Push / Monitor Inventory,Low
2026-04-01,SKU00131,Cole Haan,Tier 2,Lifestyle Apparel,Buyout,Premium,Women,Core Basic,Seasonal,0,0,0.1553684210526315,0.0015881578947368,0.0004513157894736,1567568.64,12,9768,218.77631578947367,941.3947368421052,0.15661270193675397,0.843387298063246,0.1248,0.03181270193675398,Low Margin + Low Sell-through,Clearance / Eliminate,High
2026-04-01,SKU00132,Columbia,Tier 3,Running Shoes,Buyout,Premium,Women,Core Basic,Core,0,1,0.4171013669735934,0.0016631578947368,0.0012302631578947,905985.84,13,8196,134.77631578947367,928.8947368421052,0.2003204668292916,0.7996795331707084,0.1106,0.0897204668292916,Low Margin + Low Sell-through,Clearance / Eliminate,High
2026-04-01,SKU00133,Brooks Brothers,Tier 1,Performance Apparel,Buyout,Mass,Kids,Performance,Seasonal,0,0,0.6489247903852507,0.0109697368421052,0.0242328947368421,417325.95,79,8207,141.43421052631578,658.1155263157895,0.23338719544984124,0.7666128045501588,0.08469999999999998,0.14868719544984127,High Margin + High Sell-through,Main Push / Monitor Inventory,Low
2026-04-01,SKU00134,Reebok Underwear,Tier 2,Lifestyle Apparel,Buyout,Premium,Men,Performance,Seasonal,1,0,0.4517862042532384,0.0091197368421052,0.0079763157894736,520855.02,85,8622,288.89473684210526,689.2130263157895,0.12957229052815677,0.8704277094718432,0.0732,0.056372290528156774,Low Margin + High Sell-through,Traffic Driver / Control Discount,Medium
2026-04-01,SKU00135,Brand A,Tier 2,Sportswear,Own Brand,Mass,Kids,Fashion,Seasonal,0,1,0.4636681470282528,0.0011736842105263,0.0012315789473684,521510.88,9,9188,132.6578947368421,944.7236842105264,0.25165367145405393,0.7483463285459461,0.1357,0.11595367145405394,Low Margin + Low Sell-through,Clearance / Eliminate,High
2026-04-01,SKU00136,Patagonia,Tier 3,Sportswear,Buyout,Mass,Men,Performance,Seasonal,0,0,0.2022482616637297,0.0058381578947368,0.0015855263157894,1047586.54,46,8107,147.80263157894737,773.4868421052631,0.20708962523280589,0.7929103747671942,0.1731,0.03398962523280588,Low Margin + Low Sell-through,Clearance / Eliminate,High
2026-04-01,SKU00137,Nike,Tier 1,Running Shoes,Buyout,Premium,Women,Performance,Seasonal,0,1,0.3040806063397171,0.0076973684210526,0.0040105263157894,1763327.58,61,8394,126.48684210526316,718.4167105263158,0.23075470758243335,0.7692452924175667,0.1518,0.07895470758243336,Low Margin + High Sell-through,Traffic Driver / Control Discount,Medium
2026-04-01,SKU00138,Columbia,Tier 3,Bags,Consignment,Mass,Men,Performance,Seasonal,0,1,0.8331246982242171,0.0058381578947368,0.0097763157894736,113538.04,48,8492,147.01315789473685,777.0211842105264,0.19243878573661852,0.8075612142633815,0.0316,0.16083878573661853,High Margin + Low Sell-through,Targeted Marketing / Control Inventory,Medium
2026-04-01,SKU00139,Reebok Underwear,Tier 2,Basketball Shoes,Consignment,Premium,Women,Performance,Seasonal,0,1,0.8264797717370228,0.0058631578947368,0.0074368421052631,354861.4,47,8555,140.60526315789474,782.4894736842105,0.19383286664525473,0.8061671333547453,0.0342,0.15963286664525472,High Margin + Low Sell-through,Targeted Marketing / Control Inventory,Medium
2026-04-01,SKU00140,Under Armour,Tier 3,Running Shoes,Consignment,Premium,Unisex,Core Basic,Core,0,1,0.8230071348297675,0.0044644736842105,0.011728947368421,204136.92,29,7407,143.07894736842104,838.7938157894737,0.1991962565057132,0.8008037434942867,0.0235,0.17569625650571322,High Margin + Low Sell-through,Targeted Marketing / Control Inventory,Medium
2026-04-01,SKU00141,Under Armour,Tier 3,Training Shoes,Consignment,Premium,Women,Performance,Seasonal,0,1,0.8294757207202668,0.0077276315789473,0.0348552631578947,114497.46,56,7623,137.9078947368421,771.9571052631578,0.20175326371326327,0.7982467362867367,0.0142,0.18755326371326328,High Margin + High Sell-through,Main Push / Monitor Inventory,Low
2026-04-01,SKU00142,Brand B,Tier 2,Basketball Shoes,Own Brand,Mass,Women,Core Basic,Seasonal,1,0,-0.6125515490631536,0.0126065789473684,-0.005378947368421,910670.0,99,9500,306.35526315789474,590.9314473684211,0.12964749730759795,0.870352502692402,0.206,-0.07635250269240204,Low Margin + High Sell-through,Traffic Driver / Control Discount,Medium
2026-04-01,SKU00143,Brooks Brothers,Tier 1,Kids Apparel,Consignment,Mass,Women,Core Basic,Seasonal,0,0,0.8236625231935594,0.0103223684210526,0.0125486842105263,181487.8,79,8410,129.3684210526316,601.5176315789473,0.22745925300323958,0.7725407469967605,0.047599999999999996,0.17985925300323957,High Margin + High Sell-through,Main Push / Monitor Inventory,Low
2026-04-01,SKU00144,New Balance,Tier 3,Outdoor Apparel,Buyout,Mass,Women,Core Basic,Core,0,1,0.4683638094553815,0.0070236842105263,0.0071473684210526,629600.34,62,8243,140.25,770.453947368421,0.19313465204030034,0.8068653479596997,0.1015,0.09163465204030033,Low Margin + High Sell-through,Traffic Driver / Control Discount,Medium
2026-04-01,SKU00145,Brand A,Tier 2,Running Shoes,Own Brand,Premium,Unisex,Performance,Seasonal,0,1,0.3256322479677073,0.0119171052631578,0.0067934210526315,2470707.36,94,9592,136.68421052631578,568.6955263157895,0.25518131773151626,0.7448186822684837,0.1744,0.08078131773151626,Low Margin + High Sell-through,Traffic Driver / Control Discount,Medium
2026-04-01,SKU00146,Fila,Tier 3,Outdoor Apparel,Buyout,Premium,Women,Core Basic,Core,0,1,0.464340669171587,0.0026947368421052,0.0027171052631578,1319517.35,21,8815,140.78947368421052,908.728947368421,0.20252368359161518,0.7974763164083848,0.114,0.08852368359161518,Low Margin + Low Sell-through,Clearance / Eliminate,High
2026-04-01,SKU00147,Asics,Tier 3,Underwear,Buyout,Mass,Men,Performance,Seasonal,1,0,0.4265375647386122,0.0056171052631578,0.0050618421052631,297578.88,43,8104,269.39473684210526,811.9675,0.1332794081279367,0.8667205918720633,0.0757,0.0575794081279367,Low Margin + Low Sell-through,Clearance / Eliminate,High
2026-04-01,SKU00148,Brooks Brothers,Tier 1,Training Shoes,Buyout,Premium,Women,Performance,Seasonal,0,1,0.6276413077488636,0.0135105263157894,0.0248802631578947,800845.18,97,8039,125.71052631578948,553.9,0.22489773805897573,0.7751022619410243,0.0841,0.14079773805897572,High Margin + High Sell-through,Main Push / Monitor Inventory,Low
2026-04-01,SKU00149,Cole Haan,Tier 2,Sportswear,Buyout,Premium,Men,Core Basic,Seasonal,1,0,0.5417622252493761,0.0136131578947368,0.0179210526315789,572947.2,122,9947,295.0,550.6807894736842,0.1335056361258093,0.8664943638741907,0.061000000000000006,0.07250563612580929,High Margin + High Sell-through,Main Push / Monitor Inventory,Low
2026-04-01,SKU00150,Columbia,Tier 3,Lifestyle Apparel,Buyout,Mass,Women,Core Basic,Core,0,1,0.1848726781397672,0.0072907894736842,0.0025842105263157,850655.52,45,8262,129.85526315789474,796.7201315789474,0.1947380557278904,0.8052619442721096,0.1568,0.03793805572789041,Low Margin + High Sell-through,Traffic Driver / Control Discount,Medium
2026-04-01,SKU00151,Champion,Tier 3,Performance Apparel,Consignment,Premium,Men,Fashion,Seasonal,0,1,0.8264656552565374,0.0028394736842105,0.0035697368421052,271700.7,25,8571,138.89473684210526,871.0746052631579,0.19762956628692857,0.8023704337130715,0.0283,0.16932956628692858,High Margin + Low Sell-through,Targeted Marketing / Control Inventory,Medium
2026-04-01,SKU00152,Brand A,Tier 2,Performance Apparel,Own Brand,Premium,Men,Limited,Seasonal,0,1,0.4727316965273169,0.0049657894736842,0.0047894736842105,1593216.39,42,9357,134.75,805.4834210526316,0.2549960053526361,0.7450039946473639,0.1325,0.1224960053526361,Low Margin + Low Sell-through,Clearance / Eliminate,High
2026-04-01,SKU00153,Brand B,Tier 2,Sportswear,Own Brand,Premium,Women,Fashion,Seasonal,0,1,0.3958539513852983,0.0117921052631578,0.0089184210526315,1677546.2,91,9130,130.68421052631578,612.811447368421,0.2568479728408107,0.7431520271591894,0.1507,0.10614797284081068,Low Margin + High Sell-through,Traffic Driver / Control Discount,Medium
2026-04-01,SKU00154,Brand A,Tier 2,Underwear,Own Brand,Mass,Unisex,Performance,Seasonal,0,1,0.4012310823905026,0.0078526315789473,0.0056197368421052,595296.7,67,9287,132.96052631578948,729.4701315789474,0.2496422005717664,0.7503577994282336,0.1557,0.09394220057176639,Low Margin + High Sell-through,Traffic Driver / Control Discount,Medium
2026-04-01,SKU00155,Brand A,Tier 2,Outdoor Apparel,Own Brand,Luxury,Unisex,Performance,Seasonal,0,1,0.1830703883495145,0.0040026315789473,0.0011460526315789,3833723.88,32,9492,134.44736842105263,823.1798684210526,0.2530701990184117,0.7469298009815883,0.1959,0.05717019901841172,Low Margin + Low Sell-through,Clearance / Eliminate,High
2026-04-01,SKU00156,The North Face,Tier 3,Lifestyle Apparel,Buyout,Mass,Women,Performance,Seasonal,0,0,0.4718912562978619,0.0101526315789473,0.0107078947368421,668831.7,70,8247,141.96052631578948,630.6009210526315,0.20367152731748886,0.7963284726825112,0.1026,0.10107152731748886,Low Margin + High Sell-through,Traffic Driver / Control Discount,Medium
2026-04-01,SKU00157,Brand A,Tier 2,Accessories,Own Brand,Mass,Women,Fashion,Seasonal,0,1,0.3344832773156904,0.0045052631578947,0.0024815789473684,647492.67,35,8397,136.28947368421052,835.6368421052632,0.2543793717590925,0.7456206282409075,0.1737,0.08067937175909248,Low Margin + Low Sell-through,Clearance / Eliminate,High
2026-04-01,SKU00158,Cole Haan,Tier 2,Bags,Buyout,Premium,Men,Core Basic,Seasonal,1,0,0.5266036639940735,0.0039736842105263,0.0050986842105263,874708.92,39,10386,301.60526315789474,839.1447368421053,0.1309508950166158,0.8690491049833842,0.0638,0.06715089501661581,High Margin + Low Sell-through,Targeted Marketing / Control Inventory,Medium
2026-04-01,SKU00159,Lululemon,Tier 1,Training Shoes,Consignment,Premium,Men,Fashion,Seasonal,1,0,0.8364484953525507,0.0047157894736842,0.0039434210526315,584986.08,36,8456,293.6842105263158,806.8815789473684,0.13027248198894942,0.8697275180110506,0.045,0.08527248198894942,High Margin + Low Sell-through,Targeted Marketing / Control Inventory,Medium
2026-04-01,SKU00160,Champion,Tier 3,Bags,Consignment,Premium,Kids,Limited,Seasonal,1,0,0.8178987141202997,0.0069,0.0127473684210526,137023.5,52,8350,309.75,777.4692105263158,0.13054326781069606,0.869456732189304,0.0192,0.11134326781069606,High Margin + High Sell-through,Main Push / Monitor Inventory,Low
2026-04-01,SKU00161,New Balance,Tier 3,Outdoor Apparel,Consignment,Mass,Women,Core Basic,Core,0,1,0.831085685962702,0.0124592105263157,0.0184565789473684,80940.74,92,8209,136.35526315789474,596.2672368421053,0.20212608784435063,0.7978739121556494,0.030499999999999996,0.17162608784435063,High Margin + High Sell-through,Main Push / Monitor Inventory,Low
2026-04-01,SKU00162,Champion,Tier 3,Underwear,Buyout,Entry,Women,Performance,Seasonal,0,1,0.4318447194253239,0.009075,0.0078157894736842,277096.8,72,8780,134.6184210526316,702.0667105263158,0.197964091912198,0.802035908087802,0.1134,0.08456409191219799,Low Margin + High Sell-through,Traffic Driver / Control Discount,Medium
2026-04-01,SKU00163,Adidas,Tier 1,Outdoor Apparel,Consignment,Luxury,Women,Limited,Seasonal,0,1,0.8202171950970972,0.0047,0.0052394736842105,630683.46,36,8349,122.11842105263158,840.6702631578947,0.22926285868504592,0.7707371413149541,0.0413,0.18796285868504592,High Margin + Low Sell-through,Targeted Marketing / Control Inventory,Medium
2026-04-01,SKU00164,Adidas,Tier 1,Underwear,Buyout,Mass,Women,Core Basic,Core,0,1,0.349220034665126,0.0068184210526315,0.0040763157894736,763093.76,48,8338,134.28947368421052,761.9359210526316,0.2290820866552572,0.7709179133447428,0.1474,0.0816820866552572,Low Margin + High Sell-through,Traffic Driver / Control Discount,Medium
2026-04-01,SKU00165,Brand B,Tier 2,Underwear,Own Brand,Mass,Unisex,Fashion,Seasonal,1,0,-0.549641150869789,0.0093078947368421,-0.0038171052631578,953462.44,66,8638,304.0131578947368,721.8503947368421,0.12898333302961756,0.8710166669703825,0.2189,-0.08991666697038245,Low Margin + High Sell-through,Traffic Driver / Control Discount,Medium
2026-04-01,SKU00166,Brooks Brothers,Tier 1,Underwear,Buyout,Entry,Women,Fashion,Seasonal,0,0,0.6051647347684578,0.002,0.0036578947368421,140263.67,17,8621,119.17105263157896,914.6973684210526,0.23510474366140097,0.764895256338599,0.0903,0.14480474366140095,High Margin + Low Sell-through,Targeted Marketing / Control Inventory,Medium
2026-04-01,SKU00167,Brand B,Tier 2,Yoga Apparel,Own Brand,Premium,Unisex,Performance,Seasonal,0,0,0.2848768989212161,0.0077355263157894,0.0035486842105263,1909776.83,59,9139,133.1315789473684,742.1386842105263,0.25515430082271234,0.7448456991772876,0.1888,0.06635430082271235,Low Margin + High Sell-through,Traffic Driver / Control Discount,Medium
2026-04-01,SKU00168,Cole Haan,Tier 2,Sportswear,Buyout,Entry,Women,Core Basic,Core,0,1,0.6048439381309624,0.0007394736842105,0.0012263157894736,117365.32,7,9628,209.3684210526316,956.2368421052632,0.15978820163545912,0.8402117983645409,0.0607,0.09908820163545912,High Margin + Low Sell-through,Targeted Marketing / Control Inventory,Medium
2026-04-01,SKU00169,Brand A,Tier 2,Basketball Shoes,Own Brand,Mass,Women,Performance,Seasonal,0,0,0.3400138842093124,0.0170144736842105,0.0107223684210526,687370.32,155,9126,128.39473684210526,499.7827631578947,0.25126240643840686,0.7487375935615932,0.167,0.08426240643840685,Low Margin + High Sell-through,Traffic Driver / Control Discount,Medium
2026-04-01,SKU00170,Nike,Tier 1,Lifestyle Apparel,Buyout,Premium,Unisex,Limited,Seasonal,0,1,0.5703011104699773,0.0044486842105263,0.0068276315789473,826793.52,36,8157,132.5,791.7631578947369,0.2369120500988633,0.7630879499011367,0.102,0.1349120500988633,High Margin + Low Sell-through,Targeted Marketing / Control Inventory,Medium
2026-04-01,SKU00171,Brooks Brothers,Tier 1,Sportswear,Consignment,Mass,Women,Core Basic,Core,0,1,0.8251585695773751,0.0136078947368421,0.0636697368421052,41954.47,67,7961,134.14473684210526,685.8018421052632,0.23079862291018627,0.7692013770898137,0.0118,0.21899862291018626,High Margin + High Sell-through,Main Push / Monitor Inventory,Low
2026-04-01,SKU00172,Nike,Tier 1,Running Shoes,Consignment,Premium,Kids,Fashion,Seasonal,0,1,0.8322957087150935,0.0049065789473684,0.0077447368421052,312206.18,33,8203,130.17105263157896,803.0922368421053,0.2363545327456973,0.7636454672543027,0.0426,0.1937545327456973,High Margin + Low Sell-through,Targeted Marketing / Control Inventory,Medium
2026-04-01,SKU00173,Champion,Tier 3,Bags,Buyout,Mass,Women,Fashion,Seasonal,0,1,0.5697313352234373,0.0104618421052631,0.0150776315789473,249733.32,62,7836,132.97368421052633,697.5927631578948,0.20521261985893316,0.7947873801410669,0.0924,0.11281261985893316,High Margin + High Sell-through,Main Push / Monitor Inventory,Low
2026-04-01,SKU00174,Nike,Tier 1,Yoga Apparel,Consignment,Mass,Men,Fashion,Seasonal,0,1,0.8132500934372446,0.0072144736842105,0.0110447368421052,84475.81,46,8473,140.1184210526316,785.5247368421052,0.23140731208186985,0.7685926879181302,0.0261,0.20530731208186984,High Margin + High Sell-through,Main Push / Monitor Inventory,Low
2026-04-01,SKU00175,Under Armour,Tier 3,Sportswear,Consignment,Entry,Women,Core Basic,Seasonal,0,0,0.8165305141758771,0.0053894736842105,0.0189644736842105,34936.3,41,8605,132.6315789473684,786.8684210526316,0.20058749072749238,0.7994125092725076,0.0159,0.18468749072749238,High Margin + Low Sell-through,Targeted Marketing / Control Inventory,Medium
2026-04-01,SKU00176,Salomon,Tier 3,Underwear,Buyout,Mass,Women,Fashion,Seasonal,0,0,0.0773469247193333,0.0044421052631578,0.0004618421052631,966521.4,34,8177,132.6184210526316,805.4605263157895,0.2007385350491394,0.7992614649508606,0.1797,0.021038535049139412,Low Margin + Low Sell-through,Clearance / Eliminate,High
2026-04-01,SKU00177,Brooks Brothers,Tier 1,Lifestyle Apparel,Buyout,Premium,Unisex,Core Basic,Core,0,1,0.5556422753226419,0.002728947368421,0.0036302631578947,733924.17,21,8381,132.93421052631578,886.2368421052631,0.2221426798219533,0.7778573201780468,0.0955,0.1266426798219533,High Margin + Low Sell-through,Targeted Marketing / Control Inventory,Medium
2026-04-01,SKU00178,Puma,Tier 3,Training Shoes,Buyout,Premium,Unisex,Clearance,Seasonal,1,0,0.3240090354355438,0.0180657894736842,0.0098986842105263,1369482.66,137,8463,128.5,479.1280263157895,0.20018815907553866,0.7998118409244613,0.1388,0.061388159075538656,Low Margin + High Sell-through,Traffic Driver / Control Discount,Medium
2026-04-01,SKU00179,Brooks Brothers,Tier 1,Kids Apparel,Buyout,Entry,Men,Fashion,Seasonal,0,1,0.6370036228156154,0.0047407894736842,0.0092355263157894,157785.88,36,8474,131.75,812.6973684210526,0.2305675244083428,0.7694324755916572,0.0811,0.1494675244083428,High Margin + Low Sell-through,Targeted Marketing / Control Inventory,Medium
2026-04-01,SKU00180,Skechers,Tier 3,Underwear,Consignment,Mass,Women,Core Basic,Seasonal,0,0,0.8202750606189819,0.0049934210526315,0.0070894736842105,218316.34,39,8518,127.59210526315788,811.1140789473684,0.19095571036258396,0.809044289637416,0.0411,0.14985571036258397,High Margin + Low Sell-through,Targeted Marketing / Control Inventory,Medium
2026-04-01,SKU00181,Brand A,Tier 2,Training Shoes,Own Brand,Luxury,Women,Core Basic,Seasonal,0,0,0.330001899154876,0.0214763157894736,0.0118486842105263,2591621.76,167,9128,135.27631578947367,448.4643421052632,0.2553524328019983,0.7446475671980017,0.1711,0.08425243280199832,Low Margin + High Sell-through,Traffic Driver / Control Discount,Medium
2026-04-01,SKU00182,The North Face,Tier 3,Basketball Shoes,Buyout,Luxury,Unisex,Core Basic,Core,0,1,0.1054751359474327,0.0075118421052631,0.0012434210526315,2081714.6,52,7990,114.19736842105264,761.3482894736842,0.19617788483465048,0.8038221151653495,0.1619,0.034277884834650496,Low Margin + High Sell-through,Traffic Driver / Control Discount,Medium
2026-04-01,SKU00183,Adidas,Tier 1,Bags,Consignment,Mass,Unisex,Fashion,Seasonal,0,0,0.8420659668847994,0.0091078947368421,0.0182144736842105,135485.0,65,7900,127.51315789473684,699.2898684210526,0.23166522027635797,0.7683347797236421,0.0319,0.19976522027635796,High Margin + High Sell-through,Main Push / Monitor Inventory,Low
2026-04-01,SKU00184,The North Face,Tier 3,Kids Apparel,Buyout,Premium,Men,Performance,Seasonal,0,0,0.173076758995128,0.0018828947368421,0.0004671052631578,1798716.48,14,8661,147.44736842105263,917.7719736842104,0.19878927479237493,0.801210725207625,0.1629,0.03588927479237494,Low Margin + Low Sell-through,Clearance / Eliminate,High
2026-04-01,SKU00185,Adidas,Tier 1,Outdoor Apparel,Buyout,Premium,Men,Core Basic,Seasonal,1,0,0.0698970525706387,0.0084513157894736,0.0008592105263157,908169.15,64,8655,289.0394736842105,709.890394736842,0.1353136861451145,0.8646863138548855,0.1186,0.016713686145114495,Low Margin + High Sell-through,Traffic Driver / Control Discount,Medium
2026-04-01,SKU00186,New Balance,Tier 3,Sportswear,Consignment,Mass,Unisex,Core Basic,Core,0,1,0.849535747446611,0.0028,0.0053486842105263,128207.87,21,8309,135.8815789473684,887.0482894736842,0.2059585782665068,0.7940414217334932,0.0226,0.18335857826650678,High Margin + Low Sell-through,Targeted Marketing / Control Inventory,Medium
2026-04-01,SKU00187,New Balance,Tier 3,Sportswear,Consignment,Premium,Women,Performance,Seasonal,0,1,0.8384006090821114,0.0067407894736842,0.030128947368421,79186.2,45,8130,135.1184210526316,812.5438157894737,0.19439212902109382,0.8056078709789062,0.0102,0.18419212902109383,High Margin + High Sell-through,Main Push / Monitor Inventory,Low
2026-04-01,SKU00188,Brand B,Tier 2,Basketball Shoes,Own Brand,Premium,Men,Fashion,Seasonal,1,0,0.0170560544648835,0.0212210526315789,0.0005263157894736,1524713.64,204,9514,277.4342105263158,390.8707894736842,0.12936097919800812,0.8706390208019918,0.1298,-0.000439020801991874,Low Margin + High Sell-through,Traffic Driver / Control Discount,Medium
2026-04-01,SKU00189,Salomon,Tier 3,Basketball Shoes,Buyout,Mass,Unisex,Core Basic,Core,0,1,0.3284881748159208,0.0026355263157894,0.0013078947368421,744108.7,17,7990,131.69736842105263,897.9605263157895,0.20282916454582461,0.7971708354541753,0.1242,0.07862916454582461,Low Margin + Low Sell-through,Clearance / Eliminate,High
2026-04-01,SKU00190,Reebok Underwear,Tier 2,Running Shoes,Buyout,Luxury,Kids,Core Basic,Core,0,1,0.2128880536099847,0.0164526315789473,0.0049210526315789,1864564.11,95,7407,127.77631578947368,562.4367105263158,0.19828060191780086,0.8017193980821992,0.1524,0.045880601917800856,Low Margin + High Sell-through,Traffic Driver / Control Discount,Medium
2026-04-01,SKU00191,Under Armour,Tier 3,Basketball Shoes,Consignment,Premium,Women,Limited,Seasonal,0,1,0.8225404000770644,0.0032697368421052,0.0069355263157894,264856.07,30,8269,139.19736842105263,865.5657894736842,0.1970727756693607,0.8029272243306393,0.0226,0.1744727756693607,High Margin + Low Sell-through,Targeted Marketing / Control Inventory,Medium
2026-04-01,SKU00192,Brand B,Tier 2,Training Shoes,Own Brand,Mass,Men,Performance,Seasonal,0,0,0.4141030970692164,0.00215,0.0016171052631578,638480.7,15,9438,124.61842105263158,910.7105263157896,0.2596585976100649,0.7403414023899351,0.1468,0.11285859761006486,Low Margin + Low Sell-through,Clearance / Eliminate,High
2026-04-01,SKU00193,Salomon,Tier 3,Running Shoes,Buyout,Premium,Men,Performance,Seasonal,0,1,0.1203559914663792,0.0337315789473684,0.0052473684210526,1712327.36,255,7951,134.80263157894737,265.4528947368421,0.19890385777295666,0.8010961422270433,0.1738,0.02510385777295665,Low Margin + High Sell-through,Traffic Driver / Control Discount,Medium
2026-04-01,SKU00194,Puma,Tier 3,Kids Apparel,Buyout,Mass,Women,Core Basic,Seasonal,0,0,0.3897069525213726,0.0044986842105263,0.0030197368421052,430140.24,38,8474,128.43421052631578,813.5350000000001,0.19752282655544443,0.8024771734445556,0.1132,0.08432282655544443,Low Margin + Low Sell-through,Clearance / Eliminate,High
2026-04-01,SKU00195,Brooks Brothers,Tier 1,Bags,Buyout,Premium,Unisex,Fashion,Seasonal,0,0,0.6004033800465973,0.0017986842105263,0.0029197368421052,1033961.76,14,8398,129.89473684210526,930.066710526316,0.2231859986613451,0.7768140013386549,0.0843,0.1388859986613451,High Margin + Low Sell-through,Targeted Marketing / Control Inventory,Medium
2026-04-01,SKU00196,Asics,Tier 3,Accessories,Consignment,Entry,Unisex,Fashion,Seasonal,0,1,0.8253149672434068,0.0106342105263157,0.0179131578947368,41236.0,69,8450,136.97368421052633,704.0736842105263,0.2025794695758488,0.7974205304241512,0.0356,0.1669794695758488,High Margin + High Sell-through,Main Push / Monitor Inventory,Low
2026-04-01,SKU00197,Adidas,Tier 1,Sportswear,Consignment,Entry,Kids,Performance,Seasonal,0,0,0.8255569004835054,0.0122434210526315,0.0199921052631578,81262.5,89,8250,128.78947368421052,614.2819736842106,0.22826417319953335,0.7717358268004666,0.0466,0.18166417319953335,High Margin + High Sell-through,Main Push / Monitor Inventory,Low
2026-04-01,SKU00198,Adidas,Tier 1,Running Shoes,Consignment,Premium,Unisex,Core Basic,Seasonal,1,0,0.823288977457787,0.0134960526315789,0.015253947368421,351318.24,105,8043,292.75,621.3534210526316,0.13125714579153822,0.8687428542084618,0.0369,0.09435714579153821,High Margin + High Sell-through,Main Push / Monitor Inventory,Low
2026-04-01,SKU00199,Patagonia,Tier 3,Accessories,Buyout,Mass,Unisex,Core Basic,Seasonal,0,0,0.5913211751899764,0.0061815789473684,0.0100223684210526,276064.3,47,8170,130.1184210526316,823.6402631578948,0.20213219641827893,0.797867803581721,0.08579999999999999,0.11633219641827894,High Margin + Low Sell-through,Targeted Marketing / Control Inventory,Medium
2026-04-01,SKU00200,Nike,Tier 1,Basketball Shoes,Buyout,Premium,Men,Clearance,Seasonal,1,0,0.4106061479574822,0.0041368421052631,0.0032197368421052,1437856.31,31,8549,138.25,844.6167105263158,0.23388863541664898,0.766111364583351,0.1355,0.09838863541664897,Low Margin + Low Sell-through,Clearance / Eliminate,High
2026-04-01,SKU00201,Brooks Brothers,Tier 1,Underwear,Buyout,Entry,Women,Core Basic,Seasonal,0,0,0.5944550780117164,0.0051631578947368,0.0094736842105263,79340.8,38,8624,138.64473684210526,818.4402631578947,0.23363080529236505,0.766369194707635,0.0909,0.14273080529236504,High Margin + Low Sell-through,Targeted Marketing / Control Inventory,Medium
2026-04-01,SKU00202,Reebok Underwear,Tier 2,Outdoor Apparel,Buyout,Premium,Unisex,Performance,Seasonal,0,1,0.4554241483635221,0.0012723684210526,0.0012592105263157,742064.4,9,8031,151.03947368421052,933.421052631579,0.19976826555682148,0.8002317344431785,0.10740000000000001,0.09236826555682147,Low Margin + Low Sell-through,Clearance / Eliminate,High
2026-04-01,SKU00203,Under Armour,Tier 3,Outdoor Apparel,Buyout,Premium,Men,Fashion,Seasonal,0,0,0.3486169789933903,0.0072171052631578,0.0045671052631578,1278876.62,57,8237,135.69736842105263,702.2543421052632,0.1986441490071447,0.8013558509928553,0.1318,0.0668441490071447,Low Margin + High Sell-through,Traffic Driver / Control Discount,Medium
2026-04-01,SKU00204,Skechers,Tier 3,Accessories,Buyout,Mass,Women,Clearance,Seasonal,1,0,0.5419508872620281,0.0078315789473684,0.011525,496610.95,53,8345,142.47368421052633,773.4169736842106,0.19844829819758356,0.8015517018024164,0.0915,0.10694829819758356,High Margin + High Sell-through,Main Push / Monitor Inventory,Low
2026-04-01,SKU00205,On Running,Tier 1,Sportswear,Consignment,Entry,Men,Fashion,Seasonal,0,1,0.8525191254356977,0.0024315789473684,0.0096710526315789,20555.37,21,8459,127.5,906.3069736842106,0.22571341030903602,0.774286589690964,0.0141,0.21161341030903602,High Margin + Low Sell-through,Targeted Marketing / Control Inventory,Medium
2026-04-01,SKU00206,Skechers,Tier 3,Running Shoes,Buyout,Premium,Women,Performance,Seasonal,1,0,0.5150248217006882,0.0075947368421052,0.0097118421052631,713768.96,53,8192,309.1842105263158,728.471052631579,0.12811601169400863,0.8718839883059913,0.0626,0.06551601169400863,High Margin + High Sell-through,Main Push / Monitor Inventory,Low
2026-04-01,SKU00207,Patagonia,Tier 3,Sportswear,Buyout,Entry,Men,Fashion,Seasonal,0,1,0.5803994494699571,0.0023973684210526,0.0040223684210526,169042.84,19,8042,135.98684210526315,912.109605263158,0.19609469671932492,0.8039053032806751,0.0834,0.11269469671932492,High Margin + Low Sell-through,Targeted Marketing / Control Inventory,Medium
2026-04-01,SKU00208,Adidas,Tier 1,Training Shoes,Consignment,Premium,Unisex,Clearance,Seasonal,1,0,0.8262994804165015,0.0079881578947368,0.0196407894736842,332174.08,54,8384,123.0657894736842,725.9517105263158,0.22793336457332883,0.7720666354266712,0.029699999999999997,0.19823336457332882,High Margin + High Sell-through,Main Push / Monitor Inventory,Low
2026-04-01,SKU00209,Skechers,Tier 3,Yoga Apparel,Consignment,Premium,Men,Performance,Seasonal,0,0,0.8213435452616038,0.0075671052631578,0.0322486842105263,97768.0,57,8080,141.8421052631579,718.8421052631579,0.19876496050893813,0.8012350394910619,0.0125,0.18626496050893812,High Margin + High Sell-through,Main Push / Monitor Inventory,Low
2026-04-01,SKU00210,Asics,Tier 3,Yoga Apparel,Consignment,Entry,Unisex,Fashion,Seasonal,0,0,0.8166520508959744,0.0065355263157894,0.0142342105263157,45395.5,47,8150,154.17105263157896,778.6868421052632,0.19686821106356006,0.80313178893644,0.0225,0.17436821106356007,High Margin + High Sell-through,Main Push / Monitor Inventory,Low
2026-04-01,SKU00211,Cole Haan,Tier 2,Lifestyle Apparel,Buyout,Premium,Women,Core Basic,Core,0,1,0.6595210064838081,0.0068552631578947,0.01495,646675.08,63,10012,200.8947368421053,734.171052631579,0.15593302095444286,0.8440669790455572,0.0524,0.10353302095444286,High Margin + High Sell-through,Main Push / Monitor Inventory,Low
2026-04-01,SKU00212,Lululemon,Tier 1,Basketball Shoes,Buyout,Mass,Unisex,Core Basic,Seasonal,0,0,0.4213651488133537,0.0074723684210526,0.0061065789473684,658713.99,44,8371,139.51315789473685,763.0131578947369,0.22651686733780427,0.7734831326621957,0.1303,0.09621686733780427,Low Margin + High Sell-through,Traffic Driver / Control Discount,Medium
2026-04-01,SKU00213,Adidas,Tier 1,Lifestyle Apparel,Consignment,Mass,Unisex,Performance,Seasonal,0,1,0.8057251829566342,0.0136236842105263,0.0273934210526315,192572.4,92,8380,118.38157894736842,591.1618421052632,0.2298552362047113,0.7701447637952887,0.0324,0.19745523620471128,High Margin + High Sell-through,Main Push / Monitor Inventory,Low
2026-04-01,SKU00214,Skechers,Tier 3,Bags,Consignment,Premium,Unisex,Core Basic,Seasonal,0,0,0.826404084609774,0.0057855263157894,0.0076026315789473,252801.25,46,8275,139.22368421052633,777.2473684210527,0.20628765673343105,0.7937123432665689,0.027599999999999996,0.17868765673343107,High Margin + Low Sell-through,Targeted Marketing / Control Inventory,Medium
2026-04-01,SKU00215,Brand A,Tier 2,Underwear,Own Brand,Mass,Women,Clearance,Seasonal,1,0,0.1342126546416398,0.0050421052631578,0.0009684210526315,1206842.67,39,8811,133.78947368421052,818.3789473684211,0.2525841033337045,0.7474158966662955,0.204,0.048584103333704526,Low Margin + Low Sell-through,Clearance / Eliminate,High
2026-04-01,SKU00216,Columbia,Tier 3,Training Shoes,Buyout,Premium,Kids,Performance,Seasonal,1,0,0.5833514960038966,0.0039276315789473,0.0061710526315789,536959.2,32,7816,308.39473684210526,848.828947368421,0.13096976663648158,0.8690302333635185,0.0526,0.07836976663648157,High Margin + Low Sell-through,Targeted Marketing / Control Inventory,Medium
2026-04-01,SKU00217,Nike,Tier 1,Underwear,Consignment,Mass,Women,Fashion,Seasonal,1,0,0.8307027082861103,0.0261157894736842,0.0170723684210526,209807.16,185,7674,303.25,345.0607894736842,0.12897281263752183,0.8710271873624782,0.0425,0.08647281263752182,High Margin + High Sell-through,Main Push / Monitor Inventory,Low
2026-04-01,SKU00218,Nike,Tier 1,Yoga Apparel,Consignment,Premium,Women,Fashion,Seasonal,0,1,0.841405816842696,0.0067171052631578,0.0354013157894736,89113.5,46,8487,130.05263157894737,794.83,0.22626981684013503,0.773730183159865,0.0123,0.21396981684013502,High Margin + High Sell-through,Main Push / Monitor Inventory,Low
2026-04-01,SKU00219,Adidas,Tier 1,Lifestyle Apparel,Buyout,Premium,Men,Core Basic,Core,0,1,0.3872916413346338,0.0046144736842105,0.0031434210526315,1223829.36,32,8268,134.93421052631578,791.5,0.23348436543470902,0.766515634565291,0.1358,0.09768436543470901,Low Margin + Low Sell-through,Clearance / Eliminate,High
2026-04-01,SKU00220,Nike,Tier 1,Accessories,Consignment,Entry,Unisex,Performance,Seasonal,0,0,0.8279202561309702,0.0089236842105263,0.0201657894736842,40981.2,52,7881,120.6842105263158,733.7315789473683,0.2321703338975227,0.7678296661024773,0.0246,0.2075703338975227,High Margin + High Sell-through,Main Push / Monitor Inventory,Low
2026-04-01,SKU00221,On Running,Tier 1,Accessories,Consignment,Mass,Unisex,Core Basic,Core,0,1,0.8305292817808747,0.0091684210526315,0.0076618421052631,270272.7,58,8205,145.77631578947367,755.2565789473684,0.22991312859207588,0.7700868714079241,0.04750000000000001,0.18241312859207587,High Margin + High Sell-through,Main Push / Monitor Inventory,Low
2026-04-01,SKU00222,Reebok Underwear,Tier 2,Training Shoes,Consignment,Mass,Women,Limited,Seasonal,0,1,0.8499574412361683,0.0019657894736842,0.0020355263157894,337469.6,18,8770,136.3684210526316,901.6315789473684,0.20213659538628234,0.7978634046137176,0.0487,0.15343659538628235,High Margin + Low Sell-through,Targeted Marketing / Control Inventory,Medium
2026-04-01,SKU00223,Brand A,Tier 2,Basketball Shoes,Own Brand,Premium,Women,Performance,Seasonal,0,1,0.2174896638687861,0.0037697368421052,0.0012210526315789,1973371.07,33,9437,129.32894736842104,818.7894736842105,0.24624346271429454,0.7537565372857055,0.1846,0.06164346271429455,Low Margin + Low Sell-through,Clearance / Eliminate,High
2026-04-01,SKU00224,Under Armour,Tier 3,Accessories,Buyout,Entry,Unisex,Limited,Seasonal,1,0,0.1904761904761905,0.006525,0.0018552631578947,81674.46,46,7749,302.3421052631579,781.5340789473684,0.12610072712673417,0.8738992728732659,0.1049,0.02120072712673418,Low Margin + High Sell-through,Traffic Driver / Control Discount,Medium
2026-04-01,SKU00225,Champion,Tier 3,Performance Apparel,Buyout,Premium,Unisex,Performance,Seasonal,0,1,0.3407902337524833,0.0089868421052631,0.0049828947368421,1807321.2,61,8321,119.57894736842104,719.0747368421053,0.2021461814399445,0.7978538185600554,0.1367,0.06544618143994452,Low Margin + High Sell-through,Traffic Driver / Control Discount,Medium
2026-04-01,SKU00226,Brand B,Tier 2,Basketball Shoes,Own Brand,Premium,Women,Core Basic,Core,0,1,0.3101775686447077,0.0208907894736842,0.0097815789473684,2435369.3,160,8827,149.75,450.7884210526316,0.25129017683454863,0.7487098231654514,0.1731,0.07819017683454862,Low Margin + High Sell-through,Traffic Driver / Control Discount,Medium
2026-04-01,SKU00227,Champion,Tier 3,Kids Apparel,Buyout,Entry,Men,Performance,Seasonal,0,0,0.1327124946526703,0.0060421052631578,0.0011552631578947,353008.67,44,8419,145.93421052631578,770.7105263157895,0.1947649355711308,0.8052350644288692,0.1638,0.03096493557113081,Low Margin + Low Sell-through,Clearance / Eliminate,High
2026-04-01,SKU00228,Cole Haan,Tier 2,Accessories,Buyout,Entry,Unisex,Fashion,Seasonal,0,1,0.1500198965380023,0.0083328947368421,0.001778947368421,260538.6,78,10455,208.18421052631575,688.8175,0.15516704713584967,0.8448329528641503,0.13,0.025167047135849663,Low Margin + High Sell-through,Traffic Driver / Control Discount,Medium
2026-04-01,SKU00229,Brand B,Tier 2,Training Shoes,Own Brand,Premium,Women,Clearance,Seasonal,1,0,-0.3286779182673705,0.012028947368421,-0.0035973684210526,2231965.68,90,8904,289.39473684210526,654.3431578947369,0.12764779478603389,0.8723522052139661,0.1664,-0.03875220521396611,Low Margin + High Sell-through,Traffic Driver / Control Discount,Medium
2026-04-01,SKU00230,Salomon,Tier 3,Yoga Apparel,Consignment,Mass,Unisex,Performance,Seasonal,1,0,0.8372841650664138,0.0131631578947368,0.0300078947368421,102368.04,80,8196,303.32894736842104,630.0377631578948,0.13352327802144015,0.8664767219785598,0.0174,0.11612327802144015,High Margin + High Sell-through,Main Push / Monitor Inventory,Low
2026-04-01,SKU00231,Puma,Tier 3,Basketball Shoes,Buyout,Premium,Unisex,Fashion,Seasonal,0,1,0.1789117522443661,0.0046157894736842,0.0012907894736842,1104107.43,31,8331,133.92105263157896,819.6763157894737,0.19911523134629194,0.8008847686537081,0.162,0.03711523134629194,Low Margin + Low Sell-through,Clearance / Eliminate,High
2026-04-01,SKU00232,Reebok Underwear,Tier 2,Sportswear,Consignment,Mass,Women,Clearance,Seasonal,1,0,0.8239527773733738,0.0152355263157894,0.0221210526315789,182829.6,103,7580,144.47368421052633,558.0622368421053,0.19586124082271933,0.8041387591772806,0.0412,0.15466124082271931,High Margin + High Sell-through,Main Push / Monitor Inventory,Low
2026-04-01,SKU00233,Brand A,Tier 2,Bags,Own Brand,Premium,Women,Core Basic,Core,0,1,0.461876563079954,0.0080013157894736,0.0079342105263157,1724764.14,57,8382,132.72368421052633,717.2552631578948,0.2503753368232547,0.7496246631767454,0.1344,0.1159753368232547,Low Margin + High Sell-through,Traffic Driver / Control Discount,Medium
2026-04-01,SKU00234,New Balance,Tier 3,Accessories,Buyout,Mass,Women,Core Basic,Core,0,1,0.3027744994098938,0.0018671052631578,0.0010236842105263,576083.4400000001,10,8264,138.17105263157896,965.2236842105264,0.20282282269219729,0.7971771773078027,0.1415,0.0613228226921973,Low Margin + Low Sell-through,Clearance / Eliminate,High
2026-04-01,SKU00235,Brand B,Tier 2,Underwear,Own Brand,Entry,Women,Core Basic,Core,0,1,0.2269230396417412,0.0060605263157894,0.002028947368421,488260.11,45,9183,128.05263157894737,776.6184210526316,0.25409322885660535,0.7459067711433947,0.2003,0.05379322885660534,Low Margin + Low Sell-through,Clearance / Eliminate,High
2026-04-01,SKU00236,Adidas,Tier 1,Kids Apparel,Consignment,Mass,Unisex,Performance,Seasonal,0,1,0.8184926128607497,0.0032302631578947,0.0112460526315789,65317.72,28,8516,128.01315789473685,852.421052631579,0.22750113517414766,0.7724988648258524,0.0125,0.21500113517414765,High Margin + Low Sell-through,Targeted Marketing / Control Inventory,Medium
2026-04-01,SKU00237,Puma,Tier 3,Yoga Apparel,Consignment,Mass,Men,Core Basic,Core,0,1,0.8132749061992496,0.0180513157894736,0.0394407894736842,86472.54,141,8074,128.3815789473684,534.6638157894737,0.20541824159683605,0.7945817584031639,0.0199,0.18551824159683605,High Margin + High Sell-through,Main Push / Monitor Inventory,Low
2026-04-01,SKU00238,Puma,Tier 3,Lifestyle Apparel,Consignment,Entry,Men,Fashion,Seasonal,0,1,0.8146138368943202,0.0139763157894736,0.0167328947368421,74973.56,97,8257,129.3684210526316,574.892105263158,0.19858759875594034,0.8014124012440597,0.0463,0.15228759875594033,High Margin + High Sell-through,Main Push / Monitor Inventory,Low
2026-04-01,SKU00239,On Running,Tier 1,Lifestyle Apparel,Consignment,Mass,Women,Core Basic,Core,0,1,0.8316748063011787,0.0078315789473684,0.0101368421052631,157509.0,51,7955,136.43421052631578,757.8281578947368,0.2349102013156485,0.7650897986843515,0.0416,0.1933102013156485,High Margin + High Sell-through,Main Push / Monitor Inventory,Low
2026-04-01,SKU00240,Columbia,Tier 3,Bags,Buyout,Mass,Women,Fashion,Seasonal,0,1,0.1020874495318271,0.0051118421052631,0.0006868421052631,452307.23,27,7789,140.39473684210526,852.0657894736842,0.20167556883336352,0.7983244311666364,0.1752,0.026475568833363522,Low Margin + Low Sell-through,Clearance / Eliminate,High
2026-04-01,SKU00241,Reebok Underwear,Tier 2,Performance Apparel,Buyout,Mass,Men,Core Basic,Seasonal,0,0,0.3954094890461426,0.0125486842105263,0.0097157894736842,408410.19,92,8433,129.17105263157896,631.9697368421052,0.19709933699855028,0.8029006630014497,0.12300000000000001,0.07409933699855027,Low Margin + High Sell-through,Traffic Driver / Control Discount,Medium
2026-04-01,SKU00242,Skechers,Tier 3,Basketball Shoes,Buyout,Premium,Unisex,Performance,Seasonal,1,0,0.1035641580767118,0.0067263157894736,0.0009342105263157,1359464.7,52,8494,307.89473684210526,772.1771052631578,0.12951335850786047,0.8704866414921395,0.1183,0.011213358507860469,Low Margin + High Sell-through,Traffic Driver / Control Discount,Medium
2026-04-01,SKU00243,Brand B,Tier 2,Accessories,Own Brand,Mass,Unisex,Performance,Seasonal,0,1,0.1969889945677463,0.0082907894736842,0.0023421052631578,860608.28,62,8834,124.26315789473684,718.9227631578947,0.2502984825800834,0.7497015174199166,0.2021,0.04819848258008341,Low Margin + High Sell-through,Traffic Driver / Control Discount,Medium
2026-04-01,SKU00244,Reebok Underwear,Tier 2,Underwear,Consignment,Mass,Unisex,Core Basic,Core,0,1,0.8022646110965945,0.0083802631578947,0.0208592105263157,60487.6,55,8174,132.01315789473685,742.6009210526315,0.20062777598570758,0.7993722240142924,0.0167,0.1839277759857076,High Margin + High Sell-through,Main Push / Monitor Inventory,Low
2026-04-01,SKU00245,Brand A,Tier 2,Kids Apparel,Own Brand,Entry,Men,Fashion,Seasonal,0,1,0.4731372146538034,0.0088434210526315,0.0090697368421052,255087.12,64,8369,133.53947368421052,723.3348684210526,0.25603393175727385,0.7439660682427262,0.13,0.12603393175727384,Low Margin + High Sell-through,Traffic Driver / Control Discount,Medium
2026-04-01,SKU00246,Reebok Underwear,Tier 2,Accessories,Buyout,Entry,Kids,Core Basic,Core,0,1,0.1666143275257822,0.0102513157894736,0.0020894736842105,362951.38,75,8206,132.85526315789474,644.0719736842105,0.20163088757018208,0.7983691124298179,0.1728,0.028830887570182068,Low Margin + High Sell-through,Traffic Driver / Control Discount,Medium
2026-04-01,SKU00247,Cole Haan,Tier 2,Lifestyle Apparel,Buyout,Premium,Unisex,Performance,Seasonal,0,1,0.0975234823908572,0.0015026315789473,0.0001763157894736,1239084.29,14,10189,214.75,930.390394736842,0.1655346450455488,0.8344653549544512,0.1346,0.030934645045548798,Low Margin + Low Sell-through,Clearance / Eliminate,High
2026-04-01,SKU00248,Adidas,Tier 1,Kids Apparel,Buyout,Entry,Women,Core Basic,Seasonal,1,0,-0.077299104071739,0.0112302631578947,-0.0007236842105263,256244.4,87,8374,309.2236842105263,618.1775,0.12662558897951282,0.8733744110204872,0.134,-0.007374411020487193,Low Margin + High Sell-through,Traffic Driver / Control Discount,Medium
2026-04-01,SKU00249,Brooks Brothers,Tier 1,Running Shoes,Buyout,Mass,Women,Core Basic,Seasonal,0,0,0.4332044346424298,0.006403947368421,0.0052631578947368,492401.6,49,8420,123.72368421052632,761.7463157894737,0.23410590088537897,0.765894099114621,0.1362,0.09790590088537898,Low Margin + High Sell-through,Traffic Driver / Control Discount,Medium
2026-04-01,SKU00250,Under Armour,Tier 3,Running Shoes,Buyout,Mass,Kids,Fashion,Seasonal,0,0,0.2460998911597533,0.0128986842105263,0.0048105263157894,513494.58,100,8237,137.73684210526315,637.543947368421,0.1938937508827203,0.8061062491172797,0.1466,0.04729375088272028,Low Margin + High Sell-through,Traffic Driver / Control Discount,Medium
2026-04-01,SKU00251,Nike,Tier 1,Bags,Consignment,Mass,Women,Fashion,Seasonal,0,1,0.8229098305337188,0.0150815789473684,0.0268355263157894,250788.52,111,8396,143.0921052631579,574.2735526315789,0.23198164091981296,0.768018359080187,0.0374,0.19458164091981295,High Margin + High Sell-through,Main Push / Monitor Inventory,Low
2026-04-01,SKU00252,Asics,Tier 3,Training Shoes,Consignment,Premium,Men,Performance,Seasonal,0,1,0.8201371658182663,0.0151157894736842,0.0213986842105263,362705.82,107,8599,143.07894736842104,572.8346052631579,0.19870891009055913,0.8012910899094409,0.0348,0.16390891009055913,High Margin + High Sell-through,Main Push / Monitor Inventory,Low
2026-04-01,SKU00253,Asics,Tier 3,Sportswear,Consignment,Premium,Unisex,Core Basic,Core,0,1,0.8176225501255959,0.0234723684210526,0.026775,356411.52,177,8256,138.1578947368421,422.8828947368421,0.1962786464047037,0.8037213535952963,0.0484,0.1478786464047037,High Margin + High Sell-through,Main Push / Monitor Inventory,Low
2026-04-01,SKU00254,Fila,Tier 3,Lifestyle Apparel,Consignment,Mass,Women,Clearance,Seasonal,1,0,0.8228431180749463,0.0165210526315789,0.0214302631578947,86383.08,118,8134,136.32894736842104,529.2619736842106,0.19739144749090215,0.8026085525090978,0.027500000000000004,0.16989144749090215,High Margin + High Sell-through,Main Push / Monitor Inventory,Low
2026-04-01,SKU00255,Skechers,Tier 3,Outdoor Apparel,Buyout,Premium,Men,Core Basic,Core,0,1,0.4327299800048215,0.0137315789473684,0.0116565789473684,1431789.74,111,7946,146.4078947368421,538.6944736842105,0.1990820833300764,0.8009179166699236,0.1171,0.08198208333007641,Low Margin + High Sell-through,Traffic Driver / Control Discount,Medium
2026-04-01,SKU00256,Brand B,Tier 2,Training Shoes,Own Brand,Premium,Women,Limited,Seasonal,0,1,0.1784388160916171,0.001603947368421,0.0003407894736842,1817859.87,17,9189,139.47368421052633,931.4930263157896,0.2418448664652012,0.7581551335347988,0.2098,0.032044866465201216,Low Margin + Low Sell-through,Clearance / Eliminate,High
2026-04-01,SKU00257,Brand B,Tier 2,Yoga Apparel,Own Brand,Entry,Kids,Core Basic,Core,0,1,0.3998997116710542,0.0001460526315789,0.0001210526315789,459408.39,1,9597,128.93421052631578,990.5394736842104,0.271944573283859,0.728055426716141,0.1619,0.11004457328385903,Low Margin + Low Sell-through,Clearance / Eliminate,High
2026-04-01,SKU00258,Under Armour,Tier 3,Yoga Apparel,Consignment,Premium,Unisex,Fashion,Seasonal,0,1,0.8272257186357672,0.0140697368421052,0.0346802631578947,198492.06,93,8333,138.75,604.4325,0.19400460668577796,0.8059953933142221,0.025,0.16900460668577796,High Margin + High Sell-through,Main Push / Monitor Inventory,Low
2026-04-01,SKU00259,Brand A,Tier 2,Outdoor Apparel,Own Brand,Premium,Unisex,Core Basic,Core,0,1,0.3461899717481512,0.0055526315789473,0.0033868421052631,1540079.96,40,8702,123.94736842105264,831.0421052631579,0.2552907942968723,0.7447092057031277,0.1622,0.09309079429687228,Low Margin + Low Sell-through,Clearance / Eliminate,High
2026-04-01,SKU00260,Brand A,Tier 2,Running Shoes,Own Brand,Premium,Kids,Core Basic,Core,0,1,0.2196374908274136,0.0334513157894736,0.0102026315789473,2090004.44,292,9298,142.81578947368422,253.33131578947368,0.25268796164743756,0.7473120383525624,0.1994,0.05328796164743757,Low Margin + High Sell-through,Traffic Driver / Control Discount,Medium
2026-04-01,SKU00261,Patagonia,Tier 3,Running Shoes,Buyout,Premium,Men,Clearance,Seasonal,1,0,0.5269217278422297,0.0016210526315789,0.002153947368421,948691.46,13,8546,133.3684210526316,912.8990789473684,0.1974720037614015,0.8025279962385985,0.0893,0.1081720037614015,High Margin + Low Sell-through,Targeted Marketing / Control Inventory,Medium
2026-04-01,SKU00262,Under Armour,Tier 3,Bags,Consignment,Mass,Men,Core Basic,Core,0,1,0.8173445968724876,0.0125144736842105,0.015403947368421,250911.02,80,8471,123.19736842105264,679.1071052631579,0.20356307893322362,0.7964369210667763,0.0484,0.15516307893322362,High Margin + High Sell-through,Main Push / Monitor Inventory,Low
2026-04-01,SKU00263,Champion,Tier 3,Sportswear,Buyout,Premium,Women,Clearance,Seasonal,1,0,0.4260922783663388,0.0060881578947368,0.0054434210526315,883856.64,44,8196,128.47368421052633,802.0815789473684,0.20452782112940726,0.7954721788705927,0.1145,0.09002782112940726,Low Margin + Low Sell-through,Clearance / Eliminate,High
2026-04-01,SKU00264,Puma,Tier 3,Performance Apparel,Buyout,Mass,Women,Performance,Seasonal,0,1,0.5638168246923543,0.001625,0.002253947368421,315713.97000000003,14,8177,133.76315789473685,932.1342105263158,0.1984729335614697,0.8015270664385303,0.0855,0.11297293356146969,High Margin + Low Sell-through,Targeted Marketing / Control Inventory,Medium
2026-04-01,SKU00265,New Balance,Tier 3,Running Shoes,Buyout,Mass,Kids,Core Basic,Core,0,1,0.1375998754125876,0.0085302631578947,0.0015907894736842,1014931.64,65,8273,120.84210526315788,695.0815789473684,0.20137286249362432,0.7986271375063757,0.1791,0.022272862493624312,Low Margin + High Sell-through,Traffic Driver / Control Discount,Medium
2026-04-01,SKU00266,Nike,Tier 1,Bags,Consignment,Mass,Men,Core Basic,Core,0,1,0.8247537674715069,0.0034697368421052,0.0063210526315789,212157.66,27,8138,128.96052631578948,850.6184210526316,0.2288245949832536,0.7711754050167464,0.0386,0.19022459498325361,High Margin + Low Sell-through,Targeted Marketing / Control Inventory,Medium
2026-04-01,SKU00267,Puma,Tier 3,Basketball Shoes,Buyout,Mass,Women,Performance,Seasonal,1,0,0.6159954244316286,0.0057605263157894,0.0107315789473684,277120.35,36,8255,303.4868421052632,804.2026315789474,0.13220802787839636,0.8677919721216036,0.0539,0.07830802787839636,High Margin + Low Sell-through,Targeted Marketing / Control Inventory,Medium
2026-04-01,SKU00268,Under Armour,Tier 3,Performance Apparel,Buyout,Luxury,Unisex,Fashion,Seasonal,0,1,0.1600361658846848,0.0065144736842105,0.0012657894736842,2929342.5,43,7971,141.1578947368421,816.5080263157895,0.20408821741832542,0.7959117825816746,0.17470000000000002,0.029388217418325396,Low Margin + High Sell-through,Traffic Driver / Control Discount,Medium
2026-04-01,SKU00269,Salomon,Tier 3,Basketball Shoes,Buyout,Premium,Unisex,Clearance,Seasonal,1,0,0.0970206576293994,0.0041960526315789,0.0005315789473684,1232022.75,31,8225,137.71052631578948,839.5864473684211,0.19602647125653264,0.8039735287434674,0.1647,0.03132647125653262,Low Margin + Low Sell-through,Clearance / Eliminate,High
2026-04-01,SKU00270,The North Face,Tier 3,Underwear,Buyout,Entry,Unisex,Limited,Seasonal,0,1,0.2210176331007829,0.0058842105263157,0.0019368421052631,314963.88,42,8043,127.11842105263158,811.1167105263158,0.1985947672123402,0.8014052327876597,0.1518,0.046794767212340216,Low Margin + Low Sell-through,Clearance / Eliminate,High
2026-04-01,SKU00271,Asics,Tier 3,Outdoor Apparel,Buyout,Luxury,Women,Performance,Seasonal,1,0,0.1494630312998086,0.0064526315789473,0.0013486842105263,1787054.69,42,8303,316.7236842105263,797.1667105263158,0.12877236718289156,0.8712276328171085,0.11329999999999998,0.015472367182891578,Low Margin + High Sell-through,Traffic Driver / Control Discount,Medium
2026-04-01,SKU00272,Brand A,Tier 2,Lifestyle Apparel,Own Brand,Mass,Men,Core Basic,Core,0,1,0.4333658354016468,0.0014618421052631,0.0012026315789473,832525.0599999999,13,9406,126.61842105263158,916.5394736842104,0.2610766723528695,0.7389233276471305,0.1504,0.11067667235286952,Low Margin + Low Sell-through,Clearance / Eliminate,High
2026-04-01,SKU00273,The North Face,Tier 3,Basketball Shoes,Buyout,Premium,Women,Core Basic,Core,0,1,0.285852206681363,0.0068749999999999,0.0031684210526315,1437300.24,47,7962,147.06578947368422,786.1088157894736,0.20024362604995227,0.7997563739500477,0.134,0.06624362604995226,Low Margin + High Sell-through,Traffic Driver / Control Discount,Medium
2026-04-01,SKU00274,Reebok Underwear,Tier 2,Underwear,Buyout,Entry,Unisex,Fashion,Seasonal,0,1,0.3091370006092784,0.0131552631578947,0.0067052631578947,264064.38,99,8234,135.8684210526316,616.473947368421,0.19907565805399996,0.800924341946,0.1391,0.05997565805399996,Low Margin + High Sell-through,Traffic Driver / Control Discount,Medium
2026-04-01,SKU00275,Skechers,Tier 3,Outdoor Apparel,Buyout,Luxury,Women,Performance,Seasonal,0,1,0.1146811401428566,0.0059026315789473,0.0007644736842105,2441538.55,42,8261,133.19736842105263,799.0911842105263,0.1968594294790953,0.8031405705209047,0.1715,0.02535942947909528,Low Margin + Low Sell-through,Clearance / Eliminate,High
2026-04-01,SKU00276,New Balance,Tier 3,Lifestyle Apparel,Consignment,Mass,Women,Fashion,Seasonal,0,1,0.8242071309923901,0.0273894736842105,0.035653947368421,192102.67,157,7981,123.64473684210526,484.6486842105264,0.2004195490631882,0.7995804509368118,0.048,0.15241954906318822,High Margin + High Sell-through,Main Push / Monitor Inventory,Low
2026-04-01,SKU00277,Cole Haan,Tier 2,Underwear,Buyout,Mass,Men,Performance,Seasonal,0,1,0.3834273819664376,0.0205526315789473,0.0142171052631578,437522.42,165,9599,223.5921052631579,431.9897368421053,0.15469678501262357,0.8453032149873765,0.0959,0.05879678501262357,Low Margin + High Sell-through,Traffic Driver / Control Discount,Medium
2026-04-01,SKU00278,Champion,Tier 3,Running Shoes,Buyout,Premium,Unisex,Fashion,Seasonal,0,1,0.466732494211022,0.0027276315789473,0.0027552631578947,795827.76,21,8409,133.5921052631579,875.5964473684211,0.19428706815539237,0.8057129318446077,0.10549999999999998,0.08878706815539239,Low Margin + Low Sell-through,Clearance / Eliminate,High
2026-04-01,SKU00279,Columbia,Tier 3,Yoga Apparel,Buyout,Entry,Men,Fashion,Seasonal,1,0,0.5708381725214557,0.0052421052631578,0.0077328947368421,62627.36,37,8144,290.55263157894734,841.8639473684211,0.13066070062476093,0.8693392993752391,0.0564,0.07426070062476092,High Margin + Low Sell-through,Targeted Marketing / Control Inventory,Medium
2026-04-01,SKU00280,Salomon,Tier 3,Running Shoes,Buyout,Premium,Unisex,Fashion,Seasonal,0,1,0.3555665460882234,0.003378947368421,0.0023684210526315,964273.26,31,8282,148.0,859.8626315789473,0.19842130884328954,0.8015786911567104,0.126,0.07242130884328954,Low Margin + Low Sell-through,Clearance / Eliminate,High
2026-04-01,SKU00281,Hoka,Tier 1,Underwear,Buyout,Mass,Women,Core Basic,Core,0,1,0.621135505344684,0.0004342105263157,0.0007868421052631,522351.75,4,8825,152.98684210526315,974.828947368421,0.23835049067645983,0.7616495093235401,0.0927,0.14565049067645983,High Margin + Low Sell-through,Targeted Marketing / Control Inventory,Medium
2026-04-01,SKU00282,Adidas,Tier 1,Performance Apparel,Consignment,Luxury,Men,Core Basic,Core,0,1,0.833421101086356,0.0070434210526315,0.0099552631578947,611957.8,49,8068,140.6315789473684,789.3482894736842,0.23250759282106498,0.7674924071789351,0.0434,0.18910759282106498,High Margin + High Sell-through,Main Push / Monitor Inventory,Low
2026-04-01,SKU00283,Cole Haan,Tier 2,Lifestyle Apparel,Buyout,Premium,Women,Fashion,Seasonal,0,1,0.5515792094468025,0.005125,0.0073381578947368,645235.04,45,9596,200.67105263157896,763.7017105263158,0.15645995690894376,0.8435400430910562,0.0671,0.08935995690894376,High Margin + Low Sell-through,Targeted Marketing / Control Inventory,Medium
2026-04-01,SKU00284,Adidas,Tier 1,Underwear,Consignment,Mass,Men,Limited,Seasonal,0,0,0.8308957246473483,0.007178947368421,0.006928947368421,196405.3,55,7910,140.92105263157896,777.9307894736842,0.2356274566146686,0.7643725433853314,0.049,0.18662745661466862,High Margin + High Sell-through,Main Push / Monitor Inventory,Low
2026-04-01,SKU00285,Hoka,Tier 1,Lifestyle Apparel,Consignment,Mass,Men,Fashion,Seasonal,1,0,0.8236527505749835,0.0085960526315789,0.0291960526315789,41033.52,71,8478,287.5,680.5890789473684,0.13028856076275644,0.8697114392372436,0.0113,0.11898856076275643,High Margin + High Sell-through,Main Push / Monitor Inventory,Low
2026-04-01,SKU00286,Brooks Brothers,Tier 1,Accessories,Consignment,Mass,Men,Core Basic,Core,0,1,0.82005655314014,0.0022184210526315,0.00415,131403.1,19,8819,129.60526315789474,897.3684210526316,0.23220725509309112,0.7677927449069089,0.0387,0.19350725509309114,High Margin + Low Sell-through,Targeted Marketing / Control Inventory,Medium
2026-04-01,SKU00287,Under Armour,Tier 3,Yoga Apparel,Consignment,Entry,Kids,Performance,Seasonal,0,0,0.8244888023369036,0.0112723684210526,0.0179197368421052,48315.3,70,7986,140.56578947368422,718.668947368421,0.19913039397708207,0.8008696060229179,0.0286,0.17053039397708208,High Margin + High Sell-through,Main Push / Monitor Inventory,Low
2026-04-01,SKU00288,Lululemon,Tier 1,Outdoor Apparel,Buyout,Luxury,Unisex,Fashion,Seasonal,0,1,0.165850237676347,0.0049802631578947,0.0012026315789473,2854719.0,38,8421,138.0,809.0351315789474,0.23436506559593007,0.7656349344040699,0.1798,0.05456506559593008,Low Margin + Low Sell-through,Clearance / Eliminate,High
2026-04-01,SKU00289,Brand A,Tier 2,Lifestyle Apparel,Own Brand,Premium,Men,Core Basic,Seasonal,0,0,0.408784079184373,0.0009513157894736,0.0006802631578947,1277653.04,10,9448,127.26315789473684,956.2631578947368,0.2501332593209261,0.7498667406790739,0.1426,0.10753325932092611,Low Margin + Low Sell-through,Clearance / Eliminate,High
2026-04-01,SKU00290,Brand B,Tier 2,Lifestyle Apparel,Own Brand,Entry,Unisex,Fashion,Seasonal,0,0,0.5675511914939533,0.0054184210526315,0.0079578947368421,219742.17,42,8857,145.25,764.2851315789474,0.257409780496879,0.742590219503121,0.109,0.14840978049687903,High Margin + Low Sell-through,Targeted Marketing / Control Inventory,Medium
2026-04-01,SKU00291,Brooks Brothers,Tier 1,Kids Apparel,Consignment,Premium,Women,Performance,Seasonal,0,1,0.8181585173054372,0.0070815789473684,0.037978947368421,116357.58,54,8562,119.94736842105264,749.0815789473684,0.22518204457797408,0.7748179554220259,0.0105,0.21468204457797407,High Margin + High Sell-through,Main Push / Monitor Inventory,Low
2026-04-01,SKU00292,New Balance,Tier 3,Kids Apparel,Buyout,Premium,Women,Core Basic,Seasonal,1,0,0.0744539317176886,0.0203460526315789,0.001778947368421,909720.6,172,8810,293.4736842105263,449.7942105263158,0.12833568191266645,0.8716643180873336,0.1209,0.007435681912666456,Low Margin + High Sell-through,Traffic Driver / Control Discount,Medium
2026-04-01,SKU00293,Under Armour,Tier 3,Lifestyle Apparel,Buyout,Premium,Kids,Core Basic,Seasonal,1,0,0.0340871664303337,0.0216697368421052,0.000678947368421,1068755.38,148,8074,298.2368421052632,509.38394736842105,0.1313355718981094,0.8686644281018906,0.1328,-0.001464428101890597,Low Margin + High Sell-through,Traffic Driver / Control Discount,Medium
2026-04-01,SKU00294,Nike,Tier 1,Performance Apparel,Consignment,Luxury,Unisex,Fashion,Seasonal,0,0,0.8117366715384127,0.0039368421052631,0.0120855263157894,237024.0,33,8230,140.4078947368421,818.6842105263158,0.22913360975415195,0.770866390245848,0.015,0.21413360975415197,High Margin + Low Sell-through,Targeted Marketing / Control Inventory,Medium
2026-04-01,SKU00295,Cole Haan,Tier 2,Underwear,Buyout,Mass,Kids,Core Basic,Seasonal,0,0,0.1863225111311816,0.0051184210526315,0.0013592105263157,656984.65,56,10235,215.31578947368425,773.3272368421053,0.15573519801548305,0.8442648019845169,0.1303,0.02543519801548305,Low Margin + Low Sell-through,Clearance / Eliminate,High
2026-04-01,SKU00296,On Running,Tier 1,Performance Apparel,Buyout,Luxury,Men,Fashion,Seasonal,0,0,0.4347672896340314,0.0030802631578947,0.0028513157894736,1836956.32,23,8054,124.86842105263158,879.2894736842105,0.2342096272701298,0.7657903727298702,0.1275,0.10670962727012981,Low Margin + Low Sell-through,Clearance / Eliminate,High
2026-04-01,SKU00297,Puma,Tier 3,Performance Apparel,Buyout,Luxury,Women,Limited,Seasonal,0,1,0.1541759911506951,0.0112763157894736,0.0025381578947368,2361898.8,76,7974,140.98684210526315,681.3759210526316,0.20248991732049132,0.7975100826795087,0.1696,0.03288991732049132,Low Margin + High Sell-through,Traffic Driver / Control Discount,Medium
2026-04-01,SKU00298,Brand A,Tier 2,Underwear,Own Brand,Entry,Unisex,Fashion,Seasonal,0,1,0.3520615318614307,0.0058157894736842,0.003628947368421,309197.65,52,9505,139.32894736842104,802.4499999999999,0.25399398470739043,0.7460060152926096,0.1698,0.08419398470739042,Low Margin + Low Sell-through,Clearance / Eliminate,High
2026-04-01,SKU00299,Puma,Tier 3,Yoga Apparel,Buyout,Premium,Men,Fashion,Seasonal,0,1,0.1978664443743522,0.0038355263157894,0.0011486842105263,1368966.06,31,8514,139.96052631578948,864.7368421052631,0.1961771989282306,0.8038228010717694,0.1547,0.041477198928230596,Low Margin + Low Sell-through,Clearance / Eliminate,High
2026-04-01,SKU00300,Brand A,Tier 2,Kids Apparel,Own Brand,Mass,Men,Core Basic,Seasonal,0,0,0.2755441480159471,0.0158355263157894,0.007303947368421,1009040.34,138,9471,141.21052631578948,549.295,0.25977607256960294,0.740223927430397,0.1891,0.07067607256960295,Low Margin + High Sell-through,Traffic Driver / Control Discount,Medium
2026-04-01,SKU00301,Lululemon,Tier 1,Outdoor Apparel,Consignment,Premium,Men,Clearance,Seasonal,1,0,0.8237098994399319,0.0017605263157894,0.0020157894736842,409840.52,14,7972,144.43421052631578,924.2017105263158,0.2242108863892521,0.7757891136107479,0.0337,0.1905108863892521,High Margin + Low Sell-through,Targeted Marketing / Control Inventory,Medium
2026-04-01,SKU00302,Cole Haan,Tier 2,Training Shoes,Buyout,Premium,Men,Clearance,Seasonal,1,0,0.5581907374659898,0.0158434210526315,0.0231078947368421,798660.0,145,9860,215.6447368421053,549.3802631578948,0.1589560927775317,0.8410439072224682,0.0713,0.0876560927775317,High Margin + High Sell-through,Main Push / Monitor Inventory,Low
2026-04-01,SKU00303,Adidas,Tier 1,Lifestyle Apparel,Consignment,Mass,Women,Core Basic,Core,0,1,0.829505240983261,0.0100684210526315,0.0689763157894736,61473.8,79,8110,133.73684210526315,695.2361842105263,0.23035795123605612,0.7696420487639439,0.0108,0.21955795123605612,High Margin + High Sell-through,Main Push / Monitor Inventory,Low
2026-04-01,SKU00304,Hoka,Tier 1,Outdoor Apparel,Buyout,Premium,Men,Clearance,Seasonal,1,0,0.5161423841059603,0.0166223684210526,0.0208684210526315,996701.09,119,7751,132.39473684210526,541.126447368421,0.23379237755411925,0.7662076224458807,0.11270000000000001,0.12109237755411924,High Margin + High Sell-through,Main Push / Monitor Inventory,Low
2026-04-01,SKU00305,New Balance,Tier 3,Training Shoes,Buyout,Premium,Women,Fashion,Seasonal,0,0,0.3772895368438476,0.0113697368421052,0.0075144736842105,1304974.62,80,8114,134.26315789473685,643.5877631578948,0.1955238604806775,0.8044761395193225,0.1296,0.0659238604806775,Low Margin + High Sell-through,Traffic Driver / Control Discount,Medium
2026-04-01,SKU00306,Salomon,Tier 3,Lifestyle Apparel,Buyout,Premium,Men,Clearance,Seasonal,1,0,0.1974099322194217,0.0094815789473684,0.0026473684210526,1517830.66,78,8446,147.18421052631578,653.4381578947368,0.19765823987279432,0.8023417601272057,0.1576,0.04005823987279433,Low Margin + High Sell-through,Traffic Driver / Control Discount,Medium
2026-04-01,SKU00307,Adidas,Tier 1,Running Shoes,Consignment,Premium,Women,Fashion,Seasonal,0,1,0.8130104702622962,0.0037618421052631,0.0034302631578947,365442.0,31,8085,135.5,823.6535526315789,0.2337808927477973,0.7662191072522027,0.0442,0.18958089274779727,High Margin + Low Sell-through,Targeted Marketing / Control Inventory,Medium
2026-04-01,SKU00308,Champion,Tier 3,Lifestyle Apparel,Consignment,Mass,Men,Performance,Seasonal,0,1,0.8121517140773159,0.0060236842105263,0.0067131578947368,116906.79,37,7557,142.3421052631579,836.1282894736842,0.18636683407720764,0.8136331659227923,0.0306,0.15576683407720765,High Margin + Low Sell-through,Targeted Marketing / Control Inventory,Medium
2026-04-01,SKU00309,New Balance,Tier 3,Bags,Buyout,Premium,Unisex,Performance,Seasonal,1,0,0.1340808604057095,0.0054973684210526,0.0007157894736842,1167881.4,36,7855,305.2236842105263,832.1430263157895,0.13310399099527853,0.8668960090047215,0.11600000000000002,0.017103990995278512,Low Margin + Low Sell-through,Clearance / Eliminate,High
2026-04-01,SKU00310,Skechers,Tier 3,Accessories,Buyout,Mass,Men,Clearance,Seasonal,1,0,0.3197870718292218,0.0035197368421052,0.001803947368421,491400.8,34,8360,134.67105263157896,891.3201315789474,0.20822095597405837,0.7917790440259416,0.1466,0.06162095597405837,Low Margin + Low Sell-through,Clearance / Eliminate,High
2026-04-01,SKU00311,Patagonia,Tier 3,Training Shoes,Buyout,Luxury,Men,Core Basic,Core,0,1,0.2642886352049777,0.0021394736842105,0.0008065789473684,2192852.75,16,8591,128.76315789473685,920.9035526315788,0.20357658145610472,0.7964234185438953,0.1526,0.0509765814561047,Low Margin + Low Sell-through,Clearance / Eliminate,High
2026-04-01,SKU00312,Reebok Underwear,Tier 2,Lifestyle Apparel,Consignment,Entry,Unisex,Core Basic,Core,0,1,0.8345146740085525,0.0127697368421052,0.0111894736842105,66837.54,96,8547,134.78947368421052,605.1139473684211,0.19829158594149623,0.8017084140585038,0.0496,0.14869158594149623,High Margin + High Sell-through,Main Push / Monitor Inventory,Low
2026-04-01,SKU00313,On Running,Tier 1,Performance Apparel,Consignment,Luxury,Unisex,Performance,Seasonal,0,0,0.8218290384271425,0.0063907894736842,0.0116342105263157,442448.57,52,8777,137.05263157894737,773.4939473684211,0.22786157742980387,0.7721384225701962,0.0246,0.20326157742980386,High Margin + High Sell-through,Main Push / Monitor Inventory,Low
2026-04-01,SKU00314,Cole Haan,Tier 2,Performance Apparel,Consignment,Luxury,Unisex,Core Basic,Core,0,1,0.8222361918125081,0.0034078947368421,0.0046815789473684,526899.36,37,10608,217.80263157894737,834.171052631579,0.1559578680135804,0.8440421319864196,0.0302,0.12575786801358038,High Margin + Low Sell-through,Targeted Marketing / Control Inventory,Medium
2026-04-01,SKU00315,Under Armour,Tier 3,Training Shoes,Buyout,Mass,Kids,Core Basic,Core,0,1,0.4055521779433964,0.0195184210526315,0.0146894736842105,655961.76,169,8622,140.92105263157896,389.3507894736842,0.2006307210445435,0.7993692789554565,0.1197,0.08093072104454349,Low Margin + High Sell-through,Traffic Driver / Control Discount,Medium
2026-04-01,SKU00316,Brand A,Tier 2,Lifestyle Apparel,Own Brand,Entry,Unisex,Core Basic,Seasonal,1,0,-0.5638918676813224,0.048253947368421,-0.020125,482275.83,422,9341,295.0,201.49052631578948,0.12932928453071368,0.8706707154692863,0.20369999999999996,-0.07437071546928628,Low Margin + High Sell-through,Traffic Driver / Control Discount,Medium
2026-04-01,SKU00317,On Running,Tier 1,Underwear,Consignment,Entry,Women,Core Basic,Seasonal,1,0,0.8291630026381005,0.0026210526315789,0.0017671052631578,68099.67,21,8397,301.4868421052632,905.421052631579,0.13519194534049275,0.8648080546595073,0.0355,0.09969194534049275,High Margin + Low Sell-through,Targeted Marketing / Control Inventory,Medium
2026-04-01,SKU00318,Asics,Tier 3,Training Shoes,Buyout,Mass,Unisex,Core Basic,Core,0,1,0.5379746712185508,0.0045947368421052,0.0057934210526315,548097.76,37,8548,126.36842105263158,806.3421052631579,0.19654529347593017,0.8034547065240698,0.08530000000000001,0.11124529347593015,High Margin + Low Sell-through,Targeted Marketing / Control Inventory,Medium
2026-04-01,SKU00319,The North Face,Tier 3,Yoga Apparel,Buyout,Premium,Women,Core Basic,Seasonal,1,0,0.4853243985909126,0.0034618421052631,0.0038894736842105,749641.2,24,8360,290.5263157894737,850.2631578947369,0.1312770147929506,0.8687229852070494,0.0694,0.06187701479295059,Low Margin + Low Sell-through,Clearance / Eliminate,High
2026-04-01,SKU00320,Columbia,Tier 3,Kids Apparel,Consignment,Entry,Women,Performance,Seasonal,0,1,0.8364707863276646,0.002603947368421,0.0118368421052631,33750.36,17,8172,147.78947368421052,906.824605263158,0.1969058313985456,0.8030941686014544,0.0162,0.1807058313985456,High Margin + Low Sell-through,Targeted Marketing / Control Inventory,Medium
2026-04-01,SKU00321,Skechers,Tier 3,Sportswear,Buyout,Mass,Unisex,Core Basic,Core,0,1,0.6015490689299481,0.0132460526315789,0.0222671052631578,216526.32,101,8277,114.72368421052632,606.6647368421052,0.20099192221758452,0.7990080777824154,0.0835,0.11749192221758452,High Margin + High Sell-through,Main Push / Monitor Inventory,Low
2026-04-01,SKU00322,Brand A,Tier 2,Bags,Own Brand,Entry,Women,Performance,Seasonal,0,1,0.2838032220943614,0.0008473684210526,0.0003736842105263,455578.5,7,9150,144.76315789473685,958.6315789473684,0.24928555206480185,0.7507144479351981,0.18849999999999997,0.06078555206480188,Low Margin + Low Sell-through,Clearance / Eliminate,High
2026-04-01,SKU00323,The North Face,Tier 3,Bags,Consignment,Premium,Women,Core Basic,Core,0,1,0.8154224683517334,0.0234263157894736,0.0292513157894736,410723.97,170,8011,134.76315789473685,462.6822368421052,0.1966130435002559,0.8033869564997441,0.0367,0.1599130435002559,High Margin + High Sell-through,Main Push / Monitor Inventory,Low
2026-04-01,SKU00324,Fila,Tier 3,Outdoor Apparel,Buyout,Mass,Unisex,Fashion,Seasonal,0,1,0.5184003213640117,0.0070973684210526,0.0084342105263157,398159.3,52,8722,121.52631578947368,742.8447368421052,0.1969096796665835,0.8030903203334165,0.0967,0.10020967966658349,High Margin + High Sell-through,Main Push / Monitor Inventory,Low
2026-04-01,SKU00325,Under Armour,Tier 3,Lifestyle Apparel,Buyout,Mass,Men,Performance,Seasonal,0,0,0.3820225270239116,0.019925,0.0136526315789473,713620.7,154,7930,129.18421052631578,450.7952631578948,0.2008142527890196,0.7991857472109805,0.12470000000000002,0.07611425278901958,Low Margin + High Sell-through,Traffic Driver / Control Discount,Medium
2026-04-01,SKU00326,New Balance,Tier 3,Running Shoes,Buyout,Premium,Kids,Core Basic,Seasonal,1,0,0.3723573851693063,0.0056644736842105,0.0038407894736842,528216.92,46,8057,316.1578947368421,727.3464473684211,0.1262847346201508,0.8737152653798492,0.0809,0.0453847346201508,Low Margin + Low Sell-through,Clearance / Eliminate,High
2026-04-01,SKU00327,Salomon,Tier 3,Accessories,Buyout,Mass,Women,Core Basic,Core,0,1,0.5514911003720273,0.004478947368421,0.0058052631578947,407105.02,41,8246,130.03947368421052,815.3227631578948,0.20314939879355215,0.7968506012064478,0.0872,0.11594939879355215,High Margin + Low Sell-through,Targeted Marketing / Control Inventory,Medium
2026-04-01,SKU00328,Lululemon,Tier 1,Running Shoes,Consignment,Luxury,Kids,Fashion,Seasonal,0,1,0.8210719935253652,0.014925,0.0234171052631578,351072.1,95,8245,138.1315789473684,597.4769736842105,0.23209531687917387,0.7679046831208262,0.0266,0.20549531687917388,High Margin + High Sell-through,Main Push / Monitor Inventory,Low
2026-04-01,SKU00329,Columbia,Tier 3,Bags,Consignment,Premium,Men,Fashion,Seasonal,0,1,0.8295006877707805,0.0207960526315789,0.0251157894736842,320298.24,176,8376,139.25,403.9739473684211,0.1997352954230361,0.8002647045769639,0.0384,0.16133529542303612,High Margin + High Sell-through,Main Push / Monitor Inventory,Low
2026-04-01,SKU00330,Adidas,Tier 1,Kids Apparel,Buyout,Mass,Kids,Core Basic,Seasonal,1,0,-0.0517018118955591,0.0189881578947368,-0.0005171052631578,536304.12,149,8261,289.10526315789474,433.77013157894737,0.12745896943992666,0.8725410305600734,0.1325,-0.005041030560073351,Low Margin + High Sell-through,Traffic Driver / Control Discount,Medium
2026-04-01,SKU00331,Brooks Brothers,Tier 1,Yoga Apparel,Buyout,Mass,Men,Fashion,Seasonal,1,0,0.3639295658967528,0.0014881578947368,0.0008223684210526,270597.6,9,7670,290.82894736842104,952.9605263157896,0.12519182807524534,0.8748081719247547,0.0784,0.046791828075245345,Low Margin + Low Sell-through,Clearance / Eliminate,High
2026-04-01,SKU00332,Under Armour,Tier 3,Yoga Apparel,Buyout,Premium,Women,Fashion,Seasonal,0,1,0.3883127962239477,0.0181210526315789,0.0122684210526315,998865.16,115,7636,132.73684210526315,511.2077631578948,0.20166374278050528,0.7983362572194947,0.12090000000000001,0.08076374278050527,Low Margin + High Sell-through,Traffic Driver / Control Discount,Medium
2026-04-01,SKU00333,Brand B,Tier 2,Accessories,Own Brand,Entry,Women,Performance,Seasonal,0,1,0.3836709128924995,0.0103763157894736,0.0073078947368421,156228.82,77,8989,148.02631578947367,696.5189473684211,0.25599849252543866,0.7440015074745614,0.1601,0.09589849252543867,Low Margin + High Sell-through,Traffic Driver / Control Discount,Medium
2026-04-01,SKU00334,Champion,Tier 3,Outdoor Apparel,Buyout,Premium,Men,Limited,Seasonal,0,1,0.1357501483294859,0.0047802631578947,0.0009171052631578,1601661.6,36,8316,138.47368421052633,824.7482894736843,0.19780257158803172,0.8021974284119683,0.1709,0.02690257158803172,Low Margin + Low Sell-through,Clearance / Eliminate,High
2026-04-01,SKU00335,Adidas,Tier 1,Sportswear,Consignment,Mass,Women,Core Basic,Seasonal,1,0,0.8148827225365024,0.0072263157894736,0.0079381578947368,66825.86,43,7946,311.60526315789474,803.6903947368421,0.1337342436223242,0.8662657563776758,0.027,0.1067342436223242,High Margin + High Sell-through,Main Push / Monitor Inventory,Low
2026-04-01,SKU00336,Cole Haan,Tier 2,Running Shoes,Buyout,Premium,Women,Fashion,Seasonal,0,0,0.615005119612771,0.0054381578947368,0.0097328947368421,848205.6,47,10146,218.94736842105263,771.3009210526316,0.15683210487740795,0.843167895122592,0.0578,0.09903210487740796,High Margin + Low Sell-through,Targeted Marketing / Control Inventory,Medium
2026-04-01,SKU00337,Brand A,Tier 2,Outdoor Apparel,Own Brand,Luxury,Men,Core Basic,Core,0,1,0.5249558267643311,0.0076592105263157,0.0094565789473684,1832155.56,66,8703,127.75,717.0280263157895,0.25328131338547905,0.746718686614521,0.1138,0.13948131338547903,High Margin + High Sell-through,Main Push / Monitor Inventory,Low
2026-04-01,SKU00338,Brooks Brothers,Tier 1,Basketball Shoes,Buyout,Premium,Women,Core Basic,Core,0,1,0.3767236728071874,0.0027355263157894,0.0019157894736842,1377217.16,20,8308,124.0,882.421052631579,0.2316167881676487,0.7683832118323513,0.148,0.0836167881676487,Low Margin + Low Sell-through,Clearance / Eliminate,High
2026-04-01,SKU00339,Brand A,Tier 2,Training Shoes,Own Brand,Mass,Men,Performance,Seasonal,0,1,0.4091403615787196,0.017875,0.0137592105263157,792637.02,154,9954,137.77631578947367,472.4907894736842,0.2522376217240054,0.7477623782759946,0.1473,0.10493762172400539,Low Margin + High Sell-through,Traffic Driver / Control Discount,Medium
2026-04-01,SKU00340,The North Face,Tier 3,Running Shoes,Buyout,Premium,Men,Limited,Seasonal,0,1,0.3250166330291281,0.0112118421052631,0.0064565789473684,1657718.79,90,8211,129.28947368421052,663.1676315789473,0.19954021668607577,0.8004597833139242,0.1299,0.06964021668607578,Low Margin + High Sell-through,Traffic Driver / Control Discount,Medium
2026-04-01,SKU00341,Adidas,Tier 1,Basketball Shoes,Consignment,Mass,Unisex,Fashion,Seasonal,0,1,0.8262476324443045,0.0071276315789473,0.0146802631578947,116009.79,53,8187,152.6184210526316,762.5509210526316,0.2309150464004265,0.7690849535995735,0.0255,0.20541504640042652,High Margin + High Sell-through,Main Push / Monitor Inventory,Low
2026-04-01,SKU00342,Champion,Tier 3,Accessories,Buyout,Mass,Women,Performance,Seasonal,0,1,0.4875515841888065,0.0023776315789473,0.0025342105263157,619980.75,21,8665,136.14473684210526,885.9605263157895,0.1944711002146367,0.8055288997853634,0.1141,0.08037110021463671,Low Margin + Low Sell-through,Clearance / Eliminate,High
2026-04-01,SKU00343,Cole Haan,Tier 2,Outdoor Apparel,Buyout,Mass,Men,Clearance,Seasonal,1,0,0.3205174416276183,0.0035184210526315,0.0017921052631578,699717.76,34,10016,222.35526315789477,843.0351315789474,0.1586762886195922,0.8413237113804077,0.1152,0.04347628861959221,Low Margin + Low Sell-through,Clearance / Eliminate,High
2026-04-01,SKU00344,Lululemon,Tier 1,Underwear,Consignment,Mass,Men,Limited,Seasonal,0,1,0.824997211110934,0.0105881578947368,0.0197802631578947,173463.82,63,8102,137.64473684210526,703.3922368421053,0.22947008847509862,0.7705299115249014,0.0376,0.19187008847509862,High Margin + High Sell-through,Main Push / Monitor Inventory,Low
2026-04-01,SKU00345,New Balance,Tier 3,Running Shoes,Consignment,Mass,Men,Performance,Seasonal,0,0,0.8253210424436995,0.0081210526315789,0.0109578947368421,155441.94,66,8718,144.25,739.1605263157894,0.1952440688517507,0.8047559311482493,0.029499999999999995,0.1657440688517507,High Margin + High Sell-through,Main Push / Monitor Inventory,Low
2026-04-01,SKU00346,Salomon,Tier 3,Kids Apparel,Buyout,Premium,Men,Core Basic,Core,0,1,0.3791341374359263,0.0129618421052631,0.008478947368421,1148098.4,101,8236,137.0,611.4319736842106,0.19620399512346862,0.8037960048765314,0.1212,0.07500399512346861,Low Margin + High Sell-through,Traffic Driver / Control Discount,Medium
2026-04-01,SKU00347,Skechers,Tier 3,Kids Apparel,Buyout,Mass,Men,Fashion,Seasonal,0,1,0.534108770826784,0.0042894736842105,0.0054578947368421,412246.8,26,8036,140.80263157894737,876.4167105263158,0.20218992814782788,0.7978100718521721,0.099,0.10318992814782788,High Margin + Low Sell-through,Targeted Marketing / Control Inventory,Medium
2026-04-01,SKU00348,Hoka,Tier 1,Outdoor Apparel,Consignment,Premium,Unisex,Performance,Seasonal,0,1,0.8143915458294533,0.0035526315789473,0.0059407894736842,370530.0,30,8625,143.71052631578948,860.7105263157895,0.23048683242144993,0.76951316757855,0.0346,0.19588683242144994,High Margin + Low Sell-through,Targeted Marketing / Control Inventory,Medium
2026-04-01,SKU00349,Brooks Brothers,Tier 1,Lifestyle Apparel,Buyout,Mass,Men,Performance,Seasonal,0,1,0.576523849981794,0.0111894736842105,0.0181486842105263,339205.77,86,8361,139.78947368421052,653.1661842105262,0.23514263982109532,0.7648573601789047,0.10040000000000002,0.1347426398210953,High Margin + High Sell-through,Main Push / Monitor Inventory,Low
2026-04-01,SKU00350,Columbia,Tier 3,Accessories,Consignment,Mass,Women,Limited,Seasonal,0,1,0.8231133737316797,0.0094631578947368,0.0136513157894736,187997.68,69,8476,118.38157894736842,671.0261842105263,0.20185839719139875,0.7981416028086012,0.0354,0.16645839719139877,High Margin + High Sell-through,Main Push / Monitor Inventory,Low
2026-04-01,SKU00351,Nike,Tier 1,Kids Apparel,Consignment,Mass,Men,Core Basic,Seasonal,1,0,0.8206379666383347,0.03455,0.074875,48888.65,240,7699,296.32894736842104,367.83171052631576,0.12814220046656027,0.8718577995334398,0.0176,0.11054220046656027,High Margin + High Sell-through,Main Push / Monitor Inventory,Low
2026-04-01,SKU00352,Brand B,Tier 2,Accessories,Own Brand,Mass,Women,Core Basic,Seasonal,0,0,0.250103643567069,0.0018894736842105,0.0005868421052631,1203372.56,16,9256,121.42105263157896,926.671052631579,0.2714836930788252,0.7285163069211749,0.2176,0.05388369307882521,Low Margin + Low Sell-through,Clearance / Eliminate,High
2026-04-01,SKU00353,On Running,Tier 1,Bags,Consignment,Entry,Kids,Core Basic,Seasonal,0,0,0.8237862862862863,0.0163736842105263,0.0435763157894736,37287.25,124,8195,140.8421052631579,548.4542105263157,0.23136262298075677,0.7686373770192432,0.0164,0.21496262298075677,High Margin + High Sell-through,Main Push / Monitor Inventory,Low
2026-04-01,SKU00354,Patagonia,Tier 3,Sportswear,Buyout,Mass,Women,Core Basic,Core,0,1,0.0856476079346557,0.0057592105263157,0.0007973684210526,981576.54,49,8351,130.8815789473684,789.3930263157895,0.20206448494925489,0.7979355150507451,0.1784,0.023664484949254883,Low Margin + Low Sell-through,Clearance / Eliminate,High
2026-04-01,SKU00355,Hoka,Tier 1,Yoga Apparel,Consignment,Premium,Men,Fashion,Seasonal,0,1,0.826330057103408,0.0050473684210526,0.0084105263157894,426253.12,36,8444,140.1315789473684,822.1623684210526,0.22657616759054455,0.7734238324094554,0.0414,0.18517616759054456,High Margin + Low Sell-through,Targeted Marketing / Control Inventory,Medium
2026-04-01,SKU00356,Brand B,Tier 2,Running Shoes,Own Brand,Premium,Women,Limited,Seasonal,0,1,0.2323454742675837,0.0072934210526315,0.0023184210526315,2486466.0,64,9630,142.46052631578948,723.8614473684211,0.25239050351685854,0.7476094964831415,0.1994,0.05299050351685855,Low Margin + High Sell-through,Traffic Driver / Control Discount,Medium
2026-04-01,SKU00357,The North Face,Tier 3,Lifestyle Apparel,Buyout,Mass,Unisex,Performance,Seasonal,1,0,0.4817441452675058,0.0118276315789473,0.012628947368421,379335.0,84,7986,318.6842105263158,655.8088157894737,0.12803325156902512,0.8719667484309749,0.0655,0.06253325156902512,Low Margin + High Sell-through,Traffic Driver / Control Discount,Medium
2026-04-01,SKU00358,Reebok Underwear,Tier 2,Performance Apparel,Buyout,Premium,Women,Clearance,Seasonal,1,0,0.3760743199800553,0.0041052631578947,0.0027592105263157,1610423.4,30,8467,132.43421052631578,846.0351315789474,0.20277578352643433,0.7972242164735657,0.1232,0.07957578352643432,Low Margin + Low Sell-through,Clearance / Eliminate,High
2026-04-01,SKU00359,Brand B,Tier 2,Basketball Shoes,Own Brand,Mass,Women,Limited,Seasonal,0,1,0.4038937486665244,0.0016973684210526,0.0012631578947368,883151.16,17,8956,138.5921052631579,934.9105263157894,0.260517192862344,0.739482807137656,0.1573,0.10321719286234399,Low Margin + Low Sell-through,Clearance / Eliminate,High
2026-04-01,SKU00360,Salomon,Tier 3,Running Shoes,Buyout,Luxury,Women,Core Basic,Core,0,1,0.1766361416598409,0.014503947368421,0.0037394736842105,2250447.92,113,8564,144.72368421052633,553.5646052631579,0.19793649908547908,0.8020635009145209,0.1635,0.03443649908547908,Low Margin + High Sell-through,Traffic Driver / Control Discount,Medium
2026-04-01,SKU00361,The North Face,Tier 3,Accessories,Buyout,Entry,Men,Fashion,Seasonal,0,1,0.3621940163191296,0.0033802631578947,0.0019013157894736,119327.67,25,8481,145.0921052631579,869.1009210526315,0.20222320153177523,0.7977767984682248,0.13899999999999998,0.06322320153177524,Low Margin + Low Sell-through,Clearance / Eliminate,High
2026-04-01,SKU00362,Brooks Brothers,Tier 1,Outdoor Apparel,Buyout,Luxury,Women,Core Basic,Seasonal,0,0,0.5356069184275175,0.0036381578947368,0.0046197368421052,1706512.32,34,8416,130.0921052631579,876.3973684210526,0.23995030232666706,0.760049697673333,0.1132,0.12675030232666706,High Margin + Low Sell-through,Targeted Marketing / Control Inventory,Medium
2026-04-01,SKU00363,Under Armour,Tier 3,Accessories,Buyout,Mass,Unisex,Fashion,Seasonal,0,1,0.4069378927785816,0.0048578947368421,0.0035013157894736,408219.78,39,8282,128.26315789473685,831.4219736842106,0.19682982885725406,0.8031701711427459,0.1185,0.07832982885725406,Low Margin + Low Sell-through,Clearance / Eliminate,High
2026-04-01,SKU00364,Brand A,Tier 2,Outdoor Apparel,Own Brand,Premium,Unisex,Performance,Seasonal,0,1,0.5472444020813476,0.0149368421052631,0.0208868421052631,1573516.35,115,9051,130.93421052631578,569.061052631579,0.24923970983171426,0.7507602901682857,0.1147,0.13453970983171426,High Margin + High Sell-through,Main Push / Monitor Inventory,Low
2026-04-01,SKU00365,On Running,Tier 1,Performance Apparel,Consignment,Mass,Kids,Core Basic,Core,0,1,0.831737609105241,0.0047328947368421,0.0121118421052631,90364.5,37,8406,134.14473684210526,799.3332894736842,0.23478811819800002,0.765211881802,0.0168,0.217988118198,High Margin + Low Sell-through,Targeted Marketing / Control Inventory,Medium
2026-04-01,SKU00366,Brand B,Tier 2,Kids Apparel,Own Brand,Mass,Men,Core Basic,Core,0,1,0.4239846753694953,0.0041236842105263,0.003253947368421,788167.6,34,9020,137.25,851.5052631578948,0.2490680200545531,0.7509319799454469,0.145,0.10406802005455312,Low Margin + Low Sell-through,Clearance / Eliminate,High
2026-04-01,SKU00367,Adidas,Tier 1,Yoga Apparel,Consignment,Entry,Kids,Performance,Seasonal,0,0,0.8262384294578374,0.0083105263157894,0.0310552631578947,43582.06,56,8479,134.89473684210526,735.7805263157894,0.2336525871203658,0.7663474128796341,0.0177,0.2159525871203658,High Margin + High Sell-through,Main Push / Monitor Inventory,Low
2026-04-01,SKU00368,Puma,Tier 3,Sportswear,Buyout,Mass,Men,Core Basic,Seasonal,0,0,0.3995833588287321,0.0060578947368421,0.0046921052631578,711696.7,50,8242,136.53947368421052,776.4768421052631,0.19386025994276063,0.8061397400572394,0.1093,0.08456025994276063,Low Margin + Low Sell-through,Clearance / Eliminate,High
2026-04-01,SKU00369,Adidas,Tier 1,Bags,Consignment,Entry,Women,Performance,Seasonal,0,1,0.8110078822433727,0.0033868421052631,0.0055592105263157,98879.94,21,8199,145.94736842105263,869.828947368421,0.22830242854107327,0.7716975714589267,0.0422,0.18610242854107328,High Margin + Low Sell-through,Targeted Marketing / Control Inventory,Medium
2026-04-01,SKU00370,Hoka,Tier 1,Sportswear,Buyout,Mass,Kids,Limited,Seasonal,0,0,0.5452505789050596,0.0018684210526315,0.0025552631578947,534291.86,12,8458,143.21052631578948,921.7851315789474,0.23113609709568173,0.7688639029043183,0.11279999999999998,0.11833609709568174,High Margin + Low Sell-through,Targeted Marketing / Control Inventory,Medium
2026-04-01,SKU00371,Brand A,Tier 2,Sportswear,Own Brand,Premium,Unisex,Fashion,Seasonal,0,1,0.2511626830645317,0.0156421052631578,0.0054815789473684,1749009.9,125,9255,132.21052631578948,538.731447368421,0.2514243628839476,0.7485756371160524,0.1864,0.06502436288394758,Low Margin + High Sell-through,Traffic Driver / Control Discount,Medium
2026-04-01,SKU00372,Under Armour,Tier 3,Kids Apparel,Consignment,Mass,Unisex,Clearance,Seasonal,1,0,0.8240328724004072,0.0093355263157894,0.0135671052631578,204408.0,62,7650,134.21052631578948,715.9913157894737,0.19863890534926543,0.8013610946507346,0.0343,0.16433890534926543,High Margin + High Sell-through,Main Push / Monitor Inventory,Low
2026-04-01,SKU00373,New Balance,Tier 3,Outdoor Apparel,Buyout,Premium,Men,Core Basic,Core,0,1,0.3293805309734513,0.00035,0.0002013157894736,1700503.2,3,7920,149.39473684210526,980.5526315789474,0.21169179520796266,0.7883082047920373,0.1526,0.05909179520796265,Low Margin + Low Sell-through,Clearance / Eliminate,High
2026-04-01,SKU00374,Asics,Tier 3,Sportswear,Buyout,Mass,Men,Core Basic,Core,0,1,0.4291959749065505,0.0168052631578947,0.0141144736842105,474993.75,136,7755,141.3815789473684,541.1836842105263,0.1950327945886546,0.8049672054113454,0.1145,0.0805327945886546,Low Margin + High Sell-through,Traffic Driver / Control Discount,Medium
2026-04-01,SKU00375,Salomon,Tier 3,Lifestyle Apparel,Buyout,Entry,Women,Core Basic,Seasonal,0,0,0.3082317995544432,0.0006749999999999,0.0003473684210526,351289.6,6,8380,127.0,968.9605263157896,0.1980393554100964,0.8019606445899036,0.1402,0.05783935541009641,Low Margin + Low Sell-through,Clearance / Eliminate,High
2026-04-01,SKU00376,Puma,Tier 3,Sportswear,Consignment,Premium,Men,Core Basic,Core,0,1,0.8074705471246006,0.0017960526315789,0.0018263157894736,349848.0,17,8600,141.10526315789474,921.0131578947368,0.1982891189788059,0.8017108810211941,0.0432,0.1550891189788059,High Margin + Low Sell-through,Targeted Marketing / Control Inventory,Medium
2026-04-01,SKU00377,Reebok Underwear,Tier 2,Kids Apparel,Consignment,Mass,Kids,Fashion,Seasonal,1,0,0.8180163607186192,0.0045157894736842,0.0040315789473684,124037.1,36,8415,291.4868421052632,828.3351315789474,0.1347104471721735,0.8652895528278265,0.0401,0.09461044717217351,High Margin + Low Sell-through,Targeted Marketing / Control Inventory,Medium
2026-04-01,SKU00378,Cole Haan,Tier 2,Sportswear,Buyout,Entry,Women,Core Basic,Seasonal,1,0,0.0302756439222774,0.0042960526315789,0.0001447368421052,376790.04,37,9843,283.0921052631579,840.2535526315789,0.12792207334715272,0.8720779266528473,0.1296,-0.0016779266528472725,Low Margin + Low Sell-through,Clearance / Eliminate,High
2026-04-01,SKU00379,Brand B,Tier 2,Kids Apparel,Own Brand,Premium,Unisex,Performance,Seasonal,0,1,0.2401060176297487,0.0051671052631578,0.0017973684210526,1269786.72,38,8436,139.9078947368421,810.1359210526316,0.2429883637865032,0.7570116362134968,0.1818,0.06118836378650322,Low Margin + Low Sell-through,Clearance / Eliminate,High
2026-04-01,SKU00380,Cole Haan,Tier 2,Performance Apparel,Buyout,Luxury,Kids,Fashion,Seasonal,0,0,0.5841819862776986,0.0029736842105263,0.0045657894736842,1188618.0,19,9528,197.35526315789477,915.811447368421,0.15731940513662598,0.842680594863374,0.0672,0.09011940513662599,High Margin + Low Sell-through,Targeted Marketing / Control Inventory,Medium
2026-04-01,SKU00381,Columbia,Tier 3,Accessories,Buyout,Entry,Men,Performance,Seasonal,0,1,0.6014615223654771,0.0095921052631578,0.0173421052631578,209469.6,70,8460,134.98684210526315,721.1077631578947,0.20423109843081313,0.7957689015691869,0.0841,0.12013109843081314,High Margin + High Sell-through,Main Push / Monitor Inventory,Low
2026-04-01,SKU00382,Fila,Tier 3,Training Shoes,Buyout,Premium,Men,Clearance,Seasonal,1,0,0.2225735310664536,0.0127657894736842,0.0039473684210526,1880481.15,96,8165,125.39473684210526,636.7428947368421,0.1976479056746398,0.8023520943253601,0.15750000000000003,0.04014790567463977,Low Margin + High Sell-through,Traffic Driver / Control Discount,Medium
2026-04-01,SKU00383,Puma,Tier 3,Running Shoes,Buyout,Premium,Women,Performance,Seasonal,0,1,0.6111093223613304,0.0069802631578947,0.0118144736842105,727183.3,55,8714,149.97368421052633,733.8377631578948,0.19755691188207922,0.8024430881179208,0.0806,0.11695691188207921,High Margin + High Sell-through,Main Push / Monitor Inventory,Low
2026-04-01,SKU00384,Fila,Tier 3,Running Shoes,Consignment,Premium,Kids,Performance,Seasonal,0,1,0.8208527919584637,0.0072960526315789,0.0202065789473684,110076.75,63,8435,132.48684210526315,706.4684210526316,0.193976194177874,0.806023805822126,0.0137,0.18027619417787402,High Margin + High Sell-through,Main Push / Monitor Inventory,Low
2026-04-01,SKU00385,Reebok Underwear,Tier 2,Outdoor Apparel,Buyout,Luxury,Men,Clearance,Seasonal,1,0,0.2878942939074058,0.0029605263157894,0.0015368421052631,2191151.2,21,8392,130.18421052631578,882.3947368421053,0.19305822658278737,0.8069417734172126,0.1337,0.05935822658278736,Low Margin + Low Sell-through,Clearance / Eliminate,High
2026-04-01,SKU00386,Lululemon,Tier 1,Basketball Shoes,Buyout,Mass,Men,Performance,Seasonal,0,0,0.3672961067304418,0.0079802631578947,0.0052302631578947,757267.84,49,7862,136.52631578947367,759.6753947368421,0.23257380439403658,0.7674261956059634,0.1485,0.08407380439403658,Low Margin + High Sell-through,Traffic Driver / Control Discount,Medium
2026-04-01,SKU00387,Puma,Tier 3,Performance Apparel,Buyout,Premium,Unisex,Performance,Seasonal,0,0,0.167523734627534,0.0089368421052631,0.0019065789473684,2297754.06,67,8421,143.18421052631578,680.1027631578947,0.20096783262760437,0.7990321673723957,0.1744,0.02656783262760437,Low Margin + High Sell-through,Traffic Driver / Control Discount,Medium
2026-04-01,SKU00388,Brand B,Tier 2,Kids Apparel,Own Brand,Entry,Kids,Performance,Seasonal,0,1,0.410112687407078,0.0139052631578947,0.0110407894736842,166704.86,114,8953,136.46052631578948,527.0657894736842,0.25105172362154127,0.7489482763784587,0.1439,0.10715172362154127,Low Margin + High Sell-through,Traffic Driver / Control Discount,Medium
2026-04-01,SKU00389,Skechers,Tier 3,Lifestyle Apparel,Buyout,Mass,Men,Fashion,Seasonal,1,0,0.4581026969732658,0.0046105263157894,0.004778947368421,315608.94,35,8574,306.39473684210526,828.2238157894737,0.13408997222782212,0.8659100277721778,0.0725,0.06158997222782213,Low Margin + Low Sell-through,Clearance / Eliminate,High
2026-04-01,SKU00390,Adidas,Tier 1,Yoga Apparel,Buyout,Mass,Women,Core Basic,Seasonal,0,0,0.4595166753517457,0.0041355263157894,0.0041105263157894,506147.5,25,7625,143.39473684210526,870.4499999999999,0.23043361086839348,0.7695663891316065,0.12,0.11043361086839348,Low Margin + Low Sell-through,Clearance / Eliminate,High
2026-04-01,SKU00391,Adidas,Tier 1,Basketball Shoes,Consignment,Mass,Women,Core Basic,Seasonal,0,0,0.8107640469902558,0.0003,0.000475,189573.76,3,8896,134.25,980.8815789473684,0.25495135243314804,0.745048647566852,0.0328,0.22215135243314804,High Margin + Low Sell-through,Targeted Marketing / Control Inventory,Medium
2026-04-01,SKU00392,Under Armour,Tier 3,Training Shoes,Consignment,Premium,Unisex,Core Basic,Seasonal,1,0,0.8187932686101732,0.021803947368421,0.0277605263157894,210882.86,167,8114,302.10526315789474,448.9592105263158,0.12999737246130003,0.8700026275387,0.0308,0.09919737246130003,High Margin + High Sell-through,Main Push / Monitor Inventory,Low
2026-04-01,SKU00393,Brand B,Tier 2,Accessories,Own Brand,Mass,Kids,Core Basic,Core,0,1,0.3421985909091389,0.0199486842105263,0.0119342105263157,715210.14,164,9402,134.06578947368422,424.7496052631579,0.25056335116758593,0.749436648832414,0.1661,0.08446335116758594,Low Margin + High Sell-through,Traffic Driver / Control Discount,Medium
2026-04-01,SKU00394,Nike,Tier 1,Outdoor Apparel,Consignment,Luxury,Men,Core Basic,Seasonal,1,0,0.8154672281782195,0.0064184210526315,0.0088618421052631,294226.22,48,8198,300.92105263157896,740.6148684210526,0.12596207215408628,0.8740379278459137,0.0221,0.10386207215408627,High Margin + High Sell-through,Main Push / Monitor Inventory,Low
2026-04-01,SKU00395,Brand B,Tier 2,Kids Apparel,Own Brand,Premium,Men,Core Basic,Seasonal,0,0,0.4927620188885983,0.0079013157894736,0.0089157894736842,915813.92,55,8218,128.85526315789474,754.0184210526317,0.2488718487722747,0.7511281512277252,0.12329999999999999,0.1255718487722747,Low Margin + High Sell-through,Traffic Driver / Control Discount,Medium
2026-04-01,SKU00396,Adidas,Tier 1,Training Shoes,Buyout,Premium,Women,Fashion,Seasonal,0,1,0.3416868711703071,0.0178684210526315,0.0112881578947368,1926641.15,126,8545,141.47368421052633,522.8923684210527,0.22618237072960506,0.7738176292703949,0.1498,0.07638237072960508,Low Margin + High Sell-through,Traffic Driver / Control Discount,Medium
2026-04-01,SKU00397,Asics,Tier 3,Underwear,Consignment,Mass,Women,Fashion,Seasonal,0,1,0.8008305257384628,0.0025065789473684,0.0035934210526315,101021.25,20,8525,136.43421052631578,903.5368421052632,0.19283573681838664,0.8071642631816134,0.0334,0.15943573681838663,High Margin + Low Sell-through,Targeted Marketing / Control Inventory,Medium
2026-04-01,SKU00398,Lululemon,Tier 1,Sportswear,Buyout,Premium,Women,Performance,Seasonal,0,1,0.3953511255732204,0.0025842105263157,0.0018947368421052,1384128.0,22,8544,147.92105263157896,892.7719736842105,0.2317107016649799,0.7682892983350201,0.1357,0.09601070166497991,Low Margin + Low Sell-through,Clearance / Eliminate,High
2026-04-01,SKU00399,Asics,Tier 3,Performance Apparel,Consignment,Mass,Women,Core Basic,Core,0,1,0.8294141599931303,0.015728947368421,0.0138513157894736,269071.39,120,8231,127.9342105263158,526.343947368421,0.2064904251943643,0.7935095748056357,0.0434,0.1630904251943643,High Margin + High Sell-through,Main Push / Monitor Inventory,Low
2026-04-01,SKU00400,Hoka,Tier 1,Sportswear,Buyout,Entry,Women,Core Basic,Core,0,1,0.4579276401265609,0.0064,0.0060473684210526,202144.8,44,8360,141.67105263157896,802.4167105263158,0.23353504557772853,0.7664649544222715,0.1221,0.11143504557772853,Low Margin + High Sell-through,Traffic Driver / Control Discount,Medium
2026-04-01,SKU00401,Reebok Underwear,Tier 2,Yoga Apparel,Buyout,Mass,Women,Fashion,Seasonal,0,1,0.2328214042113137,0.0015,0.0005157894736842,755834.42,15,8129,125.21052631578948,930.328947368421,0.1902501398277054,0.8097498601722946,0.1584,0.031850139827705376,Low Margin + Low Sell-through,Clearance / Eliminate,High
2026-04-01,SKU00402,Puma,Tier 3,Performance Apparel,Buyout,Premium,Kids,Fashion,Seasonal,0,1,0.447305547666352,0.0078907894736842,0.0069986842105263,1379625.21,53,8559,138.72368421052633,745.3682894736842,0.19646951722194034,0.8035304827780596,0.10890000000000001,0.08756951722194033,Low Margin + High Sell-through,Traffic Driver / Control Discount,Medium
2026-04-01,SKU00403,Nike,Tier 1,Outdoor Apparel,Consignment,Mass,Unisex,Fashion,Seasonal,0,1,0.8210170459956195,0.0034592105263157,0.0106881578947368,114788.34,26,7873,142.31578947368422,857.4342105263158,0.2273121936743315,0.7726878063256685,0.0203,0.2070121936743315,High Margin + Low Sell-through,Targeted Marketing / Control Inventory,Medium
2026-04-01,SKU00404,Lululemon,Tier 1,Accessories,Consignment,Mass,Men,Core Basic,Core,0,1,0.8169572324861414,0.0172907894736842,0.0376065789473684,95746.42,130,8657,143.77631578947367,522.6165789473685,0.2333424555123603,0.7666575444876397,0.0248,0.2085424555123603,High Margin + High Sell-through,Main Push / Monitor Inventory,Low
2026-04-01,SKU00405,Under Armour,Tier 3,Performance Apparel,Consignment,Premium,Men,Core Basic,Seasonal,0,0,0.8403482349483893,0.0067671052631578,0.0131052631578947,337487.94,47,7737,123.27631578947368,761.5280263157895,0.2040827383927772,0.7959172616072228,0.0314,0.1726827383927772,High Margin + High Sell-through,Main Push / Monitor Inventory,Low
2026-04-01,SKU00406,Cole Haan,Tier 2,Running Shoes,Buyout,Premium,Unisex,Fashion,Seasonal,0,1,0.443410848109835,0.003703947368421,0.0028171052631578,1387302.74,31,11471,218.55263157894737,868.9,0.15574068993841153,0.8442593100615885,0.08730000000000002,0.06844068993841151,Low Margin + Low Sell-through,Clearance / Eliminate,High
2026-04-01,SKU00407,Brand B,Tier 2,Performance Apparel,Own Brand,Mass,Men,Core Basic,Core,0,1,0.1937260184765468,0.0033355263157894,0.0009842105263157,916241.07,25,9069,125.72368421052632,877.7938157894737,0.25252689952675417,0.7474731004732458,0.19919999999999996,0.05332689952675421,Low Margin + Low Sell-through,Clearance / Eliminate,High
2026-04-01,SKU00408,Brand A,Tier 2,Performance Apparel,Own Brand,Luxury,Men,Clearance,Seasonal,1,0,0.4361956404926655,0.0085960526315789,0.0070605263157894,2656932.67,73,9289,136.3421052631579,689.8526315789474,0.2478861177520331,0.7521138822479669,0.1387,0.1091861177520331,Low Margin + High Sell-through,Traffic Driver / Control Discount,Medium
2026-04-01,SKU00409,Puma,Tier 3,Yoga Apparel,Consignment,Premium,Unisex,Core Basic,Seasonal,1,0,0.8195866059826269,0.006153947368421,0.0083328947368421,182198.04,46,7932,308.32894736842104,775.9253947368421,0.12661691482249354,0.8733830851775064,0.025199999999999997,0.10141691482249354,High Margin + Low Sell-through,Targeted Marketing / Control Inventory,Medium
2026-04-01,SKU00410,Brand B,Tier 2,Sportswear,Own Brand,Premium,Unisex,Fashion,Seasonal,0,0,0.4358957290247109,0.0053131578947368,0.0046276315789473,1775301.45,41,9651,143.8815789473684,794.6973684210526,0.2490560409261706,0.7509439590738294,0.1459,0.10315604092617059,Low Margin + Low Sell-through,Clearance / Eliminate,High
2026-04-01,SKU00411,New Balance,Tier 3,Running Shoes,Buyout,Premium,Women,Performance,Seasonal,0,1,0.1146785106498649,0.0127565789473684,0.0023052631578947,2260888.28,98,8246,152.26315789473685,617.6890789473684,0.19715698322512076,0.8028430167748792,0.1732,0.02395698322512077,Low Margin + High Sell-through,Traffic Driver / Control Discount,Medium
2026-04-01,SKU00412,Cole Haan,Tier 2,Training Shoes,Buyout,Premium,Women,Clearance,Seasonal,1,0,0.6540245010811672,0.0198697368421052,0.0416881578947368,565216.29,178,9767,214.96052631578948,402.3917105263158,0.15715981808666485,0.8428401819133351,0.0534,0.10375981808666485,High Margin + High Sell-through,Main Push / Monitor Inventory,Low
2026-04-01,SKU00413,The North Face,Tier 3,Training Shoes,Buyout,Premium,Women,Core Basic,Seasonal,1,0,0.0668947469079831,0.010225,0.0011578947368421,1421148.15,81,8487,309.7631578947368,624.6443421052631,0.129724950468528,0.870275049531472,0.1233,0.006424950468527993,Low Margin + High Sell-through,Traffic Driver / Control Discount,Medium
2026-04-01,SKU00414,Cole Haan,Tier 2,Training Shoes,Buyout,Premium,Women,Performance,Seasonal,0,1,0.4923193906831346,0.0029065789473684,0.0030026315789473,1354568.8,24,10019,210.8947368421053,881.0131578947369,0.1620122504126564,0.8379877495873436,0.0857,0.07631225041265641,Low Margin + Low Sell-through,Clearance / Eliminate,High
2026-04-01,SKU00415,Brooks Brothers,Tier 1,Kids Apparel,Buyout,Premium,Unisex,Core Basic,Core,0,1,0.6242003844218211,0.0023526315789473,0.0043881578947368,695304.62,14,7853,142.8421052631579,901.7236842105264,0.22608606888012986,0.7739139311198702,0.0875,0.13858606888012986,High Margin + Low Sell-through,Targeted Marketing / Control Inventory,Medium
2026-04-01,SKU00416,Fila,Tier 3,Outdoor Apparel,Consignment,Luxury,Unisex,Performance,Seasonal,0,1,0.83308420845074,0.0087776315789473,0.0206381578947368,265072.5,58,7854,133.85526315789474,694.9605263157895,0.20110413280957962,0.7988958671904204,0.017,0.1841041328095796,High Margin + High Sell-through,Main Push / Monitor Inventory,Low
2026-04-01,SKU00417,Asics,Tier 3,Kids Apparel,Consignment,Mass,Men,Fashion,Seasonal,0,0,0.830336214817454,0.0068381578947368,0.0075552631578947,290820.7,53,8381,135.39473684210526,771.278947368421,0.2026342122799501,0.79736578772005,0.045,0.15763421227995011,High Margin + High Sell-through,Main Push / Monitor Inventory,Low
2026-04-01,SKU00418,The North Face,Tier 3,Training Shoes,Consignment,Mass,Men,Performance,Seasonal,0,0,0.8253883124651912,0.0042328947368421,0.0062618421052631,224622.84,32,7926,133.78947368421052,828.109605263158,0.20761128086880104,0.7923887191311989,0.0414,0.16621128086880105,High Margin + Low Sell-through,Targeted Marketing / Control Inventory,Medium
2026-04-01,SKU00419,Lululemon,Tier 1,Yoga Apparel,Consignment,Premium,Women,Core Basic,Seasonal,0,0,0.8138523559826053,0.0049342105263157,0.0088447368421052,254142.9,43,8514,138.14473684210526,782.2411842105263,0.2299559062307563,0.7700440937692437,0.0358,0.1941559062307563,High Margin + Low Sell-through,Targeted Marketing / Control Inventory,Medium
2026-04-01,SKU00420,Salomon,Tier 3,Underwear,Buyout,Entry,Men,Core Basic,Seasonal,0,0,0.365889633988717,0.0038776315789473,0.0022328947368421,206836.96,34,8432,133.32894736842104,827.8507894736842,0.2010562968996139,0.7989437031003861,0.1278,0.07325629689961391,Low Margin + Low Sell-through,Clearance / Eliminate,High
2026-04-01,SKU00421,Cole Haan,Tier 2,Bags,Buyout,Entry,Men,Limited,Seasonal,0,1,0.5831036675853296,0.0019473684210526,0.0032078947368421,161840.88,19,9773,221.5,922.2596052631578,0.1575334756924799,0.8424665243075201,0.0642,0.09333347569247992,High Margin + Low Sell-through,Targeted Marketing / Control Inventory,Medium
2026-04-01,SKU00422,Nike,Tier 1,Bags,Consignment,Premium,Men,Performance,Seasonal,0,1,0.8152337770091034,0.0036368421052631,0.0119921052631578,139455.33,28,8141,121.57894736842104,860.2807894736842,0.23783860273284863,0.7621613972671514,0.0124,0.22543860273284863,High Margin + Low Sell-through,Targeted Marketing / Control Inventory,Medium
2026-04-01,SKU00423,Salomon,Tier 3,Underwear,Buyout,Mass,Men,Limited,Seasonal,0,0,0.4470443349753694,9.605263157894737e-05,9.078947368421052e-05,761593.8,1,8481,148.30263157894737,993.0131578947368,0.20171673819742486,0.7982832618025751,0.1329,0.06881673819742487,Low Margin + Low Sell-through,Clearance / Eliminate,High
2026-04-01,SKU00424,Asics,Tier 3,Underwear,Buyout,Mass,Unisex,Clearance,Seasonal,1,0,0.2993806650540921,0.0135342105263157,0.0066907894736842,601730.22,92,8078,135.89473684210526,603.3288157894737,0.19489584509872934,0.8051041549012706,0.1362,0.058695845098729355,Low Margin + High Sell-through,Traffic Driver / Control Discount,Medium
2026-04-01,SKU00425,New Balance,Tier 3,Lifestyle Apparel,Buyout,Mass,Women,Core Basic,Core,0,1,0.5290199444067276,0.0021684210526315,0.0026921052631578,382387.2,16,8320,140.73684210526315,922.2903947368422,0.20668153689384622,0.7933184631061538,0.104,0.10268153689384622,High Margin + Low Sell-through,Targeted Marketing / Control Inventory,Medium
2026-04-01,SKU00426,Cole Haan,Tier 2,Lifestyle Apparel,Buyout,Entry,Women,Fashion,Seasonal,0,1,0.486340222095711,0.0055315789473684,0.0056763157894736,167895.63999999998,46,10313,208.46052631578948,779.7175,0.15922743509552778,0.8407725649044722,0.0832,0.07602743509552778,Low Margin + Low Sell-through,Clearance / Eliminate,High
2026-04-01,SKU00427,Salomon,Tier 3,Kids Apparel,Buyout,Premium,Women,Performance,Seasonal,0,1,0.6297553669495756,0.0005657894736842,0.0010473684210526,596839.68,4,8048,134.1315789473684,987.0263157894736,0.19666447561421369,0.8033355243857863,0.0814,0.11526447561421369,High Margin + Low Sell-through,Targeted Marketing / Control Inventory,Medium
2026-04-01,SKU00428,Asics,Tier 3,Sportswear,Consignment,Mass,Men,Performance,Seasonal,0,0,0.8365720982607745,0.0094973684210526,0.0192802631578947,156960.3,71,8610,139.48684210526315,690.5156578947368,0.2015587339370561,0.7984412660629439,0.0314,0.1701587339370561,High Margin + High Sell-through,Main Push / Monitor Inventory,Low
2026-04-01,SKU00429,Patagonia,Tier 3,Training Shoes,Consignment,Premium,Kids,Clearance,Seasonal,1,0,0.8153759516563965,0.0126815789473684,0.0237828947368421,176094.8,90,8540,135.43421052631578,594.844605263158,0.20047938161982162,0.7995206183801784,0.024700000000000003,0.17577938161982162,High Margin + High Sell-through,Main Push / Monitor Inventory,Low
2026-04-01,SKU00430,Brand A,Tier 2,Performance Apparel,Own Brand,Premium,Unisex,Core Basic,Core,0,1,0.2066900620461202,0.007878947368421,0.0023355263157894,2005028.08,62,9634,136.69736842105263,717.4036842105263,0.25849531489723204,0.741504685102768,0.1979,0.06059531489723205,Low Margin + High Sell-through,Traffic Driver / Control Discount,Medium
2026-04-01,SKU00431,Nike,Tier 1,Training Shoes,Buyout,Premium,Unisex,Core Basic,Core,0,1,0.2563601364558636,0.0062223684210526,0.0021407894736842,2081665.08,48,8322,155.44736842105263,777.2894736842105,0.22629262386090526,0.7737073761390947,0.1657,0.060592623860905276,Low Margin + Low Sell-through,Clearance / Eliminate,High
2026-04-01,SKU00432,Puma,Tier 3,Yoga Apparel,Consignment,Premium,Unisex,Clearance,Seasonal,1,0,0.8190489627475978,0.0059592105263157,0.0052447368421052,431295.92,37,7612,300.7368421052632,784.3157894736842,0.1278319116513359,0.8721680883486641,0.0457,0.0821319116513359,High Margin + Low Sell-through,Targeted Marketing / Control Inventory,Medium
2026-04-01,SKU00433,Puma,Tier 3,Yoga Apparel,Buyout,Entry,Kids,Fashion,Seasonal,0,0,0.0821391536349093,0.0180513157894736,0.0023394736842105,413966.54,143,8402,130.81578947368422,468.61657894736845,0.1992583559279502,0.8007416440720498,0.1794,0.019858355927950183,Low Margin + High Sell-through,Traffic Driver / Control Discount,Medium
2026-04-01,SKU00434,Nike,Tier 1,Kids Apparel,Buyout,Mass,Men,Limited,Seasonal,0,1,0.4882522410844438,0.0027513157894736,0.0028947368421052,725843.8,20,8140,125.36842105263158,895.5219736842105,0.24592963252219244,0.7540703674778075,0.1193,0.12662963252219245,Low Margin + Low Sell-through,Clearance / Eliminate,High
2026-04-01,SKU00435,New Balance,Tier 3,Outdoor Apparel,Buyout,Mass,Women,Core Basic,Core,0,1,0.3033035534545353,0.0042855263157894,0.0023210526315789,771616.6799999999,33,8457,132.39473684210526,878.9105263157894,0.21118238012208118,0.7888176198779189,0.1608,0.05038238012208118,Low Margin + Low Sell-through,Clearance / Eliminate,High
2026-04-01,SKU00436,Brand A,Tier 2,Outdoor Apparel,Own Brand,Mass,Men,Fashion,Seasonal,0,1,0.538641388850874,0.0032131578947368,0.0039842105263157,866705.28,32,9912,135.10526315789474,852.0911842105263,0.24868041209327685,0.7513195879067232,0.1164,0.13228041209327684,High Margin + Low Sell-through,Targeted Marketing / Control Inventory,Medium
2026-04-01,SKU00437,Salomon,Tier 3,Accessories,Buyout,Mass,Men,Core Basic,Core,0,1,0.5947759120320749,0.002528947368421,0.0044631578947368,400204.64,18,7841,134.6315789473684,908.4167105263158,0.20260031683039037,0.7973996831696096,0.0833,0.11930031683039037,High Margin + Low Sell-through,Targeted Marketing / Control Inventory,Medium
2026-04-01,SKU00438,Fila,Tier 3,Running Shoes,Buyout,Mass,Women,Core Basic,Core,0,1,0.253589473258335,0.01035,0.0037513157894736,621068.8,81,8020,125.35526315789474,603.7631578947369,0.19644129463192536,0.8035587053680746,0.1407,0.05574129463192537,Low Margin + High Sell-through,Traffic Driver / Control Discount,Medium
2026-04-01,SKU00439,On Running,Tier 1,Bags,Buyout,Premium,Men,Fashion,Seasonal,0,1,0.2143157501284866,0.0064710526315789,0.0018684210526315,1972033.34,48,8158,135.3684210526316,758.8026315789474,0.2252048521693874,0.7747951478306125,0.1767,0.04850485216938741,Low Margin + High Sell-through,Traffic Driver / Control Discount,Medium
2026-04-01,SKU00440,New Balance,Tier 3,Basketball Shoes,Buyout,Premium,Men,Core Basic,Core,0,1,0.5375324924676552,0.0039868421052631,0.0050092105263157,1057032.06,29,8158,143.5,851.5175,0.19673659286085232,0.8032634071391477,0.0932,0.10353659286085232,High Margin + Low Sell-through,Targeted Marketing / Control Inventory,Medium
2026-04-01,SKU00441,Nike,Tier 1,Basketball Shoes,Consignment,Mass,Unisex,Clearance,Seasonal,1,0,0.809836329775804,0.0058947368421052,0.0241605263157894,46130.4,42,7740,141.1315789473684,762.9649999999999,0.23060293067356238,0.7693970693264376,0.0147,0.2159029306735624,High Margin + Low Sell-through,Targeted Marketing / Control Inventory,Medium
2026-04-01,SKU00442,Under Armour,Tier 3,Lifestyle Apparel,Buyout,Mass,Women,Clearance,Seasonal,1,0,0.5603270942381718,0.0090710526315789,0.0134526315789473,251168.6,55,7999,124.28947368421052,703.4842105263158,0.19623670954664707,0.8037632904533529,0.0896,0.10663670954664707,High Margin + High Sell-through,Main Push / Monitor Inventory,Low
2026-04-01,SKU00443,Reebok Underwear,Tier 2,Kids Apparel,Consignment,Mass,Men,Fashion,Seasonal,0,1,0.8254686592805274,0.0134368421052631,0.0242578947368421,122823.25,90,8327,147.42105263157896,583.6297368421052,0.19438609796895162,0.8056139020310484,0.0269,0.1674860979689516,High Margin + High Sell-through,Main Push / Monitor Inventory,Low
2026-04-01,SKU00444,Skechers,Tier 3,Basketball Shoes,Consignment,Premium,Kids,Fashion,Seasonal,0,1,0.8216718357321842,0.0105960526315789,0.021428947368421,282164.52,71,7964,147.27631578947367,662.3343421052632,0.2007376519476116,0.7992623480523884,0.028399999999999998,0.17233765194761158,High Margin + High Sell-through,Main Push / Monitor Inventory,Low
2026-04-01,SKU00445,Brand B,Tier 2,Underwear,Own Brand,Mass,Women,Performance,Seasonal,0,1,0.4176257207832356,0.0059197368421052,0.0050710526315789,433206.8,46,9080,146.27631578947367,761.5193421052631,0.2519859490646915,0.7480140509353085,0.1517,0.10028594906469152,Low Margin + Low Sell-through,Clearance / Eliminate,High
2026-04-01,SKU00446,Reebok Underwear,Tier 2,Training Shoes,Consignment,Premium,Men,Fashion,Seasonal,1,0,0.8147778962717914,0.0074473684210526,0.0158802631578947,147863.89,54,8023,305.7631578947368,709.3332894736842,0.1349769712700581,0.8650230287299419,0.015400000000000002,0.11957697127005809,High Margin + High Sell-through,Main Push / Monitor Inventory,Low
2026-04-01,SKU00447,Brand B,Tier 2,Running Shoes,Own Brand,Premium,Unisex,Limited,Seasonal,0,1,0.5020923909454937,0.0115315789473684,0.0137960526315789,1226334.85,106,9577,141.8684210526316,628.036052631579,0.24802862263934847,0.7519713773606516,0.1223,0.12572862263934848,Low Margin + High Sell-through,Traffic Driver / Control Discount,Medium
2026-04-01,SKU00448,Nike,Tier 1,Yoga Apparel,Consignment,Premium,Men,Fashion,Seasonal,0,1,0.8534958653477839,0.0016723684210526,0.0069644736842105,92495.65,8,6877,138.94736842105263,938.0088157894736,0.23129903536317653,0.7687009646368235,0.0162,0.21509903536317654,High Margin + Low Sell-through,Targeted Marketing / Control Inventory,Medium
2026-04-01,SKU00449,Puma,Tier 3,Underwear,Buyout,Mass,Kids,Fashion,Seasonal,0,1,0.3876205841218867,0.0069657894736842,0.0050473684210526,399838.4,49,8180,138.26315789473685,781.146447368421,0.2022301021467095,0.7977698978532906,0.1252,0.0770301021467095,Low Margin + High Sell-through,Traffic Driver / Control Discount,Medium
2026-04-01,SKU00450,Adidas,Tier 1,Accessories,Buyout,Mass,Men,Clearance,Seasonal,1,0,0.3780446240615387,0.0175605263157894,0.0118921052631578,717797.08,136,8281,143.5,517.5919736842105,0.2306688165300815,0.7693311834699185,0.144,0.08666881653008152,Low Margin + High Sell-through,Traffic Driver / Control Discount,Medium
2026-04-01,SKU00451,Brand B,Tier 2,Sportswear,Own Brand,Mass,Women,Core Basic,Seasonal,1,0,0.0761434837529523,0.0121605263157894,0.0013565789473684,619233.75,93,8691,307.7763157894737,627.1142105263158,0.13313098212692046,0.8668690178730796,0.12459999999999999,0.008530982126920467,Low Margin + High Sell-through,Traffic Driver / Control Discount,Medium
2026-04-01,SKU00452,Patagonia,Tier 3,Bags,Consignment,Mass,Men,Fashion,Seasonal,0,0,0.8325170551572888,0.0056736842105263,0.0084973684210526,122932.99,48,8201,129.1315789473684,796.4588157894738,0.19218665777400212,0.8078133422259979,0.0382,0.1539866577740021,High Margin + Low Sell-through,Targeted Marketing / Control Inventory,Medium
2026-04-01,SKU00453,Under Armour,Tier 3,Accessories,Buyout,Entry,Unisex,Fashion,Seasonal,0,1,0.5156070448629253,0.0044421052631578,0.0053157894736842,94660.65,34,7791,133.01315789473685,833.975,0.20349308121402657,0.7965069187859735,0.1011,0.10239308121402657,High Margin + Low Sell-through,Targeted Marketing / Control Inventory,Medium
2026-04-01,SKU00454,Adidas,Tier 1,Performance Apparel,Consignment,Premium,Kids,Performance,Seasonal,1,0,0.8175143715014258,0.0076105263157894,0.0123552631578947,248421.39,61,8121,306.44736842105266,723.9709210526316,0.1292222172650455,0.8707777827349545,0.0234,0.10582221726504551,High Margin + High Sell-through,Main Push / Monitor Inventory,Low
2026-04-01,SKU00455,Cole Haan,Tier 2,Performance Apparel,Buyout,Luxury,Men,Limited,Seasonal,0,1,0.3673897114506879,0.0086736842105263,0.005875,2131183.9,73,10067,203.57894736842104,728.35,0.15967443691841485,0.8403255630815851,0.095,0.06467443691841485,Low Margin + High Sell-through,Traffic Driver / Control Discount,Medium
2026-04-01,SKU00456,Fila,Tier 3,Running Shoes,Buyout,Premium,Women,Performance,Seasonal,1,0,0.5083626203827943,0.0099802631578947,0.0113907894736842,831779.71,83,8707,301.6578947368421,641.2438157894736,0.1323155815201622,0.8676844184798378,0.0637,0.0686155815201622,High Margin + High Sell-through,Main Push / Monitor Inventory,Low
2026-04-01,SKU00457,New Balance,Tier 3,Basketball Shoes,Consignment,Mass,Women,Fashion,Seasonal,0,1,0.8240732949046997,0.004953947368421,0.0139328947368421,78055.95,33,8295,142.5,823.3263157894737,0.1903680259512839,0.8096319740487161,0.0174,0.1729680259512839,High Margin + Low Sell-through,Targeted Marketing / Control Inventory,Medium
2026-04-01,SKU00458,The North Face,Tier 3,Lifestyle Apparel,Buyout,Mass,Unisex,Core Basic,Core,0,1,0.4810281324678807,0.0044381578947368,0.0047276315789473,503445.12,33,8416,123.72368421052632,840.2368421052631,0.19296104224986171,0.8070389577501382,0.0951,0.09786104224986171,Low Margin + Low Sell-through,Clearance / Eliminate,High
2026-04-01,SKU00459,Salomon,Tier 3,Performance Apparel,Consignment,Premium,Women,Clearance,Seasonal,1,0,0.8304520963331368,0.0097407894736842,0.01345,419097.21,67,7951,125.05263157894736,692.4289473684211,0.1971778375636631,0.8028221624363369,0.0409,0.15627783756366312,High Margin + High Sell-through,Main Push / Monitor Inventory,Low
2026-04-01,SKU00460,Patagonia,Tier 3,Lifestyle Apparel,Buyout,Premium,Women,Performance,Seasonal,0,1,0.5498762643594868,0.0151644736842105,0.0213736842105263,666588.2,101,8180,134.78947368421052,580.1661842105262,0.201919520354954,0.798080479645046,0.0929,0.109019520354954,High Margin + High Sell-through,Main Push / Monitor Inventory,Low
2026-04-01,SKU00461,Brand A,Tier 2,Outdoor Apparel,Own Brand,Luxury,Men,Performance,Seasonal,0,1,0.4621201555818318,0.0133868421052631,0.0130381578947368,2820851.88,110,9366,129.1315789473684,559.4343421052632,0.2521975906832628,0.7478024093167372,0.1341,0.11809759068326281,Low Margin + High Sell-through,Traffic Driver / Control Discount,Medium
2026-04-01,SKU00462,Brand A,Tier 2,Sportswear,Own Brand,Premium,Men,Performance,Seasonal,0,0,0.1676603314959094,0.0101592105263157,0.0022184210526315,1922527.27,93,9271,129.5921052631579,590.2868421052632,0.2560061303584901,0.7439938696415098,0.2053,0.050706130358490115,Low Margin + High Sell-through,Traffic Driver / Control Discount,Medium
2026-04-01,SKU00463,Skechers,Tier 3,Basketball Shoes,Consignment,Premium,Men,Core Basic,Core,0,1,0.8356580592317971,0.0082131578947368,0.0307999999999999,183684.08,66,8171,133.76315789473685,671.9630263157895,0.1938587019558095,0.8061412980441904,0.0162,0.17765870195580952,High Margin + High Sell-through,Main Push / Monitor Inventory,Low
2026-04-01,SKU00464,Reebok Underwear,Tier 2,Accessories,Buyout,Mass,Women,Fashion,Seasonal,0,1,0.598533179283669,0.0081065789473684,0.0139776315789473,322916.76,54,8081,144.3684210526316,750.4017105263158,0.20175722911692623,0.7982427708830737,0.0818,0.11995722911692623,High Margin + High Sell-through,Main Push / Monitor Inventory,Low
2026-04-01,SKU00465,Under Armour,Tier 3,Training Shoes,Consignment,Premium,Men,Core Basic,Core,0,1,0.8406442122732245,0.0012907894736842,0.0012815789473684,255295.62,8,8238,142.25,953.6184210526316,0.19498685315914308,0.8050131468408569,0.0368,0.15818685315914308,High Margin + Low Sell-through,Targeted Marketing / Control Inventory,Medium
2026-04-01,SKU00466,Champion,Tier 3,Accessories,Buyout,Mass,Men,Clearance,Seasonal,1,0,0.4080559198593632,0.0013776315789473,0.0010999999999999,631468.04,11,8186,127.25,936.3947368421052,0.1910602850539291,0.8089397149460709,0.1189,0.0721602850539291,Low Margin + Low Sell-through,Clearance / Eliminate,High
2026-04-01,SKU00467,Cole Haan,Tier 2,Kids Apparel,Buyout,Mass,Unisex,Core Basic,Core,0,1,0.4163648021394477,0.0070065789473684,0.0056776315789473,283261.6,75,9974,209.47368421052636,729.1201315789473,0.1572211438366089,0.8427788561633911,0.0922,0.0650211438366089,Low Margin + High Sell-through,Traffic Driver / Control Discount,Medium
2026-04-01,SKU00468,Brooks Brothers,Tier 1,Performance Apparel,Buyout,Luxury,Unisex,Limited,Seasonal,0,1,0.3230206630960664,0.0050565789473684,0.0027486842105263,2209046.4,38,8360,135.27631578947367,828.0482894736842,0.22885879773239606,0.771141202267604,0.15130000000000002,0.07755879773239605,Low Margin + Low Sell-through,Clearance / Eliminate,High
2026-04-01,SKU00469,New Balance,Tier 3,Lifestyle Apparel,Consignment,Premium,Men,Core Basic,Core,0,1,0.846051613887164,0.0041355263157894,0.0060013157894736,299454.65,30,7645,130.27631578947367,853.8981578947369,0.19798608236244997,0.80201391763755,0.0343,0.16368608236244997,High Margin + Low Sell-through,Targeted Marketing / Control Inventory,Medium
2026-04-01,SKU00470,Fila,Tier 3,Bags,Buyout,Premium,Men,Core Basic,Core,0,1,0.0991017012302044,0.0032842105263157,0.0003697368421052,2070581.49,21,8249,129.6315789473684,896.7552631578947,0.1947464118405594,0.8052535881594406,0.1774,0.017346411840559406,Low Margin + Low Sell-through,Clearance / Eliminate,High
2026-04-01,SKU00471,Brooks Brothers,Tier 1,Outdoor Apparel,Buyout,Luxury,Women,Performance,Seasonal,0,0,0.4631197212988506,0.004253947368421,0.004075,2228916.78,41,8997,144.82894736842104,828.3772368421053,0.22870474440502472,0.7712952555949752,0.12419999999999999,0.10450474440502473,Low Margin + Low Sell-through,Clearance / Eliminate,High
2026-04-01,SKU00472,Brand A,Tier 2,Performance Apparel,Own Brand,Mass,Women,Performance,Seasonal,1,0,0.1561037945225101,0.0301934210526315,0.0068697368421052,380223.34,261,9463,306.32894736842104,321.4718421052632,0.127097279034841,0.872902720965159,0.10560000000000001,0.021497279034840985,Low Margin + High Sell-through,Traffic Driver / Control Discount,Medium
2026-04-01,SKU00473,Puma,Tier 3,Running Shoes,Consignment,Premium,Men,Core Basic,Core,0,1,0.8106347905200293,0.0019394736842105,0.0042960526315789,217212.0,17,7870,151.14473684210526,914.9122368421052,0.20288792701506153,0.7971120729849385,0.0222,0.18068792701506153,High Margin + Low Sell-through,Targeted Marketing / Control Inventory,Medium
2026-04-01,SKU00474,Nike,Tier 1,Running Shoes,Consignment,Mass,Men,Performance,Seasonal,1,0,0.8280073494974242,0.0060013157894736,0.0048868421052631,230835.36,45,8004,284.0657894736842,784.907105263158,0.12729354666041237,0.8727064533395876,0.0382,0.08909354666041237,High Margin + Low Sell-through,Targeted Marketing / Control Inventory,Medium
2026-04-01,SKU00475,Brand A,Tier 2,Basketball Shoes,Own Brand,Premium,Men,Limited,Seasonal,0,1,0.4744485689872622,0.0151960526315789,0.0165605263157894,1769649.75,101,8445,136.1184210526316,578.6938157894738,0.2529975951738951,0.7470024048261049,0.1311,0.12189759517389509,Low Margin + High Sell-through,Traffic Driver / Control Discount,Medium
2026-04-01,SKU00476,New Balance,Tier 3,Training Shoes,Buyout,Mass,Unisex,Core Basic,Core,0,1,0.147986035713879,0.0103710526315789,0.0015710526315789,805228.1900000001,82,8021,134.03947368421052,663.8375,0.19629143634506585,0.8037085636549341,0.1654,0.03089143634506586,Low Margin + High Sell-through,Traffic Driver / Control Discount,Medium
2026-04-01,SKU00477,Brand B,Tier 2,Accessories,Own Brand,Mass,Unisex,Performance,Seasonal,0,1,0.3412702212330152,0.0094210526315789,0.0062,781747.76,82,9508,125.13157894736842,670.3815789473684,0.2492168480509608,0.7507831519490392,0.1602,0.0890168480509608,Low Margin + High Sell-through,Traffic Driver / Control Discount,Medium
2026-04-01,SKU00478,Columbia,Tier 3,Basketball Shoes,Buyout,Premium,Women,Core Basic,Seasonal,1,0,0.0471695255787656,0.0013855263157894,-6.184210526315791e-05,1506791.25,10,7983,299.3421052631579,955.5263157894736,0.13195059510906032,0.8680494048909397,0.1364,-0.004449404890939673,Low Margin + Low Sell-through,Clearance / Eliminate,High
2026-04-01,SKU00479,Nike,Tier 1,Running Shoes,Buyout,Premium,Unisex,Core Basic,Core,0,1,0.3329063044768703,0.002753947368421,0.001525,1369562.73,29,8599,142.60526315789474,871.8236842105264,0.22727537264158545,0.7727246273584145,0.1493,0.07797537264158547,Low Margin + Low Sell-through,Clearance / Eliminate,High
2026-04-01,SKU00480,Adidas,Tier 1,Running Shoes,Consignment,Mass,Unisex,Performance,Seasonal,0,1,0.8378055911123753,0.0212697368421052,0.0574486842105263,69684.8,152,7760,134.55263157894737,470.59,0.2334457943555715,0.7665542056444286,0.0164,0.2170457943555715,High Margin + High Sell-through,Main Push / Monitor Inventory,Low
2026-04-01,SKU00481,New Balance,Tier 3,Yoga Apparel,Buyout,Premium,Men,Core Basic,Seasonal,0,0,0.3930629357324382,0.0035434210526315,0.0024868421052631,1271613.24,23,8186,135.21052631578948,869.5342105263159,0.19699726860750422,0.8030027313924958,0.1212,0.07579726860750421,Low Margin + Low Sell-through,Clearance / Eliminate,High
2026-04-01,SKU00482,Columbia,Tier 3,Accessories,Consignment,Mass,Men,Core Basic,Core,0,1,0.8285682326621924,0.0019881578947368,0.0062565789473684,73879.22,14,8453,139.31578947368422,924.4298684210526,0.2084953530622767,0.7915046469377233,0.0181,0.1903953530622767,High Margin + Low Sell-through,Targeted Marketing / Control Inventory,Medium
2026-04-01,SKU00483,Adidas,Tier 1,Performance Apparel,Buyout,Premium,Women,Core Basic,Seasonal,0,0,0.2766681013339576,0.0174355263157894,0.0080776315789473,1435519.06,118,8282,140.82894736842104,528.5213157894738,0.2288580321333472,0.7711419678666528,0.1618,0.06705803213334721,Low Margin + High Sell-through,Traffic Driver / Control Discount,Medium
2026-04-01,SKU00484,Brand A,Tier 2,Basketball Shoes,Own Brand,Premium,Women,Performance,Seasonal,1,0,-0.3589197763035627,0.0102223684210526,-0.0029197368421052,2114602.48,88,9322,297.60526315789474,662.5461842105263,0.1303983332466468,0.8696016667533533,0.18030000000000002,-0.049901666753353224,Low Margin + High Sell-through,Traffic Driver / Control Discount,Medium
2026-04-01,SKU00485,Columbia,Tier 3,Yoga Apparel,Consignment,Entry,Women,Core Basic,Seasonal,1,0,0.8291219204042957,0.0018697368421052,0.0037315789473684,47788.02,10,8211,310.17105263157896,955.1842105263158,0.13219725917949074,0.8678027408205092,0.0202,0.11199725917949074,High Margin + Low Sell-through,Targeted Marketing / Control Inventory,Medium
2026-04-01,SKU00486,Lululemon,Tier 1,Yoga Apparel,Buyout,Entry,Women,Limited,Seasonal,0,1,0.2507743884561945,0.0014065789473684,0.0005328947368421,418436.14,12,8543,118.0657894736842,931.4693421052632,0.22619093672285162,0.7738090632771484,0.1692,0.05699093672285163,Low Margin + Low Sell-through,Clearance / Eliminate,High
2026-04-01,SKU00487,New Balance,Tier 3,Outdoor Apparel,Consignment,Luxury,Unisex,Core Basic,Core,0,1,0.806787583434466,0.0050105263157894,0.0052565789473684,489334.2,29,8142,136.44736842105263,872.3332894736842,0.19808776793920596,0.8019122320607941,0.029,0.16908776793920596,High Margin + Low Sell-through,Targeted Marketing / Control Inventory,Medium
2026-04-01,SKU00488,Adidas,Tier 1,Yoga Apparel,Consignment,Mass,Women,Core Basic,Core,0,1,0.8205089398119166,0.0079078947368421,0.0091763157894736,163590.98,59,8258,130.46052631578948,720.7078947368421,0.23025359531824027,0.7697464046817597,0.0492,0.18105359531824028,High Margin + High Sell-through,Main Push / Monitor Inventory,Low
2026-04-01,SKU00489,Puma,Tier 3,Accessories,Buyout,Mass,Unisex,Fashion,Seasonal,0,1,0.2181760201046163,0.0055763157894736,0.001675,679262.48,42,8684,143.1578947368421,826.1438157894737,0.20427912824811398,0.795720871751886,0.1639,0.04037912824811399,Low Margin + Low Sell-through,Clearance / Eliminate,High
2026-04-01,SKU00490,Columbia,Tier 3,Running Shoes,Buyout,Premium,Women,Performance,Seasonal,0,0,0.4916511284164563,0.0036736842105263,0.0042947368421052,838984.6,20,8620,140.80263157894737,888.8377631578948,0.21093550316774073,0.7890644968322593,0.10749999999999998,0.10343550316774075,Low Margin + Low Sell-through,Clearance / Eliminate,High
2026-04-01,SKU00491,Adidas,Tier 1,Accessories,Consignment,Mass,Men,Performance,Seasonal,0,1,0.8330190503819747,0.0045881578947368,0.0100657894736842,93376.64,33,8776,129.52631578947367,833.3175,0.23367001049606825,0.7663299895039317,0.0233,0.21037001049606824,High Margin + Low Sell-through,Targeted Marketing / Control Inventory,Medium
2026-04-01,SKU00492,Lululemon,Tier 1,Kids Apparel,Buyout,Entry,Women,Fashion,Seasonal,0,1,0.343969020554803,0.0021197368421052,0.0013368421052631,199278.1,19,8498,117.09210526315788,905.4753947368422,0.23103733389246478,0.7689626661075353,0.1577,0.07333733389246477,Low Margin + Low Sell-through,Clearance / Eliminate,High
2026-04-01,SKU00493,New Balance,Tier 3,Performance Apparel,Buyout,Luxury,Unisex,Core Basic,Core,0,1,0.4257088372697669,0.0225092105263157,0.0198342105263157,1865827.04,159,7882,114.8157894736842,406.7015789473684,0.19722547363055404,0.8027745263694459,0.1117,0.08552547363055404,Low Margin + High Sell-through,Traffic Driver / Control Discount,Medium
2026-04-01,SKU00494,Hoka,Tier 1,Lifestyle Apparel,Buyout,Mass,Women,Performance,Seasonal,0,1,0.5235553691014466,0.0026078947368421,0.0032842105263157,740654.9400000001,21,8454,134.10526315789474,875.0657894736842,0.23224389501536924,0.7677561049846308,0.1195,0.11274389501536924,High Margin + Low Sell-through,Targeted Marketing / Control Inventory,Medium
2026-04-01,SKU00495,Nike,Tier 1,Underwear,Consignment,Mass,Women,Fashion,Seasonal,0,1,0.8248865099261468,0.0041973684210526,0.0055434210526315,123988.48,27,8288,127.73684210526316,844.8728947368421,0.22790268184893336,0.7720973181510666,0.0403,0.18760268184893336,High Margin + Low Sell-through,Targeted Marketing / Control Inventory,Medium
2026-04-01,SKU00496,Cole Haan,Tier 2,Performance Apparel,Buyout,Mass,Women,Clearance,Seasonal,1,0,0.2249954483206282,0.0030263157894736,0.0009618421052631,681952.0,29,10100,213.81578947368425,873.5746052631579,0.1575559991941244,0.8424440008058756,0.1098,0.04775599919412442,Low Margin + Low Sell-through,Clearance / Eliminate,High
2026-04-01,SKU00497,Columbia,Tier 3,Lifestyle Apparel,Buyout,Mass,Men,Clearance,Seasonal,1,0,0.5335167756606477,0.0056421052631578,0.0077342105263157,341258.07,37,8131,129.68421052631578,819.7603947368422,0.19773280800083856,0.8022671919991614,0.0906,0.10713280800083856,High Margin + Low Sell-through,Targeted Marketing / Control Inventory,Medium
2026-04-01,SKU00498,Brooks Brothers,Tier 1,Performance Apparel,Buyout,Mass,Unisex,Performance,Seasonal,0,1,0.435508248542922,0.0035368421052631,0.003503947368421,408302.73,23,8217,132.31578947368422,861.5131578947369,0.23943485585093022,0.7605651441490697,0.1358,0.10363485585093021,Low Margin + Low Sell-through,Clearance / Eliminate,High
2026-04-01,SKU00499,New Balance,Tier 3,Kids Apparel,Buyout,Mass,Unisex,Core Basic,Seasonal,0,0,0.3065052711041668,0.0175921052631578,0.0092644736842105,381376.6,138,8327,134.17105263157896,469.2030263157895,0.1988955295844788,0.8011044704155212,0.1436,0.05529552958447878,Low Margin + High Sell-through,Traffic Driver / Control Discount,Medium
2026-04-01,SKU00500,Hoka,Tier 1,Kids Apparel,Consignment,Mass,Unisex,Core Basic,Core,0,1,0.8237448597946454,0.0271407894736842,0.0295960526315789,252169.86,208,8482,135.47368421052633,375.1161842105264,0.22911153675232998,0.77088846324767,0.0481,0.18101153675232998,High Margin + High Sell-through,Main Push / Monitor Inventory,Low
