month,store_id,store_name,city,region,channel,store_format,recognized_revenue,target_recognized_revenue,revenue_achievement_rate,gross_profit,target_gross_profit,gross_profit_achievement_rate,gross_margin_pct,target_gross_margin_pct,gross_margin_gap,store_cm,target_store_cm,store_cm_achievement_rate,traffic,target_traffic,traffic_achievement_rate,traffic_to_order_cvr,target_order_cvr,cvr_gap,upt,target_upt,upt_gap,aur,target_aur,aur_gap,achievement_flag
2026-01-01,S001,Himaxx Beijing Warehouse 1,Beijing,North China,Himaxx Warehouse Outlet,Mall Warehouse,77098.86,83458.04,0.9238038659906225,31138.64,37700.14,0.8259555534807033,0.4039,0.4517,-0.04780000000000001,-8237.25,15571.44,-0.5289973181671059,8306,9412,0.8824904377390566,0.04671321935949916,0.0513,-0.0045867806405008385,1.538659793814433,1.4458,0.0928597938144331,181.3065661641541,193.74,-12.433433835845904,Behind Target
2026-01-01,S002,Himaxx Nanjing Warehouse 2,Nanjing,East China,Himaxx Warehouse Outlet,Shopping Center Warehouse,53486.66,63083.31,0.8478733915515848,23086.91,28341.13,0.8146079567046197,0.4316,0.4493,-0.017699999999999994,-6787.54,5418.83,-1.2525840448953003,7779,7701,1.0101285547331516,0.0350944851523332,0.0361,-0.0010055148476667969,1.6007326007326008,1.7033,-0.10256739926739922,174.98839816933636,192.44,-17.451601830663634,Behind Target
2026-01-01,S003,Himaxx Shenzhen Warehouse 3,Shenzhen,South China,Himaxx Warehouse Outlet,Warehouse Outlet,34052.97,29382.19,1.1589663670407142,10770.91,10112.7,1.0650874642775914,0.3163,0.3442,-0.02789999999999998,-41670.22,2947.11,-14.139350075158376,7129,6226,1.1450369418567299,0.02286435685229345,0.025,-0.0021356431477065514,1.5950920245398772,1.4788,0.1162920245398773,166.80069230769232,161.13,5.67069230769232,Exceed Target
2026-01-01,S004,Himaxx Xiamen Warehouse 4,Xiamen,South China,Himaxx Warehouse Outlet,Pop-up Clearance Warehouse,34274.22,36794.51,0.9315036400810882,9705.39,11007.02,0.8817454678923087,0.2832,0.2991,-0.01589999999999997,-10814.93,3578.27,-3.0223907083590675,6927,7829,0.8847873291608124,0.03594629709831096,0.0384,-0.002453702901689038,1.5060240963855422,1.4069,0.0991240963855422,131.51424,125.01,6.504239999999996,On Track
2026-01-01,S005,Himaxx Changsha Warehouse 5,Changsha,Central China,Himaxx Warehouse Outlet,Shopping Center Warehouse,46158.66,44396.8,1.039684391667868,18317.95,18713.7,0.9788523915634001,0.3968,0.4215,-0.0247,-45544.26,2744.57,-16.594315320797065,7491,6481,1.1558401481252893,0.030703510879722333,0.0296,0.0011035108797223317,1.682608695652174,1.6341,0.04850869565217386,158.93708010335916,150.89,8.047080103359178,On Track
2026-01-01,S006,Himaxx Qingdao Warehouse 6,Qingdao,North China,Himaxx Warehouse Outlet,Warehouse Outlet,40798.02,40302.65,1.0122912513197022,15331.22,14401.79,1.0645357278504963,0.3758,0.3573,0.018500000000000016,-27537.38,3076.76,-8.950122856511395,8085,8783,0.9205282932938631,0.02622139764996908,0.025,0.0012213976499690776,1.5377358490566038,1.5381,-0.00036415094339625753,170.53395705521473,177.16,-6.626042944785269,On Track
2026-01-01,S007,Himaxx Wuhan Warehouse 7,Wuhan,Central China,Himaxx Warehouse Outlet,Mall Warehouse,68315.44,71335.68,0.957661579731209,27062.23,30961.85,0.8740508076875252,0.3961,0.434,-0.03789999999999999,-27480.78,6479.3,-4.241319278317102,7819,8439,0.9265315795710393,0.0396470136846144,0.041,-0.0013529863153856,1.6483870967741936,1.823,-0.17461290322580636,177.0258708414873,165.87,11.155870841487285,On Track
2026-01-01,S008,Himaxx Changsha Warehouse 8,Changsha,Central China,Himaxx Warehouse Outlet,Mall Warehouse,71062.61,83552.84,0.8505110059693962,27656.4,36148.33,0.7650809871438045,0.3892,0.4326,-0.043399999999999994,10446.62,15096.15,0.692005577581039,7769,8310,0.9348977135980746,0.04620929334534689,0.0432,0.003009293345346886,1.4791086350974931,1.6008,-0.12169136490250687,176.78920903954804,191.79,-15.000790960451951,Behind Target
2026-01-01,S009,Himaxx Changsha Warehouse 9,Changsha,Central China,Himaxx Warehouse Outlet,Mall Warehouse,62236.14,69420.71,0.8965068205150882,25148.09,30477.43,0.8251381432095817,0.4041,0.439,-0.03489999999999999,-12195.67,7953.68,-1.5333367698977076,8624,9212,0.9361702127659575,0.036989795918367346,0.0335,0.0034897959183673444,1.6175548589341693,1.6038,0.01375485893416939,172.03114341085274,168.46,3.571143410852727,Behind Target
2026-01-01,S010,Himaxx Changsha Warehouse 10,Changsha,Central China,Himaxx Warehouse Outlet,Community Warehouse,56524.9,61555.71,0.9182722447681946,20866.85,25278.41,0.8254811121427336,0.3692,0.4107,-0.04150000000000004,-1834.73,6197.97,-0.29602111659140007,8352,8996,0.9284126278345931,0.031609195402298854,0.0324,-0.0007908045977011446,1.571969696969697,1.5691,0.0028696969696970775,186.73742168674698,186.12,0.6174216867469795,Behind Target
2026-01-01,S011,Himaxx Chengdu Warehouse 11,Chengdu,West China,Himaxx Warehouse Outlet,Community Warehouse,46488.36,42275.37,1.0996558989312215,19489.42,16513.1,1.1802399307216696,0.4192,0.3906,0.028600000000000014,-39844.78,3144.08,-12.672953614411847,8019,6818,1.1761513640363743,0.024691358024691357,0.025,-0.00030864197530864473,1.7272727272727273,1.7968,-0.06952727272727266,173.52912280701753,191.04,-17.510877192982463,Exceed Target
2026-01-01,S012,Himaxx Beijing Warehouse 12,Beijing,North China,Himaxx Warehouse Outlet,Warehouse Outlet,82223.06,82806.5,0.9929541763025849,31430.66,31883.36,0.985801370997285,0.3823,0.385,-0.0027000000000000357,-15855.54,10465.03,-1.5150974244698774,7631,8886,0.8587665991447221,0.053728213864500066,0.0595,-0.005771786135499932,1.6560975609756097,1.7937,-0.1376024390243904,165.57911634756996,164.77,0.8091163475699545,On Track
2026-01-01,S013,Himaxx Shenzhen Warehouse 13,Shenzhen,South China,Himaxx Warehouse Outlet,Community Warehouse,78552.77,94685.99,0.8296134412282112,31851.02,35750.71,0.8909199285832365,0.4055,0.3776,0.027900000000000036,-5210.02,15157.49,-0.34372577517781644,7524,7241,1.0390829995856925,0.04758107389686337,0.0512,-0.0036189261031366327,1.589385474860335,1.7648,-0.17541452513966482,179.4185588752197,178.54,0.87855887521971,Behind Target
2026-01-01,S014,Himaxx Tianjin Warehouse 14,Tianjin,North China,Himaxx Warehouse Outlet,Shopping Center Warehouse,56393.21,58286.53,0.9675170232298955,22044.04,23233.96,0.9487853125338944,0.3909,0.3986,-0.007699999999999985,-43036.95,4337.3,-9.922520923154957,7633,8002,0.953886528367908,0.032883532031966464,0.0309,0.001983532031966464,1.7091633466135459,1.8836,-0.1744366533864541,178.30440559440558,182.66,-4.355594405594417,On Track
2026-01-01,S015,Himaxx Hangzhou Warehouse 15,Hangzhou,East China,Himaxx Warehouse Outlet,Mall Warehouse,52698.59,55755.42,0.9451742987497896,19806.41,20092.2,0.9857760723066662,0.3758,0.3604,0.015400000000000025,-6802.36,7194.18,-0.9455365309180476,7780,7518,1.034849694067571,0.032133676092544985,0.0294,0.0027336760925449864,1.564,1.6607,-0.09670000000000001,183.2955242966752,194.8,-11.5044757033248,On Track
2026-01-01,S016,Himaxx Chengdu Warehouse 16,Chengdu,West China,Himaxx Warehouse Outlet,Shopping Center Warehouse,79754.73,81695.6,0.9762426617834986,30071.6,33247.28,0.9044830133472572,0.3771,0.407,-0.029899999999999982,10577.36,9757.83,1.083986911024275,7399,8069,0.916966166811253,0.05257467225300716,0.0566,-0.004025327746992838,1.5681233933161953,1.5475,0.020623393316195227,173.54744262295083,169.69,3.8574426229508276,On Track
2026-01-01,S017,Himaxx Hangzhou Warehouse 17,Hangzhou,East China,Himaxx Warehouse Outlet,Shopping Center Warehouse,44866.11,51958.49,0.8634991124645848,20384.37,22655.41,0.899757276518059,0.4543,0.436,0.018299999999999983,-4530.54,5132.32,-0.8827469838201827,7909,7710,1.025810635538262,0.030092299911493234,0.0321,-0.002007700088506762,1.5210084033613445,1.6495,-0.1284915966386555,177.9532044198895,182.49,-4.536795580110521,On Track
2026-01-01,S018,Himaxx Xi'an Warehouse 18,Xi'an,West China,Himaxx Warehouse Outlet,Mall Warehouse,67543.94,78898.41,0.8560874674153763,25872.69,28902.92,0.8951583438628347,0.383,0.3663,0.016699999999999993,1937.93,7160.49,0.2706420929293945,7921,9023,0.877867671506151,0.042292639818204775,0.0409,0.0013926398182047758,1.6388059701492537,1.5186,0.12020597014925372,166.79803278688524,177.99,-11.191967213114765,Behind Target
2026-01-01,S019,Himaxx Qingdao Warehouse 19,Qingdao,North China,Himaxx Warehouse Outlet,Shopping Center Warehouse,50596.16,49998.89,1.0119456651937673,19738.37,19680.37,1.0029470990636864,0.3901,0.3936,-0.003500000000000003,-50950.51,6874.03,-7.412029042643108,7510,7062,1.063438119512886,0.031424766977363516,0.0323,-0.000875233022636486,1.61864406779661,1.7186,-0.09995593220338983,176.82345549738218,188.01,-11.186544502617807,On Track
2026-01-01,S020,Himaxx Shanghai Warehouse 20,Shanghai,East China,Himaxx Warehouse Outlet,Warehouse Outlet,70246.12,75822.53,0.9264544456641053,29621.32,33458.33,0.8853197395088158,0.4217,0.4413,-0.019600000000000006,10054.57,13653.66,0.73640108220067,7852,9276,0.8464855541181544,0.043173713703515026,0.0417,0.0014737137035150255,1.607669616519174,1.5627,0.04496961651917397,176.7451376146789,172.3,4.445137614678885,Behind Target
2026-01-01,S021,Himaxx Changsha Warehouse 21,Changsha,Central China,Himaxx Warehouse Outlet,Pop-up Clearance Warehouse,51620.54,63508.57,0.8128121921183236,14172.68,16337.36,0.8675012364298761,0.2746,0.2572,0.017400000000000027,-21492.51,6192.49,-3.470737942249402,7257,7404,0.9801458670988655,0.04023701253961692,0.0461,-0.005862987460383079,1.6952054794520548,1.8065,-0.1112945205479452,139.27739393939393,145.1,-5.822606060606063,Behind Target
2026-01-01,S022,Himaxx Xiamen Warehouse 22,Xiamen,South China,Himaxx Warehouse Outlet,Mall Warehouse,39351.15,34294.35,1.1474528603108094,16332.24,14038.78,1.16336604747706,0.415,0.4094,0.005599999999999994,-50251.51,2354.59,-21.341936388076054,8170,8304,0.9838631984585742,0.026682986536107713,0.0291,-0.0024170134638922883,1.5458715596330275,1.4846,0.06127155963302755,168.37614243323443,165.64,2.7361424332344484,Exceed Target
2026-01-01,S023,Himaxx Changsha Warehouse 23,Changsha,Central China,Himaxx Warehouse Outlet,Mall Warehouse,68859.28,70975.65,0.9701817454295946,28045.96,27139.75,1.0333905065448281,0.4073,0.3824,0.024899999999999978,-28622.08,5430.97,-5.270159842532734,7017,7412,0.946708041014571,0.042325780247969215,0.0386,0.0037257802479692126,1.6734006734006734,1.6661,0.00730067340067353,185.1092555331992,193.09,-7.9807444668008145,On Track
2026-01-01,S024,Himaxx Chongqing Warehouse 24,Chongqing,West China,Himaxx Warehouse Outlet,Mall Warehouse,36106.36,31426.02,1.1489319996614271,14692.28,13581.03,1.0818236908393546,0.4069,0.4322,-0.02529999999999999,-37651.3,1637.07,-22.999199789868488,7511,6552,1.1463675213675213,0.021035814139262414,0.025,-0.003964185860737587,1.6139240506329113,1.5589,0.05502405063291138,182.15313725490196,175.93,6.223137254901957,Exceed Target
2026-01-01,S025,Himaxx Hangzhou Warehouse 25,Hangzhou,East China,Himaxx Warehouse Outlet,Shopping Center Warehouse,63982.52,59917.1,1.067850747115598,24895.94,24406.36,1.0200595254679516,0.3891,0.4073,-0.018199999999999994,-15060.08,5008.61,-3.0068382245772782,8206,7690,1.0671001300390117,0.03485254691689008,0.0391,-0.00424745308310992,1.6258741258741258,1.6434,-0.01752587412587414,186.61178494623655,207.14,-20.528215053763432,Exceed Target
2026-01-01,S026,Himaxx Beijing Warehouse 26,Beijing,North China,Himaxx Warehouse Outlet,Shopping Center Warehouse,81482.72,81194.31,1.0035520961998445,34017.4,35555.54,0.9567397935736597,0.4175,0.4379,-0.02040000000000003,5773.86,14750.88,0.39142478279261983,7669,9182,0.8352210847309954,0.049550136914852,0.0485,0.0010501369148519998,1.6342105263157896,1.6975,-0.06328947368421045,176.40826086956523,190.0,-13.591739130434775,On Track
2026-01-01,S027,Himaxx Chengdu Warehouse 27,Chengdu,West China,Himaxx Warehouse Outlet,Shopping Center Warehouse,24284.82,21653.68,1.1215100620310265,10062.77,8653.47,1.1628595234050618,0.4144,0.3996,0.01479999999999998,-42835.0,1962.54,-21.826306724958474,7454,7518,0.991487097632349,0.017306144352025758,0.025,-0.007693855647974243,1.550387596899225,1.4283,0.12208759689922499,176.21285,181.79,-5.577149999999989,Exceed Target
2026-01-01,S028,Himaxx Chongqing Warehouse 28,Chongqing,West China,Himaxx Warehouse Outlet,Warehouse Outlet,37519.55,41938.52,0.8946321901678935,12647.86,15222.4,0.8308716102585664,0.3371,0.363,-0.02589999999999998,-45892.79,2943.55,-15.590966689881265,8811,8857,0.9948063678446426,0.023152877085461356,0.0251,-0.0019471229145386452,1.5833333333333333,1.6625,-0.07916666666666683,165.84643962848298,159.39,6.456439628482997,Behind Target
2026-01-01,S029,Himaxx Suzhou Warehouse 29,Suzhou,East China,Himaxx Warehouse Outlet,Warehouse Outlet,50220.61,47681.92,1.0532421932673852,20651.31,21498.19,0.9606069162101555,0.4112,0.4509,-0.03970000000000001,-31243.19,5475.47,-5.706028888844245,8123,7963,1.0200929298003265,0.03336205835282531,0.0356,-0.002237941647174689,1.6789667896678966,1.8792,-0.2002332103321034,155.00507692307693,166.92,-11.91492307692306,On Track
2026-01-01,S030,Himaxx Beijing Warehouse 30,Beijing,North China,Himaxx Warehouse Outlet,Warehouse Outlet,46470.17,50458.54,0.9209574831138594,17238.79,19432.83,0.8870962181010177,0.371,0.3851,-0.014100000000000001,-34618.71,5676.23,-6.098891341612303,7004,7300,0.9594520547945206,0.030696744717304398,0.0308,-0.00010325528269560305,1.7255813953488373,1.6881,0.03748139534883732,166.67690026954176,173.77,-7.093099730458249,On Track
2026-01-01,S031,Himaxx Xi'an Warehouse 31,Xi'an,West China,Himaxx Warehouse Outlet,Warehouse Outlet,37108.06,38641.34,0.9603202166384499,13905.66,14162.19,0.981886276063236,0.3747,0.3665,0.008199999999999985,-27068.18,2883.96,-9.385768179863799,7284,7077,1.0292496820686732,0.027869302580999452,0.0311,-0.003230697419000547,1.6354679802955665,1.7176,-0.08213201970443351,152.67527108433737,160.67,-7.99472891566262,On Track
2026-01-01,S032,Himaxx Wuhan Warehouse 32,Wuhan,Central China,Himaxx Warehouse Outlet,Mall Warehouse,57925.26,64337.45,0.9003350303749994,23429.76,26164.43,0.8954813844597417,0.4045,0.4067,-0.0021999999999999797,-20589.22,9695.08,-2.1236771640873515,8005,9004,0.8890493114171479,0.03510306058713304,0.0339,0.0012030605871330424,1.6619217081850535,1.8328,-0.17087829181494651,175.39895074946466,194.77,-19.37104925053535,Behind Target
2026-01-01,S033,Himaxx Chongqing Warehouse 33,Chongqing,West China,Himaxx Warehouse Outlet,Mall Warehouse,42769.1,39474.98,1.0834483006704498,17908.72,16343.18,1.0957916390812559,0.4187,0.414,0.0047000000000000375,-31244.35,2078.63,-15.031222487888655,7593,7339,1.0346096198392152,0.029500856051626497,0.0323,-0.002799143948373505,1.5714285714285714,1.6207,-0.04927142857142863,174.50451704545455,187.56,-13.055482954545454,Exceed Target
2026-01-01,S034,Himaxx Shenzhen Warehouse 34,Shenzhen,South China,Himaxx Warehouse Outlet,Warehouse Outlet,76735.8,87015.67,0.8818618531581726,31236.67,35816.74,0.8721248779202128,0.4071,0.4116,-0.004500000000000004,747.57,11814.53,0.06327547519875949,7514,8653,0.8683693516699411,0.05123768964599414,0.0479,0.003337689645994145,1.6493506493506493,1.6245,0.02485064935064929,171.64899212598425,190.65,-19.001007874015755,Behind Target
2026-01-01,S035,Himaxx Chongqing Warehouse 35,Chongqing,West China,Himaxx Warehouse Outlet,Pop-up Clearance Warehouse,38981.27,41354.61,0.9426100258229977,10911.98,11127.28,0.9806511564371525,0.2799,0.2691,0.010799999999999976,-38040.15,1342.28,-28.339951425931996,8080,8831,0.9149586683274827,0.0297029702970297,0.0317,-0.0019970297029702974,1.65,1.8371,-0.18710000000000004,139.80032828282827,133.18,6.620328282828268,On Track
2026-01-01,S036,Himaxx Nanjing Warehouse 36,Nanjing,East China,Himaxx Warehouse Outlet,Warehouse Outlet,54692.21,55298.32,0.9890392691857547,21182.81,22673.7,0.9342458443041939,0.3873,0.41,-0.022699999999999998,-3135.86,6514.12,-0.481394263538283,7564,8039,0.9409130488866775,0.03529878371232152,0.0344,0.0008987837123215214,1.6404494382022472,1.7203,-0.07985056179775274,171.00465753424655,186.72,-15.715342465753452,On Track
2026-01-01,S037,Himaxx Shenzhen Warehouse 37,Shenzhen,South China,Himaxx Warehouse Outlet,Warehouse Outlet,41477.49,46015.13,0.9013880869183679,16596.53,18000.35,0.9220115164427358,0.4001,0.3912,0.008900000000000019,-17240.68,2861.95,-6.02410244763186,7234,7090,1.0203102961918196,0.027785457561515067,0.031,-0.003214542438484933,1.671641791044776,1.5627,0.10894179104477608,168.59830357142857,166.34,2.25830357142857,On Track
2026-01-01,S038,Himaxx Qingdao Warehouse 38,Qingdao,North China,Himaxx Warehouse Outlet,Warehouse Outlet,67946.56,78453.37,0.8660757339041013,26144.55,30554.94,0.8556570557821419,0.3848,0.3895,-0.0047000000000000375,-18042.24,7321.16,-2.464396352490589,7617,8481,0.8981252210824195,0.043849284495208085,0.0402,0.0036492844952080855,1.6407185628742516,1.663,-0.022281437125748482,177.20569343065694,163.84,13.365693430656933,Behind Target
2026-01-01,S039,Himaxx Shenzhen Warehouse 39,Shenzhen,South China,Himaxx Warehouse Outlet,Pop-up Clearance Warehouse,53542.45,62308.27,0.8593153043729187,14029.12,17653.11,0.7947109602783873,0.262,0.2833,-0.021299999999999986,-34420.21,3634.5,-9.470411335809603,8845,8696,1.017134314627415,0.0357263990955342,0.0351,0.0006263990955341983,1.6075949367088607,1.5085,0.09909493670886071,142.58574803149605,155.65,-13.064251968503953,Behind Target
2026-01-01,S040,Himaxx Xiamen Warehouse 40,Xiamen,South China,Himaxx Warehouse Outlet,Warehouse Outlet,78169.44,83549.75,0.935603517664625,30571.37,32567.39,0.9387110849226787,0.3911,0.3898,0.0013000000000000234,12693.75,9139.68,1.3888615356336327,7900,8728,0.9051329055912007,0.05227848101265823,0.0484,0.0038784810126582317,1.585956416464891,1.6612,-0.07524358353510907,170.1213893129771,157.42,12.701389312977113,On Track
2026-01-01,S041,Himaxx Shanghai Warehouse 41,Shanghai,East China,Himaxx Warehouse Outlet,Shopping Center Warehouse,27899.49,29653.44,0.9408517190585647,10271.06,10692.81,0.960557608336817,0.3681,0.3606,0.007500000000000007,-39561.61,1231.32,-32.12943020498327,8207,6947,1.1813732546422917,0.01754599731936152,0.025,-0.007454002680638481,1.4652777777777777,1.4117,0.053577777777777724,169.99943127962084,163.58,6.419431279620824,On Track
2026-01-01,S042,Himaxx Shanghai Warehouse 42,Shanghai,East China,Himaxx Warehouse Outlet,Community Warehouse,65772.63,76592.09,0.8587391987867156,24442.78,26916.88,0.9080837006369237,0.3716,0.3514,0.020199999999999996,-2854.06,8770.7,-0.32540846226640974,7644,8688,0.8798342541436464,0.04618001046572475,0.0514,-0.00521998953427525,1.651558073654391,1.722,-0.07044192634560908,159.02188679245285,177.62,-18.598113207547158,Behind Target
2026-01-01,S043,Himaxx Hangzhou Warehouse 43,Hangzhou,East China,Himaxx Warehouse Outlet,Warehouse Outlet,71654.87,78215.56,0.9161203985498537,29650.21,30299.06,0.9785851442255964,0.4138,0.3874,0.02639999999999998,-16354.01,10971.21,-1.4906295659275506,8090,9164,0.8828022697512004,0.04066749072929542,0.0429,-0.0022325092707045774,1.6595744680851063,1.8522,-0.19262553191489373,176.8996153846154,165.79,11.10961538461541,On Track
2026-01-01,S044,Himaxx Changsha Warehouse 44,Changsha,Central China,Himaxx Warehouse Outlet,Community Warehouse,66689.26,71769.16,0.9292189012662262,25706.8,27052.94,0.9502405283861939,0.3855,0.3769,0.008599999999999997,-9231.14,14692.35,-0.6282956776826035,7795,8292,0.9400627110467921,0.0418216805644644,0.0461,-0.004278319435535603,1.656441717791411,1.682,-0.02555828220858891,169.92585185185183,157.59,12.335851851851828,On Track
2026-01-01,S045,Himaxx Beijing Warehouse 45,Beijing,North China,Himaxx Warehouse Outlet,Warehouse Outlet,62563.76,62694.06,0.9979216531837307,24495.74,23573.55,1.0391196913489908,0.3915,0.376,0.015500000000000014,-25741.65,7353.4,-3.5006459596921156,7399,7420,0.9971698113207547,0.04284362751723206,0.0394,0.0034436275172320605,1.5488958990536277,1.6195,-0.07060410094637226,175.53401221995927,175.85,-0.3159877800407287,On Track
2026-01-01,S046,Himaxx Shanghai Warehouse 46,Shanghai,East China,Himaxx Warehouse Outlet,Shopping Center Warehouse,77375.2,96423.2,0.8024541811514241,30327.82,40398.48,0.7507168586540879,0.392,0.419,-0.02699999999999997,-12086.81,10704.38,-1.1291461999667427,7947,8640,0.9197916666666667,0.042028438404429345,0.0473,-0.005271561595570656,1.6137724550898203,1.6328,-0.019027544910179772,182.07730983302412,175.51,6.567309833024126,Behind Target
2026-01-01,S047,Himaxx Xiamen Warehouse 47,Xiamen,South China,Himaxx Warehouse Outlet,Warehouse Outlet,51994.67,51311.52,1.0133137743726945,20420.96,21607.95,0.9450669776633137,0.3928,0.4211,-0.028299999999999992,-32155.06,3557.94,-9.0375498181532,7359,7058,1.0426466421082459,0.04008696833808941,0.0395,0.0005869683380894108,1.4745762711864407,1.562,-0.08742372881355931,174.10822988505748,172.5,1.608229885057483,On Track
2026-01-01,S048,Himaxx Chongqing Warehouse 48,Chongqing,West China,Himaxx Warehouse Outlet,Mall Warehouse,48771.74,49211.81,0.9910576343361481,19288.31,18758.07,1.0282673004205658,0.3955,0.3812,0.014300000000000035,-21198.88,7863.88,-2.6957278086644254,7309,7168,1.0196707589285714,0.0350253112600903,0.0328,0.002225311260090297,1.5625,1.6632,-0.10070000000000001,170.13345,187.03,-16.89654999999999,On Track
2026-01-01,S049,Himaxx Shenzhen Warehouse 49,Shenzhen,South China,Himaxx Warehouse Outlet,Warehouse Outlet,74028.39,85394.47,0.8668991095090818,29229.45,37433.99,0.7808264627949092,0.3948,0.4384,-0.04360000000000003,6896.93,17626.19,0.3912887583760303,7571,9001,0.8411287634707255,0.048606524897635714,0.0555,-0.006893475102364287,1.627717391304348,1.762,-0.13428260869565212,172.72589315525877,164.22,8.505893155258775,Behind Target
2026-01-01,S050,Himaxx Suzhou Warehouse 50,Suzhou,East China,Himaxx Warehouse Outlet,Community Warehouse,36651.93,39637.35,0.9246816449636518,14250.64,16927.45,0.8418657269700988,0.3888,0.4271,-0.0383,-37599.87,3552.6,-10.583761188988348,7458,8054,0.9259995033523715,0.02467149369804237,0.0254,-0.0007285063019576293,1.5217391304347827,1.6456,-0.12386086956521725,174.78182142857142,183.59,-8.808178571428584,On Track
2026-01-01,S051,Himaxx Qingdao Warehouse 51,Qingdao,North China,Himaxx Warehouse Outlet,Shopping Center Warehouse,57304.91,52693.75,1.08750867038311,24255.76,21829.0,1.1111713775253103,0.4233,0.4143,0.009000000000000008,-26688.77,6207.1,-4.29971645373846,7022,7441,0.9436903641983604,0.03902022215892908,0.0421,-0.00307977784107092,1.5583941605839415,1.6566,-0.09820583941605854,189.43128805620609,204.18,-14.748711943793921,Exceed Target
2026-01-01,S052,Himaxx Shanghai Warehouse 52,Shanghai,East China,Himaxx Warehouse Outlet,Shopping Center Warehouse,42040.07,43915.15,0.9573022066416714,19232.53,22116.56,0.8695986175065199,0.4575,0.5036,-0.04610000000000003,-32988.05,5990.34,-5.506874401119135,7560,6860,1.1020408163265305,0.0291005291005291,0.0271,0.0020005291005291,1.6409090909090909,1.8076,-0.16669090909090922,177.10451523545706,197.41,-20.30548476454294,On Track
2026-01-01,S053,Himaxx Chongqing Warehouse 53,Chongqing,West China,Himaxx Warehouse Outlet,Warehouse Outlet,73877.42,80991.18,0.9121662383484227,29268.18,29987.17,0.9760234126794893,0.3962,0.3703,0.02589999999999998,-1420.52,6940.95,-0.20465786383708282,7301,7352,0.9930631120783461,0.05081495685522531,0.0559,-0.00508504314477469,1.536388140161725,1.6669,-0.13051185983827507,174.01449122807017,183.5,-9.48550877192983,On Track
2026-01-01,S054,Himaxx Tianjin Warehouse 54,Tianjin,North China,Himaxx Warehouse Outlet,Community Warehouse,72007.92,80406.96,0.8955433708723721,30234.38,33744.11,0.8959898483024149,0.4199,0.4197,0.00019999999999997797,-6837.02,7912.17,-0.8641143959242534,8022,7774,1.0319012091587343,0.0431313886811269,0.0428,0.00033138868112689984,1.560693641618497,1.5524,0.008293641618497105,180.07844444444444,181.32,-1.24155555555555,On Track
2026-01-01,S055,Himaxx Xiamen Warehouse 55,Xiamen,South China,Himaxx Warehouse Outlet,Mall Warehouse,66440.57,69457.84,0.9565596914617559,26341.7,27987.76,0.9411864329263936,0.3965,0.4029,-0.006399999999999961,-722.98,7986.5,-0.09052526137857635,7429,7078,1.0495902797400396,0.04845874276484049,0.0486,-0.00014125723515950872,1.5833333333333333,1.7138,-0.13046666666666673,169.49542105263157,173.84,-4.344578947368433,On Track
2026-01-01,S056,Himaxx Nanjing Warehouse 56,Nanjing,East China,Himaxx Warehouse Outlet,Warehouse Outlet,74965.38,92116.08,0.8138142656526418,29626.51,37157.79,0.7973162558914294,0.3952,0.4034,-0.008199999999999985,5794.19,17459.69,0.3318609895135595,7899,9225,0.856260162601626,0.0435498164324598,0.0416,0.0019498164324598041,1.6744186046511629,1.7941,-0.11968139534883715,179.59479166666668,180.28,-0.6852083333333212,Behind Target
2026-01-01,S057,Himaxx Shanghai Warehouse 57,Shanghai,East China,Himaxx Warehouse Outlet,Warehouse Outlet,55233.33,59891.71,0.9222199533124034,20641.13,24596.67,0.8391839220512372,0.3737,0.4107,-0.03700000000000003,-9999.32,6313.33,-1.583842441310687,7646,7136,1.0714686098654709,0.03505100706251635,0.0394,-0.004348992937483649,1.5746268656716418,1.5005,0.07412686567164184,181.98909952606633,198.87,-16.88090047393368,On Track
2026-01-01,S058,Himaxx Xiamen Warehouse 58,Xiamen,South China,Himaxx Warehouse Outlet,Shopping Center Warehouse,47101.16,49459.19,0.9523237238620366,16593.82,17261.39,0.9613258260198049,0.3523,0.349,0.003300000000000025,-50140.4,3215.07,-15.595430270569537,7699,6705,1.1482475764354958,0.025717625665670867,0.0282,-0.002482374334329133,1.6414141414141414,1.6156,0.02581414141414151,192.15092307692308,212.41,-20.25907692307692,On Track
2026-01-01,S059,Himaxx Suzhou Warehouse 59,Suzhou,East China,Himaxx Warehouse Outlet,Mall Warehouse,32253.54,33497.39,0.9628672562250373,12581.27,12964.22,0.970461007295464,0.3901,0.387,0.0030999999999999917,-40137.76,1908.76,-21.028185837926195,7139,7064,1.0106172140430352,0.01975066535929402,0.025,-0.005249334640705983,1.6382978723404256,1.5771,0.06119787234042562,177.56632034632034,190.48,-12.913679653679651,On Track
2026-01-01,S060,Himaxx Xi'an Warehouse 60,Xi'an,West China,Himaxx Warehouse Outlet,Mall Warehouse,63889.6,74515.04,0.8574054311720158,26365.94,33089.69,0.7968022668087854,0.4127,0.4441,-0.031399999999999983,-12326.71,9836.83,-1.2531181285027797,7635,7303,1.0454607695467617,0.04296005239030779,0.0435,-0.0005399476096922054,1.5609756097560976,1.4711,0.08987560975609754,177.80875,183.9,-6.091250000000002,Behind Target
2026-01-01,S061,Himaxx Xiamen Warehouse 61,Xiamen,South China,Himaxx Warehouse Outlet,Community Warehouse,33613.75,34412.96,0.9767759007071755,12305.98,13368.28,0.9205357757318069,0.3661,0.3885,-0.02240000000000003,-25137.2,3285.8,-7.650252602106032,7509,7897,0.950867418006838,0.019842855240378213,0.025,-0.005157144759621788,1.657718120805369,1.6628,-0.005081879194630989,187.05611336032388,195.53,-8.473886639676124,On Track
2026-01-01,S062,Himaxx Xi'an Warehouse 62,Xi'an,West China,Himaxx Warehouse Outlet,Community Warehouse,58193.22,60190.61,0.9668155880128146,24910.06,23953.53,1.0399327364275746,0.4281,0.398,0.03009999999999996,-26997.69,7350.01,-3.6731501045576804,8595,9817,0.8755220535805236,0.03513670738801629,0.032,0.0031367073880162882,1.7483443708609272,1.7972,-0.04885562913907271,165.29589015151515,169.0,-3.7041098484848476,On Track
2026-01-01,S063,Himaxx Nanjing Warehouse 63,Nanjing,East China,Himaxx Warehouse Outlet,Mall Warehouse,29280.16,30155.74,0.9709647317558779,11194.45,12056.2,0.9285222541099185,0.3823,0.3998,-0.017500000000000016,-36912.4,2742.83,-13.457779009271446,7058,7003,1.0078537769527345,0.019552281099461603,0.025,-0.005447718900538398,1.5144927536231885,1.6606,-0.1461072463768116,184.58961722488036,189.33,-4.740382775119656,On Track
2026-01-01,S064,Himaxx Guangzhou Warehouse 64,Guangzhou,South China,Himaxx Warehouse Outlet,Shopping Center Warehouse,75781.92,94451.78,0.8023344822088053,30001.27,41818.42,0.7174175877520003,0.3959,0.4427,-0.04680000000000001,-5149.19,11043.32,-0.46627191822748953,8145,9068,0.8982134980149978,0.04014732965009208,0.04,0.000147329650092079,1.6055045871559632,1.4918,0.11370458715596321,189.15171428571426,201.17,-12.018285714285724,Behind Target
2026-01-01,S065,Himaxx Tianjin Warehouse 65,Tianjin,North China,Himaxx Warehouse Outlet,Shopping Center Warehouse,53376.43,52024.34,1.0259895656533078,20802.43,19405.48,1.07198739737435,0.3897,0.373,0.016699999999999993,-20782.03,5829.63,-3.5648969145554688,7806,7859,0.9932561394579463,0.03228285933897002,0.0351,-0.0028171406610299765,1.6111111111111112,1.7957,-0.1845888888888889,182.28214285714287,189.96,-7.677857142857135,On Track
2026-01-01,S066,Himaxx Tianjin Warehouse 66,Tianjin,North China,Himaxx Warehouse Outlet,Shopping Center Warehouse,33013.02,36205.13,0.9118326601782676,14156.59,17255.72,0.8203998442255669,0.4288,0.4766,-0.04780000000000001,-43343.45,2151.92,-20.141757128517785,6914,6774,1.0206672571597284,0.026468035869250797,0.025,0.0014680358692507958,1.4808743169398908,1.6114,-0.13052568306010914,171.0207380073801,172.38,-1.3592619926199063,On Track
2026-01-01,S067,Himaxx Beijing Warehouse 67,Beijing,North China,Himaxx Warehouse Outlet,Shopping Center Warehouse,63095.38,61765.66,1.0215284674364362,25848.52,26050.5,0.9922465979539741,0.4097,0.4218,-0.0121,-5635.76,9301.83,-0.6058764780693692,7503,7649,0.9809125375866127,0.03838464614154338,0.0356,0.002784646141543383,1.5972222222222223,1.649,-0.0517777777777777,181.2636304347826,175.75,5.513630434782613,On Track
2026-01-01,S068,Himaxx Suzhou Warehouse 68,Suzhou,East China,Himaxx Warehouse Outlet,Mall Warehouse,47803.0,56324.69,0.8487041828370471,19232.29,22263.88,0.863833707332235,0.4023,0.3953,0.007000000000000006,-7843.81,8440.67,-0.9292876039461323,8485,9652,0.879092416079569,0.03052445492044785,0.0297,0.0008244549204478487,1.5714285714285714,1.6697,-0.09827142857142857,166.7925552825553,179.52,-12.727444717444712,Behind Target
2026-01-01,S069,Himaxx Beijing Warehouse 69,Beijing,North China,Himaxx Warehouse Outlet,Warehouse Outlet,53508.63,55866.03,0.9578026217363217,19032.22,21972.6,0.8661796965311344,0.3557,0.3933,-0.03759999999999997,-25955.25,4211.29,-6.163254014803065,7692,7208,1.0671476137624862,0.03653146125845034,0.039,-0.0024685387415496612,1.690391459074733,1.6623,0.028091459074732983,163.49821052631577,155.44,8.058210526315776,On Track
2026-01-01,S070,Himaxx Changsha Warehouse 70,Changsha,Central China,Himaxx Warehouse Outlet,Shopping Center Warehouse,23762.5,25497.38,0.9319584992654146,10364.38,10327.07,1.0036128350054758,0.4362,0.405,0.03119999999999995,-62840.9,1385.85,-45.34466212072014,7786,7106,1.0956937799043063,0.016953506293347034,0.025,-0.008046493706652967,1.6515151515151516,1.6219,0.029615151515151705,181.35495412844037,180.47,0.8849541284403699,On Track
2026-01-01,S071,Himaxx Qingdao Warehouse 71,Qingdao,North China,Himaxx Warehouse Outlet,Warehouse Outlet,54371.65,56915.89,0.9552982479936623,22072.99,21326.97,1.0349801214143406,0.406,0.3747,0.03130000000000005,-24047.22,5568.65,-4.3183213166566405,7299,8348,0.8743411595591758,0.03562131798876558,0.0323,0.0033213179887655805,1.6192307692307693,1.5661,0.053130769230769204,175.25762470308786,195.94,-20.68237529691214,On Track
2026-01-01,S072,Himaxx Changsha Warehouse 72,Changsha,Central China,Himaxx Warehouse Outlet,Community Warehouse,29636.52,29707.22,0.9976201071658674,10453.25,10027.9,1.0424166575255038,0.3527,0.3376,0.015100000000000002,-27833.24,2524.6,-11.024811851382399,8692,9707,0.8954362830946739,0.01737229636447308,0.025,-0.007627703635526922,1.6490066225165563,1.8044,-0.15539337748344373,163.7312449799197,151.58,12.151244979919682,On Track
2026-01-01,S073,Himaxx Tianjin Warehouse 73,Tianjin,North China,Himaxx Warehouse Outlet,Mall Warehouse,61305.69,59746.9,1.026089889182535,22150.94,22960.36,0.9647470684257563,0.3613,0.3843,-0.022999999999999965,-5090.11,8620.22,-0.5904849296189656,7585,8544,0.8877574906367042,0.03876071193144364,0.0405,-0.0017392880685563605,1.58843537414966,1.6749,-0.0864646258503401,174.773704496788,161.26,13.513704496788023,On Track
2026-01-01,S074,Himaxx Tianjin Warehouse 74,Tianjin,North China,Himaxx Warehouse Outlet,Warehouse Outlet,72831.63,81588.61,0.8926690870208477,28606.55,35253.26,0.8114582878292673,0.3928,0.4321,-0.0393,11728.45,9940.45,1.1798711325946007,7018,7131,0.9841536951339223,0.04887432316899402,0.052,-0.00312567683100598,1.6355685131195334,1.7894,-0.15383148688046666,173.6060249554367,159.99,13.6160249554367,Behind Target
2026-01-01,S075,Himaxx Shenzhen Warehouse 75,Shenzhen,South China,Himaxx Warehouse Outlet,Warehouse Outlet,49003.7,49300.18,0.9939862288535254,19017.69,21101.22,0.9012602114948802,0.3881,0.428,-0.03989999999999999,-1960.96,6683.69,-0.2933948163364848,7773,8144,0.9544449901768173,0.032033963720571206,0.0297,0.002333963720571205,1.5542168674698795,1.7092,-0.15498313253012053,169.1266149870801,170.72,-1.5933850129198959,On Track
2026-01-01,S076,Himaxx Nanjing Warehouse 76,Nanjing,East China,Himaxx Warehouse Outlet,Warehouse Outlet,36646.64,40686.99,0.9006967583495363,14444.99,15697.44,0.9202131048119948,0.3942,0.3858,0.008400000000000019,-18378.99,4933.38,-3.725435705337923,7426,7088,1.047686230248307,0.025181793697818474,0.0268,-0.0016182063021815268,1.6631016042780749,1.6891,-0.025998395721925194,165.57250803858523,183.58,-18.007491961414786,On Track
2026-02-01,S001,Himaxx Beijing Warehouse 1,Beijing,North China,Himaxx Warehouse Outlet,Mall Warehouse,73860.81,74980.72,0.9850640271259065,26945.29,26546.46,1.0150238487542218,0.3648,0.354,0.010800000000000032,-8461.56,4699.98,-1.8003395759130891,7026,7954,0.8833291425697762,0.04995730145175064,0.0559,-0.005942698548249359,1.6495726495726495,1.796,-0.14642735042735056,177.93939550949915,197.55,-19.61060449050086,On Track
2026-02-01,S002,Himaxx Nanjing Warehouse 2,Nanjing,East China,Himaxx Warehouse Outlet,Shopping Center Warehouse,45633.13,46706.17,0.9770257334309365,18075.29,20576.08,0.8784613006947873,0.3961,0.4405,-0.044399999999999995,-4857.74,4878.32,-0.9957813345577986,7802,7376,1.0577548806941433,0.028454242501922584,0.0311,-0.0026457574980774147,1.6306306306306306,1.6491,-0.01846936936936938,176.86953038674034,170.09,6.779530386740333,On Track
2026-02-01,S003,Himaxx Shenzhen Warehouse 3,Shenzhen,South China,Himaxx Warehouse Outlet,Warehouse Outlet,34564.51,29408.96,1.1753054171245771,13940.67,12645.77,1.102397876918527,0.4033,0.43,-0.0267,-44991.2,3311.62,-13.5858582808414,7135,6204,1.1500644745325597,0.02242466713384723,0.0257,-0.00327533286615277,1.625,1.567,0.05800000000000005,174.99507692307694,169.18,5.81507692307693,Exceed Target
2026-02-01,S004,Himaxx Xiamen Warehouse 4,Xiamen,South China,Himaxx Warehouse Outlet,Pop-up Clearance Warehouse,38596.12,37097.57,1.0403948290952751,10964.33,11331.09,0.9676324166518843,0.2841,0.3054,-0.021299999999999986,-36393.41,3830.9,-9.49996345506278,6070,5526,1.0984437205935578,0.03212520593080725,0.0347,-0.002574794069192754,1.6871794871794872,1.7461,-0.058920512820512805,155.34018237082066,163.58,-8.239817629179356,On Track
2026-02-01,S005,Himaxx Changsha Warehouse 5,Changsha,Central China,Himaxx Warehouse Outlet,Shopping Center Warehouse,38045.81,40524.52,0.9388343156192843,15101.45,16895.39,0.8938207404505016,0.3969,0.4169,-0.020000000000000018,-29282.03,3634.92,-8.055756385284958,6756,6965,0.9699928212491027,0.02856719952634695,0.0309,-0.0023328004736530503,1.6787564766839378,1.7197,-0.040943523316062214,164.26787037037036,177.95,-13.682129629629628,On Track
2026-02-01,S006,Himaxx Qingdao Warehouse 6,Qingdao,North China,Himaxx Warehouse Outlet,Warehouse Outlet,41008.44,37385.68,1.0969023433571357,15738.92,14338.46,1.0976715770033882,0.3838,0.3835,0.00029999999999996696,-36292.42,3113.65,-11.655908660254042,7301,6254,1.1674128557723058,0.027804410354745925,0.0265,0.001304410354745926,1.5566502463054188,1.5323,0.02435024630541882,174.74582278481012,165.08,9.665822784810103,Exceed Target
2026-02-01,S007,Himaxx Wuhan Warehouse 7,Wuhan,Central China,Himaxx Warehouse Outlet,Mall Warehouse,47917.2,44495.06,1.076910560408279,16062.28,15689.34,1.023770279693091,0.3352,0.3526,-0.017400000000000027,-16840.04,5245.5,-3.2103784195977507,7031,7222,0.973553032400997,0.03328118333096288,0.0352,-0.0019188166690371211,1.564102564102564,1.515,0.049102564102564195,171.5635519125683,170.28,1.2835519125682993,On Track
2026-02-01,S008,Himaxx Changsha Warehouse 8,Changsha,Central China,Himaxx Warehouse Outlet,Mall Warehouse,65201.74,68764.83,0.9481844134567045,26089.71,26094.94,0.9997995780024787,0.4001,0.3795,0.020600000000000007,2447.64,9668.81,0.25314800890699063,7103,8315,0.8542393265183403,0.04744474165845417,0.0534,-0.005955258341545831,1.4836795252225519,1.5897,-0.10602047477744803,173.004,186.24,-13.236000000000018,On Track
2026-02-01,S009,Himaxx Changsha Warehouse 9,Changsha,Central China,Himaxx Warehouse Outlet,Mall Warehouse,57659.43,63924.87,0.901987442446109,23102.82,25029.98,0.9230059312872004,0.4007,0.3916,0.009099999999999997,-23810.07,7039.39,-3.3824052936405,6965,6664,1.0451680672268908,0.041780330222541275,0.0457,-0.003919669777458723,1.5120274914089347,1.4506,0.061427491408934776,176.1513181818182,187.44,-11.2886818181818,On Track
2026-02-01,S010,Himaxx Changsha Warehouse 10,Changsha,Central China,Himaxx Warehouse Outlet,Community Warehouse,50629.09,52437.64,0.9655104615692086,22043.93,22395.22,0.9843140634474677,0.4354,0.4271,0.00830000000000003,1449.5,7419.33,0.19536804536258665,7299,6589,1.1077553498254666,0.034936292642827785,0.0321,0.002836292642827788,1.6,1.6172,-0.017199999999999882,166.9178431372549,186.45,-19.532156862745097,On Track
2026-02-01,S011,Himaxx Chengdu Warehouse 11,Chengdu,West China,Himaxx Warehouse Outlet,Community Warehouse,46934.02,41744.65,1.1243122172541868,21178.12,19509.25,1.0855424990709535,0.4512,0.4673,-0.016100000000000003,-28296.54,5119.66,-5.527034998417864,7294,7315,0.9971291866028709,0.029613380860981628,0.0325,-0.002886619139018373,1.662037037037037,1.7884,-0.126362962962963,182.42116991643454,191.22,-8.798830083565463,Exceed Target
2026-02-01,S012,Himaxx Beijing Warehouse 12,Beijing,North China,Himaxx Warehouse Outlet,Warehouse Outlet,68804.59,79444.59,0.8660701754518464,23746.89,26975.94,0.8802988885651436,0.3451,0.3396,0.005500000000000005,-10345.42,10836.75,-0.9546607608369668,7487,8077,0.9269530766373654,0.04661413116067851,0.0473,-0.0006858688393214935,1.6217765042979944,1.6062,0.015576504297994287,166.196925795053,173.03,-6.833074204946996,Behind Target
2026-02-01,S013,Himaxx Shenzhen Warehouse 13,Shenzhen,South China,Himaxx Warehouse Outlet,Community Warehouse,64615.45,70844.57,0.912073430610137,25263.96,27542.91,0.9172581982078146,0.391,0.3888,0.0022000000000000353,-16576.78,8433.79,-1.965519653678832,8140,8970,0.907469342251951,0.03796068796068796,0.0364,0.0015606879606879578,1.5242718446601942,1.6918,-0.1675281553398058,184.08016985138002,192.25,-8.16983014861998,On Track
2026-02-01,S014,Himaxx Tianjin Warehouse 14,Tianjin,North China,Himaxx Warehouse Outlet,Shopping Center Warehouse,41662.21,38475.28,1.082830586288131,15196.53,15189.12,1.0004878491973201,0.3648,0.3948,-0.02999999999999997,-20850.17,4067.91,-5.1255239176874605,7038,7452,0.9444444444444444,0.02855924978687127,0.0301,-0.001540750213128727,1.572139303482587,1.5418,0.030339303482586955,178.3037658227848,173.93,4.373765822784804,On Track
2026-02-01,S015,Himaxx Hangzhou Warehouse 15,Hangzhou,East China,Himaxx Warehouse Outlet,Mall Warehouse,45333.49,42377.49,1.0697540132745003,17005.06,16150.0,1.052944891640867,0.3751,0.3811,-0.006000000000000005,-17552.6,2740.22,-6.405544080402303,7085,6998,1.012432123463847,0.02766407904022583,0.0312,-0.003535920959774168,1.6989795918367347,1.8054,-0.10642040816326515,180.71705705705705,174.48,6.237057057057058,Exceed Target
2026-02-01,S016,Himaxx Chengdu Warehouse 16,Chengdu,West China,Himaxx Warehouse Outlet,Shopping Center Warehouse,76907.84,90718.6,0.8477626418397108,32916.4,38228.14,0.8610515709108526,0.428,0.4214,0.006599999999999995,-5260.44,10240.58,-0.5136857482681645,6739,6893,0.9776584941244741,0.0520848790621754,0.0531,-0.001015120937824604,1.6951566951566952,1.7616,-0.06644330484330485,181.52547899159666,178.52,3.0054789915966467,Behind Target
2026-02-01,S017,Himaxx Hangzhou Warehouse 17,Hangzhou,East China,Himaxx Warehouse Outlet,Shopping Center Warehouse,37822.99,35440.57,1.0672229594501443,16441.86,14969.47,1.0983595277588318,0.4347,0.4224,0.012299999999999978,-23378.83,3062.34,-7.634302526825891,6867,6270,1.0952153110047846,0.03145478374836173,0.0304,0.0010547837483617269,1.5277777777777777,1.4607,0.06707777777777757,170.43760606060607,177.16,-6.722393939393925,Exceed Target
2026-02-01,S018,Himaxx Xi'an Warehouse 18,Xi'an,West China,Himaxx Warehouse Outlet,Mall Warehouse,61032.42,70692.29,0.8633532737445626,24797.35,27440.18,0.9036875851397476,0.4063,0.3882,0.018100000000000005,3501.45,11305.95,0.30969975986095816,7304,8297,0.8803181872966133,0.04107338444687842,0.0383,0.00277338444687842,1.5766666666666667,1.7315,-0.15483333333333338,169.06750528541224,162.51,6.5575052854122475,Behind Target
2026-02-01,S019,Himaxx Qingdao Warehouse 19,Qingdao,North China,Himaxx Warehouse Outlet,Shopping Center Warehouse,38369.22,37415.08,1.0255014822900286,16833.05,17498.99,0.9619440893445849,0.4387,0.4677,-0.029000000000000026,-50092.42,4624.95,-10.830910604438968,7193,7098,1.0133840518455903,0.02710968997636591,0.0302,-0.00309031002363409,1.7025641025641025,1.8816,-0.17903589743589743,162.022921686747,166.84,-4.817078313253006,On Track
2026-02-01,S020,Himaxx Shanghai Warehouse 20,Shanghai,East China,Himaxx Warehouse Outlet,Warehouse Outlet,64230.73,77738.61,0.8262397539652433,25443.24,29416.26,0.8649379628817533,0.3961,0.3784,0.017699999999999994,2005.62,11139.17,0.1800511169144559,6593,7059,0.9339849837087406,0.0508114667071136,0.0516,-0.0007885332928863967,1.6298507462686567,1.6781,-0.048249253731343256,175.60739926739927,171.29,4.317399267399281,Behind Target
2026-02-01,S021,Himaxx Changsha Warehouse 21,Changsha,Central China,Himaxx Warehouse Outlet,Pop-up Clearance Warehouse,44161.25,48872.03,0.9036098971129295,12023.39,14396.48,0.8351617895485562,0.2723,0.2946,-0.022299999999999986,-19154.02,5617.17,-3.4099056998452957,6570,6914,0.9502458779288401,0.04185692541856925,0.0447,-0.002843074581430745,1.5745454545454545,1.4842,0.0903454545454545,136.0967205542725,148.88,-12.783279445727487,Behind Target
2026-02-01,S022,Himaxx Xiamen Warehouse 22,Xiamen,South China,Himaxx Warehouse Outlet,Mall Warehouse,33255.35,30056.01,1.1064459321114146,12616.91,12230.94,1.031556854992339,0.3794,0.4069,-0.02749999999999997,-48778.84,2721.33,-17.924632440755072,7275,6572,1.1069689592209373,0.027353951890034364,0.0295,-0.002146048109965635,1.5728643216080402,1.658,-0.08513567839195968,154.76450479233227,146.49,8.274504792332266,Exceed Target
2026-02-01,S023,Himaxx Changsha Warehouse 23,Changsha,Central China,Himaxx Warehouse Outlet,Mall Warehouse,48509.64,55966.99,0.866754492246233,20820.66,26546.53,0.7843081562825726,0.4292,0.4743,-0.04509999999999997,-31530.35,6605.41,-4.773413005400119,7750,7141,1.0852821733650748,0.03470967741935484,0.0356,-0.0008903225806451628,1.4944237918215613,1.494,0.00042379182156127015,175.30955223880596,192.8,-17.490447761194048,Behind Target
2026-02-01,S024,Himaxx Chongqing Warehouse 24,Chongqing,West China,Himaxx Warehouse Outlet,Mall Warehouse,31539.31,33230.37,0.9491110089956868,11722.5,11920.46,0.983393258313857,0.3717,0.3587,0.012999999999999956,-37614.95,1922.66,-19.56401547855575,7501,6094,1.2308828355759764,0.021997067057725635,0.025,-0.003002932942274366,1.6181818181818182,1.526,0.09218181818181814,170.74823970037454,180.89,-10.141760299625446,On Track
2026-02-01,S025,Himaxx Hangzhou Warehouse 25,Hangzhou,East China,Himaxx Warehouse Outlet,Shopping Center Warehouse,53316.13,53469.18,0.9971376033819856,21493.51,20174.98,1.065354711627967,0.4031,0.3773,0.02579999999999999,-4693.38,4389.23,-1.0692946143173176,7330,7661,0.9567941521994517,0.03669849931787176,0.0419,-0.005201500682128241,1.5985130111524164,1.5104,0.08811301115241643,174.918488372093,165.86,9.058488372092995,On Track
2026-02-01,S026,Himaxx Beijing Warehouse 26,Beijing,North China,Himaxx Warehouse Outlet,Shopping Center Warehouse,69814.97,66429.07,1.0509701550842123,29130.39,28298.17,1.0294089688485157,0.4173,0.426,-0.008699999999999986,-2050.53,8309.68,-0.2467640149801196,7346,7004,1.0488292404340378,0.048189490879390146,0.0447,0.003489490879390149,1.5677966101694916,1.618,-0.05020338983050854,173.94603603603605,184.5,-10.553963963963952,On Track
2026-02-01,S027,Himaxx Chengdu Warehouse 27,Chengdu,West China,Himaxx Warehouse Outlet,Shopping Center Warehouse,18143.93,18070.7,1.004052416342477,7807.15,7441.99,1.049067520918464,0.4303,0.4118,0.018500000000000016,-53507.78,871.99,-61.36283672977901,7001,5712,1.2256652661064427,0.013426653335237824,0.025,-0.011573346664762178,1.4893617021276595,1.442,0.047361702127659555,181.86435714285713,188.67,-6.805642857142857,Exceed Target
2026-02-01,S028,Himaxx Chongqing Warehouse 28,Chongqing,West China,Himaxx Warehouse Outlet,Warehouse Outlet,42272.77,43368.29,0.9747391469665969,15106.87,16795.29,0.8994706253955722,0.3574,0.3873,-0.029899999999999982,-37316.94,3172.57,-11.762369309424221,6634,6846,0.9690330119777972,0.02683147422369611,0.0265,0.000331474223696112,1.651685393258427,1.6654,-0.013714606741572988,181.3392176870748,198.48,-17.140782312925182,On Track
2026-02-01,S029,Himaxx Suzhou Warehouse 29,Suzhou,East China,Himaxx Warehouse Outlet,Warehouse Outlet,49259.41,52931.24,0.9306301911687692,19407.33,21486.12,0.9032496327861895,0.394,0.4059,-0.011899999999999966,-17628.49,4117.48,-4.281378415924304,7383,6828,1.0812829525483305,0.0321007720438846,0.0291,0.003000772043884596,1.6371308016877637,1.7161,-0.07896919831223626,166.96621134020617,176.15,-9.183788659793834,On Track
2026-02-01,S030,Himaxx Beijing Warehouse 30,Beijing,North China,Himaxx Warehouse Outlet,Warehouse Outlet,35806.81,33721.48,1.0618398124874706,15630.2,15047.13,1.03874958214623,0.4365,0.4462,-0.009699999999999986,-25011.27,2396.07,-10.438455470833489,7041,6558,1.0736505032021957,0.0293992330634853,0.0318,-0.002400766936514701,1.5507246376811594,1.6032,-0.052475362318840535,167.17146417445483,164.36,2.8114641744548123,Exceed Target
2026-02-01,S031,Himaxx Xi'an Warehouse 31,Xi'an,West China,Himaxx Warehouse Outlet,Warehouse Outlet,31882.78,35523.45,0.8975136142463641,12172.03,13053.61,0.9324646592015542,0.3818,0.3675,0.01429999999999998,-21317.63,3199.61,-6.662571375886436,7630,6952,1.0975258918296893,0.022542595019659238,0.025,-0.0024574049803407633,1.558139534883721,1.6645,-0.10636046511627906,169.38220149253732,189.3,-19.91779850746269,On Track
2026-02-01,S032,Himaxx Wuhan Warehouse 32,Wuhan,Central China,Himaxx Warehouse Outlet,Mall Warehouse,55097.01,64778.32,0.8505470657466881,21598.0,27866.88,0.7750419135547287,0.392,0.4302,-0.03820000000000001,-19166.08,5412.17,-3.5412930488140617,7480,7386,1.0127267803953426,0.03288770053475936,0.0377,-0.004812299465240637,1.6585365853658536,1.7964,-0.13786341463414642,177.94995098039217,197.49,-19.540049019607835,Behind Target
2026-02-01,S033,Himaxx Chongqing Warehouse 33,Chongqing,West China,Himaxx Warehouse Outlet,Mall Warehouse,39685.71,41619.68,0.9535323193258574,14271.74,15331.38,0.9308842387312819,0.3596,0.3684,-0.00880000000000003,-28573.08,4155.88,-6.875338075209101,7539,8281,0.9103972950126796,0.025069637883008356,0.0259,-0.0008303621169916432,1.7724867724867726,1.9331,-0.16061322751322749,170.88886567164178,187.9,-17.011134328358224,On Track
2026-02-01,S034,Himaxx Shenzhen Warehouse 34,Shenzhen,South China,Himaxx Warehouse Outlet,Warehouse Outlet,71750.31,71389.38,1.005055794013059,29373.43,30896.53,0.9507032019453318,0.4094,0.4328,-0.023400000000000032,-1055.42,6949.02,-0.1518804090360943,7308,7561,0.9665388176167173,0.046661193212917354,0.0472,-0.0005388067870826449,1.5806451612903225,1.6878,-0.10715483870967746,182.90975881261596,204.34,-21.43024118738404,On Track
2026-02-01,S035,Himaxx Chongqing Warehouse 35,Chongqing,West China,Himaxx Warehouse Outlet,Pop-up Clearance Warehouse,34324.42,29761.53,1.1533150345429148,10445.89,8663.21,1.2057759190877284,0.3043,0.2911,0.01319999999999999,-35000.77,1017.17,-34.40995113894432,7056,6760,1.0437869822485206,0.026077097505668934,0.0261,-2.290249433106739e-05,1.7173913043478262,1.7,0.01739130434782621,152.77487341772152,155.11,-2.335126582278491,Exceed Target
2026-02-01,S036,Himaxx Nanjing Warehouse 36,Nanjing,East China,Himaxx Warehouse Outlet,Warehouse Outlet,52195.16,59199.0,0.8816898934103617,18273.71,22568.64,0.8096947800133282,0.3501,0.3812,-0.03109999999999996,-14096.96,4367.82,-3.227459007010362,6488,7132,0.9097027481772294,0.03545006165228114,0.0365,-0.001049938347718861,1.5217391304347827,1.4102,0.11153913043478281,185.82317142857144,180.73,5.093171428571452,Behind Target
2026-02-01,S037,Himaxx Shenzhen Warehouse 37,Shenzhen,South China,Himaxx Warehouse Outlet,Warehouse Outlet,28739.42,31043.93,0.9257661642710829,11292.29,12045.13,0.9374983914660947,0.3929,0.388,0.0049000000000000155,-54332.96,1848.74,-29.389183984768003,7167,6963,1.029297716501508,0.022324543044509558,0.025,-0.0026754569554904434,1.56875,1.5314,0.037349999999999994,167.77733067729085,166.95,0.8273306772908597,On Track
2026-02-01,S038,Himaxx Qingdao Warehouse 38,Qingdao,North China,Himaxx Warehouse Outlet,Warehouse Outlet,51370.72,53080.87,0.9677821784006178,22738.26,26246.82,0.8663243775817413,0.4426,0.4945,-0.0519,-729.45,6013.38,-0.12130449098510322,6732,6754,0.996742671009772,0.04486036838978016,0.0408,0.004060368389780154,1.466887417218543,1.4101,0.05678741721854319,169.7400677200903,178.02,-8.279932279909701,On Track
2026-02-01,S039,Himaxx Shenzhen Warehouse 39,Shenzhen,South China,Himaxx Warehouse Outlet,Pop-up Clearance Warehouse,45793.68,49983.12,0.9161829033481703,13134.51,13379.9,0.9816598031375422,0.2868,0.2677,0.019100000000000006,-45621.59,5226.17,-8.729450056159672,7675,8683,0.8839110906368767,0.03517915309446254,0.0401,-0.004920846905537457,1.6777777777777778,1.8015,-0.12372222222222229,139.57079470198676,143.44,-3.8692052980132416,On Track
2026-02-01,S040,Himaxx Xiamen Warehouse 40,Xiamen,South China,Himaxx Warehouse Outlet,Warehouse Outlet,65510.43,66242.68,0.9889459484429073,23147.77,22347.44,1.0358130506223533,0.3533,0.3374,0.015900000000000025,-2674.59,7092.29,-0.3771123290220789,6991,8293,0.8430001205836247,0.04605921899585181,0.0425,0.0035592189958518067,1.5683229813664596,1.5617,0.006622981366459557,168.09857425742575,177.12,-9.021425742574252,On Track
2026-02-01,S041,Himaxx Shanghai Warehouse 41,Shanghai,East China,Himaxx Warehouse Outlet,Shopping Center Warehouse,30317.0,25298.95,1.1983501291555578,11488.53,10237.46,1.1222051172849516,0.3789,0.4047,-0.02579999999999999,-31425.39,2859.3,-10.990588605602769,6629,5900,1.1235593220338984,0.024287222808870117,0.025,-0.000712777191129884,1.5962732919254659,1.6179,-0.02162670807453404,162.40132295719843,155.47,6.931322957198432,Exceed Target
2026-02-01,S042,Himaxx Shanghai Warehouse 42,Shanghai,East China,Himaxx Warehouse Outlet,Community Warehouse,62263.06,66251.11,0.9398040274344083,22298.11,22199.34,1.0044492313735454,0.3581,0.3351,0.022999999999999965,6402.28,10937.56,0.5853481032332623,7440,8681,0.8570441193410897,0.0407258064516129,0.0394,0.0013258064516129056,1.636963696369637,1.6992,-0.06223630363036303,168.3598185483871,161.46,6.899818548387088,On Track
2026-02-01,S043,Himaxx Hangzhou Warehouse 43,Hangzhou,East China,Himaxx Warehouse Outlet,Warehouse Outlet,48582.98,54611.49,0.8896109591589609,18785.87,22085.6,0.850593599449415,0.3867,0.4044,-0.017699999999999994,-17656.68,6700.62,-2.635081529768887,6216,5693,1.091867205339891,0.042631917631917635,0.0454,-0.0027680823680823682,1.5773584905660378,1.5687,0.008658490566037846,160.33846889952153,149.93,10.408468899521523,On Track
2026-02-01,S044,Himaxx Changsha Warehouse 44,Changsha,Central China,Himaxx Warehouse Outlet,Community Warehouse,58005.44,59334.45,0.9776013766033056,22998.58,24265.62,0.9477845610373855,0.3965,0.409,-0.012499999999999956,-16160.83,11652.36,-1.386914753749455,6693,7464,0.8967041800643086,0.04153593306439564,0.0423,-0.0007640669356043586,1.6870503597122302,1.7967,-0.1096496402877698,175.22189765458424,168.38,6.841897654584244,On Track
2026-02-01,S045,Himaxx Beijing Warehouse 45,Beijing,North China,Himaxx Warehouse Outlet,Warehouse Outlet,51024.65,53263.62,0.9579643666727872,19532.58,20710.54,0.9431226805288515,0.3828,0.3888,-0.006000000000000005,-33045.28,6532.82,-5.058348462073041,7039,6387,1.1020823547831533,0.035374342946441255,0.0324,0.0029743429464412566,1.6586345381526104,1.7059,-0.047265461847389556,168.94234866828089,176.65,-7.70765133171912,On Track
2026-02-01,S046,Himaxx Shanghai Warehouse 46,Shanghai,East China,Himaxx Warehouse Outlet,Shopping Center Warehouse,52410.4,51692.07,1.01389632877925,23836.7,24015.68,0.9925473690522192,0.4548,0.4646,-0.009800000000000031,-15559.06,4817.6,-3.2296288608435733,7522,8255,0.9112053301029679,0.036825312416910394,0.0372,-0.0003746875830896029,1.55956678700361,1.481,0.07856678700360997,173.41546296296295,177.11,-3.6945370370370654,On Track
2026-02-01,S047,Himaxx Xiamen Warehouse 47,Xiamen,South China,Himaxx Warehouse Outlet,Warehouse Outlet,52166.46,58186.16,0.8965441266445491,17515.33,21023.23,0.8331417198974659,0.3358,0.3613,-0.025500000000000023,-20467.19,8213.1,-2.4920176303709924,7042,7723,0.91182183089473,0.03592729338256177,0.0391,-0.00317270661743823,1.6640316205533596,1.732,-0.06796837944664036,164.9125890736342,170.14,-5.227410926365792,Behind Target
2026-02-01,S048,Himaxx Chongqing Warehouse 48,Chongqing,West China,Himaxx Warehouse Outlet,Mall Warehouse,37261.04,33875.45,1.0999422885895245,16275.99,15149.84,1.074334118380128,0.4368,0.4472,-0.010399999999999965,-17378.11,3341.03,-5.201422914490442,6994,7900,0.8853164556962025,0.03217043179868459,0.0367,-0.0045295682013154134,1.488888888888889,1.6549,-0.1660111111111111,162.75623880597013,157.28,5.476238805970127,On Track
2026-02-01,S049,Himaxx Shenzhen Warehouse 49,Shenzhen,South China,Himaxx Warehouse Outlet,Warehouse Outlet,57076.14,66058.73,0.8640211520869384,22051.76,26322.39,0.837756753850999,0.3864,0.3985,-0.0121,-9872.79,6915.1,-1.4277147112840016,6682,6579,1.015655874753002,0.048638132295719845,0.0508,-0.002161867704280153,1.5446153846153847,1.6301,-0.08548461538461538,156.2727091633466,153.79,2.4827091633466125,Behind Target
2026-02-01,S050,Himaxx Suzhou Warehouse 50,Suzhou,East China,Himaxx Warehouse Outlet,Community Warehouse,40945.74,41519.97,0.9861697876949332,16097.45,17605.81,0.9143260094252976,0.3931,0.424,-0.030899999999999983,-36672.45,3056.26,-11.999126383226557,5817,5786,1.0053577601106118,0.03403816400206292,0.0332,0.0008381640020629216,1.595959595959596,1.5274,0.06855959595959593,176.00629746835443,179.51,-3.5037025316455583,On Track
2026-02-01,S051,Himaxx Qingdao Warehouse 51,Qingdao,North China,Himaxx Warehouse Outlet,Shopping Center Warehouse,50677.58,59585.97,0.850495175290425,21661.84,24627.44,0.8795814749726322,0.4274,0.4133,0.014100000000000001,-9763.87,8484.85,-1.1507416159389972,7431,7454,0.9969144083713443,0.03337370475037007,0.0318,0.0015737047503700669,1.5846774193548387,1.7571,-0.17242258064516136,176.24987277353688,187.44,-11.190127226463119,Behind Target
2026-02-01,S052,Himaxx Shanghai Warehouse 52,Shanghai,East China,Himaxx Warehouse Outlet,Shopping Center Warehouse,43930.4,50484.07,0.8701834063695737,18383.03,21765.94,0.8445778128580709,0.4185,0.4311,-0.0126,-14722.14,7562.66,-1.9466880700705835,6364,6296,1.0108005082592122,0.03236957888120679,0.0316,0.000769578881206788,1.645631067961165,1.5969,0.048731067961165,174.91979351032447,173.99,0.9297935103244583,Behind Target
2026-02-01,S053,Himaxx Chongqing Warehouse 53,Chongqing,West China,Himaxx Warehouse Outlet,Warehouse Outlet,68477.36,66110.0,1.0358094085614884,26034.45,25161.78,1.0346823634893876,0.3802,0.3806,-0.00040000000000001146,-1604.22,8920.91,-0.1798269459057428,7124,8431,0.8449768710710474,0.04576080853453116,0.0436,0.0021608085345311626,1.5828220858895705,1.5369,0.045922085889570585,176.47240310077518,196.78,-20.30759689922482,On Track
2026-02-01,S054,Himaxx Tianjin Warehouse 54,Tianjin,North China,Himaxx Warehouse Outlet,Community Warehouse,63872.77,77456.56,0.8246269909223957,23980.25,29808.57,0.804475021780649,0.3754,0.3848,-0.009399999999999964,19.58,13850.74,0.0014136428811745798,6093,5951,1.0238615358763232,0.05071393402264894,0.0502,0.0005139340226489389,1.6343042071197411,1.7036,-0.06929579288025889,173.48483168316832,179.9,-6.415168316831682,Behind Target
2026-02-01,S055,Himaxx Xiamen Warehouse 55,Xiamen,South China,Himaxx Warehouse Outlet,Mall Warehouse,58182.26,69542.61,0.8366418804241026,24828.21,33111.09,0.7498457465459458,0.4267,0.4761,-0.0494,-14135.99,9284.1,-1.5226020831313751,7820,9305,0.8404083825900054,0.0418158567774936,0.0419,-8.414322250639705e-05,1.5779816513761469,1.7241,-0.1461183486238531,155.3067054263566,162.13,-6.823294573643409,Behind Target
2026-02-01,S056,Himaxx Nanjing Warehouse 56,Nanjing,East China,Himaxx Warehouse Outlet,Warehouse Outlet,48243.2,57000.68,0.8463618328763797,16072.33,19298.03,0.8328482233678774,0.3332,0.3386,-0.005400000000000016,-7955.39,6831.12,-1.1645806251390696,6690,6442,1.0384973610679913,0.04155455904334828,0.0376,0.00395455904334828,1.5827338129496402,1.6779,-0.09516618705035973,158.49922727272727,151.56,6.9392272727272655,Behind Target
2026-02-01,S057,Himaxx Shanghai Warehouse 57,Shanghai,East China,Himaxx Warehouse Outlet,Warehouse Outlet,47803.86,52323.16,0.913627158604335,18992.21,22329.84,0.8505305008902885,0.3973,0.4268,-0.029500000000000026,-45836.51,5884.67,-7.789138558321877,7263,8034,0.9040328603435399,0.03414566983340218,0.0331,0.0010456698334021797,1.5887096774193548,1.6735,-0.08479032258064523,170.48487309644668,163.88,6.604873096446681,Behind Target
2026-02-01,S058,Himaxx Xiamen Warehouse 58,Xiamen,South China,Himaxx Warehouse Outlet,Shopping Center Warehouse,34643.43,35669.48,0.9712345119693362,14712.68,16666.25,0.8827828695717393,0.4247,0.4672,-0.04249999999999998,-36729.74,3194.18,-11.498957478914777,6594,5916,1.114604462474645,0.027904155292690323,0.0275,0.00040415529269032316,1.5326086956521738,1.6805,-0.14789130434782627,170.3691134751773,171.98,-1.6108865248226891,On Track
2026-02-01,S059,Himaxx Suzhou Warehouse 59,Suzhou,East China,Himaxx Warehouse Outlet,Mall Warehouse,27344.61,28565.47,0.9572609867787927,10563.33,11407.3,0.9260149202703533,0.3863,0.3993,-0.013000000000000012,-37214.33,2323.89,-16.013808743098856,6616,5739,1.1528140791078585,0.022823458282950425,0.025,-0.0021765417170495766,1.6622516556291391,1.7595,-0.09724834437086094,157.90302788844622,160.02,-2.1169721115537925,On Track
2026-02-01,S060,Himaxx Xi'an Warehouse 60,Xi'an,West China,Himaxx Warehouse Outlet,Mall Warehouse,55860.29,58373.91,0.9569393244344947,22247.0,26023.87,0.8548690106429213,0.3983,0.4458,-0.04749999999999999,-6216.21,9241.02,-0.6726757435867469,7357,8474,0.8681850365824876,0.03969009106972951,0.0427,-0.0030099089302704912,1.595890410958904,1.6559,-0.06000958904109588,162.76214592274678,177.65,-14.887854077253223,On Track
2026-02-01,S061,Himaxx Xiamen Warehouse 61,Xiamen,South China,Himaxx Warehouse Outlet,Community Warehouse,25565.89,26476.29,0.965614517743989,10607.75,10267.17,1.0331717503460058,0.4149,0.3878,0.027100000000000013,-23572.45,2247.8,-10.486898300560547,7474,7365,1.0147997284453496,0.01685844260101686,0.025,-0.008141557398983142,1.6984126984126984,1.7015,-0.0030873015873016385,171.16341121495327,185.3,-14.13658878504674,On Track
2026-02-01,S062,Himaxx Xi'an Warehouse 62,Xi'an,West China,Himaxx Warehouse Outlet,Community Warehouse,56483.47,60933.13,0.9269747016114223,22079.15,22673.49,0.9737870085284621,0.3909,0.3721,0.01880000000000004,-28753.6,7852.8,-3.661572942135289,7472,7263,1.0287759878837945,0.04055139186295503,0.0375,0.0030513918629550343,1.5709570957095709,1.69,-0.11904290429042907,169.42453781512606,169.18,0.24453781512605133,On Track
2026-02-01,S063,Himaxx Nanjing Warehouse 63,Nanjing,East China,Himaxx Warehouse Outlet,Mall Warehouse,23860.58,21131.11,1.129168321020524,9205.81,8027.04,1.1468498973469672,0.3858,0.3799,0.005899999999999961,-68232.54,1614.13,-42.27202269953473,7216,7046,1.0241271643485665,0.017045454545454544,0.025,-0.007954545454545457,1.6016260162601625,1.5059,0.09572601626016253,166.24324873096447,165.47,0.7732487309644682,Exceed Target
2026-02-01,S064,Himaxx Guangzhou Warehouse 64,Guangzhou,South China,Himaxx Warehouse Outlet,Shopping Center Warehouse,70534.6,79939.3,0.8823519845682912,29976.6,35872.82,0.8356354476731965,0.425,0.4488,-0.023799999999999988,11268.3,11394.83,0.988895841359634,7425,7783,0.9540023127328794,0.04215488215488215,0.0401,0.0020548821548821566,1.7220447284345048,1.759,-0.03695527156549505,179.25714285714287,184.66,-5.40285714285713,Behind Target
2026-02-01,S065,Himaxx Tianjin Warehouse 65,Tianjin,North China,Himaxx Warehouse Outlet,Shopping Center Warehouse,52320.72,47929.51,1.0916180866443241,21667.79,20597.83,1.0519452777307123,0.4141,0.4298,-0.015699999999999992,-27406.24,7804.58,-3.5115585976439476,7269,7690,0.9452535760728219,0.03631861328931077,0.0359,0.000418613289310768,1.553030303030303,1.7351,-0.1820696969696971,174.04173170731707,191.21,-17.16826829268294,Exceed Target
2026-02-01,S066,Himaxx Tianjin Warehouse 66,Tianjin,North China,Himaxx Warehouse Outlet,Shopping Center Warehouse,32558.13,28833.36,1.129182655091186,13867.43,11848.59,1.1703865185646563,0.4259,0.4109,0.015000000000000013,-50824.28,2764.09,-18.38734628756661,6880,6438,1.06865486175831,0.02252906976744186,0.025,-0.0024709302325581425,1.5677419354838709,1.4961,0.07164193548387088,185.18522633744857,196.69,-11.504773662551429,Exceed Target
2026-02-01,S067,Himaxx Beijing Warehouse 67,Beijing,North China,Himaxx Warehouse Outlet,Shopping Center Warehouse,53102.02,56431.06,0.9410069560982905,22469.79,26621.01,0.8440622651056441,0.4231,0.4717,-0.04860000000000003,-14939.94,6538.21,-2.2850199060599157,7507,8202,0.9152645696171665,0.037165312375116555,0.0396,-0.0024346876248834484,1.5304659498207884,1.6659,-0.1354340501792115,168.21056206088994,179.77,-11.559437939110069,On Track
2026-02-01,S068,Himaxx Suzhou Warehouse 68,Suzhou,East China,Himaxx Warehouse Outlet,Mall Warehouse,53563.79,51153.98,1.0471089444066717,22492.96,21915.0,1.0263728040155145,0.4199,0.4284,-0.008500000000000008,-22269.29,7894.77,-2.8207648861208114,6599,7071,0.9332484797058408,0.03652068495226549,0.0342,0.002320684952265492,1.6929460580912863,1.6399,0.053046058091286374,187.96411764705883,195.92,-7.95588235294116,On Track
2026-02-01,S069,Himaxx Beijing Warehouse 69,Beijing,North China,Himaxx Warehouse Outlet,Warehouse Outlet,36658.95,37326.38,0.9821190803930089,14778.1,15888.57,0.9301088770103288,0.4031,0.4257,-0.02260000000000001,-28850.82,5266.3,-5.4783852040331915,6702,6842,0.979538146740719,0.032527603700387944,0.0348,-0.0022723962996120534,1.6330275229357798,1.7029,-0.06987247706422028,158.63449438202247,157.92,0.7144943820224796,On Track
2026-02-01,S070,Himaxx Changsha Warehouse 70,Changsha,Central China,Himaxx Warehouse Outlet,Shopping Center Warehouse,30002.28,25131.34,1.193819350659376,12534.58,10064.27,1.2454534705448084,0.4178,0.4005,0.017299999999999982,-75033.35,1112.99,-67.41601451944761,6997,6461,1.0829592942269,0.016435615263684436,0.025,-0.008564384736315565,1.817391304347826,1.8736,-0.0562086956521739,182.31956937799043,176.4,5.9195693779904275,Exceed Target
2026-02-01,S071,Himaxx Qingdao Warehouse 71,Qingdao,North China,Himaxx Warehouse Outlet,Warehouse Outlet,44490.15,43167.73,1.0306344577303461,18704.08,16774.9,1.1150039642561207,0.4204,0.3886,0.031799999999999995,-18814.56,5757.94,-3.267585282236356,7510,8590,0.8742724097788126,0.03115845539280959,0.0356,-0.004441544607190411,1.6111111111111112,1.666,-0.054888888888888765,173.49689655172415,191.03,-17.533103448275853,On Track
2026-02-01,S072,Himaxx Changsha Warehouse 72,Changsha,Central China,Himaxx Warehouse Outlet,Community Warehouse,32130.83,30513.82,1.0529927095329266,12767.87,12265.91,1.04092317651116,0.3974,0.402,-0.0046000000000000485,-45565.7,2999.67,-15.190237592801873,7481,8126,0.9206251538272212,0.022189546852025132,0.025,-0.0028104531479748694,1.5963855421686748,1.6694,-0.07301445783132521,180.95630188679246,185.95,-4.993698113207529,On Track
2026-02-01,S073,Himaxx Tianjin Warehouse 73,Tianjin,North China,Himaxx Warehouse Outlet,Mall Warehouse,59068.53,59880.71,0.9864367005668436,23160.9,21982.02,1.0536292842968935,0.3921,0.3671,0.025000000000000022,2667.52,11660.23,0.2287707875402115,7414,7587,0.9771978384078028,0.03857566765578635,0.0426,-0.004024332344213649,1.5174825174825175,1.5954,-0.07791748251748243,186.12970046082947,190.64,-4.510299539170518,On Track
2026-02-01,S074,Himaxx Tianjin Warehouse 74,Tianjin,North China,Himaxx Warehouse Outlet,Warehouse Outlet,65777.59,79866.95,0.8235896074659167,24112.46,30689.94,0.7856796070634221,0.3666,0.3843,-0.017699999999999994,-10445.55,11537.99,-0.9053179973288241,6177,6824,0.9051875732708089,0.05358588311478064,0.059,-0.00541411688521936,1.5770392749244713,1.6124,-0.03536072507552879,170.4858620689655,166.42,4.065862068965515,Behind Target
2026-02-01,S075,Himaxx Shenzhen Warehouse 75,Shenzhen,South China,Himaxx Warehouse Outlet,Warehouse Outlet,46860.32,46149.31,1.0154067308915344,20199.34,19819.33,1.0191737056701715,0.4311,0.4295,0.0015999999999999903,-9120.88,6447.34,-1.414673338151858,6685,7657,0.8730573331592008,0.03605086013462977,0.0376,-0.0015491398653702318,1.6763485477178424,1.6915,-0.01515145228215764,177.83923267326733,184.99,-7.150767326732677,On Track
2026-02-01,S076,Himaxx Nanjing Warehouse 76,Nanjing,East China,Himaxx Warehouse Outlet,Warehouse Outlet,38256.98,35937.9,1.0645302034899091,13958.28,13805.42,1.0110724628443033,0.3649,0.3841,-0.019199999999999995,-53274.38,2183.73,-24.39604713036868,6975,7281,0.957972805933251,0.025663082437275987,0.025,0.0006630824372759851,1.6927374301675977,1.7774,-0.08466256983240239,165.57696369636963,159.65,5.926963696369626,On Track
2026-03-01,S001,Himaxx Beijing Warehouse 1,Beijing,North China,Himaxx Warehouse Outlet,Mall Warehouse,78780.61,98191.55,0.8023155760348013,30812.05,41095.86,0.7497604381560575,0.3911,0.4185,-0.02739999999999998,348.83,17850.24,0.01954203416872826,7614,8314,0.9158046668270388,0.056080903598634095,0.0601,-0.004019096401365906,1.5878220140515222,1.7057,-0.11787798594847776,169.45874631268435,176.15,-6.691253687315651,Behind Target
2026-03-01,S002,Himaxx Nanjing Warehouse 2,Nanjing,East China,Himaxx Warehouse Outlet,Shopping Center Warehouse,52983.91,61400.3,0.8629259140427653,20906.29,25964.43,0.8051896382859166,0.3946,0.4229,-0.028299999999999992,-5360.16,5800.52,-0.9240826684504146,8796,9545,0.9215295966474594,0.02899045020463847,0.0316,-0.0026095497953615328,1.5607843137254902,1.5741,-0.013315686274509853,175.62037688442211,174.03,1.5903768844221133,Behind Target
2026-03-01,S003,Himaxx Shenzhen Warehouse 3,Shenzhen,South China,Himaxx Warehouse Outlet,Warehouse Outlet,33497.62,32090.97,1.0438332029228161,12592.31,11480.24,1.0968681839404053,0.3759,0.3577,0.018199999999999994,-34895.14,2868.78,-12.163756021723518,8171,8707,0.9384403353623522,0.020682902949455392,0.025,-0.004317097050544609,1.6035502958579881,1.7232,-0.11964970414201193,166.72221402214024,161.54,5.1822140221402435,On Track
2026-03-01,S004,Himaxx Xiamen Warehouse 4,Xiamen,South China,Himaxx Warehouse Outlet,Pop-up Clearance Warehouse,36281.99,41589.83,0.8723764920414437,9674.63,11837.15,0.8173107547002445,0.2667,0.2846,-0.017900000000000027,-25201.2,3603.46,-6.993611695426063,8180,7574,1.0800105624504885,0.027995110024449876,0.0261,0.0018951100244498746,1.5109170305676856,1.6453,-0.13438296943231443,141.7634682080925,142.38,-0.6165317919075051,Behind Target
2026-03-01,S005,Himaxx Changsha Warehouse 5,Changsha,Central China,Himaxx Warehouse Outlet,Shopping Center Warehouse,50231.16,55789.55,0.9003686174202875,19700.0,23294.28,0.8457011764261442,0.3922,0.4175,-0.02529999999999999,-49330.99,6293.71,-7.838141573094407,7522,7471,1.0068263953955294,0.03230523796862537,0.0305,0.0018052379686253686,1.6378600823045268,1.7078,-0.06993991769547314,175.68185929648243,173.69,1.9918592964824313,On Track
2026-03-01,S006,Himaxx Qingdao Warehouse 6,Qingdao,North China,Himaxx Warehouse Outlet,Warehouse Outlet,40996.39,39435.97,1.03956844474727,16429.28,15155.38,1.0840559590059768,0.4007,0.3843,0.016400000000000026,-46167.25,2734.18,-16.88522701504656,7458,6611,1.1281198003327788,0.028023598820058997,0.0304,-0.0023764011799410033,1.5789473684210527,1.5709,0.008047368421052692,155.656,162.69,-7.033999999999992,Exceed Target
2026-03-01,S007,Himaxx Wuhan Warehouse 7,Wuhan,Central China,Himaxx Warehouse Outlet,Mall Warehouse,52991.9,51299.91,1.0329823190722947,20605.34,20424.36,1.0088609875658283,0.3888,0.3981,-0.00930000000000003,-30602.47,7275.4,-4.206293812024081,7808,7392,1.0562770562770563,0.0350922131147541,0.039,-0.003907786885245901,1.5766423357664234,1.5944,-0.01775766423357661,163.56851851851854,161.52,2.0485185185185344,On Track
2026-03-01,S008,Himaxx Changsha Warehouse 8,Changsha,Central China,Himaxx Warehouse Outlet,Mall Warehouse,65268.72,77456.33,0.8426518529860633,27111.78,31644.05,0.8567733902582002,0.4154,0.4085,0.006900000000000017,-3274.21,11079.16,-0.29552872239411654,7680,8555,0.8977206312098188,0.04205729166666667,0.0441,-0.0020427083333333304,1.7120743034055728,1.6321,0.07997430340557266,169.96397830018083,187.39,-17.42602169981916,Behind Target
2026-03-01,S009,Himaxx Changsha Warehouse 9,Changsha,Central China,Himaxx Warehouse Outlet,Mall Warehouse,58699.6,62282.0,0.9424809736360424,22282.07,23041.74,0.9670307016744394,0.3796,0.37,0.009599999999999997,-3642.36,6583.85,-0.5532264556452532,8145,9193,0.8860002175568368,0.03707796193984039,0.0384,-0.001322038060159604,1.5927152317880795,1.7,-0.10728476821192046,165.77428274428277,177.81,-12.03571725571723,On Track
2026-03-01,S010,Himaxx Changsha Warehouse 10,Changsha,Central China,Himaxx Warehouse Outlet,Community Warehouse,73674.63,74877.01,0.9839419335788115,29669.91,31286.48,0.9483300774008454,0.4027,0.4178,-0.015100000000000002,-23604.57,7176.47,-3.2891616630460376,7830,8848,0.8849457504520796,0.03818646232439336,0.0431,-0.004913537675606643,1.7290969899665551,1.6504,0.07869698996655505,185.0033655705996,197.83,-12.8266344294004,On Track
2026-03-01,S011,Himaxx Chengdu Warehouse 11,Chengdu,West China,Himaxx Warehouse Outlet,Community Warehouse,43608.13,43107.97,1.01160249485188,16342.48,17472.33,0.9353348980931563,0.3748,0.4053,-0.03049999999999997,-23791.37,3371.82,-7.055943081184641,8073,8162,0.9890958098505268,0.027499070977331848,0.0261,0.0013990709773318462,1.5855855855855856,1.7471,-0.1615144144144145,169.08607954545457,167.1,1.9860795454545723,On Track
2026-03-01,S012,Himaxx Beijing Warehouse 12,Beijing,North China,Himaxx Warehouse Outlet,Warehouse Outlet,74970.7,83107.83,0.9020894902441803,27880.54,31140.9,0.8953029616998867,0.3719,0.3747,-0.002799999999999969,-18492.75,9846.83,-1.8780409532814113,8024,8530,0.9406799531066823,0.05059820538384845,0.0521,-0.0015017946161515472,1.5492610837438423,1.6106,-0.06133891625615773,169.79111287758346,186.19,-16.39888712241654,On Track
2026-03-01,S013,Himaxx Shenzhen Warehouse 13,Shenzhen,South China,Himaxx Warehouse Outlet,Community Warehouse,88073.33,88773.91,0.9921082669446463,34916.59,36938.85,0.9452538452063342,0.3964,0.4161,-0.01970000000000005,18369.96,17341.78,1.0592891848472303,7553,8372,0.9021739130434783,0.052429498212630744,0.0532,-0.000770501787369253,1.643939393939394,1.5168,0.1271393939393941,181.8004761904762,196.46,-14.659523809523819,On Track
2026-03-01,S014,Himaxx Tianjin Warehouse 14,Tianjin,North China,Himaxx Warehouse Outlet,Shopping Center Warehouse,49891.76,57038.93,0.8746966326331859,20627.09,25822.26,0.7988104062154127,0.4134,0.4527,-0.0393,-38407.18,4045.32,-9.494225425924277,7250,8010,0.9051186017478152,0.031172413793103447,0.0296,0.0015724137931034457,1.668141592920354,1.8057,-0.13755840707964606,179.75119363395225,183.48,-3.728806366047735,Behind Target
2026-03-01,S015,Himaxx Hangzhou Warehouse 15,Hangzhou,East China,Himaxx Warehouse Outlet,Mall Warehouse,50164.25,58947.5,0.8509987700920311,18779.26,23938.75,0.7844712025481697,0.3744,0.4061,-0.031700000000000006,-12689.52,4787.72,-2.650430685169559,6812,6817,0.9992665395335192,0.04007633587786259,0.0455,-0.005423664122137406,1.6336996336996337,1.738,-0.10430036630036632,158.19022421524662,161.08,-2.8897757847533967,Behind Target
2026-03-01,S016,Himaxx Chengdu Warehouse 16,Chengdu,West China,Himaxx Warehouse Outlet,Shopping Center Warehouse,78943.34,91734.51,0.8605631621076953,32920.24,40979.8,0.8033284691482144,0.417,0.4467,-0.029700000000000004,-6672.42,15878.85,-0.4202080125449891,7401,7274,1.0174594445971954,0.05499256857181462,0.0515,0.003492568571814625,1.57002457002457,1.4727,0.09732457002457018,168.06383411580595,165.94,2.1238341158059484,Behind Target
2026-03-01,S017,Himaxx Hangzhou Warehouse 17,Hangzhou,East China,Himaxx Warehouse Outlet,Shopping Center Warehouse,48107.92,52795.07,0.9112199301942397,19250.93,19632.01,0.9805888444433353,0.4002,0.3719,0.028299999999999992,-39245.77,7505.34,-5.229046252401623,8215,7751,1.0598632434524577,0.03140596469872185,0.0289,0.002505964698721854,1.4806201550387597,1.6528,-0.1721798449612404,165.73321989528796,158.45,7.283219895287971,On Track
2026-03-01,S018,Himaxx Xi'an Warehouse 18,Xi'an,West China,Himaxx Warehouse Outlet,Mall Warehouse,55719.85,67281.53,0.8281596747279677,20961.58,24558.77,0.8535272735564526,0.3762,0.365,0.011199999999999988,-23435.51,9839.37,-2.3818100142590426,7762,7932,0.9785678265254665,0.03942282916774027,0.0419,-0.002477170832259727,1.5098039215686274,1.3924,0.11740392156862733,165.32036796536795,161.58,3.7403679653679376,Behind Target
2026-03-01,S019,Himaxx Qingdao Warehouse 19,Qingdao,North China,Himaxx Warehouse Outlet,Shopping Center Warehouse,37420.9,33781.46,1.1077348344328517,16241.48,13915.46,1.1671536549995474,0.434,0.4119,0.02210000000000001,-25621.85,2598.56,-9.860018625700388,6951,5936,1.1709905660377358,0.026902603941878867,0.0269,2.6039418788668944e-06,1.4973262032085561,1.4618,0.03552620320855615,170.97321428571428,174.21,-3.2367857142857304,Exceed Target
2026-03-01,S020,Himaxx Shanghai Warehouse 20,Shanghai,East China,Himaxx Warehouse Outlet,Warehouse Outlet,85465.77,103915.94,0.8224510118466907,32393.59,39421.5,0.821723932371929,0.379,0.3794,-0.00040000000000001146,-5948.14,13277.6,-0.4479830692293788,6990,8219,0.8504684268159144,0.04821173104434907,0.0451,0.0031117310443490656,1.7655786350148368,1.7241,0.04147863501483684,188.42952941176472,180.77,7.659529411764709,Behind Target
2026-03-01,S021,Himaxx Changsha Warehouse 21,Changsha,Central China,Himaxx Warehouse Outlet,Pop-up Clearance Warehouse,59165.79,58545.99,1.010586549138549,16069.81,17091.38,0.9402289341176663,0.2716,0.2919,-0.020299999999999985,-22205.22,5167.89,-4.296767152551622,7723,7705,1.0023361453601558,0.046355043376926065,0.0477,-0.001344956623073934,1.5363128491620113,1.4362,0.10011284916201135,152.56907272727273,165.79,-13.220927272727266,On Track
2026-03-01,S022,Himaxx Xiamen Warehouse 22,Xiamen,South China,Himaxx Warehouse Outlet,Mall Warehouse,44899.16,39659.0,1.1321304117602562,16669.63,16184.17,1.029995977550903,0.3713,0.4081,-0.0368,-14247.35,5961.8,-2.389773222852159,8578,7511,1.1420583144721075,0.02436465376544649,0.025,-0.0006353462345535105,1.6076555023923444,1.547,0.06065550239234452,177.55497023809525,174.41,3.1449702380952544,Exceed Target
2026-03-01,S023,Himaxx Changsha Warehouse 23,Changsha,Central China,Himaxx Warehouse Outlet,Mall Warehouse,67730.06,67579.48,1.0022281911609856,26399.51,29326.51,0.9001926925501875,0.3898,0.434,-0.04420000000000002,4838.53,11292.46,0.4284743979611174,7855,8524,0.921515720319099,0.043411839592616165,0.0479,-0.004488160407383833,1.6070381231671553,1.5561,0.05093812316715529,171.40804744525548,172.41,-1.0019525547445198,On Track
2026-03-01,S024,Himaxx Chongqing Warehouse 24,Chongqing,West China,Himaxx Warehouse Outlet,Mall Warehouse,27561.19,29077.28,0.9478599786499975,10014.99,10637.77,0.9414557750355572,0.3634,0.3658,-0.0024000000000000132,-64094.27,2647.85,-24.206155937836357,8168,8397,0.9727283553650113,0.018854064642507346,0.025,-0.006145935357492655,1.551948051948052,1.581,-0.029051948051947996,153.28271966527197,141.85,11.432719665271975,On Track
2026-03-01,S025,Himaxx Hangzhou Warehouse 25,Hangzhou,East China,Himaxx Warehouse Outlet,Shopping Center Warehouse,54872.44,55480.31,0.9890435002976733,23400.54,26260.48,0.8910933844316632,0.4265,0.4733,-0.04680000000000001,-12260.72,7628.89,-1.6071433721026256,8457,8687,0.9735236560377576,0.03299042213550905,0.034,-0.0010095778644909556,1.5698924731182795,1.702,-0.13210752688172045,166.81068493150684,154.81,12.00068493150684,On Track
2026-03-01,S026,Himaxx Beijing Warehouse 26,Beijing,North China,Himaxx Warehouse Outlet,Shopping Center Warehouse,77987.04,85673.91,0.9102775862570063,33217.21,38268.32,0.8680080547042567,0.4259,0.4467,-0.020799999999999985,4589.24,16855.34,0.2722721701253134,7706,8170,0.9432068543451653,0.0504801453412925,0.056,-0.005519854658707503,1.5809768637532133,1.4573,0.1236768637532133,184.28739837398373,192.15,-7.862601626016271,On Track
2026-03-01,S027,Himaxx Chengdu Warehouse 27,Chengdu,West China,Himaxx Warehouse Outlet,Shopping Center Warehouse,23444.52,18771.88,1.2489169971254876,10705.92,7981.28,1.3413788264539022,0.4566,0.4252,0.031399999999999983,-65179.66,2318.3,-28.11528275029116,7631,6721,1.1353965183752417,0.014283842222513433,0.025,-0.010716157777486569,1.688073394495413,1.5965,0.09157339449541291,178.8661956521739,185.71,-6.843804347826108,Exceed Target
2026-03-01,S028,Himaxx Chongqing Warehouse 28,Chongqing,West China,Himaxx Warehouse Outlet,Warehouse Outlet,27923.66,25736.7,1.0849743751141365,10487.37,10242.2,1.0239372400460838,0.3756,0.398,-0.02240000000000003,-56256.3,2749.22,-20.46264031252501,9008,8174,1.1020308294592611,0.020204262877442272,0.025,-0.004795737122557729,1.5274725274725274,1.4464,0.08107252747252747,152.80845323741008,152.08,0.728453237410065,Exceed Target
2026-03-01,S029,Himaxx Suzhou Warehouse 29,Suzhou,East China,Himaxx Warehouse Outlet,Warehouse Outlet,51301.13,48678.85,1.0538689800601289,19037.24,19867.45,0.9582125536996444,0.3711,0.4081,-0.03700000000000003,-19229.12,4270.05,-4.503254060256905,7968,7694,1.0356121653236288,0.03137550200803213,0.0301,0.0012755020080321318,1.572,1.6748,-0.1028,173.56730279898218,174.82,-1.25269720101781,On Track
2026-03-01,S030,Himaxx Beijing Warehouse 30,Beijing,North China,Himaxx Warehouse Outlet,Warehouse Outlet,45214.65,50474.42,0.8957933543367116,16312.97,20239.18,0.8060094331884987,0.3608,0.401,-0.040200000000000014,-15083.67,5236.04,-2.880740024904317,7388,7540,0.979840848806366,0.03180833784515431,0.0339,-0.002091662154845693,1.574468085106383,1.5453,0.029168085106383135,170.70902702702705,159.69,11.01902702702705,Behind Target
2026-03-01,S031,Himaxx Xi'an Warehouse 31,Xi'an,West China,Himaxx Warehouse Outlet,Warehouse Outlet,37844.47,40358.04,0.9377182340866901,15586.94,16217.77,0.961102543691272,0.4119,0.4018,0.010099999999999998,-46923.9,2171.63,-21.60768639224914,7378,7762,0.9505282143777377,0.02819192193006235,0.0262,0.0019919219300623472,1.6778846153846154,1.8637,-0.1858153846153845,165.8068194842407,156.47,9.336819484240692,On Track
2026-03-01,S032,Himaxx Wuhan Warehouse 32,Wuhan,Central China,Himaxx Warehouse Outlet,Mall Warehouse,44937.2,52786.93,0.8512940608593831,18034.54,20926.31,0.8618117575434943,0.4013,0.3964,0.0049000000000000155,-2231.05,5865.81,-0.38034815311099407,8221,7957,1.0331783335427924,0.02931516847098893,0.0277,0.001615168470988932,1.6224066390041494,1.7662,-0.1437933609958506,159.60874680306904,149.52,10.088746803069029,Behind Target
2026-03-01,S033,Himaxx Chongqing Warehouse 33,Chongqing,West China,Himaxx Warehouse Outlet,Mall Warehouse,46698.4,48764.3,0.9576349911718204,20255.85,23185.3,0.8736505458199807,0.4338,0.4755,-0.04169999999999996,-35250.67,3948.52,-8.927565264960036,7831,7083,1.1056049696456305,0.02962584599667986,0.0284,0.0012258459966798599,1.5517241379310345,1.4586,0.09312413793103458,189.15058333333334,187.99,1.160583333333335,On Track
2026-03-01,S034,Himaxx Shenzhen Warehouse 34,Shenzhen,South China,Himaxx Warehouse Outlet,Warehouse Outlet,73355.58,90724.39,0.808554127506396,26679.94,34760.79,0.767529736809779,0.3637,0.3831,-0.019399999999999973,5316.49,8008.34,0.6638691663940341,9129,10006,0.9123525884469318,0.04107788366743345,0.0373,0.0037778836674334515,1.536,1.4372,0.0988,172.88213541666667,177.37,-4.487864583333334,Behind Target
2026-03-01,S035,Himaxx Chongqing Warehouse 35,Chongqing,West China,Himaxx Warehouse Outlet,Pop-up Clearance Warehouse,29538.3,32770.35,0.9013727348044803,8287.72,9879.21,0.8389051351272014,0.2806,0.3015,-0.020899999999999974,-68780.39,2169.45,-31.704067851298717,7426,7875,0.942984126984127,0.026663075680043093,0.0255,0.0011630756800430943,1.5404040404040404,1.5703,-0.029895959595959587,139.61727868852458,144.81,-5.192721311475424,Behind Target
2026-03-01,S036,Himaxx Nanjing Warehouse 36,Nanjing,East China,Himaxx Warehouse Outlet,Warehouse Outlet,45084.37,50874.32,0.8861911078123502,18258.92,22957.13,0.7953485474882965,0.405,0.4513,-0.04629999999999995,-27833.65,8485.28,-3.2802276412799576,6595,6690,0.9857997010463379,0.04048521607278241,0.0432,-0.0027147839272175928,1.5018726591760299,1.5626,-0.06072734082397013,160.40947630922693,167.12,-6.710523690773073,Behind Target
2026-03-01,S037,Himaxx Shenzhen Warehouse 37,Shenzhen,South China,Himaxx Warehouse Outlet,Warehouse Outlet,34078.05,36672.72,0.9292479532469913,14024.45,14245.01,0.9845166833859716,0.4115,0.3884,0.023099999999999954,-33214.67,2214.64,-14.997773904562367,6949,6453,1.076863474353014,0.02806159159591308,0.0276,0.0004615915959130801,1.6102564102564103,1.5536,0.05665641025641022,151.18792993630575,164.7,-13.512070063694239,On Track
2026-03-01,S038,Himaxx Qingdao Warehouse 38,Qingdao,North China,Himaxx Warehouse Outlet,Warehouse Outlet,70673.2,80024.13,0.8831486202974027,29161.99,31453.39,0.9271493470179208,0.4126,0.393,0.019600000000000006,-16602.36,6248.63,-2.656960005633235,7177,7746,0.9265427317325071,0.048348892294830706,0.044,0.0043488922948307085,1.6080691642651297,1.6566,-0.04853083573487038,180.77686379928318,201.29,-20.513136200716815,On Track
2026-03-01,S039,Himaxx Shenzhen Warehouse 39,Shenzhen,South China,Himaxx Warehouse Outlet,Pop-up Clearance Warehouse,47997.41,47508.01,1.0103014207498904,15605.6,14313.86,1.0902440012687005,0.3251,0.3013,0.023799999999999988,-46156.94,5201.45,-8.873860173605438,8217,7878,1.0430312261995431,0.03553608372885481,0.0385,-0.0029639162711451866,1.5924657534246576,1.546,0.04646575342465753,147.9689677419355,145.37,2.598967741935496,On Track
2026-03-01,S040,Himaxx Xiamen Warehouse 40,Xiamen,South China,Himaxx Warehouse Outlet,Warehouse Outlet,73929.01,90903.7,0.8132673367530694,29591.62,38050.5,0.7776933286027778,0.4003,0.4186,-0.01830000000000004,-3966.44,17548.9,-0.2260221438380753,7788,7652,1.0177731312075275,0.05213148433487417,0.051,0.001131484334874172,1.5246305418719213,1.59,-0.06536945812807882,164.90345718901455,180.17,-15.266542810985442,Behind Target
2026-03-01,S041,Himaxx Shanghai Warehouse 41,Shanghai,East China,Himaxx Warehouse Outlet,Shopping Center Warehouse,24021.45,24534.31,0.9790962126100142,9296.24,9168.33,1.0139512866574392,0.387,0.3737,0.013300000000000034,-44601.39,1611.37,-27.679173622445497,8017,7965,1.0065285624607658,0.01908444555319945,0.025,-0.005915554446800551,1.5816993464052287,1.502,0.07969934640522869,152.64690082644628,161.21,-8.563099173553724,On Track
2026-03-01,S042,Himaxx Shanghai Warehouse 42,Shanghai,East China,Himaxx Warehouse Outlet,Community Warehouse,67823.26,66016.61,1.0273665975880917,28112.02,27357.23,1.0275901471018813,0.4145,0.4144,9.999999999998899e-05,-6113.13,11307.56,-0.540623264435475,7454,8660,0.8607390300230947,0.04534478132546284,0.0452,0.00014478132546284078,1.636094674556213,1.6688,-0.032705325443787014,166.1885171790235,156.33,9.858517179023494,On Track
2026-03-01,S043,Himaxx Hangzhou Warehouse 43,Hangzhou,East China,Himaxx Warehouse Outlet,Warehouse Outlet,53738.08,59442.02,0.9040419555055499,21553.8,23652.83,0.9112567079710968,0.4011,0.3979,0.003200000000000036,-2570.64,6093.08,-0.42189500219921616,8000,8133,0.9836468707733923,0.03675,0.0361,0.0006499999999999978,1.6088435374149659,1.5909,0.017943537414965904,172.527822410148,191.7,-19.172177589851998,On Track
2026-03-01,S044,Himaxx Changsha Warehouse 44,Changsha,Central China,Himaxx Warehouse Outlet,Community Warehouse,54964.22,59312.74,0.9266848909694613,21605.87,22813.51,0.9470646998204134,0.3931,0.3846,0.008500000000000008,-6048.5,9202.95,-0.657234908371772,7444,8013,0.9289903906152502,0.04056958624395486,0.0409,-0.00033041375604513784,1.576158940397351,1.476,0.10015894039735107,164.18808823529412,167.14,-2.9519117647058692,On Track
2026-03-01,S045,Himaxx Beijing Warehouse 45,Beijing,North China,Himaxx Warehouse Outlet,Warehouse Outlet,51551.12,58497.07,0.881259864810323,21008.76,25631.47,0.8196470978839683,0.4075,0.4382,-0.030700000000000005,-26427.68,7420.69,-3.5613507638777526,7635,8104,0.942127344521224,0.03745907007203667,0.0411,-0.0036409299279633253,1.597902097902098,1.6205,-0.022597902097902134,171.15072210065645,161.68,9.470722100656445,Behind Target
2026-03-01,S046,Himaxx Shanghai Warehouse 46,Shanghai,East China,Himaxx Warehouse Outlet,Shopping Center Warehouse,68867.35,69558.07,0.9900698797422067,27217.99,25594.66,1.0634245580914143,0.3952,0.368,0.027200000000000002,1433.07,6227.12,0.2301336733514048,7649,7973,0.9593628496174589,0.04314289449601255,0.0486,-0.005457105503987446,1.5484848484848486,1.6928,-0.1443151515151515,170.65504892367906,180.62,-9.964951076320943,On Track
2026-03-01,S047,Himaxx Xiamen Warehouse 47,Xiamen,South China,Himaxx Warehouse Outlet,Warehouse Outlet,59160.47,59156.99,1.0000588265224448,22524.54,24172.99,0.9318061191437219,0.3807,0.4086,-0.027900000000000036,-27132.13,9755.1,-2.7813277157589362,8073,7545,1.0699801192842942,0.03369255543168587,0.0328,0.0008925554316858639,1.6139705882352942,1.5472,0.06677058823529425,182.8266742596811,203.52,-20.693325740318897,On Track
2026-03-01,S048,Himaxx Chongqing Warehouse 48,Chongqing,West China,Himaxx Warehouse Outlet,Mall Warehouse,47504.39,49599.47,0.9577600325164765,17280.94,19875.43,0.8694624468502065,0.3638,0.4007,-0.03689999999999999,-34292.56,5745.08,-5.969030892520208,7148,7696,0.9287941787941788,0.03693340794627868,0.0407,-0.0037665920537213182,1.5757575757575757,1.6228,-0.04704242424242433,156.65971153846155,153.75,2.9097115384615506,On Track
2026-03-01,S049,Himaxx Shenzhen Warehouse 49,Shenzhen,South China,Himaxx Warehouse Outlet,Warehouse Outlet,70046.64,79638.96,0.8795524200717839,26476.03,33169.29,0.7982091265746116,0.378,0.4165,-0.03849999999999998,-14700.45,16444.21,-0.8939590287402072,6952,7018,0.9905956112852664,0.05250287686996548,0.059,-0.006497123130034518,1.5945205479452054,1.6347,-0.04017945205479467,158.5079209621993,167.62,-9.112079037800697,Behind Target
2026-03-01,S050,Himaxx Suzhou Warehouse 50,Suzhou,East China,Himaxx Warehouse Outlet,Community Warehouse,43594.74,39384.81,1.1068922257083378,17174.61,17047.31,1.007467453809428,0.394,0.4328,-0.0388,-43576.86,5678.96,-7.673387380788031,7570,7772,0.9740092640247041,0.027608982826948483,0.0254,0.0022089828269484836,1.631578947368421,1.6125,0.019078947368420973,177.52134897360705,195.69,-18.16865102639295,Exceed Target
2026-03-01,S051,Himaxx Qingdao Warehouse 51,Qingdao,North China,Himaxx Warehouse Outlet,Shopping Center Warehouse,58491.19,68020.34,0.8599073453616963,25510.93,28291.75,0.9017091554958601,0.4361,0.4159,0.020199999999999996,-10301.67,11350.67,-0.9075825479905592,7545,8011,0.9418299837723131,0.03644797879390325,0.0403,-0.003852021206096755,1.5927272727272728,1.7353,-0.1425727272727273,179.54342465753425,171.37,8.173424657534241,Behind Target
2026-03-01,S052,Himaxx Shanghai Warehouse 52,Shanghai,East China,Himaxx Warehouse Outlet,Shopping Center Warehouse,48045.81,48033.16,1.0002633597289872,21330.46,21361.07,0.9985670193487498,0.444,0.4447,-0.0006999999999999784,-19803.32,7410.64,-2.6722820161281615,7963,9094,0.8756322850230921,0.031897526058018336,0.036,-0.004102473941981662,1.5236220472440944,1.5349,-0.011277952755905485,184.03687338501294,204.16,-20.123126614987058,On Track
2026-03-01,S053,Himaxx Chongqing Warehouse 53,Chongqing,West China,Himaxx Warehouse Outlet,Warehouse Outlet,66827.44,78690.87,0.849240070671477,25438.57,27623.76,0.9208945487507856,0.3807,0.351,0.029700000000000004,-19175.56,7574.27,-2.5316710389252033,7892,9255,0.8527282549972988,0.04485554992397364,0.0514,-0.006544450076026359,1.6807909604519775,1.5921,0.08869096045197744,153.9875294117647,171.65,-17.662470588235294,Behind Target
2026-03-01,S054,Himaxx Tianjin Warehouse 54,Tianjin,North China,Himaxx Warehouse Outlet,Community Warehouse,75120.2,76941.88,0.9763239473743037,29800.02,30651.79,0.9722114108180958,0.3967,0.3984,-0.0016999999999999793,9211.87,6349.04,1.450907538777516,7880,7802,1.0099974365547295,0.046700507614213196,0.0482,-0.0014994923857868034,1.5869565217391304,1.6701,-0.08314347826086954,173.60996575342466,160.42,13.189965753424673,On Track
2026-03-01,S055,Himaxx Xiamen Warehouse 55,Xiamen,South China,Himaxx Warehouse Outlet,Mall Warehouse,72881.94,78302.81,0.930770428289866,29336.54,29162.53,1.0059669034202452,0.4025,0.3724,0.030100000000000016,-431.69,10131.32,-0.04260945266756948,8161,9469,0.8618650332664484,0.04533758117877711,0.0502,-0.004862418821222889,1.5621621621621622,1.5357,0.02646216216216213,174.28423875432526,193.5,-19.21576124567474,On Track
2026-03-01,S056,Himaxx Nanjing Warehouse 56,Nanjing,East China,Himaxx Warehouse Outlet,Warehouse Outlet,65832.83,67407.19,0.9766440345607049,24538.47,26879.84,0.9128949428270406,0.3727,0.3988,-0.026100000000000012,-3126.56,7966.49,-0.39246393330061297,7298,8631,0.8455567141698529,0.047547273225541246,0.0516,-0.004052726774458754,1.579250720461095,1.5826,-0.003349279538904959,167.55580291970804,171.34,-3.7841970802919604,On Track
2026-03-01,S057,Himaxx Shanghai Warehouse 57,Shanghai,East China,Himaxx Warehouse Outlet,Warehouse Outlet,36632.45,34548.15,1.060330292649534,14702.63,13928.82,1.0555545983076815,0.4014,0.4032,-0.0018000000000000238,-41155.13,3479.33,-11.828464100847002,7644,8092,0.9446366782006921,0.030743066457352173,0.0342,-0.0034569335426478283,1.5872340425531914,1.4839,0.10333404255319145,154.7567292225201,160.13,-5.373270777479888,On Track
2026-03-01,S058,Himaxx Xiamen Warehouse 58,Xiamen,South China,Himaxx Warehouse Outlet,Shopping Center Warehouse,41847.66,37798.85,1.1071146344399367,17786.17,17787.64,0.9999173583454578,0.425,0.4706,-0.04560000000000003,-37938.94,2776.96,-13.662040504724592,7475,7302,1.0236921391399616,0.027290969899665552,0.0293,-0.0020090301003344475,1.6568627450980393,1.6262,0.030662745098039235,176.07053254437872,179.35,-3.2794674556212726,Exceed Target
2026-03-01,S059,Himaxx Suzhou Warehouse 59,Suzhou,East China,Himaxx Warehouse Outlet,Mall Warehouse,38781.77,41023.14,0.94536327545868,14613.92,16519.81,0.8846300290378641,0.3768,0.4027,-0.02589999999999998,-57707.7,2685.75,-21.486623848087124,7699,7369,1.0447821956846248,0.0201324847382777,0.025,-0.004867515261722303,1.6903225806451614,1.7606,-0.07027741935483856,181.35637404580154,189.15,-7.793625954198461,On Track
2026-03-01,S060,Himaxx Xi'an Warehouse 60,Xi'an,West China,Himaxx Warehouse Outlet,Mall Warehouse,73046.38,77690.32,0.9402249855580463,27466.66,32640.8,0.841482439155903,0.376,0.4201,-0.04409999999999997,10980.62,11799.89,0.930569691751364,7373,7014,1.0511833475905332,0.05235318052353181,0.057,-0.004646819476468195,1.6709844559585492,1.6273,0.043684455958549195,155.9708992248062,151.13,4.840899224806208,On Track
2026-03-01,S061,Himaxx Xiamen Warehouse 61,Xiamen,South China,Himaxx Warehouse Outlet,Community Warehouse,25177.75,22420.94,1.1229569322249648,9920.24,8938.86,1.1097880490353356,0.394,0.3987,-0.004699999999999982,-75072.13,2300.85,-32.62799834843645,7064,5719,1.2351809756950516,0.017553793884484713,0.025,-0.007446206115515289,1.596774193548387,1.7667,-0.16992580645161293,164.3383333333333,157.02,7.3183333333333,Exceed Target
2026-03-01,S062,Himaxx Xi'an Warehouse 62,Xi'an,West China,Himaxx Warehouse Outlet,Community Warehouse,55284.73,59788.44,0.9246725621207043,19999.52,23706.3,0.8436373453470175,0.3618,0.3965,-0.03470000000000001,-26140.2,9379.06,-2.7870810081180846,7162,7588,0.9438587243015287,0.04202736665735828,0.0473,-0.005272633342641719,1.4916943521594683,1.5815,-0.08980564784053158,166.74133630289532,173.99,-7.248663697104689,On Track
2026-03-01,S063,Himaxx Nanjing Warehouse 63,Nanjing,East China,Himaxx Warehouse Outlet,Mall Warehouse,26296.46,23596.06,1.1144428349478683,8526.57,7260.0,1.1744586776859505,0.3242,0.3077,0.016500000000000015,-85126.22,1706.49,-49.88380828484198,7951,6670,1.1920539730134934,0.018488240472896492,0.025,-0.006511759527103509,1.5238095238095237,1.6549,-0.1310904761904763,160.85375,152.03,8.82374999999999,Exceed Target
2026-03-01,S064,Himaxx Guangzhou Warehouse 64,Guangzhou,South China,Himaxx Warehouse Outlet,Shopping Center Warehouse,65875.44,64485.2,1.0215590554111642,29002.28,29419.91,0.9858045112986409,0.4403,0.4562,-0.01589999999999997,7920.45,11747.4,0.6742300423923592,7958,9315,0.854320987654321,0.039834129178185476,0.0376,0.0022341291781854747,1.5646687697160884,1.5293,0.035368769716088266,185.724939516129,192.1,-6.375060483870982,On Track
2026-03-01,S065,Himaxx Tianjin Warehouse 65,Tianjin,North China,Himaxx Warehouse Outlet,Shopping Center Warehouse,59030.01,60515.1,0.9754591829146776,26603.78,28747.95,0.9254148556679693,0.4507,0.4751,-0.024400000000000033,-13688.31,12363.99,-1.107111053955883,8009,7469,1.0722988351854332,0.03633412411037583,0.0392,-0.00286587588962417,1.5945017182130585,1.7505,-0.15599828178694142,186.86189655172413,196.28,-9.418103448275872,On Track
2026-03-01,S066,Himaxx Tianjin Warehouse 66,Tianjin,North China,Himaxx Warehouse Outlet,Shopping Center Warehouse,41281.74,36199.87,1.140383653311462,16084.65,13099.52,1.2278808689173344,0.3896,0.3619,0.027700000000000002,-52679.48,3338.77,-15.778109902748618,6457,6642,0.9721469436916591,0.027566981570388727,0.0302,-0.0026330184296112745,1.5898876404494382,1.6412,-0.05131235955056179,191.87802120141342,187.0,4.878021201413418,Exceed Target
2026-03-01,S067,Himaxx Beijing Warehouse 67,Beijing,North China,Himaxx Warehouse Outlet,Shopping Center Warehouse,59252.33,66358.13,0.8929174164491976,23179.92,24851.94,0.9327207453422147,0.3912,0.3745,0.016699999999999993,1424.5,4000.09,0.3561169873677842,6755,6292,1.0735855054036871,0.03967431532198372,0.0397,-2.568467801628005e-05,1.5522388059701493,1.619,-0.0667611940298507,177.5721153846154,197.61,-20.037884615384627,On Track
2026-03-01,S068,Himaxx Suzhou Warehouse 68,Suzhou,East China,Himaxx Warehouse Outlet,Mall Warehouse,53203.78,49646.96,1.0716422516101691,18959.45,17254.91,1.098785794883891,0.3564,0.3476,0.008799999999999975,-18912.99,5783.81,-3.269988122016456,7334,8427,0.8702978521419248,0.03654213253340605,0.0396,-0.00305786746659395,1.6865671641791045,1.7032,-0.016632835820895586,164.6691150442478,180.42,-15.750884955752184,On Track
2026-03-01,S069,Himaxx Beijing Warehouse 69,Beijing,North China,Himaxx Warehouse Outlet,Warehouse Outlet,55185.22,50131.99,1.1007985120877908,21025.92,20319.93,1.0347437220502236,0.381,0.4053,-0.02429999999999999,-24004.84,6185.31,-3.8809437198782275,7965,8767,0.9085205885707768,0.03389830508474576,0.0361,-0.0022016949152542376,1.525925925925926,1.4105,0.11542592592592582,176.0556067961165,162.96,13.095606796116499,On Track
2026-03-01,S070,Himaxx Changsha Warehouse 70,Changsha,Central China,Himaxx Warehouse Outlet,Shopping Center Warehouse,29233.89,31026.92,0.942210506231363,13042.44,13445.02,0.9700573149017258,0.4461,0.4333,0.012799999999999978,-71154.48,2808.78,-25.332877619464675,7366,6987,1.0542435952483182,0.01968503937007874,0.025,-0.0053149606299212615,1.5379310344827586,1.4555,0.08243103448275857,185.94192825112108,178.43,7.511928251121077,On Track
2026-03-01,S071,Himaxx Qingdao Warehouse 71,Qingdao,North China,Himaxx Warehouse Outlet,Warehouse Outlet,69307.95,72829.54,0.9516461315010366,26592.79,27625.99,0.9626004353147163,0.3837,0.3793,0.0043999999999999595,-32846.26,9733.81,-3.3744504978009644,7539,7793,0.9674066469908893,0.04403767077861785,0.0445,-0.00046232922138214616,1.5993975903614457,1.5134,0.08599759036144561,181.12915254237288,197.62,-16.490847457627126,On Track
2026-03-01,S072,Himaxx Changsha Warehouse 72,Changsha,Central China,Himaxx Warehouse Outlet,Community Warehouse,32268.92,31868.65,1.0125599923435726,12924.6,13999.21,0.9232378112764935,0.4005,0.4393,-0.0388,-27044.9,2461.98,-10.985020187003956,8584,7802,1.1002307100743398,0.022017707362534947,0.025,-0.002982292637465054,1.5555555555555556,1.4754,0.08015555555555554,157.16945578231292,166.19,-9.020544217687075,On Track
2026-03-01,S073,Himaxx Tianjin Warehouse 73,Tianjin,North China,Himaxx Warehouse Outlet,Mall Warehouse,63357.56,66088.11,0.9586831882467209,26759.95,27295.43,0.9803820639572266,0.4224,0.413,0.00940000000000002,-6610.92,7457.89,-0.8864330259631075,7888,8757,0.9007651022039511,0.03828600405679513,0.0405,-0.0022139959432048717,1.5364238410596027,1.6057,-0.06927615894039718,186.1085344827586,192.18,-6.071465517241393,On Track
2026-03-01,S074,Himaxx Tianjin Warehouse 74,Tianjin,North China,Himaxx Warehouse Outlet,Warehouse Outlet,81544.01,86782.79,0.9396334227097332,30862.71,30635.51,1.0074162303810186,0.3785,0.353,0.025500000000000023,11129.31,6359.56,1.750012579486631,7576,7528,1.006376195536663,0.05081837381203801,0.0483,0.0025183738120380106,1.7012987012987013,1.5737,0.1275987012987012,167.9966564885496,176.41,-8.413343511450392,On Track
2026-03-01,S075,Himaxx Shenzhen Warehouse 75,Shenzhen,South China,Himaxx Warehouse Outlet,Warehouse Outlet,58880.98,64431.01,0.9138608877930053,21899.37,23130.65,0.9467684652182277,0.3719,0.359,0.012900000000000023,-23112.43,4149.01,-5.570589128490893,8609,8434,1.0207493478776382,0.030549425020327564,0.029,0.0015494250203275627,1.6653992395437263,1.6854,-0.020000760456273747,182.4005707762557,199.28,-16.879429223744296,On Track
2026-03-01,S076,Himaxx Nanjing Warehouse 76,Nanjing,East China,Himaxx Warehouse Outlet,Warehouse Outlet,43152.53,40908.21,1.054862336924544,16667.73,17598.08,0.9471334372840672,0.3863,0.4302,-0.04390000000000005,-21325.24,4215.4,-5.058888836172131,8512,7527,1.1308622293078252,0.02243890977443609,0.0254,-0.0029610902255639074,1.649214659685864,1.7123,-0.06308534031413604,192.22419047619047,197.09,-4.865809523809531,On Track
2026-04-01,S001,Himaxx Beijing Warehouse 1,Beijing,North China,Himaxx Warehouse Outlet,Mall Warehouse,85947.04,102232.83,0.8406990200701672,34901.91,38305.74,0.9111404713758305,0.4061,0.3747,0.03140000000000004,-20675.2,14134.32,-1.4627658069153664,7689,9211,0.8347627836282705,0.05657432696059306,0.0517,0.004874326960593055,1.6620689655172414,1.5827,0.07936896551724137,177.41167358229598,177.11,0.30167358229596175,Behind Target
2026-04-01,S002,Himaxx Nanjing Warehouse 2,Nanjing,East China,Himaxx Warehouse Outlet,Shopping Center Warehouse,45936.37,49481.48,0.9283548107291859,19491.43,23222.75,0.839324800034449,0.4243,0.4693,-0.044999999999999984,-37738.45,7687.68,-4.908951725357975,8417,8949,0.940552016985138,0.028157300700962336,0.0307,-0.002542699299037665,1.6962025316455696,1.8563,-0.1600974683544305,163.13850746268656,164.97,-1.8314925373134372,On Track
2026-04-01,S003,Himaxx Shenzhen Warehouse 3,Shenzhen,South China,Himaxx Warehouse Outlet,Warehouse Outlet,35640.24,33634.2,1.0596428635139234,13769.52,12590.77,1.0936201677895792,0.3863,0.3743,0.011999999999999955,-19881.19,3778.73,-5.261341773558841,7369,7662,0.9617593317671627,0.021169765232731712,0.025,-0.003830234767268289,1.6153846153846154,1.5958,0.01958461538461531,181.1302777777778,189.69,-8.559722222222206,Exceed Target
2026-04-01,S004,Himaxx Xiamen Warehouse 4,Xiamen,South China,Himaxx Warehouse Outlet,Pop-up Clearance Warehouse,43767.67,43591.73,1.0040360866613918,12533.62,13118.47,0.9554178193036231,0.2864,0.3009,-0.014500000000000013,-32165.46,2775.39,-11.589527958232898,7434,8173,0.9095803254618867,0.03336023675006726,0.0314,0.0019602367500672624,1.560483870967742,1.5465,0.013983870967742007,152.54416020671835,140.43,12.114160206718338,On Track
2026-04-01,S005,Himaxx Changsha Warehouse 5,Changsha,Central China,Himaxx Warehouse Outlet,Shopping Center Warehouse,41039.18,40945.99,1.0022759249440545,17002.1,17721.97,0.9593797980698533,0.4143,0.4328,-0.018500000000000016,-34173.2,3955.91,-8.638518065375601,7741,7092,1.091511562323745,0.02764500710502519,0.0264,0.0012450071050251893,1.6682242990654206,1.7513,-0.0830757009345795,164.0446218487395,182.68,-18.63537815126051,On Track
2026-04-01,S006,Himaxx Qingdao Warehouse 6,Qingdao,North China,Himaxx Warehouse Outlet,Warehouse Outlet,44961.59,41979.22,1.0710439593684684,16090.67,16542.2,0.9727043561315907,0.3579,0.3941,-0.03620000000000001,-40448.92,5228.71,-7.735927217229488,7475,7178,1.041376427974366,0.028093645484949834,0.0313,-0.0032063545150501672,1.5857142857142856,1.6035,-0.017785714285714294,179.93744744744745,166.65,13.287447447447448,On Track
2026-04-01,S007,Himaxx Wuhan Warehouse 7,Wuhan,Central China,Himaxx Warehouse Outlet,Mall Warehouse,53529.81,56047.47,0.9550798635513787,23173.06,23400.99,0.9902598137942027,0.4329,0.4175,0.015400000000000025,-35123.64,7635.99,-4.59974934487866,7369,7279,1.0123643357604066,0.03419731306825892,0.0323,0.001897313068258917,1.5753968253968254,1.5996,-0.02420317460317456,182.5407304785894,197.32,-14.779269521410583,On Track
2026-04-01,S008,Himaxx Changsha Warehouse 8,Changsha,Central China,Himaxx Warehouse Outlet,Mall Warehouse,69800.07,77732.14,0.8979563665685778,26683.75,29241.54,0.9125288886973805,0.3823,0.3762,0.006099999999999994,-11505.84,9917.17,-1.160193885957385,7733,7816,0.9893807574206755,0.04538988749515065,0.0507,-0.005310112504849349,1.5783475783475784,1.5033,0.07504757834757836,169.66238267148015,171.69,-2.0276173285198524,On Track
2026-04-01,S009,Himaxx Changsha Warehouse 9,Changsha,Central China,Himaxx Warehouse Outlet,Mall Warehouse,69215.01,84053.35,0.8234652158420811,28155.35,32301.13,0.87165216820588,0.4068,0.3843,0.02250000000000002,724.65,14544.77,0.04982203224939273,7705,8419,0.915191828008077,0.04205061648280337,0.0478,-0.0057493835171966295,1.6203703703703705,1.6106,0.00977037037037043,188.40365714285713,176.91,11.493657142857131,Behind Target
2026-04-01,S010,Himaxx Changsha Warehouse 10,Changsha,Central China,Himaxx Warehouse Outlet,Community Warehouse,58107.23,58032.57,1.0012865189323858,22670.66,21172.33,1.0707683093924947,0.3902,0.3648,0.025399999999999978,-27786.56,5277.64,-5.264959337885873,7730,7751,0.9972906721713327,0.03997412677878396,0.0439,-0.003925873221216042,1.5889967637540454,1.743,-0.1540032362459547,166.87755600814666,155.78,11.097556008146654,On Track
2026-04-01,S011,Himaxx Chengdu Warehouse 11,Chengdu,West China,Himaxx Warehouse Outlet,Community Warehouse,35850.33,36443.2,0.9837316701058086,14986.29,15403.79,0.972896280720524,0.418,0.4227,-0.0047000000000000375,-53044.69,3775.48,-14.049787046945024,8782,8696,1.0098896044158234,0.022546117057617856,0.025,-0.0024538829423821455,1.5303030303030303,1.6173,-0.08699696969696968,174.39148514851485,172.03,2.361485148514845,On Track
2026-04-01,S012,Himaxx Beijing Warehouse 12,Beijing,North China,Himaxx Warehouse Outlet,Warehouse Outlet,82498.56,89104.01,0.9258680950498188,27804.91,30461.08,0.9128011876138338,0.337,0.3419,-0.00489999999999996,9697.61,11010.91,0.8807273876546081,7838,8237,0.9515600339929586,0.04924725695330442,0.0447,0.004547256953304421,1.6269430051813472,1.7663,-0.13935699481865282,166.2780095541401,154.71,11.568009554140104,On Track
2026-04-01,S013,Himaxx Shenzhen Warehouse 13,Shenzhen,South China,Himaxx Warehouse Outlet,Community Warehouse,67282.57,72326.38,0.9302632041033991,27935.13,31160.14,0.8965020696312661,0.4152,0.4308,-0.015600000000000003,6582.99,14433.12,0.45610304632678167,7724,8993,0.8588902479706438,0.04634904194717763,0.0451,0.0012490419471776273,1.5865921787709498,1.4736,0.1129921787709498,164.7156161971831,166.49,-1.7743838028169137,On Track
2026-04-01,S014,Himaxx Tianjin Warehouse 14,Tianjin,North China,Himaxx Warehouse Outlet,Shopping Center Warehouse,37509.12,42693.72,0.8785629361882732,16317.88,19122.13,0.8533505420159783,0.435,0.4479,-0.012900000000000023,-16732.82,5333.64,-3.1372233596568195,7288,7122,1.0233080595338389,0.03142151481888035,0.029,0.0024215148188803486,1.5327510917030567,1.4924,0.04035109170305673,157.0707977207977,148.17,8.900797720797726,Behind Target
2026-04-01,S015,Himaxx Hangzhou Warehouse 15,Hangzhou,East China,Himaxx Warehouse Outlet,Mall Warehouse,50197.25,46793.94,1.072729716711181,18440.11,18992.66,0.9709071820376924,0.3674,0.4059,-0.03849999999999998,-32756.07,4346.31,-7.53652408594877,7730,8350,0.925748502994012,0.032988357050452784,0.0347,-0.001711642949547218,1.5686274509803921,1.5739,-0.005272549019607942,165.26217499999998,153.86,11.402174999999971,On Track
2026-04-01,S016,Himaxx Chengdu Warehouse 16,Chengdu,West China,Himaxx Warehouse Outlet,Shopping Center Warehouse,70251.54,67441.49,1.0416664874990156,29971.79,27281.5,1.0986122463940766,0.4266,0.4045,0.022099999999999953,5620.75,13011.79,0.43197361777280446,8062,9361,0.8612327742762526,0.047878938228727366,0.0459,0.001978938228727363,1.5751295336787565,1.6786,-0.10347046632124357,172.14353618421055,190.94,-18.79646381578945,On Track
2026-04-01,S017,Himaxx Hangzhou Warehouse 17,Hangzhou,East China,Himaxx Warehouse Outlet,Shopping Center Warehouse,57833.55,62239.9,0.9292037744276581,23385.83,25553.39,0.9151752468067839,0.4044,0.4106,-0.006200000000000039,-15071.74,8285.13,-1.8191313835751524,7987,7831,1.019920827480526,0.03430574683861275,0.0385,-0.004194253161387253,1.594890510948905,1.7052,-0.11030948905109494,178.30656750572084,175.84,2.466567505720832,On Track
2026-04-01,S018,Himaxx Xi'an Warehouse 18,Xi'an,West China,Himaxx Warehouse Outlet,Mall Warehouse,58317.52,59477.55,0.9804963385344553,20519.83,21463.26,0.9560444219564038,0.3519,0.3609,-0.009000000000000008,-13316.87,9673.04,-1.3766995691116752,8049,9053,0.8890975367281564,0.03677475462790409,0.0366,0.00017475462790408902,1.5945945945945945,1.628,-0.033405405405405375,170.9517372881356,164.35,6.60173728813561,On Track
2026-04-01,S019,Himaxx Qingdao Warehouse 19,Qingdao,North China,Himaxx Warehouse Outlet,Shopping Center Warehouse,47959.15,46310.46,1.0356008124298486,18262.24,18816.0,0.9705697278911566,0.3808,0.4063,-0.025499999999999967,-12338.07,4280.57,-2.882342772107453,7682,8069,0.9520386665014252,0.02941942202551419,0.0284,0.001019422025514187,1.5398230088495575,1.4329,0.10692300884955741,182.1222988505747,181.48,0.6422988505747185,On Track
2026-04-01,S020,Himaxx Shanghai Warehouse 20,Shanghai,East China,Himaxx Warehouse Outlet,Warehouse Outlet,65986.86,74971.24,0.8801623129082565,25397.39,31156.59,0.8151530703456316,0.3849,0.4156,-0.030700000000000005,-7472.02,7876.65,-0.9486291761091328,7456,8893,0.838412234341617,0.04452789699570815,0.0409,0.0036278969957081533,1.5903614457831325,1.4887,0.10166144578313263,173.91070075757577,181.15,-7.239299242424238,Behind Target
2026-04-01,S021,Himaxx Changsha Warehouse 21,Changsha,Central China,Himaxx Warehouse Outlet,Pop-up Clearance Warehouse,53316.01,60228.42,0.8852300956923659,13873.61,15591.02,0.8898462063418557,0.2602,0.2589,0.0012999999999999678,-1651.09,5874.17,-0.2810763052482308,7603,7529,1.0098286625049808,0.042614757332631856,0.039,0.0036147573326318558,1.6481481481481481,1.6464,0.0017481481481480543,139.4951872659176,153.17,-13.674812734082394,On Track
2026-04-01,S022,Himaxx Xiamen Warehouse 22,Xiamen,South China,Himaxx Warehouse Outlet,Mall Warehouse,38672.29,40441.71,0.956247646303779,15481.56,18081.8,0.8561957327257242,0.4003,0.4471,-0.04680000000000001,-13100.82,5568.62,-2.3526151901189163,7148,7874,0.9077978155956312,0.02783995523223279,0.0259,0.0019399552322327922,1.5678391959798994,1.4703,0.09753919597989946,177.89249999999998,165.82,12.072499999999991,On Track
2026-04-01,S023,Himaxx Changsha Warehouse 23,Changsha,Central China,Himaxx Warehouse Outlet,Mall Warehouse,50167.0,53030.85,0.9459965284358067,19318.07,20767.3,0.930215771910648,0.3851,0.3916,-0.006500000000000006,-25798.55,6588.67,-3.9155929800703326,7391,7933,0.931677801588302,0.035042619401975374,0.0399,-0.004857380598024624,1.725868725868726,1.5946,0.13126872586872596,155.9136912751678,162.93,-7.016308724832214,On Track
2026-04-01,S024,Himaxx Chongqing Warehouse 24,Chongqing,West China,Himaxx Warehouse Outlet,Mall Warehouse,24979.68,24330.27,1.0266914423884321,9680.53,10426.23,0.9284784624931544,0.3875,0.4285,-0.04099999999999998,-19919.41,2385.51,-8.350168307825161,7098,6018,1.1794616151545363,0.02042828965905889,0.025,-0.004571710340941112,1.4758620689655173,1.364,0.1118620689655172,172.33771028037384,163.87,8.467710280373836,On Track
2026-04-01,S025,Himaxx Hangzhou Warehouse 25,Hangzhou,East China,Himaxx Warehouse Outlet,Shopping Center Warehouse,58121.94,61692.31,0.9421261742346818,23362.4,23034.11,1.0142523414188784,0.402,0.3734,0.028600000000000014,-27108.18,8114.19,-3.340836238737323,7755,8885,0.8728193584693303,0.0367504835589942,0.039,-0.0022495164410058013,1.6245614035087719,1.5014,0.1231614035087718,172.19235421166306,173.01,-0.8176457883369324,On Track
2026-04-01,S026,Himaxx Beijing Warehouse 26,Beijing,North China,Himaxx Warehouse Outlet,Shopping Center Warehouse,70268.17,81794.89,0.859077749233479,27962.57,35233.28,0.7936408418404418,0.3979,0.4308,-0.03290000000000004,-9606.37,7611.65,-1.2620614452845311,7283,7360,0.9895380434782609,0.04997940409172044,0.0514,-0.0014205959082795594,1.5824175824175823,1.6568,-0.0743824175824177,172.98578125,167.77,5.215781249999992,Behind Target
2026-04-01,S027,Himaxx Chengdu Warehouse 27,Chengdu,West China,Himaxx Warehouse Outlet,Shopping Center Warehouse,22618.07,18237.64,1.2401862302359297,10579.11,8565.64,1.2350635796040927,0.4677,0.4697,-0.0020000000000000018,-71871.32,2441.35,-29.439170950498703,6622,6560,1.0094512195121952,0.017819389912413167,0.025,-0.007180610087586834,1.5593220338983051,1.4445,0.11482203389830525,176.04608695652175,195.38,-19.333913043478248,Exceed Target
2026-04-01,S028,Himaxx Chongqing Warehouse 28,Chongqing,West China,Himaxx Warehouse Outlet,Warehouse Outlet,34708.92,38767.18,0.8953171213382041,13190.75,14994.94,0.8796800787465638,0.38,0.3868,-0.006799999999999973,-44514.11,2028.67,-21.942509131598534,6972,7477,0.9324595425972984,0.02725186460126219,0.0271,0.0001518646012621909,1.5789473684210527,1.7488,-0.16985263157894726,167.28716666666668,162.02,5.267166666666668,Behind Target
2026-04-01,S029,Himaxx Suzhou Warehouse 29,Suzhou,East China,Himaxx Warehouse Outlet,Warehouse Outlet,59790.4,65164.96,0.9175237735126363,21933.93,23315.95,0.9407264126059629,0.3668,0.3578,0.009000000000000008,-14947.88,10229.35,-1.4612736879664885,7758,7865,0.9863954227590591,0.03750966744006187,0.0371,0.00040966744006187134,1.5532646048109966,1.5615,-0.008235395189003514,170.2146017699115,159.5,10.714601769911496,On Track
2026-04-01,S030,Himaxx Beijing Warehouse 30,Beijing,North China,Himaxx Warehouse Outlet,Warehouse Outlet,38835.85,40516.87,0.9585106154547475,14912.92,17225.99,0.8657220862197179,0.384,0.4252,-0.041200000000000014,-29083.32,2943.35,-9.881026721252994,8097,7436,1.0888918773534157,0.025688526614795603,0.025,0.0006885266147956016,1.5961538461538463,1.7475,-0.1513461538461538,157.2295481927711,164.69,-7.460451807228907,On Track
2026-04-01,S031,Himaxx Xi'an Warehouse 31,Xi'an,West China,Himaxx Warehouse Outlet,Warehouse Outlet,38135.63,41650.51,0.9156101569944761,13968.34,15297.95,0.9130857402462421,0.3663,0.3673,-0.0010000000000000009,-31809.71,4414.2,-7.206223098183137,7698,6944,1.1085829493087558,0.026110678098207326,0.025,0.0011106780982073246,1.626865671641791,1.5582,0.06866567164179105,170.04125382262995,163.13,6.911253822629959,On Track
2026-04-01,S032,Himaxx Wuhan Warehouse 32,Wuhan,Central China,Himaxx Warehouse Outlet,Mall Warehouse,48365.23,52700.5,0.9177375926224609,20814.8,24582.61,0.8467286427275216,0.4304,0.4665,-0.03610000000000002,-18839.21,8378.53,-2.248510180186739,7662,7542,1.0159108989657917,0.03145392847820412,0.0322,-0.0007460715217958783,1.6514522821576763,1.817,-0.1655477178423237,168.71628140703518,178.91,-10.193718592964814,On Track
2026-04-01,S033,Himaxx Chongqing Warehouse 33,Chongqing,West China,Himaxx Warehouse Outlet,Mall Warehouse,45532.29,42208.78,1.0787397787853619,18491.19,15850.04,1.166633648874072,0.4061,0.3755,0.030600000000000016,-44735.34,3534.06,-12.658341963633893,7972,8248,0.966537342386033,0.027220270948319115,0.025,0.002220270948319114,1.6036866359447004,1.6613,-0.0576133640552996,180.8564367816092,180.28,0.5764367816092033,Exceed Target
2026-04-01,S034,Himaxx Shenzhen Warehouse 34,Shenzhen,South China,Himaxx Warehouse Outlet,Warehouse Outlet,79454.3,83772.32,0.9484552892888725,34107.49,38349.47,0.8893862157677798,0.4293,0.4578,-0.02849999999999997,2126.35,18471.59,0.11511461655439514,7012,6804,1.030570252792475,0.05476326297775243,0.0564,-0.001636737022247571,1.6015625,1.567,0.03456250000000005,181.32770731707316,175.07,6.257707317073169,On Track
2026-04-01,S035,Himaxx Chongqing Warehouse 35,Chongqing,West China,Himaxx Warehouse Outlet,Pop-up Clearance Warehouse,32261.48,29718.96,1.0855521189166781,9910.02,8912.35,1.111942416983175,0.3072,0.2999,0.007299999999999973,-24691.69,1414.49,-17.45624924884587,8235,7787,1.0575317837421343,0.02477231329690346,0.025,-0.00022768670309654057,1.5588235294117647,1.4868,0.07202352941176482,141.50581761006288,142.43,-0.9241823899371298,Exceed Target
2026-04-01,S036,Himaxx Nanjing Warehouse 36,Nanjing,East China,Himaxx Warehouse Outlet,Warehouse Outlet,43550.42,40766.17,1.0682980520367746,17414.64,15786.42,1.1031405473818636,0.3999,0.3872,0.012699999999999989,-11311.91,5849.74,-1.933745773316421,7702,6943,1.109318738297566,0.03142041028304336,0.0301,0.001320410283043364,1.4710743801652892,1.5325,-0.06142561983471073,175.10435393258427,181.1,-5.99564606741572,Exceed Target
2026-04-01,S037,Himaxx Shenzhen Warehouse 37,Shenzhen,South China,Himaxx Warehouse Outlet,Warehouse Outlet,46811.77,50983.63,0.918172558525158,16620.3,18157.78,0.9153266533684185,0.355,0.3561,-0.0011000000000000454,-46494.88,2265.36,-20.524278701839883,7694,6817,1.1286489658207424,0.027943852352482455,0.0283,-0.00035614764751754416,1.5488372093023255,1.6873,-0.13846279069767453,180.625015015015,176.83,3.7950150150149966,On Track
2026-04-01,S038,Himaxx Qingdao Warehouse 38,Qingdao,North China,Himaxx Warehouse Outlet,Warehouse Outlet,70664.79,79134.43,0.8929714916756208,25662.23,27466.17,0.9343213851803874,0.3632,0.3471,0.016100000000000003,-20922.52,10373.37,-2.016945312853971,7022,7485,0.9381429525718102,0.0485616633437767,0.0516,-0.0030383366562233005,1.6246334310850439,1.6519,-0.027266568914956046,173.5187725631769,166.77,6.748772563176885,On Track
2026-04-01,S039,Himaxx Shenzhen Warehouse 39,Shenzhen,South China,Himaxx Warehouse Outlet,Pop-up Clearance Warehouse,50217.13,49988.25,1.0045786759888573,13960.15,13851.25,1.0078621063080948,0.278,0.2771,0.0009000000000000119,-34077.4,3425.9,-9.946992031291048,6968,7263,0.9593831749965579,0.043340987370838115,0.042,0.001340987370838112,1.5894039735099337,1.5007,0.08870397350993375,148.11222916666665,165.64,-17.527770833333335,On Track
2026-04-01,S040,Himaxx Xiamen Warehouse 40,Xiamen,South China,Himaxx Warehouse Outlet,Warehouse Outlet,76764.46,82069.49,0.9353592912542773,28661.12,28646.56,1.0005082634703781,0.3734,0.3491,0.02429999999999999,881.94,7120.07,0.12386675973691272,7114,8344,0.8525886864813039,0.052994096148439696,0.054,-0.0010059038515603039,1.570291777188329,1.6818,-0.11150822281167105,167.59516891891892,183.22,-15.624831081081084,On Track
2026-04-01,S041,Himaxx Shanghai Warehouse 41,Shanghai,East China,Himaxx Warehouse Outlet,Shopping Center Warehouse,38890.56,32710.66,1.1889261788053191,16142.99,14781.95,1.0920744556705981,0.4151,0.4519,-0.0368,-46140.37,1744.93,-26.44253351137295,9088,9045,1.0047540077390824,0.017055457746478875,0.025,-0.007944542253521127,1.5419354838709678,1.4862,0.05573548387096783,206.33380753138076,189.92,16.41380753138077,Exceed Target
2026-04-01,S042,Himaxx Shanghai Warehouse 42,Shanghai,East China,Himaxx Warehouse Outlet,Community Warehouse,61238.36,62474.76,0.9802096078480333,22862.03,25218.3,0.9065650737757898,0.3733,0.4037,-0.030399999999999983,-387.26,12890.94,-0.030041253779786423,8026,8717,0.9207296088103706,0.041365561923747816,0.0391,0.0022655619237478136,1.5662650602409638,1.6705,-0.1042349397590363,161.40107692307691,153.12,8.28107692307691,On Track
2026-04-01,S043,Himaxx Hangzhou Warehouse 43,Hangzhou,East China,Himaxx Warehouse Outlet,Warehouse Outlet,54869.86,62611.96,0.8763479054161537,21827.83,25600.49,0.8526332894409443,0.3978,0.4089,-0.011099999999999999,-32654.5,8989.03,-3.6327056423218074,7215,6879,1.048844308765809,0.041164241164241167,0.044,-0.002835758835758831,1.65993265993266,1.8157,-0.15576734006734005,163.26555780933063,182.7,-19.43444219066936,On Track
2026-04-01,S044,Himaxx Changsha Warehouse 44,Changsha,Central China,Himaxx Warehouse Outlet,Community Warehouse,56329.04,54611.93,1.031442031072698,23459.43,20996.09,1.1173237493266603,0.4165,0.3845,0.03199999999999997,-17269.68,11145.26,-1.5495089392261823,7013,7227,0.9703888197038882,0.046912876087266506,0.05,-0.003087123912733497,1.4741641337386018,1.3969,0.07726413373860175,163.82268041237114,164.63,-0.8073195876288537,On Track
2026-04-01,S045,Himaxx Beijing Warehouse 45,Beijing,North China,Himaxx Warehouse Outlet,Warehouse Outlet,53298.18,60195.02,0.8854250733698569,19807.88,21761.92,0.9102082904449609,0.3716,0.3615,0.010099999999999998,-15733.69,3398.83,-4.629148854164521,7450,7678,0.9703047668663715,0.032885906040268455,0.0303,0.002585906040268454,1.583673469387755,1.483,0.1006734693877549,196.03863402061856,202.48,-6.44136597938143,On Track
2026-04-01,S046,Himaxx Shanghai Warehouse 46,Shanghai,East China,Himaxx Warehouse Outlet,Shopping Center Warehouse,67606.78,79496.65,0.85043558439255,26899.93,30328.9,0.8869405088875627,0.3979,0.3815,0.01639999999999997,3374.77,8877.31,0.38015682678649276,7730,8376,0.9228748806112703,0.042690815006468305,0.0443,-0.001609184993531694,1.5151515151515151,1.4896,0.025551515151515103,181.9151,199.49,-17.574900000000014,Behind Target
2026-04-01,S047,Himaxx Xiamen Warehouse 47,Xiamen,South China,Himaxx Warehouse Outlet,Warehouse Outlet,59796.0,62779.22,0.9524807730965755,23714.75,27144.43,0.8736506900310671,0.3966,0.4324,-0.0358,-15672.32,6999.15,-2.2391747569347706,7175,6580,1.0904255319148937,0.041672473867595816,0.042,-0.00032752613240418643,1.6956521739130435,1.8495,-0.15384782608695646,163.0570808678501,166.97,-3.9129191321499093,On Track
2026-04-01,S048,Himaxx Chongqing Warehouse 48,Chongqing,West China,Himaxx Warehouse Outlet,Mall Warehouse,47682.75,55825.6,0.8541377074317159,18789.65,22424.62,0.837902715854271,0.3941,0.4017,-0.007599999999999996,-17494.04,4415.56,-3.961907436429354,7424,8411,0.8826536678159553,0.03461745689655173,0.0318,0.0028174568965517247,1.6070038910505837,1.7957,-0.18869610894941635,165.44457627118643,184.45,-19.005423728813554,Behind Target
2026-04-01,S049,Himaxx Shenzhen Warehouse 49,Shenzhen,South China,Himaxx Warehouse Outlet,Warehouse Outlet,72553.1,85599.11,0.8475917565030758,27682.96,35384.47,0.7823477361678725,0.3816,0.4134,-0.031799999999999995,-21066.97,9719.21,-2.1675599148490465,6474,6270,1.0325358851674642,0.053599011430336733,0.0604,-0.006800988569663269,1.559077809798271,1.7101,-0.15102219020172902,181.33548983364142,194.97,-13.63451016635858,Behind Target
2026-04-01,S050,Himaxx Suzhou Warehouse 50,Suzhou,East China,Himaxx Warehouse Outlet,Community Warehouse,34146.0,34336.67,0.9944470445153826,13355.4,12663.67,1.0546231858537058,0.3911,0.3688,0.022299999999999986,-37119.8,4077.55,-9.103456732596781,7687,7137,1.0770631918172902,0.024066605958111095,0.025,-0.0009333940418889061,1.5783783783783785,1.5507,0.0276783783783785,159.33705479452055,176.07,-16.73294520547944,On Track
2026-04-01,S051,Himaxx Qingdao Warehouse 51,Qingdao,North China,Himaxx Warehouse Outlet,Shopping Center Warehouse,54418.77,53000.67,1.0267562655340017,22594.72,20932.41,1.0794132161561905,0.4152,0.3949,0.02030000000000004,-6994.16,7458.23,-0.9377774619447242,8655,9123,0.9487010851693521,0.03142692085499711,0.0346,-0.003173079145002887,1.5551470588235294,1.654,-0.09885294117647048,173.93680851063831,177.13,-3.1931914893616806,On Track
2026-04-01,S052,Himaxx Shanghai Warehouse 52,Shanghai,East China,Himaxx Warehouse Outlet,Shopping Center Warehouse,48697.41,44933.89,1.083756825861282,19545.56,19173.74,1.0193921478021502,0.4014,0.4267,-0.025300000000000045,-20459.91,3630.78,-5.635127989027151,6960,7285,0.9553877831159918,0.0346264367816092,0.0368,-0.002173563218390802,1.6016597510373445,1.6461,-0.044440248962655415,180.77857512953366,193.64,-12.861424870466323,On Track
2026-04-01,S053,Himaxx Chongqing Warehouse 53,Chongqing,West China,Himaxx Warehouse Outlet,Warehouse Outlet,65224.97,76954.26,0.8475810176070825,24408.89,26916.47,0.9068384524419435,0.3742,0.3498,0.024399999999999977,-24280.67,5338.09,-4.548568870138944,6988,6787,1.029615441284809,0.052089295935890095,0.0475,0.004589295935890095,1.5769230769230769,1.5984,-0.02147692307692317,168.21088850174218,186.41,-18.19911149825782,On Track
2026-04-01,S054,Himaxx Tianjin Warehouse 54,Tianjin,North China,Himaxx Warehouse Outlet,Community Warehouse,57635.43,68328.72,0.8435022637625876,21457.74,25722.39,0.8342047531353036,0.3723,0.3765,-0.0041999999999999815,3740.38,12419.28,0.3011752694198053,7496,7221,1.038083367954577,0.040288153681963715,0.0391,0.001188153681963712,1.5198675496688743,1.5466,-0.0267324503311257,169.70446623093684,166.55,3.1544662309368334,Behind Target
2026-04-01,S055,Himaxx Xiamen Warehouse 55,Xiamen,South China,Himaxx Warehouse Outlet,Mall Warehouse,85919.46,86902.69,0.9886858508062294,34606.73,32245.98,1.073210676183512,0.4028,0.3711,0.031700000000000006,3040.87,11903.18,0.2554670264584758,7144,7070,1.0104667609618105,0.05403135498320269,0.0578,-0.0037686450167973076,1.66580310880829,1.6211,0.04470310880829009,176.9337636080871,183.28,-6.346236391912896,On Track
2026-04-01,S056,Himaxx Nanjing Warehouse 56,Nanjing,East China,Himaxx Warehouse Outlet,Warehouse Outlet,77390.45,83593.49,0.9257951785479945,30221.72,32465.56,0.9308855291576674,0.3905,0.3884,0.0020999999999999908,-7694.92,7817.61,-0.984305945167385,7167,7280,0.984478021978022,0.0466024836054137,0.0422,0.004402483605413697,1.7425149700598803,1.9221,-0.1795850299401196,180.32594501718214,194.94,-14.614054982817862,On Track
2026-04-01,S057,Himaxx Shanghai Warehouse 57,Shanghai,East China,Himaxx Warehouse Outlet,Warehouse Outlet,50885.46,47525.8,1.070691287679534,20292.8,19038.29,1.0658940482574852,0.3988,0.4006,-0.0018000000000000238,-29275.59,4963.49,-5.898186558248329,8105,7785,1.0411046885035324,0.03318938926588526,0.0381,-0.004910610734114744,1.58364312267658,1.4925,0.09114312267657998,166.64159624413145,174.73,-8.08840375586854,Exceed Target
2026-04-01,S058,Himaxx Xiamen Warehouse 58,Xiamen,South China,Himaxx Warehouse Outlet,Shopping Center Warehouse,33550.38,32912.7,1.0193748917591081,15109.25,16418.1,0.9202800567666174,0.4503,0.4988,-0.04850000000000004,-25764.43,3036.18,-8.485804530693175,7078,7587,0.9329115592460788,0.025572195535461997,0.0282,-0.0026278044645380028,1.558011049723757,1.7377,-0.1796889502762431,180.26386524822695,166.35,13.913865248226955,On Track
2026-04-01,S059,Himaxx Suzhou Warehouse 59,Suzhou,East China,Himaxx Warehouse Outlet,Mall Warehouse,31751.52,33995.9,0.9339808623981127,13316.23,14022.19,0.9496540839911597,0.4194,0.4125,0.006900000000000017,-27911.12,3463.97,-8.057552461482057,8219,8653,0.9498439847451751,0.019588757756418055,0.025,-0.005411242243581946,1.6335403726708075,1.8047,-0.17115962732919243,163.04281368821293,170.19,-7.147186311787067,On Track
2026-04-01,S060,Himaxx Xi'an Warehouse 60,Xi'an,West China,Himaxx Warehouse Outlet,Mall Warehouse,69962.28,72417.14,0.9661011191549403,27676.78,31556.67,0.8770500816467643,0.3956,0.4358,-0.040200000000000014,5296.2,8512.45,0.6221710553365951,7119,7379,0.9647648732890636,0.04874280095519033,0.0524,-0.0036571990448096697,1.5302593659942363,1.5036,0.02665936599423624,172.98258003766477,186.65,-13.66741996233523,On Track
2026-04-01,S061,Himaxx Xiamen Warehouse 61,Xiamen,South China,Himaxx Warehouse Outlet,Community Warehouse,36744.69,30070.42,1.221954665082829,13649.38,11405.13,1.1967754861189657,0.3715,0.3793,-0.007800000000000029,-43859.88,2176.43,-20.152212568288437,7457,7708,0.9674364296834458,0.022529167225425775,0.025,-0.002470832774574227,1.6726190476190477,1.5642,0.10841904761904764,175.48889679715302,163.63,11.858896797153022,Exceed Target
2026-04-01,S062,Himaxx Xi'an Warehouse 62,Xi'an,West China,Himaxx Warehouse Outlet,Community Warehouse,56220.35,60956.19,0.9223074801755161,21850.65,25739.12,0.8489276245652533,0.3887,0.4223,-0.03360000000000002,-14685.02,5115.23,-2.8708425623090266,8002,7561,1.0583256183044571,0.03174206448387903,0.0352,-0.0034579355161209746,1.7125984251968505,1.7544,-0.0418015748031495,169.1795632183908,188.36,-19.180436781609217,On Track
2026-04-01,S063,Himaxx Nanjing Warehouse 63,Nanjing,East China,Himaxx Warehouse Outlet,Mall Warehouse,21586.52,22721.92,0.9500306312142637,7631.21,7960.34,0.9586537760949909,0.3535,0.3503,0.0031999999999999806,-33421.96,1775.92,-18.819518897247622,7348,6216,1.1821106821106822,0.015786608600979857,0.025,-0.009213391399020145,1.603448275862069,1.5555,0.047948275862068845,151.43989247311828,161.31,-9.870107526881725,On Track
2026-04-01,S064,Himaxx Guangzhou Warehouse 64,Guangzhou,South China,Himaxx Warehouse Outlet,Shopping Center Warehouse,65796.69,70866.24,0.9284631158644793,28005.44,28984.55,0.96621958940194,0.4256,0.409,0.016600000000000004,-2004.05,9594.44,-0.20887618245567222,7507,8356,0.8983963618956439,0.046223524710270414,0.049,-0.002776475289729588,1.5331412103746398,1.5482,-0.015058789625360225,171.35248120300753,184.84,-13.487518796992475,On Track
2026-04-01,S065,Himaxx Tianjin Warehouse 65,Tianjin,North China,Himaxx Warehouse Outlet,Shopping Center Warehouse,60376.7,55736.22,1.08325788867634,24002.1,22824.03,1.0516153369935108,0.3975,0.4095,-0.011999999999999955,-22506.5,9867.38,-2.28089928633538,7755,7309,1.0610206594609386,0.03481624758220503,0.0364,-0.001583752417794973,1.6925925925925926,1.5869,0.10569259259259267,178.28842450765865,189.54,-11.251575492341345,Exceed Target
2026-04-01,S066,Himaxx Tianjin Warehouse 66,Tianjin,North China,Himaxx Warehouse Outlet,Shopping Center Warehouse,36572.75,39027.51,0.937101803317711,15419.31,18295.43,0.8427957145582257,0.4216,0.4688,-0.04720000000000002,-30956.36,3982.71,-7.772687441465735,7485,7435,1.0067249495628783,0.022578490313961256,0.025,-0.0024215096860387454,1.5798816568047338,1.7637,-0.18381834319526624,189.75,190.83,-1.0800000000000125,On Track
2026-04-01,S067,Himaxx Beijing Warehouse 67,Beijing,North China,Himaxx Warehouse Outlet,Shopping Center Warehouse,58327.87,63556.42,0.9177337238315186,23890.06,27967.35,0.8542125013631968,0.4096,0.44,-0.030399999999999983,-32299.48,10198.57,-3.1670596956239945,6750,7566,0.8921490880253767,0.03911111111111111,0.0436,-0.0044888888888888895,1.628787878787879,1.733,-0.1042121212121212,179.01983720930232,196.56,-17.54016279069768,Behind Target
2026-04-01,S068,Himaxx Suzhou Warehouse 68,Suzhou,East China,Himaxx Warehouse Outlet,Mall Warehouse,48808.14,51774.37,0.942708525473125,19448.19,19045.14,1.0211628793487473,0.3985,0.3678,0.030700000000000005,-12126.13,5029.72,-2.410895636337609,7532,7588,0.992619926199262,0.032793414763674984,0.0373,-0.0045065852363250156,1.5587044534412955,1.6644,-0.10569554655870461,177.9504675324675,176.18,1.7704675324675065,On Track
2026-04-01,S069,Himaxx Beijing Warehouse 69,Beijing,North China,Himaxx Warehouse Outlet,Warehouse Outlet,46272.99,44983.94,1.028655782485927,17714.06,16464.96,1.075864138145492,0.3828,0.366,0.01679999999999998,-42030.85,6554.05,-6.412958399768082,7930,8044,0.9858279462953754,0.031525851197982346,0.0345,-0.0029741488020176565,1.524,1.6756,-0.15159999999999996,170.86674540682415,158.86,12.006745406824137,On Track
2026-04-01,S070,Himaxx Changsha Warehouse 70,Changsha,Central China,Himaxx Warehouse Outlet,Shopping Center Warehouse,29204.63,28726.1,1.016658369914468,11903.5,12510.82,0.9514564193234336,0.4076,0.4355,-0.02789999999999998,-68346.54,3100.53,-22.04350223993962,7409,7337,1.0098132751805915,0.02011067620461601,0.025,-0.004889323795383992,1.6308724832214765,1.6847,-0.0538275167785236,172.98057613168723,190.74,-17.75942386831278,On Track
2026-04-01,S071,Himaxx Qingdao Warehouse 71,Qingdao,North China,Himaxx Warehouse Outlet,Warehouse Outlet,44022.96,46464.98,0.9474438598703797,17900.5,17399.54,1.0287915657540372,0.4066,0.3745,0.03210000000000002,-15572.87,5909.43,-2.6352575459900534,7734,8796,0.8792633015006821,0.030902508404447894,0.0327,-0.001797491595552106,1.506276150627615,1.4836,0.022676150627614966,165.94755555555557,162.58,3.3675555555555547,On Track
2026-04-01,S072,Himaxx Changsha Warehouse 72,Changsha,Central China,Himaxx Warehouse Outlet,Community Warehouse,36280.4,32192.05,1.126998746584949,15855.87,14181.76,1.118046702242881,0.437,0.4405,-0.003500000000000003,-32620.9,2424.53,-13.454525206947325,7092,7684,0.9229567933368037,0.023688663282571912,0.025,-0.001311336717428089,1.7142857142857142,1.6825,0.031785714285714084,193.83010416666667,195.94,-2.1098958333333258,Exceed Target
2026-04-01,S073,Himaxx Tianjin Warehouse 73,Tianjin,North China,Himaxx Warehouse Outlet,Mall Warehouse,70881.94,88473.43,0.8011664066827748,25660.49,34356.27,0.74689394395841,0.362,0.3883,-0.02629999999999999,9269.46,12813.57,0.7234096352538754,7322,8654,0.8460827363069101,0.044933078393881457,0.0496,-0.004666921606118542,1.6474164133738602,1.7317,-0.08428358662613977,171.519815498155,183.82,-12.300184501844996,Behind Target
2026-04-01,S074,Himaxx Tianjin Warehouse 74,Tianjin,North China,Himaxx Warehouse Outlet,Warehouse Outlet,73536.3,78739.4,0.9339199943103453,26826.78,27904.11,0.9613917089633032,0.3648,0.3544,0.01040000000000002,1283.95,12413.8,0.10342924809486218,6936,7528,0.9213602550478215,0.054354094579008076,0.0542,0.00015409457900807805,1.660477453580902,1.6332,0.027277453580901945,161.81071884984024,150.29,11.52071884984025,On Track
2026-04-01,S075,Himaxx Shenzhen Warehouse 75,Shenzhen,South China,Himaxx Warehouse Outlet,Warehouse Outlet,45901.4,47744.72,0.9613921706944768,17887.52,17923.97,0.9979664103432442,0.3897,0.3754,0.01429999999999998,-36431.71,4370.92,-8.33502100244342,6873,7316,0.9394477856752323,0.034919249236141425,0.0397,-0.004780750763858574,1.525,1.5519,-0.026900000000000146,182.34437158469945,171.64,10.704371584699459,On Track
2026-04-01,S076,Himaxx Nanjing Warehouse 76,Nanjing,East China,Himaxx Warehouse Outlet,Warehouse Outlet,31946.43,33985.63,0.939998169814713,12592.97,13339.68,0.9440233948640446,0.3942,0.3925,0.0016999999999999793,-49830.83,4281.57,-11.63844804592708,6534,6499,1.0053854439144483,0.025252525252525252,0.025,0.0002525252525252507,1.6,1.7705,-0.17049999999999987,171.9283712121212,178.86,-6.931628787878822,On Track
