month,store_id,store_name,city,region,channel,store_format,profit_profile,store_size_sqm,staff_count,store_maturity,trade_area_type,gmv,msrp_gmv,transaction_gmv,gross_sales,net_sales,recognized_revenue,cogs,gross_profit,gross_margin_pct,rent_expense,payroll_expense,utilities_expense,local_marketing_expense,store_direct_costs,store_cm,store_cm_pct,market_contribution,ebitda_proxy,operating_profit,operating_margin,bep_revenue,rent_to_sales_ratio,payroll_to_sales_ratio,sales_per_sqm,sales_per_staff,gross_profit_per_staff,store_cm_per_staff,store_health_flag,rent_pressure_flag,payroll_pressure_flag,bep_gap
2026-01-01,S001,Himaxx Beijing Warehouse 1,Beijing,North China,Himaxx Warehouse Outlet,Mall Warehouse,High Profit,15578,62.0,Mature,Suburban Mall,108240.02,529180.48,108240.02,108240.02,101925.68,77098.86,45960.22,31138.64,0.4039,11083.92,20805.35,3465.79,4020.82,39375.89,-8237.25,-0.1068,-17269.16,-27300.86,-27300.86,-0.3541,97494.17,0.1438,0.2699,4.949214276543844,1243.53,502.2361290322581,-132.85887096774192,Loss Making,Normal,High Payroll Pressure,-20395.309999999998
2026-01-01,S002,Himaxx Nanjing Warehouse 2,Nanjing,East China,Himaxx Warehouse Outlet,Shopping Center Warehouse,Stable,18227,73.0,New Store,Outlet Cluster,76469.93,369943.13,76469.93,76469.93,73132.1,53486.66,30399.75,23086.91,0.4316,9076.55,15104.29,2519.98,3173.62,29874.45,-6787.54,-0.1269,-16279.9,-22418.88,-22418.88,-0.4191,69211.71,0.1697,0.2824,2.9344741317825207,732.6939726027398,316.2590410958904,-92.98,Loss Making,Normal,High Payroll Pressure,-15725.050000000003
2026-01-01,S003,Himaxx Shenzhen Warehouse 3,Shenzhen,South China,Himaxx Warehouse Outlet,Warehouse Outlet,At Risk,20931,84.0,New Store,Suburban Mall,43368.18,232004.4,43368.18,43368.18,42085.74,34052.97,23282.06,10770.91,0.3163,16467.34,25752.05,4003.76,6217.99,52441.13,-41670.22,-1.2237,-58173.98,-70588.7,-70588.7,-2.0729,165796.23,0.4836,0.7562,1.6269155797620753,405.39250000000004,128.22511904761905,-496.07404761904763,Loss Making,High Rent Pressure,High Payroll Pressure,-131743.26
2026-01-01,S004,Himaxx Xiamen Warehouse 4,Xiamen,South China,Himaxx Warehouse Outlet,Pop-up Clearance Warehouse,Stable,8222,33.0,Mature,Suburban Mall,49317.84,301450.41,49317.84,49317.84,46802.81,34274.22,24568.83,9705.39,0.2832,6674.25,9889.82,1640.99,2315.26,20520.32,-10814.93,-0.3155,-16091.69,-19312.97,-19312.97,-0.5635,72466.74,0.1947,0.2885,4.16859888105084,1038.6127272727274,294.10272727272724,-327.72515151515154,Loss Making,Normal,High Payroll Pressure,-38192.520000000004
2026-01-01,S005,Himaxx Changsha Warehouse 5,Changsha,Central China,Himaxx Warehouse Outlet,Shopping Center Warehouse,At Risk,13123,52.0,Ramp-up,Transport Hub,61508.65,310307.78,61508.65,61508.65,57330.94,46158.66,27840.71,18317.95,0.3968,20734.22,33317.57,5060.22,4750.2,63862.21,-45544.26,-0.9867,-61053.25,-71506.46,-71506.46,-1.5491,160923.8,0.4492,0.7218,3.517386268383754,887.6665384615385,352.26826923076925,-875.8511538461539,Loss Making,High Rent Pressure,High Payroll Pressure,-114765.13999999998
2026-01-01,S006,Himaxx Qingdao Warehouse 6,Qingdao,North China,Himaxx Warehouse Outlet,Warehouse Outlet,At Risk,18648,75.0,Mature,Suburban Mall,55594.07,282720.16,55594.07,55594.07,52862.33,40798.02,25466.8,15331.22,0.3758,11263.43,23456.12,4493.71,3655.33,42868.6,-27537.38,-0.675,-38363.79,-47584.18,-47584.18,-1.1663,114077.93,0.2761,0.5749,2.1877960102960103,543.9735999999999,204.41626666666664,-367.1650666666667,Loss Making,High Rent Pressure,High Payroll Pressure,-73279.91
2026-01-01,S007,Himaxx Wuhan Warehouse 7,Wuhan,Central China,Himaxx Warehouse Outlet,Mall Warehouse,Stable,16119,64.0,Mature,Suburban Mall,90460.22,442590.02,90460.22,90460.22,86698.51,68315.44,41253.21,27062.23,0.3961,20506.2,24519.11,3471.53,6046.16,54543.01,-27480.78,-0.4023,-45456.13,-57540.43,-57540.43,-0.8423,137687.47,0.3002,0.3589,4.238193436317389,1067.42875,422.84734375,-429.3871875,Loss Making,High Rent Pressure,High Payroll Pressure,-69372.03
2026-01-01,S008,Himaxx Changsha Warehouse 8,Changsha,Central China,Himaxx Warehouse Outlet,Mall Warehouse,High Profit,11871,47.0,Mature,Industrial Park,93875.07,463408.98,93875.07,93875.07,90618.18,71062.61,43406.21,27656.4,0.3892,4885.2,8468.44,1585.72,2270.42,17209.78,10446.62,0.147,5461.52,930.81,930.81,0.0131,44220.2,0.0687,0.1192,5.986236205879876,1511.970425531915,588.4340425531915,222.2685106382979,Healthy,Normal,Normal,26842.410000000003
2026-01-01,S009,Himaxx Changsha Warehouse 9,Changsha,Central China,Himaxx Warehouse Outlet,Mall Warehouse,High Profit,11335,45.0,Mature,Suburban Mall,88768.07,436152.53,88768.07,88768.07,85142.37,62236.14,37088.05,25148.09,0.4041,13463.04,17178.76,2992.05,3709.91,37343.76,-12195.67,-0.196,-25395.41,-33202.04,-33202.04,-0.5335,92417.82,0.2163,0.276,5.4906166740185265,1383.0253333333333,558.8464444444445,-271.0148888888889,Loss Making,High Rent Pressure,High Payroll Pressure,-30181.680000000008
2026-01-01,S010,Himaxx Changsha Warehouse 10,Changsha,Central China,Himaxx Warehouse Outlet,Community Warehouse,Stable,10286,41.0,New Store,Suburban Mall,77496.03,388938.04,77496.03,77496.03,74679.51,56524.9,35658.05,20866.85,0.3692,7694.6,11287.92,1786.39,1932.67,22701.58,-1834.73,-0.0325,-8866.05,-12385.92,-12385.92,-0.2191,61494.89,0.1361,0.1997,5.495323741007194,1378.6560975609757,508.94756097560975,-44.74951219512195,Loss Making,Normal,High Payroll Pressure,-4969.989999999998
2026-01-01,S011,Himaxx Chengdu Warehouse 11,Chengdu,West China,Himaxx Warehouse Outlet,Community Warehouse,At Risk,13815,55.0,Ramp-up,Suburban Mall,59346.96,290658.2,59346.96,59346.96,56970.37,46488.36,26998.94,19489.42,0.4192,23467.33,27023.77,4023.5,4819.61,59334.2,-39844.78,-0.8571,-56630.43,-68802.23,-68802.23,-1.48,141530.62,0.5048,0.5813,3.3650640608034745,845.242909090909,354.3530909090909,-724.4505454545455,Loss Making,High Rent Pressure,High Payroll Pressure,-95042.26
2026-01-01,S012,Himaxx Beijing Warehouse 12,Beijing,North China,Himaxx Warehouse Outlet,Warehouse Outlet,High Profit,17792,71.0,Mature,Community,112428.22,573543.29,112428.22,112428.22,108055.86,82223.06,50792.4,31430.66,0.3823,17946.76,20417.95,4946.14,3975.35,47286.2,-15855.54,-0.1928,-30224.09,-42678.12,-42678.12,-0.5191,123701.38,0.2183,0.2483,4.621350044964029,1158.0712676056337,442.68535211267607,-223.3174647887324,Loss Making,High Rent Pressure,High Payroll Pressure,-41478.32000000001
2026-01-01,S013,Himaxx Shenzhen Warehouse 13,Shenzhen,South China,Himaxx Warehouse Outlet,Community Warehouse,High Profit,10494,42.0,Ramp-up,Suburban Mall,102089.16,500148.8,102089.16,102089.16,97129.23,78552.77,46701.75,31851.02,0.4055,13862.0,16342.65,2544.45,4311.94,37061.04,-5210.02,-0.0663,-16848.47,-26029.62,-26029.62,-0.3314,91402.01,0.1765,0.208,7.485493615399276,1870.3040476190477,758.3576190476191,-124.04809523809524,Loss Making,Normal,High Payroll Pressure,-12849.23999999999
2026-01-01,S014,Himaxx Tianjin Warehouse 14,Tianjin,North China,Himaxx Warehouse Outlet,Shopping Center Warehouse,Stable,13468,54.0,Mature,Transport Hub,76492.59,373958.72,76492.59,76492.59,73579.85,56393.21,34349.17,22044.04,0.3909,22299.48,31594.09,6517.36,4670.06,65080.99,-43036.95,-0.7632,-60582.49,-72366.01,-72366.01,-1.2832,166490.63,0.3954,0.5602,4.18720002970003,1044.3187037037037,408.222962962963,-796.9805555555555,Loss Making,High Rent Pressure,High Payroll Pressure,-110097.42000000001
2026-01-01,S015,Himaxx Hangzhou Warehouse 15,Hangzhou,East China,Himaxx Warehouse Outlet,Mall Warehouse,Stable,14573,58.0,Mature,Community,71668.55,355781.68,71668.55,71668.55,67259.06,52698.59,32892.18,19806.41,0.3758,9119.34,12946.88,2683.0,1859.56,26608.77,-6802.36,-0.1291,-13165.9,-18715.32,-18715.32,-0.3551,70797.53,0.173,0.2457,3.616179921773142,908.5963793103448,341.4898275862069,-117.28206896551724,Loss Making,Normal,High Payroll Pressure,-18098.940000000002
2026-01-01,S016,Himaxx Chengdu Warehouse 16,Chengdu,West China,Himaxx Warehouse Outlet,Shopping Center Warehouse,High Profit,15540,62.0,Mature,Transport Hub,105863.94,531467.73,105863.94,105863.94,101492.95,79754.73,49683.13,30071.6,0.3771,6173.35,9555.54,1619.14,2146.22,19494.24,10577.36,0.1326,2197.1,-3761.05,-3761.05,-0.0472,51701.88,0.0774,0.1198,5.1322220077220075,1286.3666129032258,485.0258064516129,170.6025806451613,Healthy,Normal,Normal,28052.85
2026-01-01,S017,Himaxx Hangzhou Warehouse 17,Hangzhou,East China,Himaxx Warehouse Outlet,Shopping Center Warehouse,Stable,10374,41.0,Mature,Community,64419.06,308939.29,64419.06,64419.06,62784.49,44866.11,24481.74,20384.37,0.4543,7819.68,12810.52,1807.07,2477.65,24914.91,-4530.54,-0.101,-12978.9,-17637.8,-17637.8,-0.3931,54837.86,0.1743,0.2855,4.324861191440139,1094.2953658536585,497.1797560975609,-110.5009756097561,Loss Making,Normal,High Payroll Pressure,-9971.75
2026-01-01,S018,Himaxx Xi'an Warehouse 18,Xi'an,West China,Himaxx Warehouse Outlet,Mall Warehouse,High Profit,17488,70.0,Aging,Outlet Cluster,91572.12,454683.98,91572.12,91572.12,87445.77,67543.94,41671.25,25872.69,0.383,8208.86,10590.84,2310.53,2824.54,23934.76,1937.93,0.0287,-5827.49,-10525.1,-10525.1,-0.1558,62484.73,0.1215,0.1568,3.8623021500457457,964.9134285714287,369.60985714285715,27.684714285714286,Watch,Normal,Normal,5059.209999999999
2026-01-01,S019,Himaxx Qingdao Warehouse 19,Qingdao,North China,Himaxx Warehouse Outlet,Shopping Center Warehouse,At Risk,13159,53.0,New Store,Transport Hub,67546.56,326783.91,67546.56,67546.56,64254.49,50596.16,30857.79,19738.37,0.3901,23112.89,33587.94,4795.42,9192.64,70688.88,-50950.51,-1.007,-74447.93,-90187.38,-90187.38,-1.7825,181199.66,0.4568,0.6638,3.8449851812447755,954.6445283018869,372.4220754716981,-961.3303773584906,Loss Making,High Rent Pressure,High Payroll Pressure,-130603.5
2026-01-01,S020,Himaxx Shanghai Warehouse 20,Shanghai,East China,Himaxx Warehouse Outlet,Warehouse Outlet,High Profit,20311,81.0,Aging,Suburban Mall,96326.1,486030.94,96326.1,96326.1,92423.95,70246.12,40624.8,29621.32,0.4217,6040.3,10161.49,1613.35,1751.61,19566.75,10054.57,0.1431,3120.24,-1979.35,-1979.35,-0.0282,46401.99,0.086,0.1447,3.4585259219142332,867.236049382716,365.6953086419753,124.13049382716049,Healthy,Normal,Normal,23844.129999999997
2026-01-01,S021,Himaxx Changsha Warehouse 21,Changsha,Central China,Himaxx Warehouse Outlet,Pop-up Clearance Warehouse,High Profit,6863,27.0,Mature,Suburban Mall,68942.31,423774.72,68942.31,68942.31,65796.45,51620.54,37447.86,14172.68,0.2746,12377.63,14697.98,4038.12,4551.46,35665.19,-21492.51,-0.4164,-32535.71,-40153.83,-40153.83,-0.7779,129901.76,0.2398,0.2847,7.521570741658167,1911.871851851852,524.914074074074,-796.0188888888888,Loss Making,High Rent Pressure,High Payroll Pressure,-78281.22
2026-01-01,S022,Himaxx Xiamen Warehouse 22,Xiamen,South China,Himaxx Warehouse Outlet,Mall Warehouse,At Risk,16432,66.0,Ramp-up,Outlet Cluster,56742.76,288257.96,56742.76,56742.76,54093.19,39351.15,23018.91,16332.24,0.415,23656.83,29571.05,4662.74,8693.13,66583.75,-50251.51,-1.277,-67628.7,-84700.93,-84700.93,-2.1524,160427.91,0.6012,0.7515,2.3947876095423566,596.2295454545455,247.45818181818183,-761.3865151515151,Loss Making,High Rent Pressure,High Payroll Pressure,-121076.76000000001
2026-01-01,S023,Himaxx Changsha Warehouse 23,Changsha,Central China,Himaxx Warehouse Outlet,Mall Warehouse,Stable,17644,71.0,Mature,Industrial Park,91999.3,448052.68,91999.3,91999.3,87154.16,68859.28,40813.32,28045.96,0.4073,17900.42,28944.44,4863.64,4959.54,56668.04,-28622.08,-0.4157,-46308.91,-60030.87,-60030.87,-0.8718,139133.06,0.26,0.4203,3.9027023350714125,969.8490140845071,395.01352112676057,-403.1278873239437,Loss Making,High Rent Pressure,High Payroll Pressure,-70273.78
2026-01-01,S024,Himaxx Chongqing Warehouse 24,Chongqing,West China,Himaxx Warehouse Outlet,Mall Warehouse,Loss Making,14768,59.0,Mature,Suburban Mall,46449.05,232741.12,46449.05,46449.05,45164.49,36106.36,21414.08,14692.28,0.4069,19748.05,22787.17,5459.76,4348.59,52343.58,-37651.3,-1.0428,-53862.34,-64150.27,-64150.27,-1.7767,128634.63,0.5469,0.6311,2.4449052004333693,611.9722033898305,249.02169491525424,-638.1576271186441,Loss Making,High Rent Pressure,High Payroll Pressure,-92528.27
2026-01-01,S025,Himaxx Hangzhou Warehouse 25,Hangzhou,East China,Himaxx Warehouse Outlet,Shopping Center Warehouse,Stable,15307,61.0,Mature,Community,86774.48,417063.52,86774.48,86774.48,83680.06,63982.52,39086.58,24895.94,0.3891,13241.12,17073.48,4505.43,5136.0,39956.02,-15060.08,-0.2354,-27384.57,-35585.63,-35585.63,-0.5562,102686.9,0.2069,0.2668,4.179951656105049,1048.8937704918033,408.1301639344262,-246.88655737704917,Loss Making,High Rent Pressure,High Payroll Pressure,-38704.38
2026-01-01,S026,Himaxx Beijing Warehouse 26,Beijing,North China,Himaxx Warehouse Outlet,Shopping Center Warehouse,High Profit,12478,50.0,Ramp-up,Suburban Mall,109549.53,519726.53,109549.53,109549.53,104743.98,81482.72,47465.32,34017.4,0.4175,8468.5,14819.06,2361.54,2594.44,28243.54,5773.86,0.0709,-1909.63,-8725.1,-8725.1,-0.1071,67652.45,0.1039,0.1819,6.530110594646578,1629.6544000000001,680.3480000000001,115.4772,Watch,Normal,High Payroll Pressure,13830.270000000004
2026-01-01,S027,Himaxx Chengdu Warehouse 27,Chengdu,West China,Himaxx Warehouse Outlet,Shopping Center Warehouse,Loss Making,11438,46.0,Ramp-up,Suburban Mall,35242.57,169346.52,35242.57,35242.57,33891.82,24284.82,14222.05,10062.77,0.4144,18137.23,27115.97,4082.35,3562.21,52897.77,-42835.0,-1.7639,-55846.49,-68429.66,-68429.66,-2.8178,127659.95,0.7469,1.1166,2.1231701346389227,527.9308695652173,218.7558695652174,-931.195652173913,Loss Making,High Rent Pressure,High Payroll Pressure,-103375.13
2026-01-01,S028,Himaxx Chongqing Warehouse 28,Chongqing,West China,Himaxx Warehouse Outlet,Warehouse Outlet,At Risk,17911,72.0,Mature,Outlet Cluster,53568.4,276997.18,53568.4,53568.4,51612.4,37519.55,24871.69,12647.86,0.3371,16031.87,31545.18,4155.87,6807.73,58540.65,-45892.79,-1.2232,-63119.37,-75947.98,-75947.98,-2.0242,173659.32,0.4273,0.8408,2.094776952710625,521.1048611111112,175.66472222222222,-637.3998611111111,Loss Making,High Rent Pressure,High Payroll Pressure,-136139.77000000002
2026-01-01,S029,Himaxx Suzhou Warehouse 29,Suzhou,East China,Himaxx Warehouse Outlet,Warehouse Outlet,Stable,14493,58.0,Mature,Industrial Park,70527.31,358051.12,70527.31,70527.31,67116.22,50220.61,29569.3,20651.31,0.4112,16475.23,24940.85,5390.19,5088.23,51894.5,-31243.19,-0.6221,-45826.13,-59864.11,-59864.11,-1.192,126198.94,0.3281,0.4966,3.4651631822259024,865.8725862068966,356.05706896551726,-538.6756896551724,Loss Making,High Rent Pressure,High Payroll Pressure,-75978.33
2026-01-01,S030,Himaxx Beijing Warehouse 30,Beijing,North China,Himaxx Warehouse Outlet,Warehouse Outlet,At Risk,12991,52.0,Mature,Transport Hub,61837.13,317823.85,61837.13,61837.13,59487.53,46470.17,29231.38,17238.79,0.371,15818.15,25186.17,4749.22,6103.95,51857.5,-34618.71,-0.745,-51278.32,-62128.55,-62128.55,-1.337,139790.95,0.3404,0.542,3.5771049187899315,893.6571153846154,331.5151923076923,-665.7444230769231,Loss Making,High Rent Pressure,High Payroll Pressure,-93320.78000000001
2026-01-01,S031,Himaxx Xi'an Warehouse 31,Xi'an,West China,Himaxx Warehouse Outlet,Warehouse Outlet,At Risk,17142,69.0,Mature,Suburban Mall,50688.19,258886.3,50688.19,50688.19,49162.11,37108.06,23202.4,13905.66,0.3747,14786.51,18253.42,3784.39,4149.52,40973.84,-27068.18,-0.7294,-38554.12,-46275.61,-46275.61,-1.2471,109341.07,0.3985,0.4919,2.1647450705868625,537.7979710144928,201.53130434782608,-392.29246376811597,Loss Making,High Rent Pressure,High Payroll Pressure,-72233.01000000001
2026-01-01,S032,Himaxx Wuhan Warehouse 32,Wuhan,Central China,Himaxx Warehouse Outlet,Mall Warehouse,Stable,12940,52.0,Mature,Suburban Mall,81911.31,403928.17,81911.31,81911.31,79693.42,57925.26,34495.5,23429.76,0.4045,14682.9,22907.24,3198.93,3229.92,44018.98,-20589.22,-0.3554,-31044.78,-38584.64,-38584.64,-0.6661,108827.87,0.2535,0.3955,4.476449768160742,1113.9473076923077,450.5723076923077,-395.94653846153847,Loss Making,High Rent Pressure,High Payroll Pressure,-50902.60999999999
2026-01-01,S033,Himaxx Chongqing Warehouse 33,Chongqing,West China,Himaxx Warehouse Outlet,Mall Warehouse,At Risk,14283,57.0,Mature,Industrial Park,61425.59,305386.89,61425.59,61425.59,58034.44,42769.1,24860.38,17908.72,0.4187,15498.82,24728.04,3248.19,5678.03,49153.07,-31244.35,-0.7305,-41647.21,-49686.24,-49686.24,-1.1617,117385.98,0.3624,0.5782,2.9944059371280543,750.3350877192983,314.1880701754386,-548.1464912280702,Loss Making,High Rent Pressure,High Payroll Pressure,-74616.88
2026-01-01,S034,Himaxx Shenzhen Warehouse 34,Shenzhen,South China,Himaxx Warehouse Outlet,Warehouse Outlet,High Profit,20607,82.0,Mature,Suburban Mall,108997.11,543599.29,108997.11,108997.11,104752.36,76735.8,45499.13,31236.67,0.4071,9234.22,15078.5,2421.19,3755.18,30489.1,747.57,0.0097,-7483.73,-13808.25,-13808.25,-0.1799,74899.32,0.1203,0.1965,3.723773475032756,935.8024390243903,380.935,9.116707317073171,Watch,Normal,High Payroll Pressure,1836.479999999996
2026-01-01,S035,Himaxx Chongqing Warehouse 35,Chongqing,West China,Himaxx Warehouse Outlet,Pop-up Clearance Warehouse,At Risk,9562,38.0,Ramp-up,Industrial Park,55360.93,331241.22,55360.93,55360.93,53861.83,38981.27,28069.29,10911.98,0.2799,15656.32,24861.89,3551.67,4882.24,48952.13,-38040.15,-0.9759,-52115.67,-63672.12,-63672.12,-1.6334,174873.5,0.4016,0.6378,4.076685839782472,1025.822894736842,287.15736842105264,-1001.0565789473685,Loss Making,High Rent Pressure,High Payroll Pressure,-135892.23
2026-01-01,S036,Himaxx Nanjing Warehouse 36,Nanjing,East China,Himaxx Warehouse Outlet,Warehouse Outlet,Stable,17724,71.0,Mature,Community,74900.04,387215.97,74900.04,74900.04,71332.64,54692.21,33509.4,21182.81,0.3873,6628.74,13029.85,2624.12,2035.96,24318.67,-3135.86,-0.0573,-9124.55,-13692.14,-13692.14,-0.2503,62788.73,0.1212,0.2382,3.0857712705935456,770.3128169014084,298.34943661971835,-44.16704225352113,Loss Making,Normal,High Payroll Pressure,-8096.520000000004
2026-01-01,S037,Himaxx Shenzhen Warehouse 37,Shenzhen,South China,Himaxx Warehouse Outlet,Warehouse Outlet,At Risk,12877,52.0,Mature,Community,56649.03,284668.81,56649.03,56649.03,54349.86,41477.49,24880.96,16596.53,0.4001,9282.87,18531.0,2274.05,3749.29,33837.21,-17240.68,-0.4157,-25061.3,-32867.93,-32867.93,-0.7924,84564.83,0.2238,0.4468,3.221052263726023,797.6440384615385,319.16403846153844,-331.5515384615385,Loss Making,High Rent Pressure,High Payroll Pressure,-43087.340000000004
2026-01-01,S038,Himaxx Qingdao Warehouse 38,Qingdao,North China,Himaxx Warehouse Outlet,Warehouse Outlet,High Profit,15144,61.0,Mature,Community,97108.72,494827.22,97108.72,97108.72,93372.18,67946.56,41802.01,26144.55,0.3848,14235.72,20947.84,5198.57,3804.66,44186.79,-18042.24,-0.2655,-31886.03,-40771.99,-40771.99,-0.6001,114836.2,0.2095,0.3083,4.486698362387744,1113.8780327868851,428.59918032786885,-295.7744262295082,Loss Making,High Rent Pressure,High Payroll Pressure,-46889.64
2026-01-01,S039,Himaxx Shenzhen Warehouse 39,Shenzhen,South China,Himaxx Warehouse Outlet,Pop-up Clearance Warehouse,Stable,8876,36.0,Aging,Suburban Mall,72433.56,439966.4,72433.56,72433.56,68233.38,53542.45,39513.33,14029.12,0.262,16351.39,24472.6,2743.03,4882.31,48449.33,-34420.21,-0.6429,-44733.36,-54611.62,-54611.62,-1.02,184907.95,0.3054,0.4571,6.032272420009012,1487.2902777777776,389.6977777777778,-956.1169444444445,Loss Making,High Rent Pressure,High Payroll Pressure,-131365.5
2026-01-01,S040,Himaxx Xiamen Warehouse 40,Xiamen,South China,Himaxx Warehouse Outlet,Warehouse Outlet,High Profit,18860,75.0,Ramp-up,Community,111429.51,572482.44,111429.51,111429.51,107427.96,78169.44,47598.07,30571.37,0.3911,6733.13,7973.01,1334.17,1837.31,17877.62,12693.75,0.1624,7255.67,4034.93,4034.93,0.0516,45712.16,0.0861,0.102,4.144721102863203,1042.2592,407.61826666666667,169.25,Healthy,Normal,Normal,32457.28
2026-01-01,S041,Himaxx Shanghai Warehouse 41,Shanghai,East China,Himaxx Warehouse Outlet,Shopping Center Warehouse,Loss Making,11105,44.0,Mature,Suburban Mall,35869.88,178487.36,35869.88,35869.88,34312.9,27899.49,17628.43,10271.06,0.3681,15317.01,24803.13,5377.76,4334.77,49832.67,-39561.61,-1.418,-52136.14,-63058.49,-63058.49,-2.2602,135361.51,0.549,0.889,2.512335884736605,634.0793181818182,233.4331818181818,-899.1275,Loss Making,High Rent Pressure,High Payroll Pressure,-107462.02
2026-01-01,S042,Himaxx Shanghai Warehouse 42,Shanghai,East China,Himaxx Warehouse Outlet,Community Warehouse,High Profit,13382,54.0,Mature,Suburban Mall,92709.76,474263.57,92709.76,92709.76,87609.14,65772.63,41329.85,24442.78,0.3716,9152.27,13291.79,1680.08,3172.71,27296.84,-2854.06,-0.0434,-10453.51,-15405.82,-15405.82,-0.2342,73452.57,0.1392,0.2021,4.915007472724556,1218.0116666666668,452.64407407407407,-52.85296296296296,Loss Making,Normal,High Payroll Pressure,-7679.940000000002
2026-01-01,S043,Himaxx Hangzhou Warehouse 43,Hangzhou,East China,Himaxx Warehouse Outlet,Warehouse Outlet,Stable,12516,50.0,Mature,Suburban Mall,96587.19,471767.15,96587.19,96587.19,92340.28,71654.87,42004.66,29650.21,0.4138,15229.73,22140.0,3487.94,5146.55,46004.22,-16354.01,-0.2282,-31746.12,-42645.84,-42645.84,-0.5952,111177.18,0.2125,0.309,5.725061521252796,1433.0973999999999,593.0042,-327.0802,Loss Making,High Rent Pressure,High Payroll Pressure,-39522.31
2026-01-01,S044,Himaxx Changsha Warehouse 44,Changsha,Central China,Himaxx Warehouse Outlet,Community Warehouse,High Profit,13027,52.0,Mature,Transport Hub,91759.96,461960.26,91759.96,91759.96,88168.37,66689.26,40982.46,25706.8,0.3855,10945.72,19137.98,2301.87,2552.38,34937.94,-9231.14,-0.1384,-20229.3,-27473.64,-27473.64,-0.412,90636.94,0.1641,0.287,5.119310662470253,1282.4857692307692,494.36153846153843,-177.52192307692306,Loss Making,Normal,High Payroll Pressure,-23947.680000000008
2026-01-01,S045,Himaxx Beijing Warehouse 45,Beijing,North China,Himaxx Warehouse Outlet,Warehouse Outlet,Stable,13930,56.0,Mature,Suburban Mall,86187.2,438575.33,86187.2,86187.2,82285.36,62563.76,38068.02,24495.74,0.3915,18343.14,21634.48,4583.57,5676.19,50237.39,-25741.65,-0.4114,-39431.99,-51523.64,-51523.64,-0.8235,128309.66,0.2932,0.3458,4.491296482412061,1117.21,437.4239285714286,-459.6723214285715,Loss Making,High Rent Pressure,High Payroll Pressure,-65745.9
2026-01-01,S046,Himaxx Shanghai Warehouse 46,Shanghai,East China,Himaxx Warehouse Outlet,Shopping Center Warehouse,High Profit,11731,47.0,Mature,Transport Hub,98139.67,468951.14,98139.67,98139.67,95903.32,77375.2,47047.38,30327.82,0.392,16104.98,17743.63,2840.65,5725.37,42414.63,-12086.81,-0.1562,-24706.98,-31150.4,-31150.4,-0.4026,108212.22,0.2081,0.2293,6.595788935299633,1646.2808510638297,645.2727659574468,-257.16617021276596,Loss Making,High Rent Pressure,High Payroll Pressure,-30837.020000000004
2026-01-01,S047,Himaxx Xiamen Warehouse 47,Xiamen,South China,Himaxx Warehouse Outlet,Warehouse Outlet,Stable,15013,60.0,Aging,Suburban Mall,75737.08,385509.17,75737.08,75737.08,71847.15,51994.67,31573.71,20420.96,0.3928,17155.68,25681.89,4975.84,4762.62,52576.02,-32155.06,-0.6184,-47329.4,-56266.46,-56266.46,-1.0822,133866.04,0.33,0.4939,3.463309798174915,866.5778333333333,340.34933333333333,-535.9176666666667,Loss Making,High Rent Pressure,High Payroll Pressure,-81871.37000000001
2026-01-01,S048,Himaxx Chongqing Warehouse 48,Chongqing,West China,Himaxx Warehouse Outlet,Mall Warehouse,Stable,11072,44.0,Mature,Industrial Park,68053.38,344035.12,68053.38,68053.38,65267.98,48771.74,29483.43,19288.31,0.3955,11231.36,22689.42,2612.17,3954.24,40487.19,-21198.88,-0.4347,-34437.48,-41740.14,-41740.14,-0.8558,102374.49,0.2303,0.4652,4.404962066473988,1108.4486363636363,438.3706818181818,-481.7927272727273,Loss Making,High Rent Pressure,High Payroll Pressure,-53602.75000000001
2026-01-01,S049,Himaxx Shenzhen Warehouse 49,Shenzhen,South China,Himaxx Warehouse Outlet,Warehouse Outlet,High Profit,15170,61.0,Ramp-up,Industrial Park,103462.81,523920.51,103462.81,103462.81,100559.68,74028.39,44798.94,29229.45,0.3948,6434.74,12339.97,1635.47,1922.33,22332.52,6896.93,0.0932,20.39,-6245.94,-6245.94,-0.0844,56560.77,0.0869,0.1667,4.879920237310481,1213.5801639344263,479.1713114754098,113.0644262295082,Watch,Normal,Normal,17467.620000000003
2026-01-01,S050,Himaxx Suzhou Warehouse 50,Suzhou,East China,Himaxx Warehouse Outlet,Community Warehouse,At Risk,9897,40.0,Mature,Community,48938.91,242501.64,48938.91,48938.91,47757.84,36651.93,22401.29,14250.64,0.3888,20041.45,21600.16,4754.22,5454.69,51850.51,-37599.87,-1.0259,-53617.52,-62005.17,-62005.17,-1.6917,133356.92,0.5468,0.5893,3.7033373749621097,916.29825,356.26599999999996,-939.99675,Loss Making,High Rent Pressure,High Payroll Pressure,-96704.99000000002
2026-01-01,S051,Himaxx Qingdao Warehouse 51,Qingdao,North China,Himaxx Warehouse Outlet,Shopping Center Warehouse,Stable,15036,60.0,Mature,Community,80887.16,381871.33,80887.16,80887.16,77258.89,57304.91,33049.15,24255.76,0.4233,16363.05,23343.88,4768.85,6468.75,50944.53,-26688.77,-0.4657,-41798.58,-54382.8,-54382.8,-0.949,120357.87,0.2855,0.4074,3.8111805001330143,955.0818333333334,404.26266666666663,-444.81283333333334,Loss Making,High Rent Pressure,High Payroll Pressure,-63052.95999999999
2026-01-01,S052,Himaxx Shanghai Warehouse 52,Shanghai,East China,Himaxx Warehouse Outlet,Shopping Center Warehouse,Stable,12806,51.0,Mature,Suburban Mall,63934.73,303382.1,63934.73,63934.73,61690.87,42040.07,22807.54,19232.53,0.4575,17993.61,23305.95,5158.3,5762.73,52220.58,-32988.05,-0.7847,-48142.34,-56086.89,-56086.89,-1.3341,114148.11,0.428,0.5544,3.2828416367327815,824.3150980392156,377.108431372549,-646.8245098039216,Loss Making,High Rent Pressure,High Payroll Pressure,-72108.04000000001
2026-01-01,S053,Himaxx Chongqing Warehouse 53,Chongqing,West China,Himaxx Warehouse Outlet,Warehouse Outlet,High Profit,18008,72.0,Aging,Transport Hub,99188.26,490435.51,99188.26,99188.26,94331.56,73877.42,44609.24,29268.18,0.3962,10923.41,14952.51,2553.4,2259.38,30688.7,-1420.52,-0.0192,-9305.07,-14224.61,-14224.61,-0.1925,77463.02,0.1479,0.2024,4.102477787649933,1026.0752777777777,406.5025,-19.729444444444443,Loss Making,Normal,High Payroll Pressure,-3585.600000000006
2026-01-01,S054,Himaxx Tianjin Warehouse 54,Tianjin,North China,Himaxx Warehouse Outlet,Community Warehouse,High Profit,11845,47.0,Ramp-up,Suburban Mall,97242.36,464907.31,97242.36,97242.36,95226.87,72007.92,41773.54,30234.38,0.4199,12885.05,18948.27,2301.3,2936.78,37071.4,-6837.02,-0.0949,-16397.36,-24288.05,-24288.05,-0.3373,88291.36,0.1789,0.2631,6.079182777543267,1532.083404255319,643.2846808510639,-145.4685106382979,Loss Making,Normal,High Payroll Pressure,-16283.440000000002
2026-01-01,S055,Himaxx Xiamen Warehouse 55,Xiamen,South China,Himaxx Warehouse Outlet,Mall Warehouse,High Profit,17922,72.0,New Store,Transport Hub,96612.39,493333.97,96612.39,96612.39,93600.31,66440.57,40098.87,26341.7,0.3965,9040.36,12665.71,2599.9,2758.71,27064.68,-722.98,-0.0109,-8399.84,-14784.02,-14784.02,-0.2225,68264.11,0.1361,0.1906,3.707207342930477,922.7856944444445,365.8569444444445,-10.04138888888889,Loss Making,Normal,High Payroll Pressure,-1823.5399999999936
2026-01-01,S056,Himaxx Nanjing Warehouse 56,Nanjing,East China,Himaxx Warehouse Outlet,Warehouse Outlet,High Profit,21071,84.0,Mature,Industrial Park,103446.6,522463.0,103446.6,103446.6,97893.23,74965.38,45338.87,29626.51,0.3952,8713.47,11156.45,1919.22,2043.18,23832.32,5794.19,0.0773,-1466.95,-5018.59,-5018.59,-0.0669,60304.06,0.1162,0.1488,3.5577514118931233,892.445,352.6965476190476,68.97845238095238,Watch,Normal,Normal,14661.320000000007
2026-01-01,S057,Himaxx Shanghai Warehouse 57,Shanghai,East China,Himaxx Warehouse Outlet,Warehouse Outlet,Stable,18375,74.0,New Store,Community,76799.4,383984.5,76799.4,76799.4,73591.78,55233.33,34592.2,20641.13,0.3737,8322.76,16798.76,2782.9,2736.04,30640.45,-9999.32,-0.181,-20455.48,-25716.27,-25716.27,-0.4656,81990.38,0.1507,0.3041,3.005895510204082,746.3963513513514,278.9341891891892,-135.12594594594594,Loss Making,Normal,High Payroll Pressure,-26757.050000000003
2026-01-01,S058,Himaxx Xiamen Warehouse 58,Xiamen,South China,Himaxx Warehouse Outlet,Shopping Center Warehouse,At Risk,17686,71.0,Mature,Outlet Cluster,62449.05,302390.8,62449.05,62449.05,59951.4,47101.16,30507.34,16593.82,0.3523,24371.75,30641.69,5287.7,6433.08,66734.22,-50140.4,-1.0645,-68323.64,-80203.37,-80203.37,-1.7028,189423.48,0.5174,0.6506,2.6631889630215992,663.3966197183099,233.71577464788732,-706.2028169014085,Loss Making,High Rent Pressure,High Payroll Pressure,-142322.32
2026-01-01,S059,Himaxx Suzhou Warehouse 59,Suzhou,East China,Himaxx Warehouse Outlet,Mall Warehouse,Loss Making,13188,53.0,Mature,Suburban Mall,41017.82,206142.11,41017.82,41017.82,38781.55,32253.54,19672.27,12581.27,0.3901,18962.11,25201.64,4362.0,4193.28,52719.03,-40137.76,-1.2444,-56846.06,-67424.58,-67424.58,-2.0905,135151.33,0.5879,0.7814,2.445673339399454,608.557358490566,237.3824528301887,-757.3162264150944,Loss Making,High Rent Pressure,High Payroll Pressure,-102897.78999999998
2026-01-01,S060,Himaxx Xi'an Warehouse 60,Xi'an,West China,Himaxx Warehouse Outlet,Mall Warehouse,High Profit,14787,59.0,Mature,Outlet Cluster,91038.08,451132.85,91038.08,91038.08,86587.94,63889.6,37523.66,26365.94,0.4127,14702.97,16709.5,3177.28,4102.91,38692.65,-12326.71,-0.1929,-26204.54,-36187.75,-36187.75,-0.5664,93759.53,0.2301,0.2615,4.320660039223642,1082.8745762711865,446.8803389830508,-208.92728813559322,Loss Making,High Rent Pressure,High Payroll Pressure,-29869.93
2026-01-01,S061,Himaxx Xiamen Warehouse 61,Xiamen,South China,Himaxx Warehouse Outlet,Community Warehouse,Loss Making,12324,49.0,Ramp-up,Transport Hub,46202.86,226061.62,46202.86,46202.86,42955.5,33613.75,21307.77,12305.98,0.3661,11183.52,19757.1,3044.24,3458.31,37443.18,-25137.2,-0.7478,-37316.73,-47451.7,-47451.7,-1.4117,102275.93,0.3327,0.5878,2.7275032456994484,685.9948979591836,251.14244897959182,-513.0040816326531,Loss Making,High Rent Pressure,High Payroll Pressure,-68662.18
2026-01-01,S062,Himaxx Xi'an Warehouse 62,Xi'an,West China,Himaxx Warehouse Outlet,Community Warehouse,Stable,13907,56.0,Mature,Suburban Mall,87276.23,436087.25,87276.23,87276.23,83901.24,58193.22,33283.16,24910.06,0.4281,16746.22,24532.68,4430.52,6198.33,51907.75,-26997.69,-0.4639,-37078.36,-44885.78,-44885.78,-0.7713,121263.42,0.2878,0.4216,4.184455310275401,1039.1646428571428,444.82250000000005,-482.1016071428571,Loss Making,High Rent Pressure,High Payroll Pressure,-63070.2
2026-01-01,S063,Himaxx Nanjing Warehouse 63,Nanjing,East China,Himaxx Warehouse Outlet,Mall Warehouse,Loss Making,13719,55.0,New Store,Industrial Park,38579.23,193223.12,38579.23,38579.23,36114.51,29280.16,18085.71,11194.45,0.3823,16927.0,23790.85,3919.1,3469.91,48106.85,-36912.4,-1.2607,-52561.26,-62193.45,-62193.45,-2.1241,125828.08,0.5781,0.8125,2.13427800860121,532.3665454545454,203.53545454545457,-671.1345454545454,Loss Making,High Rent Pressure,High Payroll Pressure,-96547.92
2026-01-01,S064,Himaxx Guangzhou Warehouse 64,Guangzhou,South China,Himaxx Warehouse Outlet,Shopping Center Warehouse,High Profit,13727,55.0,Mature,Transport Hub,99304.65,482397.9,99304.65,99304.65,96530.18,75781.92,45780.65,30001.27,0.3959,12179.56,17791.92,2066.04,3112.94,35150.46,-5149.19,-0.0679,-14903.87,-22230.57,-22230.57,-0.2933,88788.56,0.1607,0.2348,5.520646900269542,1377.853090909091,545.4776363636364,-93.62163636363636,Loss Making,Normal,High Payroll Pressure,-13006.64
2026-01-01,S065,Himaxx Tianjin Warehouse 65,Tianjin,North China,Himaxx Warehouse Outlet,Shopping Center Warehouse,Stable,12345,49.0,Mature,Industrial Park,74006.55,366843.17,74006.55,74006.55,70019.72,53376.43,32574.0,20802.43,0.3897,15221.46,18001.73,4412.14,3949.13,41584.46,-20782.03,-0.3893,-31427.48,-40569.3,-40569.3,-0.7601,106700.53,0.2852,0.3373,4.3237286350749295,1089.3148979591838,424.53938775510204,-424.1230612244898,Loss Making,High Rent Pressure,High Payroll Pressure,-53324.1
2026-01-01,S066,Himaxx Tianjin Warehouse 66,Tianjin,North China,Himaxx Warehouse Outlet,Shopping Center Warehouse,At Risk,12376,50.0,Ramp-up,Industrial Park,46346.62,221660.12,46346.62,46346.62,44452.64,33013.02,18856.43,14156.59,0.4288,20669.79,28543.9,3077.35,5209.0,57500.04,-43343.45,-1.3129,-55775.12,-65082.65,-65082.65,-1.9714,134089.5,0.6261,0.8646,2.6675032320620553,660.2603999999999,283.1318,-866.8689999999999,Loss Making,High Rent Pressure,High Payroll Pressure,-101076.48000000001
2026-01-01,S067,Himaxx Beijing Warehouse 67,Beijing,North China,Himaxx Warehouse Outlet,Shopping Center Warehouse,Stable,10848,43.0,Aging,Suburban Mall,83381.27,394636.16,83381.27,83381.27,79849.32,63095.38,37246.86,25848.52,0.4097,10605.84,13853.36,3416.76,3608.32,31484.28,-5635.76,-0.0893,-15253.45,-22776.2,-22776.2,-0.361,76852.08,0.1681,0.2196,5.816314528023598,1467.334418604651,601.1283720930232,-131.06418604651162,Loss Making,Normal,High Payroll Pressure,-13756.700000000004
2026-01-01,S068,Himaxx Suzhou Warehouse 68,Suzhou,East China,Himaxx Warehouse Outlet,Mall Warehouse,Stable,15607,62.0,Mature,Suburban Mall,67884.57,345100.96,67884.57,67884.57,65308.07,47803.0,28570.71,19232.29,0.4023,9063.29,12820.48,2396.09,2796.24,27076.1,-7843.81,-0.1641,-17530.54,-24276.24,-24276.24,-0.5078,67299.26,0.1896,0.2682,3.0629204843980267,771.016129032258,310.1982258064516,-126.51306451612903,Loss Making,Normal,High Payroll Pressure,-19496.259999999995
2026-01-01,S069,Himaxx Beijing Warehouse 69,Beijing,North China,Himaxx Warehouse Outlet,Warehouse Outlet,Stable,16532,66.0,Aging,Transport Hub,77661.65,403380.67,77661.65,77661.65,75193.31,53508.63,34476.41,19032.22,0.3557,13835.66,23110.16,3373.13,4668.51,44987.47,-25955.25,-0.4851,-38858.41,-48696.52,-48696.52,-0.9101,126481.18,0.2586,0.4319,3.2366700943624482,810.7368181818182,288.3669696969697,-393.2613636363636,Loss Making,High Rent Pressure,High Payroll Pressure,-72972.54999999999
2026-01-01,S070,Himaxx Changsha Warehouse 70,Changsha,Central China,Himaxx Warehouse Outlet,Shopping Center Warehouse,Loss Making,13253,53.0,Mature,Industrial Park,39535.38,189963.09,39535.38,39535.38,37288.4,23762.5,13398.12,10364.38,0.4362,25757.44,34935.28,5131.64,7380.92,73205.28,-62840.9,-2.6445,-83812.89,-100051.46,-100051.46,-4.2105,167838.34,1.084,1.4702,1.7929902663547876,448.3490566037736,195.5543396226415,-1185.6773584905661,Loss Making,High Rent Pressure,High Payroll Pressure,-144075.84
2026-01-01,S071,Himaxx Qingdao Warehouse 71,Qingdao,North China,Himaxx Warehouse Outlet,Warehouse Outlet,Stable,20743,83.0,Mature,Community,73783.46,370026.39,73783.46,73783.46,72413.84,54371.65,32298.66,22072.99,0.406,16755.96,19585.06,3661.33,6117.86,46120.21,-24047.22,-0.4423,-37594.87,-48197.47,-48197.47,-0.8864,113606.36,0.3082,0.3602,2.6212047437689825,655.0801204819277,265.9396385542169,-289.72554216867474,Loss Making,High Rent Pressure,High Payroll Pressure,-59234.71
2026-01-01,S072,Himaxx Changsha Warehouse 72,Changsha,Central China,Himaxx Warehouse Outlet,Community Warehouse,At Risk,13415,54.0,Ramp-up,Industrial Park,40769.08,209281.53,40769.08,40769.08,39227.43,29636.52,19183.27,10453.25,0.3527,12262.71,17508.67,3387.31,5127.8,38286.49,-27833.24,-0.9392,-39667.69,-47463.02,-47463.02,-1.6015,108547.9,0.4138,0.5908,2.2092076034289976,548.8244444444445,193.5787037037037,-515.4303703703704,Loss Making,High Rent Pressure,High Payroll Pressure,-78911.37999999999
2026-01-01,S073,Himaxx Tianjin Warehouse 73,Tianjin,North China,Himaxx Warehouse Outlet,Mall Warehouse,High Profit,17678,71.0,New Store,Community,81619.32,422537.06,81619.32,81619.32,79230.78,61305.69,39154.75,22150.94,0.3613,8754.11,14034.8,1761.64,2690.5,27241.05,-5090.11,-0.083,-14371.76,-19994.46,-19994.46,-0.3261,75393.24,0.1428,0.2289,3.4679087000791946,863.4604225352113,311.9850704225352,-71.69169014084507,Loss Making,Normal,High Payroll Pressure,-14087.550000000003
2026-01-01,S074,Himaxx Tianjin Warehouse 74,Tianjin,North China,Himaxx Warehouse Outlet,Warehouse Outlet,High Profit,15845,63.0,Mature,Community,97392.98,496235.87,97392.98,97392.98,95215.75,72831.63,44225.08,28606.55,0.3928,5338.41,8880.92,1098.09,1560.68,16878.1,11728.45,0.161,6250.55,2808.39,2808.39,0.0386,42971.27,0.0733,0.1219,4.5965055222467655,1156.057619047619,454.0722222222222,186.16587301587302,Healthy,Normal,Normal,29860.360000000008
2026-01-01,S075,Himaxx Shenzhen Warehouse 75,Shenzhen,South China,Himaxx Warehouse Outlet,Warehouse Outlet,Stable,12012,48.0,Mature,Transport Hub,65452.0,326027.74,65452.0,65452.0,63677.1,49003.7,29986.01,19017.69,0.3881,6699.29,10373.8,1996.15,1909.41,20978.65,-1960.96,-0.04,-8493.86,-16304.92,-16304.92,-0.3327,54056.59,0.1367,0.2117,4.079562104562104,1020.9104166666666,396.201875,-40.85333333333333,Loss Making,Normal,High Payroll Pressure,-5052.889999999999
2026-01-01,S076,Himaxx Nanjing Warehouse 76,Nanjing,East China,Himaxx Warehouse Outlet,Warehouse Outlet,At Risk,16798,67.0,Aging,Suburban Mall,51493.05,263316.01,51493.05,51493.05,50098.37,36646.64,22201.65,14444.99,0.3942,10295.5,17427.87,2399.08,2701.53,32823.98,-18378.99,-0.5015,-30141.2,-35798.33,-35798.33,-0.9769,83273.76,0.2809,0.4756,2.1816073342064533,546.9647761194029,215.59686567164178,-274.3132835820896,Loss Making,High Rent Pressure,High Payroll Pressure,-46627.119999999995
2026-02-01,S001,Himaxx Beijing Warehouse 1,Beijing,North China,Himaxx Warehouse Outlet,Mall Warehouse,High Profit,15578,62.0,Mature,Suburban Mall,103026.91,519779.39,103026.91,103026.91,97229.12,73860.81,46915.52,26945.29,0.3648,12512.82,17722.19,2205.97,2965.86,35406.85,-8461.56,-0.1146,-19113.35,-27097.56,-27097.56,-0.3669,97055.12,0.1694,0.2399,4.741353832327642,1191.3033870967743,434.60145161290325,-136.47677419354838,Loss Making,Normal,High Payroll Pressure,-23194.309999999998
2026-02-01,S002,Himaxx Nanjing Warehouse 2,Nanjing,East China,Himaxx Warehouse Outlet,Shopping Center Warehouse,Stable,18227,73.0,New Store,Outlet Cluster,64026.77,317281.56,64026.77,64026.77,61665.97,45633.13,27557.84,18075.29,0.3961,6417.69,12173.07,1887.05,2455.24,22933.03,-4857.74,-0.1065,-10900.86,-15520.61,-15520.61,-0.3401,57897.06,0.1406,0.2668,2.5036007022548965,625.1113698630137,247.60671232876714,-66.54438356164383,Loss Making,Normal,High Payroll Pressure,-12263.93
2026-02-01,S003,Himaxx Shenzhen Warehouse 3,Shenzhen,South China,Himaxx Warehouse Outlet,Warehouse Outlet,At Risk,20931,84.0,New Store,Suburban Mall,45498.72,224912.24,45498.72,45498.72,43832.26,34564.51,20623.84,13940.67,0.4033,20500.03,29889.76,4229.33,4312.75,58931.87,-44991.2,-1.3017,-58974.06,-71320.93,-71320.93,-2.0634,146115.72,0.5931,0.8648,1.651354928097081,411.4822619047619,165.96035714285713,-535.6095238095238,Loss Making,High Rent Pressure,High Payroll Pressure,-111551.20999999999
2026-02-01,S004,Himaxx Xiamen Warehouse 4,Xiamen,South China,Himaxx Warehouse Outlet,Pop-up Clearance Warehouse,Stable,8222,33.0,Mature,Suburban Mall,51106.92,298909.67,51106.92,51106.92,49181.17,38596.12,27631.79,10964.33,0.2841,14203.61,22934.63,4394.85,5824.65,47357.74,-36393.41,-0.9429,-53699.94,-65977.58,-65977.58,-1.7094,166706.49,0.368,0.5942,4.69424957431282,1169.579393939394,332.25242424242424,-1102.8306060606062,Loss Making,High Rent Pressure,High Payroll Pressure,-128110.37
2026-02-01,S005,Himaxx Changsha Warehouse 5,Changsha,Central China,Himaxx Warehouse Outlet,Shopping Center Warehouse,At Risk,13123,52.0,Ramp-up,Transport Hub,53222.79,269509.92,53222.79,53222.79,51447.69,38045.81,22944.36,15101.45,0.3969,15510.79,21149.46,3928.86,3794.37,44383.48,-29282.03,-0.7697,-43835.76,-55885.42,-55885.42,-1.4689,111817.45,0.4077,0.5559,2.8991701592623635,731.6501923076922,290.4125,-563.1159615384615,Loss Making,High Rent Pressure,High Payroll Pressure,-73771.64
2026-02-01,S006,Himaxx Qingdao Warehouse 6,Qingdao,North China,Himaxx Warehouse Outlet,Warehouse Outlet,At Risk,18648,75.0,Mature,Suburban Mall,55219.68,274716.98,55219.68,55219.68,53252.89,41008.44,25269.52,15738.92,0.3838,15286.03,27547.54,5131.24,4066.53,52031.34,-36292.42,-0.885,-48553.81,-59535.66,-59535.66,-1.4518,135569.91,0.3728,0.6718,2.199079794079794,546.7792000000001,209.85226666666668,-483.89893333333333,Loss Making,High Rent Pressure,High Payroll Pressure,-94561.47
2026-02-01,S007,Himaxx Wuhan Warehouse 7,Wuhan,Central China,Himaxx Warehouse Outlet,Mall Warehouse,Stable,16119,64.0,Mature,Suburban Mall,62792.26,325625.02,62792.26,62792.26,59186.89,47917.2,31854.92,16062.28,0.3352,11831.11,15046.29,2202.54,3822.38,32902.32,-16840.04,-0.3514,-28909.01,-34396.55,-34396.55,-0.7178,98154.62,0.2469,0.314,2.972715428996836,748.70625,250.973125,-263.125625,Loss Making,High Rent Pressure,High Payroll Pressure,-50237.42
2026-02-01,S008,Himaxx Changsha Warehouse 8,Changsha,Central China,Himaxx Warehouse Outlet,Mall Warehouse,High Profit,11871,47.0,Mature,Industrial Park,86502.0,448002.94,86502.0,86502.0,82310.59,65201.74,39112.03,26089.71,0.4001,8167.91,11726.07,1465.82,2282.28,23642.07,2447.64,0.0375,-4619.07,-9466.59,-9466.59,-0.1452,59084.76,0.1253,0.1798,5.492522955100665,1387.2710638297872,555.1002127659574,52.077446808510636,Watch,Normal,Normal,6116.979999999996
2026-02-01,S009,Himaxx Changsha Warehouse 9,Changsha,Central China,Himaxx Warehouse Outlet,Mall Warehouse,High Profit,11335,45.0,Mature,Suburban Mall,77506.58,381497.84,77506.58,77506.58,74135.44,57659.43,34556.61,23102.82,0.4007,18023.93,20948.49,3596.13,4344.34,46912.89,-23810.07,-0.4129,-33578.44,-44690.76,-44690.76,-0.7751,117083.99,0.3126,0.3633,5.086848698720776,1281.3206666666667,513.396,-529.1126666666667,Loss Making,High Rent Pressure,High Payroll Pressure,-59424.560000000005
2026-02-01,S010,Himaxx Changsha Warehouse 10,Changsha,Central China,Himaxx Warehouse Outlet,Community Warehouse,Stable,10286,41.0,New Store,Suburban Mall,68102.48,337549.51,68102.48,68102.48,65088.44,50629.09,28585.16,22043.93,0.4354,6927.17,9885.69,1725.52,2056.05,20594.43,1449.5,0.0286,-6846.95,-13148.72,-13148.72,-0.2597,47299.97,0.1368,0.1953,4.922135912891308,1234.8558536585365,537.6568292682927,35.353658536585364,Watch,Normal,High Payroll Pressure,3329.1199999999953
2026-02-01,S011,Himaxx Chengdu Warehouse 11,Chengdu,West China,Himaxx Warehouse Outlet,Community Warehouse,At Risk,13815,55.0,Ramp-up,Suburban Mall,65489.2,318219.66,65489.2,65489.2,63451.84,46934.02,25755.9,21178.12,0.4512,13715.65,23778.22,5773.3,6207.5,49474.66,-28296.54,-0.6029,-41312.09,-53683.24,-53683.24,-1.1438,109643.58,0.2922,0.5066,3.397323199420919,853.3458181818181,385.05672727272724,-514.4825454545455,Loss Making,High Rent Pressure,High Payroll Pressure,-62709.560000000005
2026-02-01,S012,Himaxx Beijing Warehouse 12,Beijing,North China,Himaxx Warehouse Outlet,Warehouse Outlet,High Profit,17792,71.0,Mature,Community,94067.46,497722.5,94067.46,94067.46,90279.72,68804.59,45057.7,23746.89,0.3451,8848.8,18705.95,3673.89,2863.67,34092.31,-10345.42,-0.1504,-19924.23,-27249.81,-27249.81,-0.396,98779.56,0.1286,0.2719,3.8671644559352516,969.0787323943662,334.4632394366197,-145.7101408450704,Loss Making,Normal,High Payroll Pressure,-29974.97
2026-02-01,S013,Himaxx Shenzhen Warehouse 13,Shenzhen,South China,Himaxx Warehouse Outlet,Community Warehouse,High Profit,10494,42.0,Ramp-up,Suburban Mall,86701.76,421699.45,86701.76,86701.76,82353.39,64615.45,39351.49,25263.96,0.391,14053.24,20126.04,2441.41,5220.05,41840.74,-16576.78,-0.2565,-28255.28,-36781.24,-36781.24,-0.5692,107012.45,0.2175,0.3115,6.157370878597294,1538.463095238095,601.5228571428571,-394.68523809523805,Loss Making,High Rent Pressure,High Payroll Pressure,-42397.0
2026-02-01,S014,Himaxx Tianjin Warehouse 14,Tianjin,North China,Himaxx Warehouse Outlet,Shopping Center Warehouse,Stable,13468,54.0,Mature,Transport Hub,56343.99,276583.98,56343.99,56343.99,53527.61,41662.21,26465.68,15196.53,0.3648,12081.09,18039.77,3136.48,2789.36,36046.7,-20850.17,-0.5005,-32104.38,-39674.78,-39674.78,-0.9523,98824.21,0.29,0.433,3.093422185922186,771.5224074074074,281.4172222222222,-386.1142592592592,Loss Making,High Rent Pressure,High Payroll Pressure,-57162.00000000001
2026-02-01,S015,Himaxx Hangzhou Warehouse 15,Hangzhou,East China,Himaxx Warehouse Outlet,Mall Warehouse,Stable,14573,58.0,Mature,Community,60178.78,302293.63,60178.78,60178.78,58293.3,45333.49,28328.43,17005.06,0.3751,10988.09,16545.07,3946.74,3077.76,34557.66,-17552.6,-0.3872,-29441.01,-37169.66,-37169.66,-0.8199,92126.66,0.2424,0.365,3.110786385781925,781.6118965517242,293.19068965517243,-302.6310344827586,Loss Making,High Rent Pressure,High Payroll Pressure,-46793.170000000006
2026-02-01,S016,Himaxx Chengdu Warehouse 16,Chengdu,West China,Himaxx Warehouse Outlet,Shopping Center Warehouse,High Profit,15540,62.0,Mature,Transport Hub,108007.66,511243.86,108007.66,108007.66,104219.63,76907.84,43991.44,32916.4,0.428,13807.36,16198.46,3175.34,4995.68,38176.84,-5260.44,-0.0684,-15258.2,-22288.27,-22288.27,-0.2898,89198.64,0.1795,0.2106,4.949024453024453,1240.4490322580646,530.9096774193548,-84.8458064516129,Loss Making,Normal,High Payroll Pressure,-12290.800000000003
2026-02-01,S017,Himaxx Hangzhou Warehouse 17,Hangzhou,East China,Himaxx Warehouse Outlet,Shopping Center Warehouse,Stable,10374,41.0,Mature,Community,56244.41,279799.84,56244.41,56244.41,52977.72,37822.99,21381.13,16441.86,0.4347,13778.41,19869.47,2938.77,3234.04,39820.69,-23378.83,-0.6181,-34199.94,-40369.47,-40369.47,-1.0673,91603.84,0.3643,0.5253,3.6459408135723925,922.5119512195122,401.02097560975614,-570.2153658536586,Loss Making,High Rent Pressure,High Payroll Pressure,-53780.85
2026-02-01,S018,Himaxx Xi'an Warehouse 18,Xi'an,West China,Himaxx Warehouse Outlet,Mall Warehouse,High Profit,17488,70.0,Aging,Outlet Cluster,79968.93,392438.26,79968.93,79968.93,78235.87,61032.42,36235.07,24797.35,0.4063,8196.48,9673.97,1687.23,1738.22,21295.9,3501.45,0.0574,-3814.32,-9125.9,-9125.9,-0.1495,52414.48,0.1343,0.1585,3.4899599725526076,871.8917142857142,354.24785714285713,50.020714285714284,Watch,Normal,Normal,8617.939999999995
2026-02-01,S019,Himaxx Qingdao Warehouse 19,Qingdao,North China,Himaxx Warehouse Outlet,Shopping Center Warehouse,At Risk,13159,53.0,New Store,Transport Hub,53791.61,259089.06,53791.61,53791.61,51980.43,38369.22,21536.17,16833.05,0.4387,18186.89,35699.37,3947.6,9091.61,66925.47,-50092.42,-1.3055,-69271.29,-82810.28,-82810.28,-2.1582,152549.79,0.474,0.9304,2.9158157914735163,723.9475471698113,317.60471698113207,-945.14,Loss Making,High Rent Pressure,High Payroll Pressure,-114180.57
2026-02-01,S020,Himaxx Shanghai Warehouse 20,Shanghai,East China,Himaxx Warehouse Outlet,Warehouse Outlet,High Profit,20311,81.0,Aging,Suburban Mall,95881.64,489549.34,95881.64,95881.64,92606.61,64230.73,38787.49,25443.24,0.3961,8034.55,10745.39,2378.29,2279.39,23437.62,2005.62,0.0312,-4358.65,-8589.37,-8589.37,-0.1337,59167.6,0.1251,0.1673,3.1623617744079566,792.971975308642,314.1140740740741,24.76074074074074,Watch,Normal,Normal,5063.130000000005
2026-02-01,S021,Himaxx Changsha Warehouse 21,Changsha,Central China,Himaxx Warehouse Outlet,Pop-up Clearance Warehouse,High Profit,6863,27.0,Mature,Suburban Mall,58929.88,352204.81,58929.88,58929.88,56759.15,44161.25,32137.86,12023.39,0.2723,9135.47,16109.21,2301.79,3630.93,31177.41,-19154.02,-0.4337,-28899.36,-36539.22,-36539.22,-0.8274,114512.91,0.2069,0.3648,6.43468599737724,1635.601851851852,445.3107407407407,-709.4081481481481,Loss Making,High Rent Pressure,High Payroll Pressure,-70351.66
2026-02-01,S022,Himaxx Xiamen Warehouse 22,Xiamen,South China,Himaxx Warehouse Outlet,Mall Warehouse,At Risk,16432,66.0,Ramp-up,Outlet Cluster,48441.29,257579.85,48441.29,48441.29,46109.27,33255.35,20638.44,12616.91,0.3794,18555.24,29345.43,4096.16,9398.92,61395.75,-48778.84,-1.4668,-72120.42,-88886.81,-88886.81,-2.6729,161825.44,0.558,0.8824,2.0238163339824733,503.8689393939394,191.16530303030302,-739.0733333333333,Loss Making,High Rent Pressure,High Payroll Pressure,-128570.09
2026-02-01,S023,Himaxx Changsha Warehouse 23,Changsha,Central China,Himaxx Warehouse Outlet,Mall Warehouse,Stable,17644,71.0,Mature,Industrial Park,70474.44,355943.52,70474.44,70474.44,68110.34,48509.64,27688.98,20820.66,0.4292,17269.87,26142.99,4803.89,4134.25,52351.01,-31530.35,-0.65,-45636.39,-54443.73,-54443.73,-1.1223,121971.57,0.356,0.5389,2.749356155066878,683.2343661971831,293.2487323943662,-444.0894366197183,Loss Making,High Rent Pressure,High Payroll Pressure,-73461.93000000001
2026-02-01,S024,Himaxx Chongqing Warehouse 24,Chongqing,West China,Himaxx Warehouse Outlet,Mall Warehouse,Loss Making,14768,59.0,Mature,Suburban Mall,45589.78,225408.59,45589.78,45589.78,42830.22,31539.31,19816.81,11722.5,0.3717,16164.18,22103.04,5447.73,5622.49,49337.45,-37614.95,-1.1926,-50564.64,-67042.35,-67042.35,-2.1257,132742.08,0.5125,0.7008,2.135652085590466,534.5645762711864,198.6864406779661,-637.5415254237288,Loss Making,High Rent Pressure,High Payroll Pressure,-101202.76999999999
2026-02-01,S025,Himaxx Hangzhou Warehouse 25,Hangzhou,East China,Himaxx Warehouse Outlet,Shopping Center Warehouse,Stable,15307,61.0,Mature,Community,75214.95,374408.04,75214.95,75214.95,71348.17,53316.13,31822.62,21493.51,0.4031,8553.09,12212.71,2066.78,3354.32,26186.89,-4693.38,-0.088,-11369.44,-15207.67,-15207.67,-0.2852,64958.39,0.1604,0.2291,3.483120794407787,874.0349180327869,352.35262295081964,-76.94065573770492,Loss Making,Normal,High Payroll Pressure,-11642.260000000002
2026-02-01,S026,Himaxx Beijing Warehouse 26,Beijing,North China,Himaxx Warehouse Outlet,Shopping Center Warehouse,High Profit,12478,50.0,Ramp-up,Suburban Mall,96540.05,459795.78,96540.05,96540.05,93206.14,69814.97,40684.58,29130.39,0.4173,9491.63,15521.46,2224.1,3943.74,31180.92,-2050.53,-0.0294,-11246.0,-17214.41,-17214.41,-0.2466,74729.35,0.136,0.2223,5.595044878987017,1396.2994,582.6078,-41.010600000000004,Loss Making,Normal,High Payroll Pressure,-4914.380000000005
2026-02-01,S027,Himaxx Chengdu Warehouse 27,Chengdu,West China,Himaxx Warehouse Outlet,Shopping Center Warehouse,Loss Making,11438,46.0,Ramp-up,Suburban Mall,25461.01,125153.27,25461.01,25461.01,24130.81,18143.93,10336.78,7807.15,0.4303,21349.02,30600.4,4779.45,4586.06,61314.93,-53507.78,-2.9491,-68145.99,-78062.54,-78062.54,-4.3024,142496.79,1.1766,1.6865,1.5862851897184822,394.43326086956523,169.72065217391304,-1163.212608695652,Loss Making,High Rent Pressure,High Payroll Pressure,-124352.86000000002
2026-02-01,S028,Himaxx Chongqing Warehouse 28,Chongqing,West China,Himaxx Warehouse Outlet,Warehouse Outlet,At Risk,17911,72.0,Mature,Outlet Cluster,53313.73,270863.04,53313.73,53313.73,51602.07,42272.77,27165.9,15106.87,0.3574,15742.43,27926.57,4845.02,3909.78,52423.81,-37316.94,-0.8828,-49252.73,-59595.21,-59595.21,-1.4098,146694.81,0.3724,0.6606,2.360156886829323,587.1218055555555,209.8176388888889,-518.2908333333334,Loss Making,High Rent Pressure,High Payroll Pressure,-104422.04000000001
2026-02-01,S029,Himaxx Suzhou Warehouse 29,Suzhou,East China,Himaxx Warehouse Outlet,Warehouse Outlet,Stable,14493,58.0,Mature,Industrial Park,64782.89,328927.28,64782.89,64782.89,61544.15,49259.41,29852.08,19407.33,0.394,10937.87,19386.96,3352.95,3358.03,37035.82,-17628.49,-0.3579,-27642.17,-34538.12,-34538.12,-0.7011,94003.79,0.222,0.3936,3.3988415096943356,849.3001724137931,334.6091379310345,-303.9394827586207,Loss Making,High Rent Pressure,High Payroll Pressure,-44744.37999999999
2026-02-01,S030,Himaxx Beijing Warehouse 30,Beijing,North China,Himaxx Warehouse Outlet,Warehouse Outlet,At Risk,12991,52.0,Mature,Transport Hub,53662.04,268882.6,53662.04,53662.04,52371.6,35806.81,20176.61,15630.2,0.4365,15281.17,16680.04,3007.5,5672.77,40641.47,-25011.27,-0.6985,-38501.34,-47140.42,-47140.42,-1.3165,93104.47,0.4268,0.4658,2.7562781925948734,688.5925,300.58076923076925,-480.98596153846154,Loss Making,High Rent Pressure,High Payroll Pressure,-57297.66
2026-02-01,S031,Himaxx Xi'an Warehouse 31,Xi'an,West China,Himaxx Warehouse Outlet,Warehouse Outlet,At Risk,17142,69.0,Mature,Suburban Mall,45394.43,231006.6,45394.43,45394.43,43095.24,31882.78,19710.75,12172.03,0.3818,11715.51,15574.68,2002.57,4196.89,33489.66,-21317.63,-0.6686,-29800.93,-36577.45,-36577.45,-1.1472,87721.06,0.3675,0.4885,1.8599218294248046,462.0692753623188,176.40623188405797,-308.95115942028986,Loss Making,High Rent Pressure,High Payroll Pressure,-55838.28
2026-02-01,S032,Himaxx Wuhan Warehouse 32,Wuhan,Central China,Himaxx Warehouse Outlet,Mall Warehouse,Stable,12940,52.0,Mature,Suburban Mall,72603.58,352933.93,72603.58,72603.58,69755.91,55097.01,33499.01,21598.0,0.392,15547.19,17665.66,2515.08,5036.15,40764.08,-19166.08,-0.3479,-27998.68,-37668.22,-37668.22,-0.6837,103990.14,0.2822,0.3206,4.257883307573416,1059.5578846153846,415.34615384615387,-368.57846153846157,Loss Making,High Rent Pressure,High Payroll Pressure,-48893.13
2026-02-01,S033,Himaxx Chongqing Warehouse 33,Chongqing,West China,Himaxx Warehouse Outlet,Mall Warehouse,At Risk,14283,57.0,Mature,Industrial Park,57247.77,291308.55,57247.77,57247.77,54828.62,39685.71,25413.97,14271.74,0.3596,15564.17,20313.79,2598.11,4368.76,42844.82,-28573.08,-0.72,-41406.06,-49313.61,-49313.61,-1.2426,119139.45,0.3922,0.5119,2.778527620247847,696.2405263157895,250.38140350877194,-501.2821052631579,Loss Making,High Rent Pressure,High Payroll Pressure,-79453.73999999999
2026-02-01,S034,Himaxx Shenzhen Warehouse 34,Shenzhen,South China,Himaxx Warehouse Outlet,Warehouse Outlet,High Profit,20607,82.0,Mature,Suburban Mall,98588.36,483937.33,98588.36,98588.36,95563.23,71750.31,42376.88,29373.43,0.4094,10240.39,14800.99,2494.52,2892.95,30428.85,-1055.42,-0.0147,-9789.81,-16480.82,-16480.82,-0.2297,74328.39,0.1427,0.2063,3.481841607220847,875.0037804878049,358.21256097560973,-12.870975609756098,Loss Making,Normal,High Payroll Pressure,-2578.0800000000017
2026-02-01,S035,Himaxx Chongqing Warehouse 35,Chongqing,West China,Himaxx Warehouse Outlet,Pop-up Clearance Warehouse,At Risk,9562,38.0,Ramp-up,Industrial Park,48276.86,287817.92,48276.86,48276.86,46511.59,34324.42,23878.53,10445.89,0.3043,14104.96,23025.77,4443.68,3872.25,45446.66,-35000.77,-1.0197,-50167.85,-61807.85,-61807.85,-1.8007,149334.36,0.4109,0.6708,3.589669525203932,903.2742105263158,274.89184210526315,-921.072894736842,Loss Making,High Rent Pressure,High Payroll Pressure,-115009.93999999999
2026-02-01,S036,Himaxx Nanjing Warehouse 36,Nanjing,East China,Himaxx Warehouse Outlet,Warehouse Outlet,Stable,17724,71.0,Mature,Community,65038.11,334984.26,65038.11,65038.11,61819.56,52195.16,33921.45,18273.71,0.3501,11554.25,15346.66,1787.14,3682.62,32370.67,-14096.96,-0.2701,-23637.78,-30186.94,-30186.94,-0.5783,92460.27,0.2214,0.294,2.9448860302414808,735.1430985915493,257.37619718309855,-198.5487323943662,Loss Making,High Rent Pressure,High Payroll Pressure,-40265.11
2026-02-01,S037,Himaxx Shenzhen Warehouse 37,Shenzhen,South China,Himaxx Warehouse Outlet,Warehouse Outlet,At Risk,12877,52.0,Mature,Community,42112.11,218905.5,42112.11,42112.11,40243.48,28739.42,17447.13,11292.29,0.3929,20653.99,30553.08,7048.86,7369.32,65625.25,-54332.96,-1.8905,-75829.03,-94620.48,-94620.48,-3.2924,167019.41,0.7187,1.0631,2.2318412673759416,552.6811538461538,217.1594230769231,-1044.8646153846153,Loss Making,High Rent Pressure,High Payroll Pressure,-138279.99
2026-02-01,S038,Himaxx Qingdao Warehouse 38,Qingdao,North China,Himaxx Warehouse Outlet,Warehouse Outlet,High Profit,15144,61.0,Mature,Community,75194.85,371088.74,75194.85,75194.85,71351.77,51370.72,28632.46,22738.26,0.4426,8370.51,11751.28,1491.14,1854.78,23467.71,-729.45,-0.0142,-6675.45,-10170.51,-10170.51,-0.198,53018.71,0.1629,0.2288,3.392150026413101,842.1429508196721,372.7583606557377,-11.958196721311475,Loss Making,Normal,High Payroll Pressure,-1647.989999999998
2026-02-01,S039,Himaxx Shenzhen Warehouse 39,Shenzhen,South China,Himaxx Warehouse Outlet,Pop-up Clearance Warehouse,Stable,8876,36.0,Aging,Suburban Mall,63225.57,387024.53,63225.57,63225.57,61293.11,45793.68,32659.17,13134.51,0.2868,18293.8,28896.79,5606.67,5958.84,58756.1,-45621.59,-0.9962,-60682.85,-72584.17,-72584.17,-1.585,204854.09,0.3995,0.631,5.159269941415052,1272.0466666666666,364.8475,-1267.2663888888887,Loss Making,High Rent Pressure,High Payroll Pressure,-159060.41
2026-02-01,S040,Himaxx Xiamen Warehouse 40,Xiamen,South China,Himaxx Warehouse Outlet,Warehouse Outlet,High Profit,18860,75.0,Ramp-up,Community,84889.78,439666.88,84889.78,84889.78,81935.64,65510.43,42362.66,23147.77,0.3533,8409.14,12051.96,2671.53,2689.73,25822.36,-2674.59,-0.0408,-9463.39,-14596.39,-14596.39,-0.2228,73079.77,0.1284,0.184,3.4735116648992577,873.4724,308.63693333333333,-35.6612,Loss Making,Normal,High Payroll Pressure,-7569.340000000004
2026-02-01,S041,Himaxx Shanghai Warehouse 41,Shanghai,East China,Himaxx Warehouse Outlet,Shopping Center Warehouse,Loss Making,11105,44.0,Mature,Suburban Mall,41737.14,204084.93,41737.14,41737.14,39882.75,30317.0,18828.47,11488.53,0.3789,12993.45,19430.99,5016.96,5472.52,42913.92,-31425.39,-1.0366,-46191.1,-56648.65,-56648.65,-1.8685,113245.24,0.4286,0.6409,2.730031517334534,689.0227272727273,261.10295454545457,-714.2134090909091,Loss Making,High Rent Pressure,High Payroll Pressure,-82928.24
2026-02-01,S042,Himaxx Shanghai Warehouse 42,Shanghai,East China,Himaxx Warehouse Outlet,Community Warehouse,High Profit,13382,54.0,Mature,Suburban Mall,83506.47,425968.62,83506.47,83506.47,80226.99,62263.06,39964.95,22298.11,0.3581,5276.18,7897.22,1474.79,1247.63,15895.83,6402.28,0.1028,1823.35,-2542.99,-2542.99,-0.0408,44385.95,0.0847,0.1268,4.652746973546555,1153.0196296296297,412.92796296296297,118.56074074074074,Healthy,Normal,Normal,17877.11
2026-02-01,S043,Himaxx Hangzhou Warehouse 43,Hangzhou,East China,Himaxx Warehouse Outlet,Warehouse Outlet,Stable,12516,50.0,Mature,Suburban Mall,67021.48,344792.46,67021.48,67021.48,64292.43,48582.98,29797.11,18785.87,0.3867,10642.48,17731.12,3224.67,4844.27,36442.55,-17656.68,-0.3634,-28519.55,-35245.68,-35245.68,-0.7255,94245.7,0.2191,0.365,3.881669862575903,971.6596000000001,375.7174,-353.1336,Loss Making,High Rent Pressure,High Payroll Pressure,-45662.719999999994
2026-02-01,S044,Himaxx Changsha Warehouse 44,Changsha,Central China,Himaxx Warehouse Outlet,Community Warehouse,High Profit,13027,52.0,Mature,Transport Hub,82179.07,418830.88,82179.07,82179.07,79225.97,58005.44,35006.86,22998.58,0.3965,12001.76,18001.44,3551.56,5604.64,39159.41,-16160.83,-0.2786,-26630.19,-34314.92,-34314.92,-0.5916,98765.17,0.2069,0.3103,4.452708989022799,1115.4892307692307,442.28038461538466,-310.7851923076923,Loss Making,High Rent Pressure,High Payroll Pressure,-40759.729999999996
2026-02-01,S045,Himaxx Beijing Warehouse 45,Beijing,North China,Himaxx Warehouse Outlet,Warehouse Outlet,Stable,13930,56.0,Mature,Suburban Mall,69773.19,353299.68,69773.19,69773.19,66365.88,51024.65,31492.07,19532.58,0.3828,18198.78,26221.56,4029.61,4127.92,52577.86,-33045.28,-0.6476,-44020.48,-53345.24,-53345.24,-1.0455,137348.31,0.3567,0.5139,3.662932519741565,911.1544642857143,348.79607142857145,-590.0942857142857,Loss Making,High Rent Pressure,High Payroll Pressure,-86323.66
2026-02-01,S046,Himaxx Shanghai Warehouse 46,Shanghai,East China,Himaxx Warehouse Outlet,Shopping Center Warehouse,High Profit,11731,47.0,Mature,Transport Hub,74915.48,366327.66,74915.48,74915.48,73114.28,52410.4,28573.7,23836.7,0.4548,12611.81,18994.0,3274.28,4515.68,39395.76,-15559.06,-0.2969,-26716.44,-34191.78,-34191.78,-0.6524,86620.54,0.2406,0.3624,4.467683914414798,1115.1148936170214,507.1638297872341,-331.043829787234,Loss Making,High Rent Pressure,High Payroll Pressure,-34210.13999999999
2026-02-01,S047,Himaxx Xiamen Warehouse 47,Xiamen,South China,Himaxx Warehouse Outlet,Warehouse Outlet,Stable,15013,60.0,Aging,Suburban Mall,69428.2,361110.88,69428.2,69428.2,66694.67,52166.46,34651.13,17515.33,0.3358,11219.69,19669.44,4100.6,2992.8,37982.52,-20467.19,-0.3923,-30564.09,-37164.37,-37164.37,-0.7124,113124.54,0.2151,0.3771,3.4747525477919137,869.441,291.92216666666667,-341.1198333333333,Loss Making,High Rent Pressure,High Payroll Pressure,-60958.079999999994
2026-02-01,S048,Himaxx Chongqing Warehouse 48,Chongqing,West China,Himaxx Warehouse Outlet,Mall Warehouse,Stable,11072,44.0,Mature,Industrial Park,54523.34,276056.66,54523.34,54523.34,51488.95,37261.04,20985.05,16275.99,0.4368,11811.41,15734.96,2484.65,3623.08,33654.1,-17378.11,-0.4664,-27167.51,-34599.55,-34599.55,-0.9286,77045.19,0.317,0.4223,3.3653395953757226,846.8418181818182,369.9088636363636,-394.9570454545455,Loss Making,High Rent Pressure,High Payroll Pressure,-39784.15
2026-02-01,S049,Himaxx Shenzhen Warehouse 49,Shenzhen,South China,Himaxx Warehouse Outlet,Warehouse Outlet,High Profit,15170,61.0,Ramp-up,Industrial Park,78448.9,401270.1,78448.9,78448.9,75122.61,57076.14,35024.38,22051.76,0.3864,10481.93,15937.63,2928.78,2576.21,31924.55,-9872.79,-0.173,-19039.68,-24824.78,-24824.78,-0.4349,82629.68,0.1836,0.2792,3.762435069215557,935.6744262295082,361.50426229508196,-161.84901639344264,Loss Making,Normal,High Payroll Pressure,-25553.539999999994
2026-02-01,S050,Himaxx Suzhou Warehouse 50,Suzhou,East China,Himaxx Warehouse Outlet,Community Warehouse,At Risk,9897,40.0,Mature,Community,55617.99,270848.48,55617.99,55617.99,52621.86,40945.74,24848.29,16097.45,0.3931,13976.3,27545.41,4545.97,6702.21,52769.9,-36672.45,-0.8956,-51163.11,-61707.53,-61707.53,-1.5071,134226.38,0.3413,0.6727,4.1371870263716275,1023.6434999999999,402.43625000000003,-916.81125,Loss Making,High Rent Pressure,High Payroll Pressure,-93280.64000000001
2026-02-01,S051,Himaxx Qingdao Warehouse 51,Qingdao,North China,Himaxx Warehouse Outlet,Shopping Center Warehouse,Stable,15036,60.0,Mature,Community,69266.2,337121.09,69266.2,69266.2,65812.24,50677.58,29015.74,21661.84,0.4274,10333.6,15362.14,2010.81,3719.16,31425.71,-9763.87,-0.1927,-17662.13,-24040.14,-24040.14,-0.4744,73520.03,0.2039,0.3031,3.370416334131418,844.6263333333334,361.03066666666666,-162.73116666666667,Loss Making,High Rent Pressure,High Payroll Pressure,-22842.449999999997
2026-02-01,S052,Himaxx Shanghai Warehouse 52,Shanghai,East China,Himaxx Warehouse Outlet,Shopping Center Warehouse,Stable,12806,51.0,Mature,Suburban Mall,59297.81,286524.82,59297.81,59297.81,57543.98,43930.4,25547.37,18383.03,0.4185,11178.49,14556.44,3224.38,4145.85,33105.17,-14722.14,-0.3351,-24266.54,-29322.13,-29322.13,-0.6675,79112.27,0.2545,0.3314,3.4304544744650944,861.3803921568627,360.45156862745097,-288.6694117647059,Loss Making,High Rent Pressure,High Payroll Pressure,-35181.87
2026-02-01,S053,Himaxx Chongqing Warehouse 53,Chongqing,West China,Himaxx Warehouse Outlet,Warehouse Outlet,High Profit,18008,72.0,Aging,Transport Hub,91059.76,452903.9,91059.76,91059.76,87616.8,68477.36,42442.91,26034.45,0.3802,8876.71,12105.83,2903.53,3752.6,27638.67,-1604.22,-0.0234,-10091.33,-14510.33,-14510.33,-0.2119,72696.89,0.1296,0.1768,3.802607729897823,951.0744444444445,361.58958333333334,-22.280833333333334,Loss Making,Normal,Normal,-4219.529999999999
2026-02-01,S054,Himaxx Tianjin Warehouse 54,Tianjin,North China,Himaxx Warehouse Outlet,Community Warehouse,High Profit,11845,47.0,Ramp-up,Suburban Mall,87609.84,445774.24,87609.84,87609.84,84634.7,63872.77,39892.52,23980.25,0.3754,7359.21,11517.05,2454.4,2630.02,23960.67,19.58,0.0003,-5593.34,-11218.9,-11218.9,-0.1756,63820.62,0.1152,0.1803,5.392382439848037,1358.9951063829787,510.218085106383,0.41659574468085103,Watch,Normal,High Payroll Pressure,52.14999999999418
2026-02-01,S055,Himaxx Xiamen Warehouse 55,Xiamen,South China,Himaxx Warehouse Outlet,Mall Warehouse,High Profit,17922,72.0,New Store,Transport Hub,80138.26,403060.88,80138.26,80138.26,77440.79,58182.26,33354.05,24828.21,0.4267,13127.61,17136.82,4066.59,4633.19,38964.2,-14135.99,-0.243,-24718.42,-35386.53,-35386.53,-0.6082,91308.46,0.2256,0.2945,3.246415578618458,808.0869444444445,344.83625,-196.33319444444444,Loss Making,High Rent Pressure,High Payroll Pressure,-33126.200000000004
2026-02-01,S056,Himaxx Nanjing Warehouse 56,Nanjing,East China,Himaxx Warehouse Outlet,Warehouse Outlet,High Profit,21071,84.0,Mature,Industrial Park,69739.66,364576.42,69739.66,69739.66,67026.5,48243.2,32170.87,16072.33,0.3332,7178.06,12341.22,2604.24,1904.19,24027.72,-7955.39,-0.1649,-15427.88,-20852.58,-20852.58,-0.4322,72122.33,0.1488,0.2558,2.289554363817569,574.3238095238095,191.3372619047619,-94.70702380952382,Loss Making,Normal,High Payroll Pressure,-23879.130000000005
2026-02-01,S057,Himaxx Shanghai Warehouse 57,Shanghai,East China,Himaxx Warehouse Outlet,Warehouse Outlet,Stable,18375,74.0,New Store,Community,67171.04,344952.24,67171.04,67171.04,62845.63,47803.86,28811.65,18992.21,0.3973,20881.93,32814.08,6449.13,4683.59,64828.72,-45836.51,-0.9588,-61784.17,-72152.13,-72152.13,-1.5093,163175.49,0.4368,0.6864,2.601570612244898,645.9981081081081,256.6514864864865,-619.4122972972973,Loss Making,High Rent Pressure,High Payroll Pressure,-115371.62999999999
2026-02-01,S058,Himaxx Xiamen Warehouse 58,Xiamen,South China,Himaxx Warehouse Outlet,Shopping Center Warehouse,At Risk,17686,71.0,Mature,Outlet Cluster,48044.09,230246.71,48044.09,48044.09,45324.41,34643.43,19930.75,14712.68,0.4247,15473.84,26590.82,5000.86,4376.91,51442.42,-36729.74,-1.0602,-52719.08,-66740.11,-66740.11,-1.9265,121129.67,0.4467,0.7676,1.9588052697048512,487.9356338028169,207.22084507042254,-517.3202816901409,Loss Making,High Rent Pressure,High Payroll Pressure,-86486.23999999999
2026-02-01,S059,Himaxx Suzhou Warehouse 59,Suzhou,East China,Himaxx Warehouse Outlet,Mall Warehouse,Loss Making,13188,53.0,Mature,Suburban Mall,39633.66,203386.59,39633.66,39633.66,37070.75,27344.61,16781.28,10563.33,0.3863,18572.03,21597.97,3523.71,4083.94,47777.66,-37214.33,-1.3609,-55856.28,-67328.32,-67328.32,-2.4622,123678.93,0.6792,0.7898,2.0734463148316653,515.936037735849,199.30811320754717,-702.1571698113208,Loss Making,High Rent Pressure,High Payroll Pressure,-96334.31999999999
2026-02-01,S060,Himaxx Xi'an Warehouse 60,Xi'an,West China,Himaxx Warehouse Outlet,Mall Warehouse,High Profit,14787,59.0,Mature,Outlet Cluster,75847.16,386376.95,75847.16,75847.16,72425.33,55860.29,33613.29,22247.0,0.3983,8823.22,13793.45,2975.62,2870.92,28463.21,-6216.21,-0.1113,-14900.4,-24020.41,-24020.41,-0.43,71468.65,0.158,0.2469,3.777662135659701,946.7845762711864,377.06779661016947,-105.35949152542373,Loss Making,Normal,High Payroll Pressure,-15608.359999999993
2026-02-01,S061,Himaxx Xiamen Warehouse 61,Xiamen,South China,Himaxx Warehouse Outlet,Community Warehouse,Loss Making,12324,49.0,Ramp-up,Transport Hub,36628.97,185803.57,36628.97,36628.97,34936.02,25565.89,14958.14,10607.75,0.4149,12782.72,16204.16,2210.07,2983.25,34180.2,-23572.45,-0.922,-34979.2,-40673.59,-40673.59,-1.5909,82378.2,0.5,0.6338,2.0744798766634207,521.7528571428571,216.48469387755102,-481.0704081632653,Loss Making,High Rent Pressure,High Payroll Pressure,-56812.31
2026-02-01,S062,Himaxx Xi'an Warehouse 62,Xi'an,West China,Himaxx Warehouse Outlet,Community Warehouse,Stable,13907,56.0,Mature,Suburban Mall,80646.08,393763.13,80646.08,80646.08,76361.89,56483.47,34404.32,22079.15,0.3909,16611.19,23797.24,4660.78,5763.53,50832.75,-28753.6,-0.5091,-41797.7,-51798.08,-51798.08,-0.917,130041.7,0.2941,0.4213,4.0615136262313944,1008.6333928571429,394.27053571428576,-513.4571428571428,Loss Making,High Rent Pressure,High Payroll Pressure,-73558.23
2026-02-01,S063,Himaxx Nanjing Warehouse 63,Nanjing,East China,Himaxx Warehouse Outlet,Mall Warehouse,Loss Making,13719,55.0,New Store,Industrial Park,32749.92,169529.98,32749.92,32749.92,31085.89,23860.58,14654.77,9205.81,0.3858,22494.5,35787.03,7286.67,11870.15,77438.35,-68232.54,-2.8596,-97775.29,-114530.43,-114530.43,-4.8,200712.81,0.9427,1.4998,1.7392360959253592,433.8287272727273,167.37836363636362,-1240.5916363636363,Loss Making,High Rent Pressure,High Payroll Pressure,-176852.22999999998
2026-02-01,S064,Himaxx Guangzhou Warehouse 64,Guangzhou,South China,Himaxx Warehouse Outlet,Shopping Center Warehouse,High Profit,13727,55.0,Mature,Transport Hub,96619.6,484895.94,96619.6,96619.6,92895.02,70534.6,40558.0,29976.6,0.425,6797.64,9147.39,1386.15,1377.12,18708.3,11268.3,0.1598,6110.19,3331.31,3331.31,0.0472,44020.41,0.0964,0.1297,5.138384206308735,1282.4472727272728,545.0290909090909,204.87818181818182,Healthy,Normal,Normal,26514.190000000002
2026-02-01,S065,Himaxx Tianjin Warehouse 65,Tianjin,North China,Himaxx Warehouse Outlet,Shopping Center Warehouse,Stable,12345,49.0,Mature,Industrial Park,71357.11,347998.87,71357.11,71357.11,68169.6,52320.72,30652.93,21667.79,0.4141,17218.8,23649.79,3392.87,4812.57,49074.03,-27406.24,-0.5238,-43189.29,-52847.37,-52847.37,-1.0101,118497.94,0.3291,0.452,4.23821142162819,1067.7697959183674,442.1997959183674,-559.3110204081632,Loss Making,High Rent Pressure,High Payroll Pressure,-66177.22
2026-02-01,S066,Himaxx Tianjin Warehouse 66,Tianjin,North China,Himaxx Warehouse Outlet,Shopping Center Warehouse,At Risk,12376,50.0,Ramp-up,Industrial Park,45000.01,216135.23,45000.01,45000.01,44244.36,32558.13,18690.7,13867.43,0.4259,20287.92,30045.14,6589.78,7768.87,64691.71,-50824.28,-1.561,-66245.3,-75790.38,-75790.38,-2.3278,151884.02,0.6231,0.9228,2.6307474143503558,651.1626,277.34860000000003,-1016.4856,Loss Making,High Rent Pressure,High Payroll Pressure,-119325.88999999998
2026-02-01,S067,Himaxx Beijing Warehouse 67,Beijing,North China,Himaxx Warehouse Outlet,Shopping Center Warehouse,Stable,10848,43.0,Aging,Suburban Mall,71825.91,342348.99,71825.91,71825.91,68948.04,53102.02,30632.23,22469.79,0.4231,12481.29,16971.37,2733.44,5223.62,37409.73,-14939.94,-0.2813,-27058.75,-34137.43,-34137.43,-0.6429,88409.02,0.235,0.3196,4.895097713864306,1234.9306976744185,522.5532558139535,-347.4404651162791,Loss Making,High Rent Pressure,High Payroll Pressure,-35307.00000000001
2026-02-01,S068,Himaxx Suzhou Warehouse 68,Suzhou,East China,Himaxx Warehouse Outlet,Mall Warehouse,Stable,15607,62.0,Mature,Suburban Mall,76689.36,374537.21,76689.36,76689.36,71958.83,53563.79,31070.83,22492.96,0.4199,13000.77,23807.64,4245.61,3708.23,44762.25,-22269.29,-0.4158,-35806.74,-47321.11,-47321.11,-0.8835,106594.94,0.2427,0.4445,3.4320362657781764,863.9320967741936,362.7896774193548,-359.18209677419355,Loss Making,High Rent Pressure,High Payroll Pressure,-53031.15
2026-02-01,S069,Himaxx Beijing Warehouse 69,Beijing,North China,Himaxx Warehouse Outlet,Warehouse Outlet,Stable,16532,66.0,Aging,Transport Hub,56473.88,300117.75,56473.88,56473.88,55008.79,36658.95,21880.85,14778.1,0.4031,14268.27,21859.46,3556.15,3945.05,43628.92,-28850.82,-0.787,-39858.15,-46260.53,-46260.53,-1.2619,108227.07,0.3892,0.5963,2.2174540285506894,555.4386363636363,223.91060606060606,-437.13363636363636,Loss Making,High Rent Pressure,High Payroll Pressure,-71568.12000000001
2026-02-01,S070,Himaxx Changsha Warehouse 70,Changsha,Central China,Himaxx Warehouse Outlet,Shopping Center Warehouse,Loss Making,13253,53.0,Mature,Industrial Park,38104.79,189398.27,38104.79,38104.79,36912.45,30002.28,17467.7,12534.58,0.4178,32149.12,37670.62,8904.2,8843.99,87567.93,-75033.35,-2.5009,-100120.32,-121417.08,-121417.08,-4.0469,209599.18,1.0716,1.2556,2.263810458009507,566.0807547169811,236.50150943396227,-1415.7235849056606,Loss Making,High Rent Pressure,High Payroll Pressure,-179596.9
2026-02-01,S071,Himaxx Qingdao Warehouse 71,Qingdao,North China,Himaxx Warehouse Outlet,Warehouse Outlet,Stable,20743,83.0,Mature,Community,65408.33,329921.85,65408.33,65408.33,63172.46,44490.15,25786.07,18704.08,0.4204,11995.78,18479.67,2761.79,4281.4,37518.64,-18814.56,-0.4229,-27814.31,-37559.87,-37559.87,-0.8442,89243.09,0.2696,0.4154,2.1448271706117725,536.0259036144579,225.35036144578316,-226.68144578313255,Loss Making,High Rent Pressure,High Payroll Pressure,-44752.939999999995
2026-02-01,S072,Himaxx Changsha Warehouse 72,Changsha,Central China,Himaxx Warehouse Outlet,Community Warehouse,At Risk,13415,54.0,Ramp-up,Industrial Park,47953.42,241467.52,47953.42,47953.42,44986.47,32130.83,19362.96,12767.87,0.3974,18973.85,28472.31,4945.44,5941.98,58333.57,-45565.7,-1.4181,-60053.36,-68798.26,-68798.26,-2.1412,146798.65,0.5905,0.8861,2.3951420052180397,595.0153703703704,236.44203703703704,-843.8092592592592,Loss Making,High Rent Pressure,High Payroll Pressure,-114667.81999999999
2026-02-01,S073,Himaxx Tianjin Warehouse 73,Tianjin,North China,Himaxx Warehouse Outlet,Mall Warehouse,High Profit,17678,71.0,New Store,Community,80780.29,395316.27,80780.29,80780.29,78782.16,59068.53,35907.63,23160.9,0.3921,7197.18,9694.41,1727.41,1874.38,20493.38,2667.52,0.0452,-2133.92,-7874.36,-7874.36,-0.1333,52265.41,0.1218,0.1641,3.3413581853150807,831.9511267605634,326.2098591549296,37.57070422535211,Watch,Normal,Normal,6803.119999999995
2026-02-01,S074,Himaxx Tianjin Warehouse 74,Tianjin,North China,Himaxx Warehouse Outlet,Warehouse Outlet,High Profit,15845,63.0,Mature,Community,88993.62,445638.61,88993.62,88993.62,84280.84,65777.59,41665.13,24112.46,0.3666,10343.01,17471.53,3086.82,3656.64,34558.01,-10445.55,-0.1588,-19687.22,-26518.81,-26518.81,-0.4032,94272.52,0.1572,0.2656,4.151315241401073,1044.0887301587302,382.7374603174603,-165.80238095238093,Loss Making,Normal,High Payroll Pressure,-28494.930000000008
2026-02-01,S075,Himaxx Shenzhen Warehouse 75,Shenzhen,South China,Himaxx Warehouse Outlet,Warehouse Outlet,Stable,12012,48.0,Mature,Transport Hub,71847.05,376045.7,71847.05,71847.05,68998.44,46860.32,26660.98,20199.34,0.4311,10712.23,12539.42,2255.47,3813.11,29320.22,-9120.88,-0.1946,-18363.78,-23276.81,-23276.81,-0.4967,68019.79,0.2286,0.2676,3.901125541125541,976.2566666666667,420.81958333333336,-190.01833333333332,Loss Making,High Rent Pressure,High Payroll Pressure,-21159.469999999994
2026-02-01,S076,Himaxx Nanjing Warehouse 76,Nanjing,East China,Himaxx Warehouse Outlet,Warehouse Outlet,At Risk,16798,67.0,Aging,Suburban Mall,50169.82,257368.74,50169.82,50169.82,47939.77,38256.98,24298.7,13958.28,0.3649,21849.7,32298.45,4933.58,8150.93,67232.66,-53274.38,-1.3925,-71042.1,-87698.98,-87698.98,-2.2924,184271.89,0.5711,0.8442,2.2774723181331114,570.9997014925374,208.33253731343285,-795.14,Loss Making,High Rent Pressure,High Payroll Pressure,-146014.91
2026-03-01,S001,Himaxx Beijing Warehouse 1,Beijing,North China,Himaxx Warehouse Outlet,Mall Warehouse,High Profit,15578,62.0,Mature,Suburban Mall,114893.03,578374.33,114893.03,114893.03,108928.07,78780.61,47968.56,30812.05,0.3911,9913.89,15142.39,1819.15,3587.78,30463.22,348.83,0.0044,-7368.73,-12321.88,-12321.88,-0.1564,77888.72,0.1258,0.1922,5.057171010399281,1270.655,496.96854838709675,5.626290322580645,Watch,Normal,High Payroll Pressure,891.8899999999994
2026-03-01,S002,Himaxx Nanjing Warehouse 2,Nanjing,East China,Himaxx Warehouse Outlet,Shopping Center Warehouse,Stable,18227,73.0,New Store,Outlet Cluster,69896.91,348828.65,69896.91,69896.91,67150.16,52983.91,32077.62,20906.29,0.3946,8445.6,11780.52,2503.46,3536.88,26266.45,-5360.16,-0.1012,-11157.46,-16432.26,-16432.26,-0.3101,66568.44,0.1594,0.2223,2.906891424809349,725.8069863013699,286.38753424657534,-73.4268493150685,Loss Making,Normal,High Payroll Pressure,-13584.529999999999
2026-03-01,S003,Himaxx Shenzhen Warehouse 3,Shenzhen,South China,Himaxx Warehouse Outlet,Warehouse Outlet,At Risk,20931,84.0,New Store,Suburban Mall,45181.72,240280.11,45181.72,45181.72,44467.81,33497.62,20905.31,12592.31,0.3759,16900.61,22070.99,4737.46,3778.39,47487.45,-34895.14,-1.0417,-50318.21,-59514.71,-59514.71,-1.7767,126324.44,0.5045,0.6589,1.6003831637284411,398.7811904761905,149.90845238095238,-415.41833333333335,Loss Making,High Rent Pressure,High Payroll Pressure,-92826.82
2026-03-01,S004,Himaxx Xiamen Warehouse 4,Xiamen,South China,Himaxx Warehouse Outlet,Pop-up Clearance Warehouse,Stable,8222,33.0,Mature,Suburban Mall,49050.16,288788.42,49050.16,49050.16,46795.1,36281.99,26607.36,9674.63,0.2667,11612.72,15227.24,3480.56,4555.32,34875.83,-25201.2,-0.6946,-34233.82,-42911.52,-42911.52,-1.1827,130792.03,0.3201,0.4197,4.412793724154707,1099.4542424242425,293.170606060606,-763.6727272727273,Loss Making,High Rent Pressure,High Payroll Pressure,-94510.04000000001
2026-03-01,S005,Himaxx Changsha Warehouse 5,Changsha,Central China,Himaxx Warehouse Outlet,Shopping Center Warehouse,At Risk,13123,52.0,Ramp-up,Transport Hub,69921.38,344798.6,69921.38,69921.38,68556.19,50231.16,30531.16,19700.0,0.3922,24002.3,31730.57,7399.72,5898.4,69030.99,-49330.99,-0.9821,-65213.73,-78853.93,-78853.93,-1.5698,176015.57,0.4778,0.6317,3.8277192715080397,965.9838461538462,378.84615384615387,-948.6728846153845,Loss Making,High Rent Pressure,High Payroll Pressure,-125784.41
2026-03-01,S006,Himaxx Qingdao Warehouse 6,Qingdao,North China,Himaxx Warehouse Outlet,Warehouse Outlet,At Risk,18648,75.0,Mature,Suburban Mall,51366.48,260440.09,51366.48,51366.48,49103.37,40996.39,24567.11,16429.28,0.4007,18615.17,28745.54,6990.55,8245.27,62596.53,-46167.25,-1.1261,-66394.58,-79689.56,-79689.56,-1.9438,156198.67,0.4541,0.7012,2.1984336121836123,546.6185333333333,219.05706666666666,-615.5633333333334,Loss Making,High Rent Pressure,High Payroll Pressure,-115202.28000000001
2026-03-01,S007,Himaxx Wuhan Warehouse 7,Wuhan,Central China,Himaxx Warehouse Outlet,Mall Warehouse,Stable,16119,64.0,Mature,Suburban Mall,70661.6,354205.3,70661.6,70661.6,68028.26,52991.9,32386.56,20605.34,0.3888,15933.2,27027.92,2955.22,5291.48,51207.81,-30602.47,-0.5775,-43138.5,-52323.74,-52323.74,-0.9874,131693.98,0.3007,0.51,3.287542651529251,827.9984375,321.9584375,-478.16359375,Loss Making,High Rent Pressure,High Payroll Pressure,-78702.08000000002
2026-03-01,S008,Himaxx Changsha Warehouse 8,Changsha,Central China,Himaxx Warehouse Outlet,Mall Warehouse,High Profit,11871,47.0,Mature,Industrial Park,93990.08,480373.4,93990.08,93990.08,91075.56,65268.72,38156.94,27111.78,0.4154,11030.86,13096.51,2070.28,4188.34,30385.99,-3274.21,-0.0502,-10626.63,-18334.85,-18334.85,-0.2809,73151.02,0.169,0.2007,5.498165276724792,1388.696170212766,576.8463829787233,-69.66404255319149,Loss Making,Normal,High Payroll Pressure,-7882.300000000003
2026-03-01,S009,Himaxx Changsha Warehouse 9,Changsha,Central China,Himaxx Warehouse Outlet,Mall Warehouse,High Profit,11335,45.0,Mature,Suburban Mall,79737.43,394866.17,79737.43,79737.43,76652.65,58699.6,36417.53,22282.07,0.3796,8069.05,12714.26,1985.61,3155.51,25924.43,-3642.36,-0.0621,-13269.59,-19067.49,-19067.49,-0.3248,68294.99,0.1375,0.2166,5.178614909572121,1304.4355555555555,495.1571111111111,-80.94133333333333,Loss Making,Normal,High Payroll Pressure,-9595.390000000007
2026-03-01,S010,Himaxx Changsha Warehouse 10,Changsha,Central China,Himaxx Warehouse Outlet,Community Warehouse,Stable,10286,41.0,New Store,Suburban Mall,95646.74,466522.43,95646.74,95646.74,92476.03,73674.63,44004.72,29669.91,0.4027,19682.55,21416.04,5368.33,6807.56,53274.48,-23604.57,-0.3204,-37637.26,-48821.68,-48821.68,-0.6627,132288.15,0.2672,0.2907,7.162612288547541,1796.9421951219513,723.6563414634146,-575.7212195121951,Loss Making,High Rent Pressure,High Payroll Pressure,-58613.51999999999
2026-03-01,S011,Himaxx Chengdu Warehouse 11,Chengdu,West China,Himaxx Warehouse Outlet,Community Warehouse,At Risk,13815,55.0,Ramp-up,Suburban Mall,59518.3,298647.6,59518.3,59518.3,56886.08,43608.13,27265.65,16342.48,0.3748,13358.8,18236.01,3950.26,4588.78,40133.85,-23791.37,-0.5456,-35766.21,-42960.69,-42960.69,-0.9852,107092.82,0.3063,0.4182,3.156578356858487,792.8750909090909,297.13599999999997,-432.5703636363636,Loss Making,High Rent Pressure,High Payroll Pressure,-63484.69000000001
2026-03-01,S012,Himaxx Beijing Warehouse 12,Beijing,North China,Himaxx Warehouse Outlet,Warehouse Outlet,High Profit,17792,71.0,Mature,Community,106798.61,543528.37,106798.61,106798.61,103136.88,74970.7,47090.16,27880.54,0.3719,15438.61,22662.34,4019.15,4253.19,46373.29,-18492.75,-0.2467,-32409.91,-42817.8,-42817.8,-0.5711,124697.67,0.2059,0.3023,4.21373089028777,1055.925352112676,392.683661971831,-260.4612676056338,Loss Making,High Rent Pressure,High Payroll Pressure,-49726.97
2026-03-01,S013,Himaxx Shenzhen Warehouse 13,Shenzhen,South China,Himaxx Warehouse Outlet,Community Warehouse,High Profit,10494,42.0,Ramp-up,Suburban Mall,118352.11,585821.8,118352.11,118352.11,113160.21,88073.33,53156.74,34916.59,0.3964,5816.29,8081.77,1207.44,1441.13,16546.63,18369.96,0.2086,14074.06,10426.15,10426.15,0.1184,41737.09,0.066,0.0918,8.39273203735468,2096.9840476190475,831.3473809523808,437.38,Healthy,Normal,Normal,46336.240000000005
2026-03-01,S014,Himaxx Tianjin Warehouse 14,Tianjin,North China,Himaxx Warehouse Outlet,Shopping Center Warehouse,Stable,13468,54.0,Mature,Transport Hub,67766.2,323440.37,67766.2,67766.2,64753.99,49891.76,29264.67,20627.09,0.4134,19449.32,26952.34,5521.14,7111.46,59034.27,-38407.18,-0.7698,-52026.0,-61611.33,-61611.33,-1.2349,142789.1,0.3898,0.5402,3.7044668844668847,923.9214814814815,381.98314814814813,-711.2440740740741,Loss Making,High Rent Pressure,High Payroll Pressure,-92897.34
2026-03-01,S015,Himaxx Hangzhou Warehouse 15,Hangzhou,East China,Himaxx Warehouse Outlet,Mall Warehouse,Stable,14573,58.0,Mature,Community,70552.84,363068.4,70552.84,70552.84,66901.95,50164.25,31384.99,18779.26,0.3744,10303.1,15229.86,2392.64,3543.17,31468.78,-12689.52,-0.253,-20140.84,-26602.19,-26602.19,-0.5303,84061.23,0.2054,0.3036,3.442273382282303,864.9008620689655,323.7803448275862,-218.78482758620692,Loss Making,High Rent Pressure,High Payroll Pressure,-33896.979999999996
2026-03-01,S016,Himaxx Chengdu Warehouse 16,Chengdu,West China,Himaxx Warehouse Outlet,Shopping Center Warehouse,High Profit,15540,62.0,Mature,Transport Hub,107392.79,522324.57,107392.79,107392.79,103330.14,78943.34,46023.1,32920.24,0.417,11685.93,20471.97,4098.73,3336.04,39592.66,-6672.42,-0.0845,-19520.49,-27332.62,-27332.62,-0.3462,94943.93,0.148,0.2593,5.080009009009009,1273.2796774193548,530.9716129032257,-107.61967741935484,Loss Making,Normal,High Payroll Pressure,-16000.589999999997
2026-03-01,S017,Himaxx Hangzhou Warehouse 17,Hangzhou,East China,Himaxx Warehouse Outlet,Shopping Center Warehouse,Stable,10374,41.0,Mature,Community,63310.09,309615.06,63310.09,63310.09,60939.85,48107.92,28856.99,19250.93,0.4002,20364.83,28011.18,4097.38,6023.31,58496.7,-39245.77,-0.8158,-54086.43,-74875.46,-74875.46,-1.5564,146182.8,0.4233,0.5823,4.637354925775978,1173.3639024390243,469.5348780487805,-957.2139024390243,Loss Making,High Rent Pressure,High Payroll Pressure,-98074.87999999999
2026-03-01,S018,Himaxx Xi'an Warehouse 18,Xi'an,West China,Himaxx Warehouse Outlet,Mall Warehouse,High Profit,17488,70.0,Aging,Outlet Cluster,76378.01,387291.68,76378.01,76378.01,71880.08,55719.85,34758.27,20961.58,0.3762,15391.09,20272.87,3439.9,5293.23,44397.09,-23435.51,-0.4206,-35985.31,-45557.84,-45557.84,-0.8176,118015.87,0.2762,0.3638,3.1861762351326623,795.9978571428571,299.4511428571429,-334.79299999999995,Loss Making,High Rent Pressure,High Payroll Pressure,-62296.02
2026-03-01,S019,Himaxx Qingdao Warehouse 19,Qingdao,North China,Himaxx Warehouse Outlet,Shopping Center Warehouse,At Risk,13159,53.0,New Store,Transport Hub,47872.5,227112.48,47872.5,47872.5,46601.11,37420.9,21179.42,16241.48,0.434,13861.31,21335.35,3290.28,3376.4,41863.33,-25621.85,-0.6847,-39421.22,-46999.3,-46999.3,-1.256,96454.48,0.3704,0.5701,2.8437495250398968,706.0547169811321,306.44301886792454,-483.4311320754717,Loss Making,High Rent Pressure,High Payroll Pressure,-59033.579999999994
2026-03-01,S020,Himaxx Shanghai Warehouse 20,Shanghai,East China,Himaxx Warehouse Outlet,Warehouse Outlet,High Profit,20311,81.0,Aging,Suburban Mall,112115.57,549177.76,112115.57,112115.57,105432.21,85465.77,53072.18,32393.59,0.379,12527.69,17449.27,3407.93,4956.84,38341.73,-5948.14,-0.0696,-18890.93,-28815.72,-28815.72,-0.3372,101159.08,0.1466,0.2042,4.207856334006204,1055.1329629629631,399.9208641975309,-73.43382716049383,Loss Making,Normal,High Payroll Pressure,-15693.309999999998
2026-03-01,S021,Himaxx Changsha Warehouse 21,Changsha,Central China,Himaxx Warehouse Outlet,Pop-up Clearance Warehouse,High Profit,6863,27.0,Mature,Suburban Mall,83912.99,489782.49,83912.99,83912.99,78817.97,59165.79,43095.98,16069.81,0.2716,13109.71,18334.92,2238.93,4591.47,38275.03,-22205.22,-0.3753,-33028.83,-40776.57,-40776.57,-0.6892,140920.93,0.2216,0.3099,8.620980620719802,2191.3255555555556,595.1781481481481,-822.4155555555556,Loss Making,High Rent Pressure,High Payroll Pressure,-81755.13999999998
2026-03-01,S022,Himaxx Xiamen Warehouse 22,Xiamen,South China,Himaxx Warehouse Outlet,Mall Warehouse,At Risk,16432,66.0,Ramp-up,Outlet Cluster,59658.47,304690.55,59658.47,59658.47,58467.04,44899.16,28229.53,16669.63,0.3713,9927.28,15492.88,2046.35,3450.48,30916.98,-14247.35,-0.3173,-21504.64,-28637.24,-28637.24,-0.6378,83273.99,0.2211,0.3451,2.7324221032132425,680.2903030303031,252.57015151515154,-215.8689393939394,Loss Making,High Rent Pressure,High Payroll Pressure,-38374.83
2026-03-01,S023,Himaxx Changsha Warehouse 23,Changsha,Central China,Himaxx Warehouse Outlet,Mall Warehouse,Stable,17644,71.0,Mature,Industrial Park,93931.61,462182.5,93931.61,93931.61,88272.79,67730.06,41330.55,26399.51,0.3898,6461.52,10378.27,2055.92,2665.26,21560.98,4838.53,0.0714,-45.94,-4428.25,-4428.25,-0.0654,55316.41,0.0954,0.1532,3.83870210836545,953.9445070422535,371.82408450704224,68.14830985915492,Watch,Normal,Normal,12413.649999999994
2026-03-01,S024,Himaxx Chongqing Warehouse 24,Chongqing,West China,Himaxx Warehouse Outlet,Mall Warehouse,Loss Making,14768,59.0,Mature,Suburban Mall,36634.57,189126.43,36634.57,36634.57,34897.4,27561.19,17546.2,10014.99,0.3634,21797.6,37189.24,4756.86,10365.55,74109.26,-64094.27,-2.3255,-83375.18,-101616.41,-101616.41,-3.6869,203948.21,0.7909,1.3493,1.8662777627302274,467.138813559322,169.74559322033898,-1086.3435593220338,Loss Making,High Rent Pressure,High Payroll Pressure,-176387.02
2026-03-01,S025,Himaxx Hangzhou Warehouse 25,Hangzhou,East China,Himaxx Warehouse Outlet,Shopping Center Warehouse,Stable,15307,61.0,Mature,Community,73063.08,352772.52,73063.08,73063.08,69308.8,54872.44,31471.9,23400.54,0.4265,12582.54,14794.39,3897.12,4387.21,35661.26,-12260.72,-0.2234,-23708.97,-29444.3,-29444.3,-0.5366,83622.88,0.2293,0.2696,3.5847938851505847,899.5481967213116,383.61540983606557,-200.99540983606556,Loss Making,High Rent Pressure,High Payroll Pressure,-28750.440000000002
2026-03-01,S026,Himaxx Beijing Warehouse 26,Beijing,North China,Himaxx Warehouse Outlet,Shopping Center Warehouse,High Profit,12478,50.0,Ramp-up,Suburban Mall,113336.75,549296.57,113336.75,113336.75,108525.34,77987.04,44769.83,33217.21,0.4259,8988.27,14238.02,1880.67,3521.01,28627.97,4589.24,0.0588,-3845.25,-13470.05,-13470.05,-0.1727,67212.47,0.1153,0.1826,6.249963135117807,1559.7407999999998,664.3442,91.78479999999999,Watch,Normal,High Payroll Pressure,10774.569999999992
2026-03-01,S027,Himaxx Chengdu Warehouse 27,Chengdu,West China,Himaxx Warehouse Outlet,Shopping Center Warehouse,Loss Making,11438,46.0,Ramp-up,Suburban Mall,32911.38,162786.38,32911.38,32911.38,31609.33,23444.52,12738.6,10705.92,0.4566,20542.82,39465.96,7585.91,8290.9,75885.58,-65179.66,-2.7802,-82840.21,-98341.43,-98341.43,-4.1946,166179.17,0.8762,1.6834,2.049704493792621,509.66347826086957,232.73739130434782,-1416.9491304347828,Loss Making,High Rent Pressure,High Payroll Pressure,-142734.65000000002
2026-03-01,S028,Himaxx Chongqing Warehouse 28,Chongqing,West China,Himaxx Warehouse Outlet,Warehouse Outlet,At Risk,17911,72.0,Mature,Outlet Cluster,42480.75,222219.36,42480.75,42480.75,41163.54,27923.66,17436.29,10487.37,0.3756,24021.88,31676.24,4696.01,6349.55,66743.67,-56256.3,-2.0146,-77449.73,-89367.95,-89367.95,-3.2004,177711.64,0.8603,1.1344,1.5590229467924739,387.8286111111111,145.65791666666667,-781.3375000000001,Loss Making,High Rent Pressure,High Payroll Pressure,-149787.98
2026-03-01,S029,Himaxx Suzhou Warehouse 29,Suzhou,East China,Himaxx Warehouse Outlet,Warehouse Outlet,Stable,14493,58.0,Mature,Industrial Park,68211.95,349633.05,68211.95,68211.95,65277.22,51301.13,32263.89,19037.24,0.3711,13746.01,17115.39,4233.58,3171.38,38266.36,-19229.12,-0.3748,-30980.91,-39479.5,-39479.5,-0.7696,103119.33,0.2679,0.3336,3.5397177947974883,884.5022413793102,328.228275862069,-331.5365517241379,Loss Making,High Rent Pressure,High Payroll Pressure,-51818.200000000004
2026-03-01,S030,Himaxx Beijing Warehouse 30,Beijing,North China,Himaxx Warehouse Outlet,Warehouse Outlet,At Risk,12991,52.0,Mature,Transport Hub,63162.34,331011.79,63162.34,63162.34,59591.53,45214.65,28901.68,16312.97,0.3608,8363.11,15493.51,3343.02,4197.0,31396.64,-15083.67,-0.3336,-25250.11,-32138.79,-32138.79,-0.7108,87022.05,0.185,0.3427,3.480459548918482,869.5125,313.7109615384615,-290.07057692307694,Loss Making,Normal,High Payroll Pressure,-41807.4
2026-03-01,S031,Himaxx Xi'an Warehouse 31,Xi'an,West China,Himaxx Warehouse Outlet,Warehouse Outlet,At Risk,17142,69.0,Mature,Suburban Mall,57866.58,288518.71,57866.58,57866.58,55404.49,37844.47,22257.53,15586.94,0.4119,20656.9,28839.17,4670.75,8344.02,62510.84,-46923.9,-1.2399,-69116.2,-84865.09,-84865.09,-2.2425,151773.83,0.5458,0.762,2.207704468556761,548.470579710145,225.8976811594203,-680.0565217391304,Loss Making,High Rent Pressure,High Payroll Pressure,-113929.35999999999
2026-03-01,S032,Himaxx Wuhan Warehouse 32,Wuhan,Central China,Himaxx Warehouse Outlet,Mall Warehouse,Stable,12940,52.0,Mature,Suburban Mall,62407.02,313845.2,62407.02,62407.02,59983.96,44937.2,26902.66,18034.54,0.4013,6758.85,9674.3,1810.86,2021.57,20265.59,-2231.05,-0.0496,-6761.78,-11984.1,-11984.1,-0.2667,50496.36,0.1504,0.2153,3.4727357032457493,864.176923076923,346.81807692307694,-42.9048076923077,Loss Making,Normal,High Payroll Pressure,-5559.1600000000035
2026-03-01,S033,Himaxx Chongqing Warehouse 33,Chongqing,West China,Himaxx Warehouse Outlet,Mall Warehouse,At Risk,14283,57.0,Mature,Industrial Park,68094.21,343900.45,68094.21,68094.21,66539.34,46698.4,26442.55,20255.85,0.4338,16401.69,27552.8,6205.64,5346.39,55506.52,-35250.67,-0.7549,-47070.2,-57342.79,-57342.79,-1.2279,127966.28,0.3512,0.59,3.2695092067492824,819.2701754385965,355.3657894736842,-618.4328070175438,Loss Making,High Rent Pressure,High Payroll Pressure,-81267.88
2026-03-01,S034,Himaxx Shenzhen Warehouse 34,Shenzhen,South China,Himaxx Warehouse Outlet,Warehouse Outlet,High Profit,20607,82.0,Mature,Suburban Mall,99580.11,509461.16,99580.11,99580.11,95394.7,73355.58,46675.64,26679.94,0.3637,6022.55,11482.99,1745.48,2112.43,21363.45,5316.49,0.0725,-515.63,-5703.94,-5703.94,-0.0778,58738.09,0.0821,0.1565,3.559740864754695,894.5802439024391,325.3651219512195,64.83524390243902,Watch,Normal,Normal,14617.490000000005
2026-03-01,S035,Himaxx Chongqing Warehouse 35,Chongqing,West China,Himaxx Warehouse Outlet,Pop-up Clearance Warehouse,At Risk,9562,38.0,Ramp-up,Industrial Park,42583.27,266334.33,42583.27,42583.27,40907.1,29538.3,21250.58,8287.72,0.2806,23532.53,39419.3,6564.38,7551.9,77068.11,-68780.39,-2.3285,-85075.32,-98827.53,-98827.53,-3.3457,274678.79,0.7967,1.3345,3.089134072369797,777.3236842105263,218.09789473684208,-1810.0102631578948,Loss Making,High Rent Pressure,High Payroll Pressure,-245140.49
2026-03-01,S036,Himaxx Nanjing Warehouse 36,Nanjing,East China,Himaxx Warehouse Outlet,Warehouse Outlet,Stable,17724,71.0,Mature,Community,64324.2,326895.68,64324.2,64324.2,61712.48,45084.37,26825.45,18258.92,0.405,15943.41,20809.94,3931.7,5407.52,46092.57,-27833.65,-0.6174,-43359.53,-54383.76,-54383.76,-1.2063,113810.38,0.3536,0.4616,2.543690476190476,634.9911267605634,257.16788732394366,-392.02323943661975,Loss Making,High Rent Pressure,High Payroll Pressure,-68726.01000000001
2026-03-01,S037,Himaxx Shenzhen Warehouse 37,Shenzhen,South China,Himaxx Warehouse Outlet,Warehouse Outlet,At Risk,12877,52.0,Mature,Community,47473.01,245636.27,47473.01,47473.01,45630.93,34078.05,20053.6,14024.45,0.4115,14746.54,21846.29,5752.17,4894.13,47239.12,-33214.67,-0.9747,-49918.44,-61140.48,-61140.48,-1.7941,114786.47,0.4327,0.6411,2.646427739380291,655.3471153846154,269.70096153846157,-638.7436538461538,Loss Making,High Rent Pressure,High Payroll Pressure,-80708.42
2026-03-01,S038,Himaxx Qingdao Warehouse 38,Qingdao,North China,Himaxx Warehouse Outlet,Warehouse Outlet,High Profit,15144,61.0,Mature,Community,100873.49,509114.38,100873.49,100873.49,98683.75,70673.2,41511.21,29161.99,0.4126,14570.4,21758.32,3253.09,6182.54,45764.35,-16602.36,-0.2349,-30179.43,-39050.71,-39050.71,-0.5526,110908.51,0.2062,0.3079,4.666745905969361,1158.5770491803278,478.0654098360656,-272.1698360655738,Loss Making,High Rent Pressure,High Payroll Pressure,-40235.31
2026-03-01,S039,Himaxx Shenzhen Warehouse 39,Shenzhen,South China,Himaxx Warehouse Outlet,Pop-up Clearance Warehouse,Stable,8876,36.0,Aging,Suburban Mall,68805.57,397316.57,68805.57,68805.57,66043.99,47997.41,32391.81,15605.6,0.3251,17235.25,32548.73,5233.33,6745.24,61762.54,-46156.94,-0.9617,-63517.57,-73692.5,-73692.5,-1.5353,189960.13,0.3591,0.6781,5.407549571879225,1333.261388888889,433.4888888888889,-1282.1372222222224,Loss Making,High Rent Pressure,High Payroll Pressure,-141962.72
2026-03-01,S040,Himaxx Xiamen Warehouse 40,Xiamen,South China,Himaxx Warehouse Outlet,Warehouse Outlet,High Profit,18860,75.0,Ramp-up,Community,102075.24,525835.41,102075.24,102075.24,98413.23,73929.01,44337.39,29591.62,0.4003,9258.59,18301.3,3408.7,2589.48,33558.06,-3966.44,-0.0537,-13898.96,-20610.47,-20610.47,-0.2788,83838.4,0.1252,0.2476,3.9198838812301164,985.7201333333333,394.55493333333334,-52.885866666666665,Loss Making,Normal,High Payroll Pressure,-9909.39
2026-03-01,S041,Himaxx Shanghai Warehouse 41,Shanghai,East China,Himaxx Warehouse Outlet,Shopping Center Warehouse,Loss Making,11105,44.0,Mature,Suburban Mall,36940.55,188845.99,36940.55,36940.55,35264.89,24021.45,14725.21,9296.24,0.387,14775.22,28773.3,3511.01,6838.1,53897.63,-44601.39,-1.8567,-58806.46,-69263.71,-69263.71,-2.8834,139271.27,0.6151,1.1978,2.1631202161188656,545.9420454545455,211.27818181818182,-1013.6679545454546,Loss Making,High Rent Pressure,High Payroll Pressure,-115249.81999999999
2026-03-01,S042,Himaxx Shanghai Warehouse 42,Shanghai,East China,Himaxx Warehouse Outlet,Community Warehouse,High Profit,13382,54.0,Mature,Suburban Mall,91902.25,473046.67,91902.25,91902.25,87881.32,67823.26,39711.24,28112.02,0.4145,10281.9,18030.07,2474.87,3438.32,34225.15,-6113.13,-0.0901,-15986.07,-25368.18,-25368.18,-0.374,82571.85,0.1516,0.2658,5.068245404274398,1255.9862962962961,520.5929629629629,-113.20611111111111,Loss Making,Normal,High Payroll Pressure,-14748.590000000011
2026-03-01,S043,Himaxx Hangzhou Warehouse 43,Hangzhou,East China,Himaxx Warehouse Outlet,Warehouse Outlet,Stable,12516,50.0,Mature,Suburban Mall,81605.66,418935.66,81605.66,81605.66,78024.45,53738.08,32184.28,21553.8,0.4011,7160.96,12428.21,1844.94,2690.32,24124.44,-2570.64,-0.0478,-9519.93,-14410.27,-14410.27,-0.2682,60147.21,0.1333,0.2313,4.293550655161393,1074.7616,431.07599999999996,-51.4128,Loss Making,Normal,High Payroll Pressure,-6409.129999999997
2026-03-01,S044,Himaxx Changsha Warehouse 44,Changsha,Central China,Himaxx Warehouse Outlet,Community Warehouse,High Profit,13027,52.0,Mature,Transport Hub,78153.53,406617.22,78153.53,78153.53,73117.15,54964.22,33358.35,21605.87,0.3931,10294.85,12901.87,1978.4,2479.26,27654.37,-6048.5,-0.11,-12463.35,-19379.45,-19379.45,-0.3526,70351.3,0.1873,0.2347,4.219253857373148,1057.0042307692308,415.4975,-116.3173076923077,Loss Making,Normal,High Payroll Pressure,-15387.080000000002
2026-03-01,S045,Himaxx Beijing Warehouse 45,Beijing,North China,Himaxx Warehouse Outlet,Warehouse Outlet,Stable,13930,56.0,Mature,Suburban Mall,78215.88,394642.57,78215.88,78215.88,74217.87,51551.12,30542.36,21008.76,0.4075,13200.59,25890.1,3205.83,5139.92,47436.44,-26427.68,-0.5126,-40496.83,-50317.47,-50317.47,-0.9761,116399.14,0.2561,0.5022,3.7007264895908114,920.5557142857143,375.15642857142853,-471.92285714285714,Loss Making,High Rent Pressure,High Payroll Pressure,-64848.02
2026-03-01,S046,Himaxx Shanghai Warehouse 46,Shanghai,East China,Himaxx Warehouse Outlet,Shopping Center Warehouse,High Profit,11731,47.0,Mature,Transport Hub,87204.73,426965.58,87204.73,87204.73,84674.77,68867.35,41649.36,27217.99,0.3952,8068.22,13040.08,2396.66,2279.96,25784.92,1433.07,0.0208,-5857.32,-16320.78,-16320.78,-0.237,65241.37,0.1172,0.1894,5.870543858153611,1465.2627659574468,579.106170212766,30.490851063829787,Watch,Normal,High Payroll Pressure,3625.980000000003
2026-03-01,S047,Himaxx Xiamen Warehouse 47,Xiamen,South China,Himaxx Warehouse Outlet,Warehouse Outlet,Stable,15013,60.0,Aging,Suburban Mall,80260.91,389596.38,80260.91,80260.91,76609.79,59160.47,36635.93,22524.54,0.3807,13182.61,25714.18,4278.29,6481.59,49656.67,-27132.13,-0.4586,-41309.86,-52702.4,-52702.4,-0.8908,130422.74,0.2228,0.4347,3.9406161326850064,986.0078333333333,375.409,-452.2021666666667,Loss Making,High Rent Pressure,High Payroll Pressure,-71262.27
2026-03-01,S048,Himaxx Chongqing Warehouse 48,Chongqing,West China,Himaxx Warehouse Outlet,Mall Warehouse,Stable,11072,44.0,Mature,Industrial Park,65170.44,334633.02,65170.44,65170.44,63088.75,47504.39,30223.45,17280.94,0.3638,19651.42,24139.98,3996.61,3785.49,51573.5,-34292.56,-0.7219,-48711.67,-58012.08,-58012.08,-1.2212,141772.82,0.4137,0.5082,4.290497651734104,1079.6452272727272,392.7486363636363,-779.3763636363636,Loss Making,High Rent Pressure,High Payroll Pressure,-94268.43000000001
2026-03-01,S049,Himaxx Shenzhen Warehouse 49,Shenzhen,South China,Himaxx Warehouse Outlet,Warehouse Outlet,High Profit,15170,61.0,Ramp-up,Industrial Park,92251.61,485817.51,92251.61,92251.61,89043.2,70046.64,43570.61,26476.03,0.378,14901.97,19252.32,4256.92,2765.27,41176.48,-14700.45,-0.2099,-25030.9,-33528.27,-33528.27,-0.4787,108939.06,0.2127,0.2749,4.617444957152274,1148.3055737704917,434.03327868852455,-240.9909836065574,Loss Making,High Rent Pressure,High Payroll Pressure,-38892.42
2026-03-01,S050,Himaxx Suzhou Warehouse 50,Suzhou,East China,Himaxx Warehouse Outlet,Community Warehouse,At Risk,9897,40.0,Mature,Community,60534.78,294083.51,60534.78,60534.78,56822.29,43594.74,26420.13,17174.61,0.394,18227.72,30017.44,3708.12,8798.19,60751.47,-43576.86,-0.9996,-60265.8,-73856.96,-73856.96,-1.6942,154206.96,0.4181,0.6886,4.404843892088511,1089.8685,429.36525,-1089.4215,Loss Making,High Rent Pressure,High Payroll Pressure,-110612.22
2026-03-01,S051,Himaxx Qingdao Warehouse 51,Qingdao,North China,Himaxx Warehouse Outlet,Shopping Center Warehouse,Stable,15036,60.0,Mature,Community,78640.02,371378.56,78640.02,78640.02,73532.45,58491.19,32980.26,25510.93,0.4361,11559.33,16583.35,3951.44,3718.48,35812.6,-10301.67,-0.1761,-21392.03,-29499.78,-29499.78,-0.5043,82110.74,0.1976,0.2835,3.8900764831072094,974.8531666666667,425.18216666666666,-171.6945,Loss Making,Normal,High Payroll Pressure,-23619.550000000003
2026-03-01,S052,Himaxx Shanghai Warehouse 52,Shanghai,East China,Himaxx Warehouse Outlet,Shopping Center Warehouse,Stable,12806,51.0,Mature,Suburban Mall,71222.27,330728.99,71222.27,71222.27,67158.21,48045.81,26715.35,21330.46,0.444,11613.22,22565.16,3074.97,3880.42,41133.78,-19803.32,-0.4122,-31135.55,-42210.44,-42210.44,-0.8785,92651.8,0.2417,0.4697,3.75182024051226,942.0747058823529,418.2443137254902,-388.30039215686276,Loss Making,High Rent Pressure,High Payroll Pressure,-44605.990000000005
2026-03-01,S053,Himaxx Chongqing Warehouse 53,Chongqing,West China,Himaxx Warehouse Outlet,Warehouse Outlet,High Profit,18008,72.0,Aging,Transport Hub,91622.58,486017.45,91622.58,91622.58,88424.57,66827.44,41388.87,25438.57,0.3807,14546.28,21850.3,3676.93,4540.63,44614.13,-19175.56,-0.2869,-30564.62,-38915.77,-38915.77,-0.5823,117201.88,0.2177,0.327,3.710986228342959,928.1588888888889,353.31347222222223,-266.32722222222225,Loss Making,High Rent Pressure,High Payroll Pressure,-50374.44
2026-03-01,S054,Himaxx Tianjin Warehouse 54,Tianjin,North China,Himaxx Warehouse Outlet,Community Warehouse,High Profit,11845,47.0,Ramp-up,Suburban Mall,101388.22,502651.06,101388.22,101388.22,97380.28,75120.2,45320.18,29800.02,0.3967,6965.04,9537.29,1643.89,2441.93,20588.15,9211.87,0.1226,4000.63,-1417.48,-1417.48,-0.0189,51898.83,0.0927,0.127,6.341933305192064,1598.3021276595744,634.0429787234043,195.9972340425532,Healthy,Normal,Normal,23221.369999999995
2026-03-01,S055,Himaxx Xiamen Warehouse 55,Xiamen,South China,Himaxx Warehouse Outlet,Mall Warehouse,High Profit,17922,72.0,New Store,Transport Hub,100736.29,506558.89,100736.29,100736.29,95495.8,72881.94,43545.4,29336.54,0.4025,8554.08,16522.76,1865.14,2826.25,29768.23,-431.69,-0.0059,-12145.55,-17665.54,-17665.54,-0.2424,73954.41,0.1174,0.2267,4.0666186809507865,1012.2491666666667,407.45194444444445,-5.995694444444444,Loss Making,Normal,High Payroll Pressure,-1072.4700000000012
2026-03-01,S056,Himaxx Nanjing Warehouse 56,Nanjing,East China,Himaxx Warehouse Outlet,Warehouse Outlet,High Profit,21071,84.0,Mature,Industrial Park,91820.58,473283.01,91820.58,91820.58,88471.95,65832.83,41294.36,24538.47,0.3727,7922.46,12251.84,3326.05,4164.68,27665.03,-3126.56,-0.0475,-11963.0,-19556.11,-19556.11,-0.2971,74220.89,0.1203,0.1861,3.1243334440700488,783.7241666666666,292.1246428571429,-37.22095238095238,Loss Making,Normal,High Payroll Pressure,-8388.059999999998
2026-03-01,S057,Himaxx Shanghai Warehouse 57,Shanghai,East China,Himaxx Warehouse Outlet,Warehouse Outlet,Stable,18375,74.0,New Store,Community,57724.26,301163.01,57724.26,57724.26,55132.3,36632.45,21929.82,14702.63,0.4014,19816.81,26818.89,4682.71,4539.34,55857.76,-41155.13,-1.1235,-54948.13,-63585.87,-63585.87,-1.7358,139172.84,0.541,0.7321,1.9936027210884353,495.0331081081081,198.68418918918917,-556.1504054054054,Loss Making,High Rent Pressure,High Payroll Pressure,-102540.39
2026-03-01,S058,Himaxx Xiamen Warehouse 58,Xiamen,South China,Himaxx Warehouse Outlet,Shopping Center Warehouse,At Risk,17686,71.0,Mature,Outlet Cluster,59511.84,282732.62,59511.84,59511.84,56952.01,41847.66,24061.49,17786.17,0.425,16152.45,28194.26,4867.89,6510.5,55725.11,-37938.94,-0.9066,-51397.53,-60878.65,-60878.65,-1.4548,131111.16,0.386,0.6737,2.3661461042632594,589.4036619718311,250.5094366197183,-534.3512676056338,Loss Making,High Rent Pressure,High Payroll Pressure,-89263.5
2026-03-01,S059,Himaxx Suzhou Warehouse 59,Suzhou,East China,Himaxx Warehouse Outlet,Mall Warehouse,Loss Making,13188,53.0,Mature,Suburban Mall,47515.37,234188.42,47515.37,47515.37,46853.59,38781.77,24167.85,14613.92,0.3768,24100.99,34040.32,5719.44,8460.86,72321.62,-57707.7,-1.488,-79280.86,-93801.53,-93801.53,-2.4187,191923.89,0.6215,0.8777,2.940686229905975,731.7315094339622,275.7343396226415,-1088.8245283018866,Loss Making,High Rent Pressure,High Payroll Pressure,-153142.12000000002
2026-03-01,S060,Himaxx Xi'an Warehouse 60,Xi'an,West China,Himaxx Warehouse Outlet,Mall Warehouse,High Profit,14787,59.0,Mature,Outlet Cluster,100601.23,502857.54,100601.23,100601.23,96672.68,73046.38,45579.72,27466.66,0.376,5041.07,8068.12,1359.04,2017.81,16486.04,10980.62,0.1503,5354.29,1944.61,1944.61,0.0266,43843.9,0.069,0.1105,4.93990532224251,1238.0742372881357,465.5366101694915,186.1122033898305,Healthy,Normal,Normal,29202.480000000003
2026-03-01,S061,Himaxx Xiamen Warehouse 61,Xiamen,South China,Himaxx Warehouse Outlet,Community Warehouse,Loss Making,12324,49.0,Ramp-up,Transport Hub,32538.99,162810.86,32538.99,32538.99,32086.94,25177.75,15257.51,9920.24,0.394,27877.38,40779.24,5821.29,10514.46,84992.37,-75072.13,-2.9817,-101464.33,-123196.1,-123196.1,-4.8931,215712.18,1.1072,1.6197,2.0429852320675104,513.8316326530612,202.4538775510204,-1532.084285714286,Loss Making,High Rent Pressure,High Payroll Pressure,-190534.43
2026-03-01,S062,Himaxx Xi'an Warehouse 62,Xi'an,West China,Himaxx Warehouse Outlet,Community Warehouse,Stable,13907,56.0,Mature,Suburban Mall,74866.86,378422.17,74866.86,74866.86,71287.19,55284.73,35285.21,19999.52,0.3618,14211.38,20805.81,3766.4,7356.13,46139.72,-26140.2,-0.4728,-39738.48,-53990.27,-53990.27,-0.9766,127544.16,0.2571,0.3763,3.975316746961962,987.2273214285715,357.13428571428574,-466.7892857142857,Loss Making,High Rent Pressure,High Payroll Pressure,-72259.43
2026-03-01,S063,Himaxx Nanjing Warehouse 63,Nanjing,East China,Himaxx Warehouse Outlet,Mall Warehouse,Loss Making,13719,55.0,New Store,Industrial Park,36031.24,191428.17,36031.24,36031.24,35130.79,26296.46,17769.89,8526.57,0.3242,25343.75,49695.47,6257.42,12356.15,93652.79,-85126.22,-3.2372,-110616.02,-126177.46,-126177.46,-4.7983,288830.89,0.9638,1.8898,1.916791311320067,478.1174545454545,155.02854545454545,-1547.7494545454545,Loss Making,High Rent Pressure,High Payroll Pressure,-262534.43
2026-03-01,S064,Himaxx Guangzhou Warehouse 64,Guangzhou,South China,Himaxx Warehouse Outlet,Shopping Center Warehouse,High Profit,13727,55.0,Mature,Transport Hub,92119.57,446355.34,92119.57,92119.57,89032.17,65875.44,36873.16,29002.28,0.4403,6385.26,10081.99,2007.71,2606.88,21081.83,7920.45,0.1202,859.01,-3342.88,-3342.88,-0.0507,47885.03,0.0969,0.153,4.798968456326947,1197.7352727272728,527.3141818181819,144.0081818181818,Healthy,Normal,Normal,17990.410000000003
2026-03-01,S065,Himaxx Tianjin Warehouse 65,Tianjin,North China,Himaxx Warehouse Outlet,Shopping Center Warehouse,Stable,12345,49.0,Mature,Industrial Park,86703.92,407981.13,86703.92,86703.92,81255.61,59030.01,32426.23,26603.78,0.4507,12727.31,20771.26,3137.5,3656.02,40292.09,-13688.31,-0.2319,-26394.73,-33487.83,-33487.83,-0.5673,89402.42,0.2156,0.3519,4.781693803159174,1204.694081632653,542.9342857142857,-279.35326530612247,Loss Making,High Rent Pressure,High Payroll Pressure,-30372.409999999996
2026-03-01,S066,Himaxx Tianjin Warehouse 66,Tianjin,North China,Himaxx Warehouse Outlet,Shopping Center Warehouse,At Risk,12376,50.0,Ramp-up,Industrial Park,54301.48,264747.04,54301.48,54301.48,51858.39,41281.74,25197.09,16084.65,0.3896,20226.66,37774.65,4558.32,6204.5,68764.13,-52679.48,-1.2761,-71881.26,-84703.58,-84703.58,-2.0518,176485.22,0.49,0.915,3.335628636069812,825.6347999999999,321.693,-1053.5896,Loss Making,High Rent Pressure,High Payroll Pressure,-135203.48
2026-03-01,S067,Himaxx Beijing Warehouse 67,Beijing,North China,Himaxx Warehouse Outlet,Shopping Center Warehouse,Stable,10848,43.0,Aging,Suburban Mall,73870.0,351509.11,73870.0,73870.0,71373.79,59252.33,36072.41,23179.92,0.3912,6754.38,10616.24,1825.28,2559.52,21755.42,1424.5,0.024,-6227.59,-10347.3,-10347.3,-0.1746,55611.03,0.114,0.1792,5.462051069321534,1377.9611627906977,539.0679069767441,33.127906976744185,Watch,Normal,Normal,3641.300000000003
2026-03-01,S068,Himaxx Suzhou Warehouse 68,Suzhou,East China,Himaxx Warehouse Outlet,Mall Warehouse,Stable,15607,62.0,Mature,Suburban Mall,74430.44,373014.98,74430.44,74430.44,71441.17,53203.78,34244.33,18959.45,0.3564,13656.13,17190.66,2928.06,4097.58,37872.44,-18912.99,-0.3555,-29312.04,-36197.0,-36197.0,-0.6803,106277.17,0.2567,0.3231,3.408969052348305,858.1254838709677,305.7975806451613,-305.0482258064516,Loss Making,High Rent Pressure,High Payroll Pressure,-53073.39
2026-03-01,S069,Himaxx Beijing Warehouse 69,Beijing,North China,Himaxx Warehouse Outlet,Warehouse Outlet,Stable,16532,66.0,Aging,Transport Hub,72534.91,357915.71,72534.91,72534.91,68428.55,55185.22,34159.3,21025.92,0.381,13844.28,21316.75,4573.2,5296.53,45030.76,-24004.84,-0.435,-36290.03,-50575.65,-50575.65,-0.9165,118189.0,0.2509,0.3863,3.338084926203726,836.139696969697,318.57454545454544,-363.70969696969695,Loss Making,High Rent Pressure,High Payroll Pressure,-63003.78
2026-03-01,S070,Himaxx Changsha Warehouse 70,Changsha,Central China,Himaxx Warehouse Outlet,Shopping Center Warehouse,Loss Making,13253,53.0,Mature,Industrial Park,41465.05,200161.33,41465.05,41465.05,39362.42,29233.89,16191.45,13042.44,0.4461,30599.22,37390.24,8788.71,7418.76,84196.92,-71154.48,-2.434,-90601.0,-105082.85,-105082.85,-3.5946,188722.63,1.0467,1.279,2.2058318871198974,551.5828301886793,246.08377358490566,-1342.537358490566,Loss Making,High Rent Pressure,High Payroll Pressure,-159488.74
2026-03-01,S071,Himaxx Qingdao Warehouse 71,Qingdao,North China,Himaxx Warehouse Outlet,Warehouse Outlet,Stable,20743,83.0,Mature,Community,96179.58,480988.7,96179.58,96179.58,93115.33,69307.95,42715.16,26592.79,0.3837,20839.75,30143.67,4647.91,3807.73,59439.05,-32846.26,-0.4739,-47099.99,-60549.09,-60549.09,-0.8736,154914.13,0.3007,0.4349,3.3412693438750423,835.0355421686746,320.39506024096386,-395.73807228915666,Loss Making,High Rent Pressure,High Payroll Pressure,-85606.18000000001
2026-03-01,S072,Himaxx Changsha Warehouse 72,Changsha,Central China,Himaxx Warehouse Outlet,Community Warehouse,At Risk,13415,54.0,Ramp-up,Industrial Park,46207.82,236495.46,46207.82,46207.82,43903.84,32268.92,19344.32,12924.6,0.4005,13538.33,18742.42,4390.64,3298.11,39969.5,-27044.9,-0.8381,-37014.24,-45525.4,-45525.4,-1.4108,99792.07,0.4195,0.5808,2.405435706298919,597.5725925925925,239.34444444444446,-500.8314814814815,Loss Making,High Rent Pressure,High Payroll Pressure,-67523.15000000001
2026-03-01,S073,Himaxx Tianjin Warehouse 73,Tianjin,North China,Himaxx Warehouse Outlet,Mall Warehouse,High Profit,17678,71.0,New Store,Community,86354.36,425867.52,86354.36,86354.36,83769.91,63357.56,36597.61,26759.95,0.4224,9562.1,16184.82,2988.32,4635.63,33370.87,-6610.92,-0.1043,-17050.13,-24697.6,-24697.6,-0.3898,79009.75,0.1509,0.2555,3.583977825545876,892.36,376.9007042253521,-93.11154929577465,Loss Making,Normal,High Payroll Pressure,-15652.190000000002
2026-03-01,S074,Himaxx Tianjin Warehouse 74,Tianjin,North China,Himaxx Warehouse Outlet,Warehouse Outlet,High Profit,15845,63.0,Mature,Community,110037.81,552831.52,110037.81,110037.81,105198.36,81544.01,50681.3,30862.71,0.3785,6111.75,10473.86,1480.36,1667.42,19733.4,11129.31,0.1365,5176.08,769.37,769.37,0.0094,52138.66,0.075,0.1284,5.146355948248659,1294.349365079365,489.8842857142857,176.65571428571428,Healthy,Normal,Normal,29405.34999999999
2026-03-01,S075,Himaxx Shenzhen Warehouse 75,Shenzhen,South China,Himaxx Warehouse Outlet,Warehouse Outlet,Stable,12012,48.0,Mature,Transport Hub,79891.45,400671.34,79891.45,79891.45,75250.89,58880.98,36981.61,21899.37,0.3719,12430.53,25147.8,3779.24,3654.23,45011.8,-23112.43,-0.3925,-37010.73,-47758.88,-47758.88,-0.8111,121023.54,0.2111,0.4271,4.9018464868464875,1226.6870833333335,456.236875,-481.50895833333334,Loss Making,High Rent Pressure,High Payroll Pressure,-62142.55999999999
2026-03-01,S076,Himaxx Nanjing Warehouse 76,Nanjing,East China,Himaxx Warehouse Outlet,Warehouse Outlet,At Risk,16798,67.0,Aging,Suburban Mall,60550.62,300429.82,60550.62,60550.62,58093.32,43152.53,26484.8,16667.73,0.3863,12927.27,18531.53,2707.75,3826.41,37992.97,-21325.24,-0.4942,-34573.78,-43433.05,-43433.05,-1.0065,98363.29,0.2996,0.4294,2.568908798666508,644.0676119402984,248.7720895522388,-318.2871641791045,Loss Making,High Rent Pressure,High Payroll Pressure,-55210.759999999995
2026-04-01,S001,Himaxx Beijing Warehouse 1,Beijing,North China,Himaxx Warehouse Outlet,Mall Warehouse,High Profit,15578,62.0,Mature,Suburban Mall,128268.64,638336.18,128268.64,128268.64,122231.34,85947.04,51045.13,34901.91,0.4061,19428.21,26379.21,3069.31,6700.38,55577.11,-20675.2,-0.2406,-34127.62,-43511.71,-43511.71,-0.5063,136860.36,0.226,0.3069,5.517206316600333,1386.2425806451613,562.9340322580646,-333.4709677419355,Loss Making,High Rent Pressure,High Payroll Pressure,-50913.31999999999
2026-04-01,S002,Himaxx Nanjing Warehouse 2,Nanjing,East China,Himaxx Warehouse Outlet,Shopping Center Warehouse,Stable,18227,73.0,New Store,Outlet Cluster,65581.68,331930.08,65581.68,65581.68,63117.06,45936.37,26444.94,19491.43,0.4243,21009.16,25185.84,4966.87,6068.0,57229.88,-37738.45,-0.8215,-54692.84,-68913.27,-68913.27,-1.5002,134876.34,0.4574,0.5483,2.5202375596642344,629.2653424657534,267.0058904109589,-516.9650684931506,Loss Making,High Rent Pressure,High Payroll Pressure,-88939.97
2026-04-01,S003,Himaxx Shenzhen Warehouse 3,Shenzhen,South China,Himaxx Warehouse Outlet,Warehouse Outlet,At Risk,20931,84.0,New Store,Suburban Mall,45644.83,225243.97,45644.83,45644.83,44640.49,35640.24,21870.72,13769.52,0.3863,9435.7,17034.05,3834.18,3346.78,33650.71,-19881.19,-0.5578,-28421.86,-37335.13,-37335.13,-1.0476,87099.57,0.2647,0.4779,1.7027490325354735,424.2885714285714,163.92285714285714,-236.6808333333333,Loss Making,High Rent Pressure,High Payroll Pressure,-51459.33000000001
2026-04-01,S004,Himaxx Xiamen Warehouse 4,Xiamen,South China,Himaxx Warehouse Outlet,Pop-up Clearance Warehouse,Stable,8222,33.0,Mature,Suburban Mall,59034.59,343928.62,59034.59,59034.59,57911.89,43767.67,31234.05,12533.62,0.2864,14396.42,20564.08,4539.59,5198.99,44699.08,-32165.46,-0.7349,-44222.77,-52642.67,-52642.67,-1.2028,156090.16,0.3289,0.4698,5.3232388713208465,1326.2930303030303,379.8066666666667,-974.710909090909,Loss Making,High Rent Pressure,High Payroll Pressure,-112322.49
2026-04-01,S005,Himaxx Changsha Warehouse 5,Changsha,Central China,Himaxx Warehouse Outlet,Shopping Center Warehouse,At Risk,13123,52.0,Ramp-up,Transport Hub,58563.93,301911.84,58563.93,58563.93,56094.41,41039.18,24037.08,17002.1,0.4143,16497.14,24013.46,5736.08,4928.62,51175.3,-34173.2,-0.8327,-49311.47,-60043.45,-60043.45,-1.4631,123525.47,0.402,0.5851,3.1272712032309684,789.215,326.9634615384615,-657.176923076923,Loss Making,High Rent Pressure,High Payroll Pressure,-82486.29000000001
2026-04-01,S006,Himaxx Qingdao Warehouse 6,Qingdao,North China,Himaxx Warehouse Outlet,Warehouse Outlet,At Risk,18648,75.0,Mature,Suburban Mall,59919.17,308611.6,59919.17,59919.17,57807.15,44961.59,28870.92,16090.67,0.3579,17687.55,26273.61,5930.71,6647.72,56539.59,-40448.92,-0.8996,-57027.97,-66430.06,-66430.06,-1.4775,157986.59,0.3934,0.5844,2.4110676748176747,599.4878666666666,214.54226666666668,-539.3189333333333,Loss Making,High Rent Pressure,High Payroll Pressure,-113025.0
2026-04-01,S007,Himaxx Wuhan Warehouse 7,Wuhan,Central China,Himaxx Warehouse Outlet,Mall Warehouse,Stable,16119,64.0,Mature,Suburban Mall,72468.67,352511.49,72468.67,72468.67,71093.26,53529.81,30356.75,23173.06,0.4329,19923.75,28477.01,5174.48,4721.46,58296.7,-35123.64,-0.6562,-53505.42,-66912.06,-66912.06,-1.25,134665.47,0.3722,0.532,3.3209138284012654,836.40328125,362.0790625,-548.806875,Loss Making,High Rent Pressure,High Payroll Pressure,-81135.66
2026-04-01,S008,Himaxx Changsha Warehouse 8,Changsha,Central China,Himaxx Warehouse Outlet,Mall Warehouse,High Profit,11871,47.0,Mature,Industrial Park,93992.96,469729.23,93992.96,93992.96,88616.06,69800.07,43116.32,26683.75,0.3823,11118.0,19452.7,2605.57,5013.32,38189.59,-11505.84,-0.1648,-24592.79,-32297.12,-32297.12,-0.4627,99897.36,0.1593,0.2787,5.879881223148851,1485.1078723404257,567.7393617021277,-244.80510638297872,Loss Making,Normal,High Payroll Pressure,-30097.289999999994
2026-04-01,S009,Himaxx Changsha Warehouse 9,Changsha,Central China,Himaxx Warehouse Outlet,Mall Warehouse,High Profit,11335,45.0,Mature,Suburban Mall,98911.92,484592.39,98911.92,98911.92,95020.55,69215.01,41059.66,28155.35,0.4068,7272.99,14721.04,2848.32,2588.34,27430.7,724.65,0.0105,-8331.68,-13786.1,-13786.1,-0.1992,67433.58,0.1051,0.2127,6.106308778120864,1538.1113333333333,625.6744444444444,16.10333333333333,Watch,Normal,High Payroll Pressure,1781.429999999993
2026-04-01,S010,Himaxx Changsha Warehouse 10,Changsha,Central China,Himaxx Warehouse Outlet,Community Warehouse,Stable,10286,41.0,New Store,Suburban Mall,81936.88,401979.5,81936.88,81936.88,77571.15,58107.23,35436.57,22670.66,0.3902,17886.38,23826.99,3555.06,5188.79,50457.22,-27786.56,-0.4782,-42966.53,-52238.92,-52238.92,-0.899,129327.04,0.3078,0.4101,5.649157106747035,1417.249512195122,552.9429268292683,-677.7209756097561,Loss Making,High Rent Pressure,High Payroll Pressure,-71219.81
2026-04-01,S011,Himaxx Chengdu Warehouse 11,Chengdu,West China,Himaxx Warehouse Outlet,Community Warehouse,At Risk,13815,55.0,Ramp-up,Suburban Mall,52840.62,263124.52,52840.62,52840.62,50814.98,35850.33,20864.04,14986.29,0.418,22293.91,29775.95,7503.72,8457.4,68030.98,-53044.69,-1.4796,-74219.78,-90700.27,-90700.27,-2.53,162744.29,0.6219,0.8306,2.5950293159609124,651.8241818181818,272.478,-964.4489090909092,Loss Making,High Rent Pressure,High Payroll Pressure,-126893.96
2026-04-01,S012,Himaxx Beijing Warehouse 12,Beijing,North China,Himaxx Warehouse Outlet,Warehouse Outlet,High Profit,17792,71.0,Mature,Community,104422.59,540658.74,104422.59,104422.59,98395.84,82498.56,54693.65,27804.91,0.337,5316.08,9106.4,1792.46,1892.36,18107.3,9697.61,0.1175,3090.36,-1436.76,-1436.76,-0.0174,53725.25,0.0644,0.1104,4.636834532374101,1161.9515492957746,391.6184507042253,136.5860563380282,Healthy,Normal,Normal,28773.309999999998
2026-04-01,S013,Himaxx Shenzhen Warehouse 13,Shenzhen,South China,Himaxx Warehouse Outlet,Community Warehouse,High Profit,10494,42.0,Ramp-up,Suburban Mall,93558.47,465484.76,93558.47,93558.47,88272.72,67282.57,39347.44,27935.13,0.4152,5896.12,11469.39,2174.56,1812.07,21352.14,6582.99,0.0978,-705.25,-4639.07,-4639.07,-0.0689,51427.25,0.0876,0.1705,6.411527539546408,1601.9659523809526,665.1221428571429,156.73785714285714,Watch,Normal,Normal,15855.320000000007
2026-04-01,S014,Himaxx Tianjin Warehouse 14,Tianjin,North China,Himaxx Warehouse Outlet,Shopping Center Warehouse,Stable,13468,54.0,Mature,Transport Hub,55131.85,273696.34,55131.85,55131.85,53368.33,37509.12,21191.24,16317.88,0.435,11655.31,15878.16,2934.06,2583.17,33050.7,-16732.82,-0.4461,-26246.47,-31522.98,-31522.98,-0.8404,75972.03,0.3107,0.4233,2.785054945054945,694.6133333333333,302.18296296296296,-309.86703703703705,Loss Making,High Rent Pressure,High Payroll Pressure,-38462.909999999996
2026-04-01,S015,Himaxx Hangzhou Warehouse 15,Hangzhou,East China,Himaxx Warehouse Outlet,Mall Warehouse,Stable,14573,58.0,Mature,Community,66104.87,330206.28,66104.87,66104.87,64509.03,50197.25,31757.14,18440.11,0.3674,14845.2,25497.65,5364.36,5488.97,51196.18,-32756.07,-0.6525,-44795.89,-56943.29,-56943.29,-1.1344,139365.07,0.2957,0.5079,3.4445378439580043,865.4698275862069,317.93293103448275,-564.7598275862069,Loss Making,High Rent Pressure,High Payroll Pressure,-89167.82
2026-04-01,S016,Himaxx Chengdu Warehouse 16,Chengdu,West China,Himaxx Warehouse Outlet,Shopping Center Warehouse,High Profit,15540,62.0,Mature,Transport Hub,104663.27,505316.93,104663.27,104663.27,100289.54,70251.54,40279.75,29971.79,0.4266,7149.01,13414.29,1410.93,2376.81,24351.04,5620.75,0.08,-2575.74,-6743.51,-6743.51,-0.096,57076.95,0.1018,0.1909,4.5206911196911195,1133.0893548387096,483.4159677419355,90.65725806451613,Watch,Normal,High Payroll Pressure,13174.589999999997
2026-04-01,S017,Himaxx Hangzhou Warehouse 17,Hangzhou,East China,Himaxx Warehouse Outlet,Shopping Center Warehouse,Stable,10374,41.0,Mature,Community,77919.97,379670.13,77919.97,77919.97,75460.27,57833.55,34447.72,23385.83,0.4044,12705.75,16461.83,4169.98,5120.01,38457.57,-15071.74,-0.2606,-27108.91,-33540.65,-33540.65,-0.58,95106.21,0.2197,0.2846,5.574855407750145,1410.5743902439026,570.3860975609756,-367.60341463414636,Loss Making,High Rent Pressure,High Payroll Pressure,-37272.66
2026-04-01,S018,Himaxx Xi'an Warehouse 18,Xi'an,West China,Himaxx Warehouse Outlet,Mall Warehouse,High Profit,17488,70.0,Aging,Outlet Cluster,80689.22,404600.35,80689.22,80689.22,76968.52,58317.52,37797.69,20519.83,0.3519,9880.12,17221.99,3002.93,3731.65,33836.7,-13316.87,-0.2284,-21808.92,-28609.1,-28609.1,-0.4906,96164.16,0.1694,0.2953,3.3347163769441903,833.1074285714285,293.1404285714286,-190.241,Loss Making,Normal,High Payroll Pressure,-37846.64000000001
2026-04-01,S019,Himaxx Qingdao Warehouse 19,Qingdao,North China,Himaxx Warehouse Outlet,Shopping Center Warehouse,At Risk,13159,53.0,New Store,Transport Hub,63378.56,322735.31,63378.56,63378.56,61259.94,47959.15,29696.91,18262.24,0.3808,9891.19,15198.17,2319.21,3191.74,30600.31,-12338.07,-0.2573,-20395.66,-26028.62,-26028.62,-0.5427,80360.62,0.2062,0.3169,3.644589254502622,904.8896226415095,344.5705660377359,-232.79377358490567,Loss Making,High Rent Pressure,High Payroll Pressure,-32401.469999999994
2026-04-01,S020,Himaxx Shanghai Warehouse 20,Shanghai,East China,Himaxx Warehouse Outlet,Warehouse Outlet,High Profit,20311,81.0,Aging,Suburban Mall,91824.85,473859.07,91824.85,91824.85,89428.96,65986.86,40589.47,25397.39,0.3849,10920.4,14952.74,2760.79,4235.49,32869.41,-7472.02,-0.1132,-15120.96,-21162.6,-21162.6,-0.3207,85400.49,0.1655,0.2266,3.248823790064497,814.6525925925926,313.548024691358,-92.24716049382717,Loss Making,Normal,High Payroll Pressure,-19413.630000000005
2026-04-01,S021,Himaxx Changsha Warehouse 21,Changsha,Central China,Himaxx Warehouse Outlet,Pop-up Clearance Warehouse,High Profit,6863,27.0,Mature,Suburban Mall,74490.43,450686.71,74490.43,74490.43,70200.71,53316.01,39442.4,13873.61,0.2602,5633.57,7141.38,1261.79,1487.96,15524.7,-1651.09,-0.031,-5354.42,-8496.56,-8496.56,-0.1594,59661.12,0.1057,0.1339,7.768615765700131,1974.667037037037,513.8374074074075,-61.151481481481476,Loss Making,Normal,Normal,-6345.110000000001
2026-04-01,S022,Himaxx Xiamen Warehouse 22,Xiamen,South China,Himaxx Warehouse Outlet,Mall Warehouse,At Risk,16432,66.0,Ramp-up,Outlet Cluster,55502.46,279833.26,55502.46,55502.46,52512.69,38672.29,23190.73,15481.56,0.4003,8105.73,14779.22,2197.03,3500.41,28582.38,-13100.82,-0.3388,-21533.34,-25799.54,-25799.54,-0.6671,71397.59,0.2096,0.3822,2.3534743184031157,585.9437878787879,234.5690909090909,-198.49727272727273,Loss Making,High Rent Pressure,High Payroll Pressure,-32725.299999999996
2026-04-01,S023,Himaxx Changsha Warehouse 23,Changsha,Central China,Himaxx Warehouse Outlet,Mall Warehouse,Stable,17644,71.0,Mature,Industrial Park,69693.42,359095.95,69693.42,69693.42,65644.57,50167.0,30848.93,19318.07,0.3851,16261.92,21509.62,3121.18,4223.9,45116.62,-25798.55,-0.5143,-35017.03,-42636.41,-42636.41,-0.8499,117163.11,0.3242,0.4288,2.8432895035139425,706.5774647887324,272.08549295774645,-363.35985915492955,Loss Making,High Rent Pressure,High Payroll Pressure,-66996.11
2026-04-01,S024,Himaxx Chongqing Warehouse 24,Chongqing,West China,Himaxx Warehouse Outlet,Mall Warehouse,Loss Making,14768,59.0,Mature,Suburban Mall,36880.27,182779.22,36880.27,36880.27,36127.47,24979.68,15299.15,9680.53,0.3875,9997.56,14483.0,1784.86,3334.52,29599.94,-19919.41,-0.7974,-27828.82,-34282.31,-34282.31,-1.3724,76379.81,0.4002,0.5798,1.6914734561213434,423.38440677966105,164.07677966101696,-337.6171186440678,Loss Making,High Rent Pressure,High Payroll Pressure,-51400.13
2026-04-01,S025,Himaxx Hangzhou Warehouse 25,Hangzhou,East China,Himaxx Warehouse Outlet,Shopping Center Warehouse,Stable,15307,61.0,Mature,Community,79725.06,390238.56,79725.06,79725.06,77944.34,58121.94,34759.54,23362.4,0.402,16092.33,24938.41,4791.76,4648.07,50470.58,-27108.18,-0.4664,-41930.0,-52781.62,-52781.62,-0.9081,125562.78,0.2769,0.4291,3.7970823806101786,952.8186885245902,382.9901639344263,-444.396393442623,Loss Making,High Rent Pressure,High Payroll Pressure,-67440.84
2026-04-01,S026,Himaxx Beijing Warehouse 26,Beijing,North China,Himaxx Warehouse Outlet,Shopping Center Warehouse,High Profit,12478,50.0,Ramp-up,Suburban Mall,99639.81,500901.32,99639.81,99639.81,94884.46,70268.17,42305.6,27962.57,0.3979,13283.52,16937.33,2232.96,5115.13,37568.94,-9606.37,-0.1367,-21785.02,-30237.07,-30237.07,-0.4303,94408.38,0.189,0.241,5.6313648020516105,1405.3634,559.2514,-192.12740000000002,Loss Making,Normal,High Payroll Pressure,-24140.210000000006
2026-04-01,S027,Himaxx Chengdu Warehouse 27,Chengdu,West China,Himaxx Warehouse Outlet,Shopping Center Warehouse,Loss Making,11438,46.0,Ramp-up,Suburban Mall,32392.48,149175.38,32392.48,32392.48,31378.33,22618.07,12038.96,10579.11,0.4677,23218.07,42887.0,7764.47,8580.89,82450.43,-71871.32,-3.1776,-91729.9,-107663.08,-107663.08,-4.76,176278.49,1.0265,1.8961,1.9774497289735968,491.69717391304346,229.98065217391306,-1562.42,Loss Making,High Rent Pressure,High Payroll Pressure,-153660.41999999998
2026-04-01,S028,Himaxx Chongqing Warehouse 28,Chongqing,West China,Himaxx Warehouse Outlet,Warehouse Outlet,At Risk,17911,72.0,Mature,Outlet Cluster,50186.15,252907.35,50186.15,50186.15,48110.92,34708.92,21518.17,13190.75,0.38,15628.52,29303.94,6088.92,6683.48,57704.86,-44514.11,-1.2825,-57334.07,-71218.9,-71218.9,-2.0519,151839.24,0.4503,0.8443,1.9378549494723911,482.0683333333333,183.20486111111111,-618.2515277777778,Loss Making,High Rent Pressure,High Payroll Pressure,-117130.31999999999
2026-04-01,S029,Himaxx Suzhou Warehouse 29,Suzhou,East China,Himaxx Warehouse Outlet,Warehouse Outlet,Stable,14493,58.0,Mature,Industrial Park,76937.0,394436.1,76937.0,76937.0,74037.18,59790.4,37856.47,21933.93,0.3668,11899.33,16945.02,3519.57,4517.89,36881.81,-14947.88,-0.25,-24650.57,-30230.63,-30230.63,-0.5056,100537.31,0.199,0.2834,4.12546746705306,1030.8689655172413,378.1712068965517,-257.7220689655172,Loss Making,Normal,High Payroll Pressure,-40746.909999999996
2026-04-01,S030,Himaxx Beijing Warehouse 30,Beijing,North China,Himaxx Warehouse Outlet,Warehouse Outlet,At Risk,12991,52.0,Mature,Transport Hub,52200.21,257374.3,52200.21,52200.21,50347.67,38835.85,23922.93,14912.92,0.384,13215.52,23154.51,3461.07,4165.14,43996.24,-29083.32,-0.7489,-42185.85,-49112.72,-49112.72,-1.2646,114573.89,0.3403,0.5962,2.989442691093834,746.8432692307692,286.7869230769231,-559.2946153846153,Loss Making,High Rent Pressure,High Payroll Pressure,-75738.04000000001
2026-04-01,S031,Himaxx Xi'an Warehouse 31,Xi'an,West China,Himaxx Warehouse Outlet,Warehouse Outlet,At Risk,17142,69.0,Mature,Suburban Mall,55603.49,281002.25,55603.49,55603.49,52279.75,38135.63,24167.29,13968.34,0.3663,12914.26,23463.45,3951.09,5449.25,45778.05,-31809.71,-0.8341,-47004.8,-58268.47,-58268.47,-1.5279,124980.82,0.3386,0.6153,2.224689651149224,552.6902898550725,202.43971014492755,-461.0102898550725,Loss Making,High Rent Pressure,High Payroll Pressure,-86845.19
2026-04-01,S032,Himaxx Wuhan Warehouse 32,Wuhan,Central China,Himaxx Warehouse Outlet,Mall Warehouse,Stable,12940,52.0,Mature,Suburban Mall,67149.08,329980.02,67149.08,67149.08,64507.84,48365.23,27550.43,20814.8,0.4304,12027.5,19197.34,3792.48,4636.69,39654.01,-18839.21,-0.3895,-27397.44,-38256.6,-38256.6,-0.791,92139.98,0.2487,0.3969,3.737653013910356,930.100576923077,400.2846153846154,-362.29249999999996,Loss Making,High Rent Pressure,High Payroll Pressure,-43774.74999999999
2026-04-01,S033,Himaxx Chongqing Warehouse 33,Chongqing,West China,Himaxx Warehouse Outlet,Mall Warehouse,At Risk,14283,57.0,Mature,Industrial Park,62938.04,310632.77,62938.04,62938.04,61069.69,45532.29,27041.1,18491.19,0.4061,21108.16,28692.43,7849.63,5576.31,63226.53,-44735.34,-0.9825,-60706.16,-82999.8,-82999.8,-1.8229,155687.58,0.4636,0.6302,3.1878659945389622,798.812105263158,324.40684210526314,-784.8305263157894,Loss Making,High Rent Pressure,High Payroll Pressure,-110155.28999999998
2026-04-01,S034,Himaxx Shenzhen Warehouse 34,Shenzhen,South China,Himaxx Warehouse Outlet,Warehouse Outlet,High Profit,20607,82.0,Mature,Suburban Mall,111516.54,545560.21,111516.54,111516.54,106781.39,79454.3,45346.81,34107.49,0.4293,11493.39,15460.43,2767.1,2260.21,31981.14,2126.35,0.0268,-5095.41,-10606.43,-10606.43,-0.1335,74500.9,0.1447,0.1946,3.8556946668607757,968.9548780487805,415.945,25.93109756097561,Watch,Normal,High Payroll Pressure,4953.400000000009
2026-04-01,S035,Himaxx Chongqing Warehouse 35,Chongqing,West China,Himaxx Warehouse Outlet,Pop-up Clearance Warehouse,At Risk,9562,38.0,Ramp-up,Industrial Park,44998.85,265157.93,44998.85,44998.85,44086.3,32261.48,22351.46,9910.02,0.3072,12927.28,15218.02,3125.85,3330.55,34601.71,-24691.69,-0.7654,-33694.46,-43882.04,-43882.04,-1.3602,112643.79,0.4007,0.4717,3.3739259569127795,848.9863157894737,260.79,-649.7813157894736,Loss Making,High Rent Pressure,High Payroll Pressure,-80382.31
2026-04-01,S036,Himaxx Nanjing Warehouse 36,Nanjing,East China,Himaxx Warehouse Outlet,Warehouse Outlet,Stable,17724,71.0,Mature,Community,62337.15,304819.57,62337.15,62337.15,59107.73,43550.42,26135.78,17414.64,0.3999,7991.98,14713.57,2715.9,3305.1,28726.55,-11311.91,-0.2597,-20652.4,-26178.59,-26178.59,-0.6011,71839.16,0.1835,0.3379,2.4571439855563075,613.3861971830986,245.27661971830986,-159.32267605633803,Loss Making,Normal,High Payroll Pressure,-28288.740000000005
2026-04-01,S037,Himaxx Shenzhen Warehouse 37,Shenzhen,South China,Himaxx Warehouse Outlet,Warehouse Outlet,At Risk,12877,52.0,Mature,Community,60148.13,301374.5,60148.13,60148.13,58888.53,46811.77,30191.47,16620.3,0.355,22848.35,29464.85,5532.34,5269.64,63115.18,-46494.88,-0.9932,-61007.84,-77401.67,-77401.67,-1.6535,177766.55,0.4881,0.6294,3.6353009241282903,900.2263461538461,319.62115384615385,-894.1323076923077,Loss Making,High Rent Pressure,High Payroll Pressure,-130954.78
2026-04-01,S038,Himaxx Qingdao Warehouse 38,Qingdao,North China,Himaxx Warehouse Outlet,Warehouse Outlet,High Profit,15144,61.0,Mature,Community,96129.4,486043.53,96129.4,96129.4,92885.54,70664.79,45002.56,25662.23,0.3632,16134.16,22388.66,4616.73,3445.21,46584.75,-20922.52,-0.2961,-35345.14,-43284.27,-43284.27,-0.6125,128278.09,0.2283,0.3168,4.666190570522979,1158.4391803278688,420.6922950819672,-342.992131147541,Loss Making,High Rent Pressure,High Payroll Pressure,-57613.3
2026-04-01,S039,Himaxx Shenzhen Warehouse 39,Shenzhen,South China,Himaxx Warehouse Outlet,Pop-up Clearance Warehouse,Stable,8876,36.0,Aging,Suburban Mall,71093.87,427723.38,71093.87,71093.87,68031.68,50217.13,36256.98,13960.15,0.278,13954.16,25716.6,4040.93,4325.86,48037.55,-34077.4,-0.6786,-48366.69,-59272.04,-59272.04,-1.1803,172799.56,0.2779,0.5121,5.657630689499775,1394.9202777777778,387.78194444444443,-946.5944444444444,Loss Making,High Rent Pressure,High Payroll Pressure,-122582.43
2026-04-01,S040,Himaxx Xiamen Warehouse 40,Xiamen,South China,Himaxx Warehouse Outlet,Warehouse Outlet,High Profit,18860,75.0,Ramp-up,Community,99216.34,495395.26,99216.34,99216.34,96293.14,76764.46,48103.34,28661.12,0.3734,10747.97,11670.33,2387.63,2973.25,27779.18,881.94,0.0115,-8376.65,-13255.93,-13255.93,-0.1727,74402.32,0.14,0.152,4.070225874867445,1023.5261333333334,382.14826666666664,11.7592,Watch,Normal,Normal,2362.1399999999994
2026-04-01,S041,Himaxx Shanghai Warehouse 41,Shanghai,East China,Himaxx Warehouse Outlet,Shopping Center Warehouse,Loss Making,11105,44.0,Mature,Suburban Mall,49313.78,226729.16,49313.78,49313.78,47334.19,38890.56,22747.57,16142.99,0.4151,15454.31,32503.88,6493.93,7831.25,62283.36,-46140.37,-1.1864,-65004.04,-75737.69,-75737.69,-1.9475,150048.72,0.3974,0.8358,3.5020765420981537,883.8763636363636,366.88613636363635,-1048.6447727272728,Loss Making,High Rent Pressure,High Payroll Pressure,-111158.16
2026-04-01,S042,Himaxx Shanghai Warehouse 42,Shanghai,East China,Himaxx Warehouse Outlet,Community Warehouse,High Profit,13382,54.0,Mature,Suburban Mall,83928.56,421369.53,83928.56,83928.56,78968.44,61238.36,38376.33,22862.03,0.3733,8682.79,10264.28,1715.29,2586.92,23249.29,-387.26,-0.0063,-7978.72,-12702.64,-12702.64,-0.2074,62275.66,0.1418,0.1676,4.576173965027649,1134.0437037037036,423.3709259259259,-7.171481481481481,Loss Making,Normal,Normal,-1037.300000000003
2026-04-01,S043,Himaxx Hangzhou Warehouse 43,Hangzhou,East China,Himaxx Warehouse Outlet,Warehouse Outlet,Stable,12516,50.0,Mature,Suburban Mall,80489.92,405996.09,80489.92,80489.92,77334.65,54869.86,33042.03,21827.83,0.3978,15880.59,27606.99,3261.29,7733.46,54482.33,-32654.5,-0.5951,-46506.16,-56759.93,-56759.93,-1.0344,136955.34,0.2894,0.5031,4.383977309044424,1097.3972,436.55660000000006,-653.09,Loss Making,High Rent Pressure,High Payroll Pressure,-82085.48
2026-04-01,S044,Himaxx Changsha Warehouse 44,Changsha,Central China,Himaxx Warehouse Outlet,Community Warehouse,High Profit,13027,52.0,Mature,Transport Hub,79454.0,393969.83,79454.0,79454.0,76867.65,56329.04,32869.61,23459.43,0.4165,12363.81,20938.89,2969.87,4456.54,40729.11,-17269.68,-0.3066,-29856.67,-39145.81,-39145.81,-0.6949,97795.71,0.2195,0.3717,4.324022414984263,1083.2507692307693,451.1428846153846,-332.10923076923075,Loss Making,High Rent Pressure,High Payroll Pressure,-41466.670000000006
2026-04-01,S045,Himaxx Beijing Warehouse 45,Beijing,North China,Himaxx Warehouse Outlet,Warehouse Outlet,Stable,13930,56.0,Mature,Suburban Mall,76062.99,398599.92,76062.99,76062.99,72382.97,53298.18,33490.3,19807.88,0.3716,10234.47,18589.14,3853.86,2864.11,35541.57,-15733.69,-0.2952,-25443.15,-32585.36,-32585.36,-0.6114,95633.7,0.192,0.3488,3.826143575017947,951.7532142857143,353.71214285714285,-280.95875,Loss Making,Normal,High Payroll Pressure,-42335.52
2026-04-01,S046,Himaxx Shanghai Warehouse 46,Shanghai,East China,Himaxx Warehouse Outlet,Shopping Center Warehouse,High Profit,11731,47.0,Mature,Transport Hub,90957.55,437110.7,90957.55,90957.55,87244.16,67606.78,40706.85,26899.93,0.3979,7281.67,12359.84,1359.39,2524.26,23525.16,3374.77,0.0499,-3583.32,-8120.54,-8120.54,-0.1201,59125.08,0.1077,0.1828,5.76308754581877,1438.4421276595745,572.3389361702127,71.8036170212766,Watch,Normal,High Payroll Pressure,8481.699999999997
2026-04-01,S047,Himaxx Xiamen Warehouse 47,Xiamen,South China,Himaxx Warehouse Outlet,Warehouse Outlet,Stable,15013,60.0,Aging,Suburban Mall,82669.94,423355.25,82669.94,82669.94,78198.03,59796.0,36081.25,23714.75,0.3966,13899.72,18578.53,3286.17,3622.66,39387.07,-15672.32,-0.2621,-27195.31,-36338.68,-36338.68,-0.6077,99313.27,0.2325,0.3107,3.9829481116365817,996.6,395.24583333333334,-261.20533333333333,Loss Making,High Rent Pressure,High Payroll Pressure,-39517.270000000004
2026-04-01,S048,Himaxx Chongqing Warehouse 48,Chongqing,West China,Himaxx Warehouse Outlet,Mall Warehouse,Stable,11072,44.0,Mature,Industrial Park,68328.61,350028.98,68328.61,68328.61,66279.43,47682.75,28893.1,18789.65,0.3941,9571.92,18510.51,3821.22,4380.04,36283.69,-17494.04,-0.3669,-26524.8,-32940.9,-32940.9,-0.6908,92077.62,0.2007,0.3882,4.306606755780347,1083.6988636363637,427.0375,-397.5918181818182,Loss Making,High Rent Pressure,High Payroll Pressure,-44394.869999999995
2026-04-01,S049,Himaxx Shenzhen Warehouse 49,Shenzhen,South China,Himaxx Warehouse Outlet,Warehouse Outlet,High Profit,15170,61.0,Ramp-up,Industrial Park,98102.5,496859.47,98102.5,98102.5,92518.76,72553.1,44870.14,27682.96,0.3816,18680.6,19943.51,3958.95,6166.87,48749.93,-21066.97,-0.2904,-34986.41,-44397.16,-44397.16,-0.6119,127766.64,0.2575,0.2749,4.7826697429136455,1189.3950819672132,453.8190163934426,-345.3601639344262,Loss Making,High Rent Pressure,High Payroll Pressure,-55213.53999999999
2026-04-01,S050,Himaxx Suzhou Warehouse 50,Suzhou,East China,Himaxx Warehouse Outlet,Community Warehouse,At Risk,9897,40.0,Mature,Community,46526.42,237389.14,46526.42,46526.42,45340.21,34146.0,20790.6,13355.4,0.3911,15939.24,25180.96,3877.93,5477.07,50475.2,-37119.8,-1.0871,-50947.5,-59797.46,-59797.46,-1.7512,129050.88,0.4668,0.7374,3.4501364049712033,853.65,333.885,-927.9950000000001,Loss Making,High Rent Pressure,High Payroll Pressure,-94904.88
2026-04-01,S051,Himaxx Qingdao Warehouse 51,Qingdao,North China,Himaxx Warehouse Outlet,Shopping Center Warehouse,Stable,15036,60.0,Mature,Community,73575.27,359491.4,73575.27,73575.27,70454.4,54418.77,31824.05,22594.72,0.4152,10682.09,13036.22,1926.42,3944.14,29588.88,-6994.16,-0.1285,-15168.13,-19952.87,-19952.87,-0.3667,71264.01,0.1963,0.2396,3.619231843575419,906.9794999999999,376.57866666666666,-116.56933333333333,Loss Making,Normal,High Payroll Pressure,-16845.239999999998
2026-04-01,S052,Himaxx Shanghai Warehouse 52,Shanghai,East China,Himaxx Warehouse Outlet,Shopping Center Warehouse,Stable,12806,51.0,Mature,Suburban Mall,69780.53,338168.04,69780.53,69780.53,66224.5,48697.41,29151.85,19545.56,0.4014,14882.83,17755.37,3790.47,3576.79,40005.47,-20459.91,-0.4201,-31633.07,-38868.61,-38868.61,-0.7982,99672.91,0.3056,0.3646,3.802702639387787,954.8511764705883,383.2462745098039,-401.17470588235295,Loss Making,High Rent Pressure,High Payroll Pressure,-50975.5
2026-04-01,S053,Himaxx Chongqing Warehouse 53,Chongqing,West China,Himaxx Warehouse Outlet,Warehouse Outlet,High Profit,18008,72.0,Aging,Transport Hub,96553.05,497647.34,96553.05,96553.05,93254.74,65224.97,40816.08,24408.89,0.3742,16901.92,23817.44,4825.14,3145.06,48689.56,-24280.67,-0.3723,-33890.71,-42095.34,-42095.34,-0.6454,130107.31,0.2591,0.3652,3.621999666814749,905.9023611111111,339.0123611111111,-337.2315277777777,Loss Making,High Rent Pressure,High Payroll Pressure,-64882.34
2026-04-01,S054,Himaxx Tianjin Warehouse 54,Tianjin,North China,Himaxx Warehouse Outlet,Community Warehouse,High Profit,11845,47.0,Ramp-up,Suburban Mall,77894.35,390799.91,77894.35,77894.35,74243.7,57635.43,36177.69,21457.74,0.3723,7022.5,7710.94,1362.97,1620.95,17717.36,3740.38,0.0649,-736.37,-4412.99,-4412.99,-0.0766,47588.78,0.1218,0.1338,4.865802448290418,1226.2857446808512,456.5476595744681,79.58255319148937,Watch,Normal,Normal,10046.650000000001
2026-04-01,S055,Himaxx Xiamen Warehouse 55,Xiamen,South China,Himaxx Warehouse Outlet,Mall Warehouse,High Profit,17922,72.0,New Store,Transport Hub,113768.41,556095.75,113768.41,113768.41,111048.04,85919.46,51312.73,34606.73,0.4028,10390.62,15029.35,2471.43,3674.47,31565.86,3040.87,0.0354,-8778.09,-17146.09,-17146.09,-0.1996,78369.77,0.1209,0.1749,4.794077669902913,1193.3258333333333,480.6490277777778,42.23430555555555,Watch,Normal,Normal,7549.690000000002
2026-04-01,S056,Himaxx Nanjing Warehouse 56,Nanjing,East China,Himaxx Warehouse Outlet,Warehouse Outlet,High Profit,21071,84.0,Mature,Industrial Park,104949.7,511294.23,104949.7,104949.7,100562.29,77390.45,47168.73,30221.72,0.3905,12427.93,18653.2,2108.0,4727.51,37916.64,-7694.92,-0.0994,-18196.02,-24416.81,-24416.81,-0.3155,97095.27,0.1606,0.241,3.6728418205116036,921.3148809523809,359.78238095238095,-91.60619047619048,Loss Making,Normal,High Payroll Pressure,-19704.820000000007
2026-04-01,S057,Himaxx Shanghai Warehouse 57,Shanghai,East China,Himaxx Warehouse Outlet,Warehouse Outlet,Stable,18375,74.0,New Store,Community,70989.32,356398.11,70989.32,70989.32,68307.71,50885.46,30592.66,20292.8,0.3988,16784.47,24142.37,3998.62,4642.92,49568.39,-29275.59,-0.5753,-40673.69,-48850.06,-48850.06,-0.96,124295.83,0.3298,0.4744,2.7692767346938774,687.6413513513513,274.227027027027,-395.61608108108106,Loss Making,High Rent Pressure,High Payroll Pressure,-73410.37
2026-04-01,S058,Himaxx Xiamen Warehouse 58,Xiamen,South China,Himaxx Warehouse Outlet,Shopping Center Warehouse,At Risk,17686,71.0,Mature,Outlet Cluster,50834.41,251945.11,50834.41,50834.41,49365.71,33550.38,18441.13,15109.25,0.4503,14327.86,19125.08,3467.09,3953.64,40873.68,-25764.43,-0.7679,-38796.18,-49268.88,-49268.88,-1.4685,90760.78,0.4271,0.57,1.8970021485921067,472.54056338028164,212.80633802816902,-362.8792957746479,Loss Making,High Rent Pressure,High Payroll Pressure,-57210.4
2026-04-01,S059,Himaxx Suzhou Warehouse 59,Suzhou,East China,Himaxx Warehouse Outlet,Mall Warehouse,Loss Making,13188,53.0,Mature,Suburban Mall,42880.26,213149.5,42880.26,42880.26,41726.41,31751.52,18435.29,13316.23,0.4194,11383.2,19285.48,4521.48,6037.18,41227.35,-27911.12,-0.879,-38114.78,-47387.17,-47387.17,-1.4924,98303.42,0.3585,0.6074,2.407606915377616,599.0852830188679,251.24962264150943,-526.6249056603773,Loss Making,High Rent Pressure,High Payroll Pressure,-66551.9
2026-04-01,S060,Himaxx Xi'an Warehouse 60,Xi'an,West China,Himaxx Warehouse Outlet,Mall Warehouse,High Profit,14787,59.0,Mature,Outlet Cluster,91853.75,459584.27,91853.75,91853.75,89305.26,69962.28,42285.5,27676.78,0.3956,6071.64,11197.14,2211.74,2900.06,22380.58,5296.2,0.0757,-919.74,-5010.43,-5010.43,-0.0716,56574.37,0.0868,0.16,4.731336985189693,1185.8013559322035,469.0979661016949,89.76610169491525,Watch,Normal,Normal,13387.909999999996
2026-04-01,S061,Himaxx Xiamen Warehouse 61,Xiamen,South China,Himaxx Warehouse Outlet,Community Warehouse,Loss Making,12324,49.0,Ramp-up,Transport Hub,49312.38,250049.86,49312.38,49312.38,47569.85,36744.69,23095.31,13649.38,0.3715,20345.37,24878.15,6240.0,6045.74,57509.26,-43859.88,-1.1936,-58019.61,-68445.82,-68445.82,-1.8627,154817.28,0.5537,0.6771,2.981555501460565,749.8916326530613,278.55877551020404,-895.0995918367346,Loss Making,High Rent Pressure,High Payroll Pressure,-118072.59
2026-04-01,S062,Himaxx Xi'an Warehouse 62,Xi'an,West China,Himaxx Warehouse Outlet,Community Warehouse,Stable,13907,56.0,Mature,Suburban Mall,73593.11,365632.4,73593.11,73593.11,70064.95,56220.35,34369.7,21850.65,0.3887,9882.37,17980.33,3852.49,4820.48,36535.67,-14685.02,-0.2612,-25573.31,-33253.13,-33253.13,-0.5915,94003.97,0.1758,0.3198,4.042593657870137,1003.9348214285714,390.1901785714286,-262.2325,Loss Making,Normal,High Payroll Pressure,-37783.62
2026-04-01,S063,Himaxx Nanjing Warehouse 63,Nanjing,East China,Himaxx Warehouse Outlet,Mall Warehouse,Loss Making,13719,55.0,New Store,Industrial Park,28167.82,144418.11,28167.82,28167.82,27856.69,21586.52,13955.31,7631.21,0.3535,16473.73,17688.43,3285.35,3605.66,41053.17,-33421.96,-1.5483,-43101.69,-54325.15,-54325.15,-2.5166,116127.74,0.7631,0.8194,1.5734762008892778,392.4821818181818,138.74927272727274,-607.672,Loss Making,High Rent Pressure,High Payroll Pressure,-94541.22
2026-04-01,S064,Himaxx Guangzhou Warehouse 64,Guangzhou,South China,Himaxx Warehouse Outlet,Shopping Center Warehouse,High Profit,13727,55.0,Mature,Transport Hub,91159.52,446148.69,91159.52,91159.52,87511.72,65796.69,37791.25,28005.44,0.4256,11174.29,14231.34,1927.57,2676.29,30009.49,-2004.05,-0.0305,-11366.57,-17443.81,-17443.81,-0.2651,70505.06,0.1698,0.2163,4.793231587382531,1196.3034545454545,509.18981818181817,-36.43727272727273,Loss Making,Normal,High Payroll Pressure,-4708.369999999995
2026-04-01,S065,Himaxx Tianjin Warehouse 65,Tianjin,North China,Himaxx Warehouse Outlet,Shopping Center Warehouse,Stable,12345,49.0,Mature,Industrial Park,81477.81,408704.67,81477.81,81477.81,76731.67,60376.7,36374.6,24002.1,0.3975,14082.35,21962.7,4881.91,5581.63,46508.6,-22506.5,-0.3728,-35157.78,-44396.77,-44396.77,-0.7353,116991.26,0.2332,0.3638,4.890781692993114,1232.1775510204081,489.8387755102041,-459.31632653061223,Loss Making,High Rent Pressure,High Payroll Pressure,-56614.56
2026-04-01,S066,Himaxx Tianjin Warehouse 66,Tianjin,North China,Himaxx Warehouse Outlet,Shopping Center Warehouse,At Risk,12376,50.0,Ramp-up,Industrial Park,50663.25,237227.02,50663.25,50663.25,48359.63,36572.75,21153.44,15419.31,0.4216,17475.96,19185.21,4223.65,5490.85,46375.67,-30956.36,-0.8464,-45001.09,-53694.84,-53694.84,-1.4682,109997.52,0.4778,0.5246,2.9551349385908208,731.455,308.3862,-619.1272,Loss Making,High Rent Pressure,High Payroll Pressure,-73424.77
2026-04-01,S067,Himaxx Beijing Warehouse 67,Beijing,North China,Himaxx Warehouse Outlet,Shopping Center Warehouse,Stable,10848,43.0,Aging,Suburban Mall,76978.53,371702.87,76978.53,76978.53,74504.06,58327.87,34437.81,23890.06,0.4096,19165.68,26269.29,3239.28,7515.29,56189.54,-32299.48,-0.5538,-47077.1,-56996.53,-56996.53,-0.9772,137187.44,0.3286,0.4504,5.3768316740412985,1356.4620930232559,555.5827906976745,-751.1506976744186,Loss Making,High Rent Pressure,High Payroll Pressure,-78859.57
2026-04-01,S068,Himaxx Suzhou Warehouse 68,Suzhou,East China,Himaxx Warehouse Outlet,Mall Warehouse,Stable,15607,62.0,Mature,Suburban Mall,68510.93,344703.24,68510.93,68510.93,64785.43,48808.14,29359.95,19448.19,0.3985,9763.47,15254.01,3118.9,3437.95,31574.32,-12126.13,-0.2484,-20157.87,-25257.41,-25257.41,-0.5175,79240.48,0.2,0.3125,3.1273236368296278,787.228064516129,313.68048387096775,-195.58274193548385,Loss Making,Normal,High Payroll Pressure,-30432.339999999997
2026-04-01,S069,Himaxx Beijing Warehouse 69,Beijing,North China,Himaxx Warehouse Outlet,Warehouse Outlet,Stable,16532,66.0,Aging,Transport Hub,65100.23,328769.36,65100.23,65100.23,63058.5,46272.99,28558.93,17714.06,0.3828,19691.7,28467.95,5498.05,6087.21,59744.91,-42030.85,-0.9083,-56135.02,-67162.24,-67162.24,-1.4514,156066.74,0.4256,0.6152,2.7989952818775707,701.1059090909091,268.3948484848485,-636.8310606060605,Loss Making,High Rent Pressure,High Payroll Pressure,-109793.75
2026-04-01,S070,Himaxx Changsha Warehouse 70,Changsha,Central China,Himaxx Warehouse Outlet,Shopping Center Warehouse,Loss Making,13253,53.0,Mature,Industrial Park,42034.28,204127.0,42034.28,42034.28,39923.95,29204.63,17301.13,11903.5,0.4076,26459.14,37594.36,8304.66,7891.87,80250.04,-68346.54,-2.3403,-91511.1,-108702.55,-108702.55,-3.7221,196889.38,0.906,1.2873,2.203624085112805,551.0307547169812,224.5943396226415,-1289.557358490566,Loss Making,High Rent Pressure,High Payroll Pressure,-167684.75
2026-04-01,S071,Himaxx Qingdao Warehouse 71,Qingdao,North China,Himaxx Warehouse Outlet,Warehouse Outlet,Stable,20743,83.0,Mature,Community,59741.12,299887.75,59741.12,59741.12,57827.29,44022.96,26122.46,17900.5,0.4066,10923.94,15734.8,2718.76,4095.87,33473.37,-15572.87,-0.3537,-24195.45,-30633.63,-30633.63,-0.6959,82321.54,0.2481,0.3574,2.1223043918430315,530.397108433735,215.66867469879517,-187.62493975903615,Loss Making,High Rent Pressure,High Payroll Pressure,-38298.579999999994
2026-04-01,S072,Himaxx Changsha Warehouse 72,Changsha,Central China,Himaxx Warehouse Outlet,Community Warehouse,At Risk,13415,54.0,Ramp-up,Industrial Park,55823.07,270538.02,55823.07,55823.07,53171.05,36280.4,20424.53,15855.87,0.437,16025.55,25651.49,2686.48,4113.24,48476.77,-32620.9,-0.8991,-43376.52,-54979.88,-54979.88,-1.5154,110921.48,0.4417,0.707,2.704465150950429,671.8592592592593,293.62722222222226,-604.0907407407408,Loss Making,High Rent Pressure,High Payroll Pressure,-74641.07999999999
2026-04-01,S073,Himaxx Tianjin Warehouse 73,Tianjin,North China,Himaxx Warehouse Outlet,Mall Warehouse,High Profit,17678,71.0,New Store,Community,92963.74,482064.01,92963.74,92963.74,88429.4,70881.94,45221.45,25660.49,0.362,5691.34,8219.29,1174.5,1305.9,16391.03,9269.46,0.1308,4784.24,-6.85,-6.85,-0.0001,45276.92,0.0803,0.116,4.009613078402534,998.3371830985916,361.4153521126761,130.55577464788732,Healthy,Normal,Normal,25605.020000000004
2026-04-01,S074,Himaxx Tianjin Warehouse 74,Tianjin,North China,Himaxx Warehouse Outlet,Warehouse Outlet,High Profit,15845,63.0,Mature,Community,101293.51,530565.16,101293.51,101293.51,96334.61,73536.3,46709.52,26826.78,0.3648,8548.2,12888.41,1816.71,2289.51,25542.83,1283.95,0.0175,-5752.92,-9860.7,-9860.7,-0.1341,70016.81,0.1162,0.1753,4.640978226569896,1167.2428571428572,425.82190476190476,20.38015873015873,Watch,Normal,Normal,3519.4900000000052
2026-04-01,S075,Himaxx Shenzhen Warehouse 75,Shenzhen,South China,Himaxx Warehouse Outlet,Warehouse Outlet,Stable,12012,48.0,Mature,Transport Hub,66738.04,333858.43,66738.04,66738.04,63275.92,45901.4,28013.88,17887.52,0.3897,17821.24,27037.0,3402.09,6058.91,54319.23,-36431.71,-0.7937,-51596.36,-61953.19,-61953.19,-1.3497,139389.29,0.3883,0.589,3.8212953712953714,956.2791666666667,372.6566666666667,-758.9939583333334,Loss Making,High Rent Pressure,High Payroll Pressure,-93487.89000000001
2026-04-01,S076,Himaxx Nanjing Warehouse 76,Nanjing,East China,Himaxx Warehouse Outlet,Warehouse Outlet,At Risk,16798,67.0,Aging,Suburban Mall,45389.09,224703.93,45389.09,45389.09,43324.04,31946.43,19353.46,12592.97,0.3942,18304.04,33158.46,5566.4,5394.89,62423.8,-49830.83,-1.5598,-67984.0,-83058.89,-83058.89,-2.5999,158359.59,0.573,1.0379,1.9017996190022621,476.8123880597015,187.95477611940296,-743.7437313432836,Loss Making,High Rent Pressure,High Payroll Pressure,-126413.16
